first_name,admission_number,date_of_birth,gender,father_name,mother_name,father_phone,middle_name,last_name,admission_date,email,phone,address,blood_group,mother_phone,father_email,mother_email,father_occupation,mother_occupation,aadhar_number,nationality,religion,caste,class_name,section_name,roll_number
Siya,STU0001,09-11-2020,F,Mahesh Thakur,Anjali Thakur,9620332086,Kumar,Thakur,08-03-2023,,,"147, Nehru Colony, Nizamabad",B+,9772966010,,,Government Employee,Doctor,,Indian,Muslim,SC,Nursery,A,1
Yash,STU0002,15-09-2020,M,Vihaan Saxena,Anika Saxena,9994310083,Devi,Saxena,19-03-2023,yash.saxena75@student.nucleiq.in,9120972273,"439, Lake View, Ramagundam",B+,9551125671,,,Contractor,Artist,563150927987,Indian,Hindu,SC,Nursery,A,2
Rishi,STU0003,16-07-2020,M,Arnav Ghosh,Mahi Ghosh,9818197581,Devi,Ghosh,01-04-2023,rishi.ghosh60@student.nucleiq.in,9768143326,"274, Gandhi Nagar, Ramagundam",O+,9829223044,arnav.ghosh85@gmail.com,,Mechanic,Doctor,152320127777,Indian,Hindu,General,Nursery,A,3
Zara,STU0004,09-07-2020,F,Gopal Mehta,Madhuri Mehta,9552651788,Ram,Mehta,08-03-2023,,9155926488,"488, Patel Road, Secunderabad",A-,9370874491,,madhuri.mehta6@gmail.com,Business,Nurse,,Indian,Hindu,General,Nursery,A,4
Kartik,STU0005,07-10-2020,M,Prateek Pillai,Siya Pillai,9923450567,,Pillai,18-03-2023,kartik.pillai96@student.nucleiq.in,9935147672,"420, Nehru Colony, Warangal",O-,9496098177,,,Shopkeeper,Professor,516432181410,Indian,Hindu,SC,Nursery,A,5
Varun,STU0006,08-11-2020,M,Prateek Dhawan,Indu Dhawan,9423821937,Ram,Dhawan,29-03-2023,varun.dhawan73@student.nucleiq.in,9472807202,"273, Ambedkar Street, Adilabad",AB+,9834717549,,indu.dhawan2@gmail.com,Mechanic,Artist,797340287725,Indian,Sikh,OBC,Nursery,A,6
Rohan,STU0007,21-09-2020,M,Kunal Das,Kamala Das,9677858758,Mohan,Das,24-03-2023,,9736164778,"138, Patel Road, Mahbubnagar",O+,9931764920,kunal.das12@gmail.com,,Driver,Nurse,772462383766,Indian,Muslim,General,Nursery,A,7
Nandini,STU0008,07-08-2020,F,Pavan Agarwal,Siya Agarwal,9465436049,Kumar,Agarwal,21-03-2023,nandini.agarwal36@student.nucleiq.in,,"265, Nehru Colony, Adilabad",A+,9400281010,pavan.agarwal63@gmail.com,,Accountant,Government Employee,639928251843,Indian,Hindu,General,Nursery,A,8
Ishita,STU0009,10-04-2020,F,Varun Bhatia,Tara Bhatia,9608159580,Mohan,Bhatia,11-03-2023,,9690975123,"170, Patel Road, Nalgonda",AB+,9694287057,,,Teacher,Government Employee,,Indian,Hindu,OBC,Nursery,A,9
Advik,STU0010,09-08-2020,M,Varun Banerjee,Hema Banerjee,9663324548,Mohan,Banerjee,09-03-2023,advik.banerjee25@student.nucleiq.in,,"185, Nehru Colony, Karimnagar",B+,9740799178,varun.banerjee17@gmail.com,,Engineer,Social Worker,,Indian,Buddhist,OBC,Nursery,A,10
Aadhya,STU0011,16-05-2020,F,Harsh Sharma,Mahi Sharma,9297958983,Lal,Sharma,17-03-2023,aadhya.sharma62@student.nucleiq.in,,"34, Ambedkar Street, Karimnagar",B+,9155165334,harsh.sharma88@gmail.com,,Government Employee,Lawyer,191499276830,Indian,Other,General,Nursery,A,11
Seema,STU0012,08-10-2020,F,Om Ahuja,Nisha Ahuja,9583736219,Ram,Ahuja,08-03-2023,seema.ahuja55@student.nucleiq.in,,"318, Gandhi Nagar, Karimnagar",B-,9575368059,om.ahuja98@gmail.com,,Banker,Engineer,362667560128,Indian,Hindu,General,Nursery,A,12
Yash,STU0013,16-10-2020,M,Aditya Yadav,Ishita Yadav,9409350265,Mohan,Yadav,23-03-2023,yash.yadav59@student.nucleiq.in,,"120, Patel Road, Karimnagar",O+,9859088046,aditya.yadav85@gmail.com,ishita.yadav26@gmail.com,Mechanic,Teacher,265990327202,Indian,Sikh,ST,Nursery,A,13
Vihaan,STU0014,20-05-2020,M,Karthik Rao,Pallavi Rao,9409893263,Ram,Rao,09-03-2023,,,"207, Patel Road, Secunderabad",B+,9571537429,karthik.rao11@gmail.com,,Mechanic,Government Employee,126845125742,Indian,Hindu,EWS,Nursery,A,14
Suresh,STU0015,19-05-2020,M,Suresh Kaur,Hema Kaur,9288109614,Ram,Kaur,31-03-2023,suresh.kaur36@student.nucleiq.in,,"300, Ambedkar Street, Nalgonda",B-,9605196410,suresh.kaur12@gmail.com,,Mechanic,Banker,461467990358,Indian,Hindu,OBC,Nursery,A,15
Lalitha,STU0016,15-01-2020,F,Darsh Thakur,Siya Thakur,9447112584,Lal,Thakur,30-03-2023,lalitha.thakur1@student.nucleiq.in,9682605435,"237, Ambedkar Street, Ramagundam",A+,9224469868,darsh.thakur80@gmail.com,siya.thakur81@gmail.com,Driver,Lawyer,,Indian,Hindu,General,Nursery,A,16
Meera,STU0017,01-02-2020,F,Raj Dhawan,Kamala Dhawan,9356943695,Kumari,Dhawan,12-03-2023,,,"209, Gandhi Nagar, Warangal",A-,9862123506,raj.dhawan15@gmail.com,,Teacher,Business,420905367754,Indian,Hindu,General,Nursery,A,17
Neha,STU0018,05-09-2020,F,Advik Shah,Seema Shah,9645719501,Kumari,Shah,20-03-2023,neha.shah36@student.nucleiq.in,9545541033,"175, Lake View, Warangal",A-,9901325519,,seema.shah76@gmail.com,Professor,Business,590264484194,Indian,Hindu,General,Nursery,A,18
Lata,STU0019,23-04-2020,F,Akshay Agarwal,Nisha Agarwal,9350785761,Ram,Agarwal,25-03-2023,,9857232668,"468, Ambedkar Street, Ramagundam",B+,9932734539,akshay.agarwal84@gmail.com,nisha.agarwal64@gmail.com,Engineer,Doctor,463312058510,Indian,Sikh,ST,Nursery,A,19
Aadhya,STU0020,24-01-2020,F,Yash Arora,Padma Arora,9803066091,Kumari,Arora,28-03-2023,,9463527356,"320, Ambedkar Street, Secunderabad",B-,9265744099,yash.arora87@gmail.com,padma.arora49@gmail.com,IT Professional,Business,635837550654,Indian,Sikh,General,Nursery,A,20
Dhruv,STU0021,08-05-2020,M,Sai Narayan,Sunita Narayan,9205702499,Mohan,Narayan,09-03-2023,,9131081879,"24, Patel Road, Secunderabad",O+,9916440738,,,Government Employee,Nurse,849754952027,Indian,Christian,General,Nursery,B,1
Kunal,STU0022,08-11-2020,M,Eshan Malhotra,Rashmi Malhotra,9253671484,Lal,Malhotra,17-03-2023,kunal.malhotra59@student.nucleiq.in,,"5, Ambedkar Street, Mahbubnagar",O+,9349310440,eshan.malhotra21@gmail.com,,Manager,Professor,,Indian,Jain,SC,Nursery,B,2
Nandini,STU0023,28-07-2020,F,Reyansh Tiwari,Prisha Tiwari,9509486794,Kumar,Tiwari,17-03-2023,nandini.tiwari90@student.nucleiq.in,,"425, Ambedkar Street, Khammam",B+,9714097318,reyansh.tiwari88@gmail.com,prisha.tiwari7@gmail.com,Architect,Government Employee,951632719131,Indian,Christian,OBC,Nursery,B,3
Ishita,STU0024,09-10-2020,F,Suresh Narayan,Fatima Narayan,9924065468,Kumar,Narayan,11-03-2023,ishita.narayan81@student.nucleiq.in,9431714152,"404, Ambedkar Street, Warangal",A+,9807790785,,,Shopkeeper,Banker,319797700469,Indian,Hindu,OBC,Nursery,B,4
Anjali,STU0025,09-03-2020,F,Karthik Sood,Neha Sood,9965960427,Devi,Sood,03-03-2023,anjali.sood60@student.nucleiq.in,9251136695,"387, Nehru Colony, Khammam",O+,9416905717,karthik.sood51@gmail.com,neha.sood72@gmail.com,Manager,Teacher,387822589021,Indian,Hindu,OBC,Nursery,B,5
Rashmi,STU0026,12-11-2020,F,Gaurav Malhotra,Ishita Malhotra,9606244434,Ram,Malhotra,29-03-2023,rashmi.malhotra72@student.nucleiq.in,,"313, Nehru Colony, Adilabad",B-,9126870011,gaurav.malhotra60@gmail.com,ishita.malhotra39@gmail.com,Mechanic,Teacher,,Indian,Buddhist,General,Nursery,B,6
Pari,STU0027,05-09-2020,F,Dev Joshi,Tara Joshi,9819929088,Kumar,Joshi,20-03-2023,,9265917699,"454, Ambedkar Street, Nalgonda",AB+,9897940629,dev.joshi79@gmail.com,,Farmer,Homemaker,586264470638,Indian,Hindu,General,Nursery,B,7
Aadhya,STU0028,21-09-2020,F,Vihaan Kaur,Pooja Kaur,9396225446,Devi,Kaur,21-03-2023,aadhya.kaur59@student.nucleiq.in,,"109, Lake View, Secunderabad",O-,9303805386,,,Government Employee,Lawyer,708876714629,Indian,Hindu,General,Nursery,B,8
Virat,STU0029,01-10-2020,M,Anand Rathore,Aarohi Rathore,9239577989,Kumar,Rathore,24-03-2023,virat.rathore15@student.nucleiq.in,9127681228,"68, Gandhi Nagar, Karimnagar",B+,9680051935,anand.rathore76@gmail.com,,Lawyer,Engineer,,Indian,Muslim,OBC,Nursery,B,9
Kartik,STU0030,17-06-2020,M,Reyansh Yadav,Meera Yadav,9640992677,Ram,Yadav,14-03-2023,,9807491789,"267, Patel Road, Adilabad",B+,9337887233,reyansh.yadav8@gmail.com,meera.yadav52@gmail.com,Mechanic,Business,,Indian,Muslim,OBC,Nursery,B,10
Darsh,STU0031,05-02-2020,M,Kunal Ahuja,Vani Ahuja,9728530544,Kumar,Ahuja,24-03-2023,,,"151, Ambedkar Street, Khammam",B+,9688793237,kunal.ahuja90@gmail.com,,Police Officer,Government Employee,595768375362,Indian,Sikh,OBC,Nursery,B,11
Pooja,STU0032,11-02-2020,F,Darsh Saxena,Bhavna Saxena,9373685835,Mohan,Saxena,19-03-2023,pooja.saxena61@student.nucleiq.in,,"426, Gandhi Nagar, Warangal",A+,9501902658,,bhavna.saxena17@gmail.com,Police Officer,Homemaker,716592318610,Indian,Hindu,General,Nursery,B,12
Padma,STU0033,28-07-2020,F,Deepak Pillai,Diya Pillai,9408839723,Ram,Pillai,03-03-2023,,,"109, Nehru Colony, Karimnagar",AB+,9744685429,,,Police Officer,Banker,,Indian,Hindu,General,Nursery,B,13
Nandini,STU0034,20-10-2020,F,Amit Gill,Divya Gill,9128189836,Ram,Gill,11-03-2023,,,"391, Patel Road, Karimnagar",O+,9753903309,,,Government Employee,Professor,254917689778,Indian,Muslim,EWS,Nursery,B,14
Vikram,STU0035,14-07-2020,M,Virat Arora,Kavya Arora,9497341481,Kumar,Arora,18-03-2023,vikram.arora73@student.nucleiq.in,,"453, Gandhi Nagar, Khammam",A+,9434618074,virat.arora7@gmail.com,kavya.arora35@gmail.com,Driver,Business,587938676045,Indian,Hindu,General,Nursery,B,15
Rudra,STU0036,22-05-2020,M,Varun Chauhan,Priya Chauhan,9665791188,,Chauhan,11-03-2023,,,"307, Gandhi Nagar, Karimnagar",A+,9816328133,,,Government Employee,Lawyer,,Indian,Hindu,General,Nursery,B,16
Navya,STU0037,23-09-2020,F,Tanmay Nair,Divya Nair,9994807263,Kumari,Nair,25-03-2023,,9145421708,"224, Gandhi Nagar, Khammam",B+,9817311263,,,Mechanic,Professor,558015920905,Indian,Hindu,OBC,Nursery,B,17
Kavya,STU0038,12-12-2020,F,Rohan Talwar,Nandini Talwar,9213669678,Kumari,Talwar,30-03-2023,kavya.talwar68@student.nucleiq.in,,"446, Patel Road, Ramagundam",O+,9361259074,,nandini.talwar10@gmail.com,Army Officer,Business,,Indian,Hindu,EWS,Nursery,B,18
Shanaya,STU0039,27-11-2020,F,Dhruv Shukla,Aadhya Shukla,9257243284,Ram,Shukla,28-03-2023,,,"389, Gandhi Nagar, Nizamabad",A+,9374843786,dhruv.shukla64@gmail.com,,Professor,Lawyer,722263658623,Indian,Muslim,EWS,Nursery,B,19
Padma,STU0040,15-03-2020,F,Kartik Narayan,Meera Narayan,9777944609,Devi,Narayan,30-03-2023,padma.narayan46@student.nucleiq.in,,"159, Ambedkar Street, Karimnagar",B+,9425150964,,meera.narayan10@gmail.com,Doctor,Professor,608457480605,Indian,Muslim,EWS,Nursery,B,20
Harsh,STU0041,11-04-2019,M,Kartik Mann,Deepa Mann,9261985842,Mohan,Mann,13-03-2023,,9468763500,"366, Gandhi Nagar, Mahbubnagar",B+,9166436383,,,Driver,IT Professional,274417786135,Indian,Hindu,EWS,LKG,A,1
Swati,STU0042,20-11-2019,F,Naveen Rathore,Vani Rathore,9795038832,Devi,Rathore,31-03-2023,,,"198, Patel Road, Secunderabad",A-,9459327003,naveen.rathore78@gmail.com,vani.rathore43@gmail.com,Doctor,Professor,486189485379,Indian,Hindu,SC,LKG,A,2
Sara,STU0043,10-02-2019,F,Arnav Ahuja,Yamini Ahuja,9950040559,Mohan,Ahuja,15-03-2023,sara.ahuja95@student.nucleiq.in,9665210546,"48, Ambedkar Street, Warangal",B+,9452699013,,,Banker,Banker,312541915214,Indian,Hindu,General,LKG,A,3
Aarush,STU0044,27-09-2019,M,Chandru Joshi,Anjali Joshi,9140531056,Lal,Joshi,09-03-2023,aarush.joshi80@student.nucleiq.in,,"193, Nehru Colony, Khammam",A+,9810741110,chandru.joshi99@gmail.com,anjali.joshi22@gmail.com,Driver,Homemaker,893178939077,Indian,Hindu,OBC,LKG,A,4
Hema,STU0045,08-08-2019,F,Dhruv Srivastava,Kiara Srivastava,9968253265,Ram,Srivastava,15-03-2023,hema.srivastava25@student.nucleiq.in,,"485, Lake View, Mahbubnagar",O-,9942211135,dhruv.srivastava37@gmail.com,kiara.srivastava65@gmail.com,Army Officer,Accountant,322551853248,Indian,Christian,General,LKG,A,5
Diya,STU0046,18-06-2019,F,Reyansh Menon,Ekta Menon,9653953485,Kumari,Menon,03-03-2023,,,"231, Lake View, Karimnagar",A+,9233871736,reyansh.menon29@gmail.com,ekta.menon45@gmail.com,Business,Accountant,,Indian,Hindu,General,LKG,A,6
Ansh,STU0047,04-06-2019,M,Mohit Ghosh,Yamini Ghosh,9460015275,,Ghosh,06-03-2023,,,"425, Ambedkar Street, Warangal",AB+,9949738493,,yamini.ghosh58@gmail.com,Architect,Homemaker,379254495316,Indian,Hindu,General,LKG,A,7
Pari,STU0048,10-04-2019,F,Vihaan Rathore,Prisha Rathore,9550784243,Devi,Rathore,29-03-2023,,,"464, Ambedkar Street, Adilabad",B-,9786069196,,,Accountant,Government Employee,,Indian,Hindu,OBC,LKG,A,8
Akshay,STU0049,22-11-2019,M,Om Saxena,Tara Saxena,9172670118,Kumar,Saxena,30-03-2023,akshay.saxena65@student.nucleiq.in,,"200, Ambedkar Street, Nalgonda",A+,9664852025,,,Business,Banker,363473920508,Indian,Muslim,OBC,LKG,A,9
Sara,STU0050,11-09-2019,F,Amit Gupta,Navya Gupta,9991617660,Devi,Gupta,06-03-2023,sara.gupta62@student.nucleiq.in,9971339002,"70, Gandhi Nagar, Mahbubnagar",AB+,9936597989,amit.gupta5@gmail.com,,Engineer,Lawyer,,Indian,Hindu,EWS,LKG,A,10
Lalitha,STU0051,02-05-2019,F,Amit Bedi,Riya Bedi,9407209235,Kumari,Bedi,08-03-2023,lalitha.bedi43@student.nucleiq.in,,"410, Patel Road, Hyderabad",B+,9483298103,amit.bedi57@gmail.com,riya.bedi50@gmail.com,IT Professional,Doctor,505863772515,Indian,Sikh,OBC,LKG,A,11
Deepak,STU0052,20-07-2019,M,Atharv Chauhan,Shruti Chauhan,9415429295,,Chauhan,06-03-2023,,9429097422,"229, Lake View, Secunderabad",AB+,9444898148,,,Driver,Homemaker,490462379884,Indian,Muslim,OBC,LKG,A,12
Arjun,STU0053,12-07-2019,M,Pavan Pillai,Gayatri Pillai,9829511584,Mohan,Pillai,16-03-2023,,9938927341,"225, Gandhi Nagar, Hyderabad",A+,9271784435,,gayatri.pillai47@gmail.com,Contractor,Professor,,Indian,Hindu,OBC,LKG,A,13
Tara,STU0054,19-02-2019,F,Om Yadav,Tara Yadav,9527385805,Ram,Yadav,28-03-2023,,,"377, Nehru Colony, Karimnagar",B+,9437568796,,,Farmer,Lawyer,,Indian,Hindu,EWS,LKG,A,14
Durga,STU0055,05-02-2019,F,Arjun Sethi,Meera Sethi,9285388355,Kumar,Sethi,05-03-2023,durga.sethi88@student.nucleiq.in,9443154754,"342, Patel Road, Mahbubnagar",AB+,9865975088,arjun.sethi38@gmail.com,meera.sethi21@gmail.com,Lawyer,Lawyer,234107096586,Indian,Other,SC,LKG,A,15
Naveen,STU0056,18-06-2019,M,Ansh Sethi,Lata Sethi,9962925204,,Sethi,14-03-2023,naveen.sethi12@student.nucleiq.in,,"204, Ambedkar Street, Warangal",B+,9692326390,ansh.sethi74@gmail.com,,IT Professional,Business,,Indian,Hindu,OBC,LKG,A,16
Chandru,STU0057,19-11-2019,M,Mahesh Rathore,Sara Rathore,9564520346,Lal,Rathore,27-03-2023,chandru.rathore67@student.nucleiq.in,,"85, Nehru Colony, Hyderabad",B+,9639945876,mahesh.rathore45@gmail.com,sara.rathore67@gmail.com,Shopkeeper,Artist,,Indian,Hindu,EWS,LKG,A,17
Sara,STU0058,18-10-2019,F,Tanmay Narayan,Yamini Narayan,9281071418,Devi,Narayan,30-03-2023,,9873773537,"462, Lake View, Adilabad",B+,9735449477,tanmay.narayan6@gmail.com,yamini.narayan4@gmail.com,Doctor,Homemaker,734671708380,Indian,Hindu,General,LKG,A,18
Uma,STU0059,21-08-2019,F,Aarush Narayan,Yamini Narayan,9424371087,,Narayan,15-03-2023,uma.narayan88@student.nucleiq.in,,"233, Gandhi Nagar, Nizamabad",AB+,9618558050,,,Driver,Nurse,444214436005,Indian,Sikh,General,LKG,A,19
Pooja,STU0060,17-06-2019,F,Reyansh Nair,Zara Nair,9359564054,Ram,Nair,15-03-2023,,,"50, Gandhi Nagar, Secunderabad",B+,9600871106,,zara.nair32@gmail.com,Lawyer,Artist,892755129397,Indian,Hindu,SC,LKG,A,20
Deepa,STU0061,16-05-2019,F,Sai Jain,Pooja Jain,9642716859,Kumari,Jain,01-04-2023,,,"26, Patel Road, Nizamabad",B+,9590947659,sai.jain84@gmail.com,pooja.jain37@gmail.com,Police Officer,Homemaker,247879708749,Indian,Sikh,SC,LKG,B,1
Tara,STU0062,19-01-2019,F,Advik Gupta,Tara Gupta,9694018597,Kumari,Gupta,15-03-2023,,,"282, Patel Road, Secunderabad",O+,9409883716,advik.gupta79@gmail.com,,Teacher,Accountant,473605408203,Indian,Muslim,OBC,LKG,B,2
Advik,STU0063,17-07-2019,M,Aditya Ahuja,Aadya Ahuja,9247141682,Lal,Ahuja,31-03-2023,advik.ahuja67@student.nucleiq.in,,"311, Lake View, Khammam",A+,9866213410,aditya.ahuja41@gmail.com,,Architect,Government Employee,471917215429,Indian,Hindu,OBC,LKG,B,3
Ekta,STU0064,27-08-2019,F,Ansh Mann,Mahi Mann,9823494111,Devi,Mann,01-04-2023,ekta.mann93@student.nucleiq.in,9775663302,"14, Lake View, Ramagundam",B+,9217687031,ansh.mann75@gmail.com,,Engineer,Professor,793741295384,Indian,Muslim,SC,LKG,B,4
Aarohi,STU0065,19-01-2019,F,Prateek Kaur,Pari Kaur,9304853117,Kumar,Kaur,02-03-2023,,,"354, Nehru Colony, Mahbubnagar",B+,9120333847,prateek.kaur61@gmail.com,pari.kaur95@gmail.com,Engineer,Government Employee,,Indian,Hindu,General,LKG,B,5
Anjali,STU0066,15-03-2019,F,Sahil Malhotra,Mahi Malhotra,9686556403,Devi,Malhotra,03-03-2023,anjali.malhotra25@student.nucleiq.in,9399580835,"286, Patel Road, Karimnagar",A-,9480412754,sahil.malhotra39@gmail.com,mahi.malhotra91@gmail.com,Banker,Government Employee,625347689741,Indian,Hindu,EWS,LKG,B,6
Avni,STU0067,18-11-2019,F,Dinesh Reddy,Pooja Reddy,9978726109,Lal,Reddy,20-03-2023,,,"366, Gandhi Nagar, Warangal",B+,9470585534,dinesh.reddy33@gmail.com,pooja.reddy28@gmail.com,Banker,Artist,718187630594,Indian,Muslim,General,LKG,B,7
Dhruv,STU0068,08-09-2019,M,Advaith Patel,Diya Patel,9207586738,Mohan,Patel,12-03-2023,dhruv.patel13@student.nucleiq.in,9247604106,"3, Lake View, Khammam",O-,9543778963,,diya.patel61@gmail.com,Self Employed,Business,,Indian,Jain,General,LKG,B,8
Eshan,STU0069,19-11-2019,M,Sahil Rathore,Gayatri Rathore,9876441691,,Rathore,25-03-2023,,9139019611,"429, Ambedkar Street, Warangal",O+,9140048684,,gayatri.rathore38@gmail.com,Engineer,Homemaker,,Indian,Muslim,EWS,LKG,B,9
Avni,STU0070,17-09-2019,F,Chandru Jain,Sara Jain,9641394238,Mohan,Jain,17-03-2023,,,"84, Ambedkar Street, Karimnagar",B-,9602533479,chandru.jain2@gmail.com,sara.jain38@gmail.com,Professor,Business,770768643085,Indian,Sikh,ST,LKG,B,10
Deepa,STU0071,22-07-2019,F,Atharv Agarwal,Sara Agarwal,9612662437,,Agarwal,29-03-2023,,,"229, Patel Road, Nizamabad",O+,9447464644,,sara.agarwal2@gmail.com,Farmer,Business,165439421288,Indian,Muslim,OBC,LKG,B,11
Siddharth,STU0072,25-12-2019,M,Prateek Kaur,Pari Kaur,9785811060,Lal,Kaur,23-03-2023,siddharth.kaur29@student.nucleiq.in,9613443905,"79, Ambedkar Street, Khammam",O+,9416794215,prateek.kaur54@gmail.com,pari.kaur61@gmail.com,Police Officer,Lawyer,938456693474,Indian,Hindu,SC,LKG,B,12
Om,STU0073,12-12-2019,M,Eshan Yadav,Pallavi Yadav,9220483278,Lal,Yadav,30-03-2023,om.yadav26@student.nucleiq.in,,"77, Nehru Colony, Nalgonda",B+,9166312199,eshan.yadav15@gmail.com,pallavi.yadav92@gmail.com,Professor,IT Professional,,Indian,Hindu,ST,LKG,B,13
Sara,STU0074,19-08-2019,F,Nikhil Sood,Lata Sood,9822378827,Kumari,Sood,31-03-2023,sara.sood51@student.nucleiq.in,,"2, Nehru Colony, Karimnagar",B-,9966418765,,,Doctor,Social Worker,619406611023,Indian,Hindu,OBC,LKG,B,14
Mahesh,STU0075,14-11-2019,M,Dinesh Menon,Nisha Menon,9581613078,Mohan,Menon,21-03-2023,,9679069250,"69, Patel Road, Ramagundam",A+,9505333621,dinesh.menon51@gmail.com,,Accountant,Artist,,Indian,Hindu,General,LKG,B,15
Shruti,STU0076,08-04-2019,F,Rudra Malhotra,Aarohi Malhotra,9395976645,Ram,Malhotra,18-03-2023,,9760268760,"393, Gandhi Nagar, Secunderabad",A-,9302379343,,,Driver,Professor,155285731383,Indian,Hindu,General,LKG,B,16
Ishita,STU0077,05-01-2019,F,Aarush Bedi,Ishita Bedi,9975943821,Kumar,Bedi,16-03-2023,,,"345, Patel Road, Adilabad",A-,9885460919,aarush.bedi85@gmail.com,,Mechanic,Engineer,,Indian,Muslim,OBC,LKG,B,17
Manish,STU0078,16-09-2019,M,Irfan Kaur,Shanaya Kaur,9790755362,Kumari,Kaur,31-03-2023,manish.kaur41@student.nucleiq.in,9538364955,"77, Patel Road, Ramagundam",B+,9820848547,irfan.kaur61@gmail.com,,Accountant,Engineer,985383248994,Indian,Hindu,General,LKG,B,18
Swati,STU0079,13-03-2019,F,Kabir Gill,Anika Gill,9454617185,Lal,Gill,25-03-2023,swati.gill48@student.nucleiq.in,,"371, Nehru Colony, Secunderabad",A+,9794395127,,anika.gill6@gmail.com,Doctor,Nurse,897092602485,Indian,Muslim,General,LKG,B,19
Bharath,STU0080,07-01-2019,M,Advik Mehta,Gayatri Mehta,9225967304,Devi,Mehta,03-03-2023,bharath.mehta90@student.nucleiq.in,9319594317,"204, Nehru Colony, Mahbubnagar",B+,9901955461,advik.mehta49@gmail.com,,Manager,Engineer,,Indian,Hindu,OBC,LKG,B,20
Pavan,STU0081,07-06-2018,M,Darsh Shukla,Swati Shukla,9149086585,Kumari,Shukla,21-03-2023,pavan.shukla3@student.nucleiq.in,,"479, Lake View, Nizamabad",B-,9704006325,darsh.shukla20@gmail.com,,Accountant,Accountant,646516248963,Indian,Muslim,EWS,UKG,A,1
Siya,STU0082,24-08-2018,F,Vikram Thakur,Priya Thakur,9594811370,Ram,Thakur,12-03-2023,,9624325659,"95, Lake View, Khammam",O-,9280639501,vikram.thakur68@gmail.com,,Doctor,Artist,107577777649,Indian,Hindu,ST,UKG,A,2
Arjun,STU0083,07-01-2018,M,Dev Bhatt,Tara Bhatt,9164907817,Kumar,Bhatt,16-03-2023,arjun.bhatt85@student.nucleiq.in,,"4, Lake View, Adilabad",B+,9763395529,,,Farmer,Social Worker,649829440782,Indian,Christian,SC,UKG,A,3
Reyansh,STU0084,08-03-2018,M,Kunal Joshi,Anjali Joshi,9371031968,Lal,Joshi,26-03-2023,,,"192, Ambedkar Street, Khammam",B+,9975329786,,anjali.joshi39@gmail.com,Doctor,Business,936014930826,Indian,Hindu,OBC,UKG,A,4
Divya,STU0085,01-11-2018,F,Shaurya Khanna,Ananya Khanna,9636718857,,Khanna,10-03-2023,divya.khanna13@student.nucleiq.in,9145689604,"118, Nehru Colony, Khammam",O+,9565906941,shaurya.khanna73@gmail.com,,Engineer,Pharmacist,,Indian,Sikh,ST,UKG,A,5
Atharv,STU0086,19-04-2018,M,Suresh Agarwal,Lalitha Agarwal,9865268035,,Agarwal,28-03-2023,atharv.agarwal39@student.nucleiq.in,,"124, Lake View, Ramagundam",O+,9981437228,,lalitha.agarwal43@gmail.com,Contractor,Lawyer,897529515996,Indian,Hindu,SC,UKG,A,6
Diya,STU0087,27-04-2018,F,Virat Joshi,Seema Joshi,9925713533,Kumari,Joshi,30-03-2023,,9131810311,"325, Patel Road, Adilabad",O+,9759132774,virat.joshi30@gmail.com,,Contractor,Accountant,,Indian,Muslim,OBC,UKG,A,7
Kamala,STU0088,03-02-2018,F,Ishaan Shah,Nisha Shah,9864157523,Mohan,Shah,24-03-2023,kamala.shah41@student.nucleiq.in,,"47, Gandhi Nagar, Warangal",O+,9941695782,ishaan.shah98@gmail.com,,Government Employee,Teacher,,Indian,Hindu,OBC,UKG,A,8
Aadhya,STU0089,18-06-2018,F,Raj Verma,Seema Verma,9942284665,,Verma,30-03-2023,,,"399, Gandhi Nagar, Ramagundam",AB-,9448354409,raj.verma32@gmail.com,,Lawyer,Business,392654089655,Indian,Hindu,OBC,UKG,A,9
Shaurya,STU0090,10-07-2018,M,Naveen Chauhan,Myra Chauhan,9487754927,Devi,Chauhan,17-03-2023,shaurya.chauhan64@student.nucleiq.in,,"101, Ambedkar Street, Nizamabad",A+,9370260533,,myra.chauhan43@gmail.com,Architect,Accountant,582451708045,Indian,Hindu,ST,UKG,A,10
Kian,STU0091,07-12-2018,M,Darsh Agarwal,Navya Agarwal,9527606494,Lal,Agarwal,17-03-2023,kian.agarwal82@student.nucleiq.in,,"295, Nehru Colony, Karimnagar",B+,9442671456,,navya.agarwal47@gmail.com,Teacher,Pharmacist,299911954718,Indian,Muslim,OBC,UKG,A,11
Ekta,STU0092,27-05-2018,F,Arjun Banerjee,Lalitha Banerjee,9954330018,Kumari,Banerjee,10-03-2023,ekta.banerjee18@student.nucleiq.in,9359868249,"130, Nehru Colony, Ramagundam",AB+,9953673740,arjun.banerjee10@gmail.com,,Architect,IT Professional,656345871689,Indian,Sikh,ST,UKG,A,12
Shruti,STU0093,23-06-2018,F,Pavan Gupta,Shruti Gupta,9737609304,Ram,Gupta,04-03-2023,,,"341, Patel Road, Secunderabad",A+,9785240944,pavan.gupta73@gmail.com,shruti.gupta87@gmail.com,Contractor,Lawyer,575866188934,Indian,Hindu,General,UKG,A,13
Tanmay,STU0094,19-09-2018,M,Akshay Srivastava,Ishita Srivastava,9578651079,Lal,Srivastava,10-03-2023,,9841351411,"257, Nehru Colony, Ramagundam",B+,9501707828,,,Mechanic,Pharmacist,902904090383,Indian,Hindu,General,UKG,A,14
Jaya,STU0095,12-08-2018,F,Reyansh Banerjee,Meera Banerjee,9875235090,Lal,Banerjee,17-03-2023,,,"415, Gandhi Nagar, Mahbubnagar",A+,9848143863,,,Lawyer,Pharmacist,667983281203,Indian,Hindu,General,UKG,A,15
Lata,STU0096,21-07-2018,F,Atharv Ghosh,Vani Ghosh,9805778992,Ram,Ghosh,27-03-2023,,9311875497,"231, Lake View, Ramagundam",B+,9564000836,,,Farmer,Lawyer,172138305306,Indian,Muslim,SC,UKG,A,16
Ansh,STU0097,04-08-2018,M,Rahul Agarwal,Padma Agarwal,9625579419,Kumar,Agarwal,24-03-2023,ansh.agarwal79@student.nucleiq.in,,"59, Patel Road, Khammam",B+,9666629680,rahul.agarwal23@gmail.com,padma.agarwal91@gmail.com,Shopkeeper,Pharmacist,839098381853,Indian,Hindu,General,UKG,A,17
Pari,STU0098,05-12-2018,F,Arnav Das,Swati Das,9740407346,Devi,Das,16-03-2023,,,"326, Lake View, Adilabad",AB+,9248033880,arnav.das23@gmail.com,,Self Employed,Engineer,,Indian,Hindu,OBC,UKG,A,18
Bharath,STU0099,05-08-2018,M,Karthik Chopra,Nisha Chopra,9702994164,,Chopra,26-03-2023,,,"364, Ambedkar Street, Mahbubnagar",B+,9642709938,,,Accountant,Engineer,,Indian,Hindu,General,UKG,A,19
Pallavi,STU0100,18-08-2018,F,Ayaan Srivastava,Pallavi Srivastava,9222628457,Ram,Srivastava,16-03-2023,pallavi.srivastava47@student.nucleiq.in,,"388, Gandhi Nagar, Nalgonda",O+,9387643522,ayaan.srivastava28@gmail.com,pallavi.srivastava14@gmail.com,Accountant,Engineer,594059667546,Indian,Hindu,ST,UKG,A,20
Harsh,STU0101,07-04-2018,M,Vikram Reddy,Rashmi Reddy,9839951555,Ram,Reddy,07-03-2023,harsh.reddy22@student.nucleiq.in,9942725534,"106, Nehru Colony, Adilabad",O+,9476486996,vikram.reddy69@gmail.com,,Police Officer,Doctor,420851467786,Indian,Hindu,General,UKG,B,1
Krishna,STU0102,02-07-2018,M,Bharath Thakur,Yamini Thakur,9236245128,Ram,Thakur,24-03-2023,,9989575564,"127, Ambedkar Street, Warangal",B+,9853150998,bharath.thakur35@gmail.com,yamini.thakur49@gmail.com,Driver,Teacher,945593698451,Indian,Hindu,OBC,UKG,B,2
Durga,STU0103,11-08-2018,F,Aarav Kapoor,Padma Kapoor,9931221434,Kumari,Kapoor,14-03-2023,durga.kapoor59@student.nucleiq.in,9848708337,"184, Gandhi Nagar, Secunderabad",O+,9886756432,,padma.kapoor28@gmail.com,Self Employed,Engineer,470585210463,Indian,Hindu,General,UKG,B,3
Jaya,STU0104,02-01-2018,F,Manish Mehta,Jaya Mehta,9998402124,Mohan,Mehta,29-03-2023,,9573827182,"234, Gandhi Nagar, Hyderabad",O-,9593472161,manish.mehta89@gmail.com,jaya.mehta84@gmail.com,Shopkeeper,Doctor,404412657737,Indian,Hindu,OBC,UKG,B,4
Ansh,STU0105,02-03-2018,M,Manish Pillai,Kiara Pillai,9879524067,Mohan,Pillai,20-03-2023,,,"49, Gandhi Nagar, Nizamabad",A+,9851019450,,,Army Officer,Business,864538807153,Indian,Hindu,General,UKG,B,5
Durga,STU0106,08-02-2018,F,Sai Nair,Fatima Nair,9965389567,Kumari,Nair,20-03-2023,,9247241457,"196, Nehru Colony, Secunderabad",B-,9209980341,sai.nair9@gmail.com,,Business,Professor,484142301965,Indian,Muslim,OBC,UKG,B,6
Eshan,STU0107,15-11-2018,M,Pranav Saxena,Ananya Saxena,9207873599,Lal,Saxena,05-03-2023,eshan.saxena50@student.nucleiq.in,,"220, Patel Road, Secunderabad",O+,9250337960,,ananya.saxena32@gmail.com,Police Officer,Professor,411847237806,Indian,Christian,SC,UKG,B,7
Anika,STU0108,07-09-2018,F,Siddharth Arora,Avni Arora,9793819512,Lal,Arora,09-03-2023,,,"256, Lake View, Nizamabad",A+,9158593156,siddharth.arora2@gmail.com,avni.arora41@gmail.com,Government Employee,Accountant,562002675857,Indian,Hindu,SC,UKG,B,8
Indu,STU0109,03-10-2018,F,Kabir Singh,Anika Singh,9142763764,,Singh,01-04-2023,indu.singh81@student.nucleiq.in,9923678093,"213, Ambedkar Street, Ramagundam",AB+,9164927936,,,Architect,Doctor,,Indian,Hindu,OBC,UKG,B,9
Irfan,STU0110,13-06-2018,M,Manish Iyer,Hema Iyer,9996065974,Lal,Iyer,14-03-2023,,,"489, Nehru Colony, Secunderabad",A+,9797759882,,,Driver,Professor,831472831027,Indian,Muslim,SC,UKG,B,10
Aarav,STU0111,01-12-2018,M,Rishi Bhatt,Shanaya Bhatt,9661572729,Kumar,Bhatt,27-03-2023,,,"400, Patel Road, Karimnagar",AB-,9655363795,,shanaya.bhatt43@gmail.com,Mechanic,Engineer,882813408006,Indian,Jain,OBC,UKG,B,11
Lata,STU0112,16-01-2018,F,Akshay Sood,Kavya Sood,9494801749,Devi,Sood,05-03-2023,lata.sood74@student.nucleiq.in,9223838514,"117, Lake View, Karimnagar",A+,9268910304,akshay.sood2@gmail.com,,Self Employed,Banker,293918137066,Indian,Buddhist,ST,UKG,B,12
Ishita,STU0113,24-07-2018,F,Ritvik Agarwal,Lalitha Agarwal,9183630600,Kumar,Agarwal,22-03-2023,,9156556289,"92, Nehru Colony, Khammam",O+,9713682070,ritvik.agarwal52@gmail.com,,Driver,Artist,,Indian,Christian,General,UKG,B,13
Aanya,STU0114,19-05-2018,F,Kian Kapoor,Gayatri Kapoor,9768637849,Kumar,Kapoor,07-03-2023,,9929587172,"398, Nehru Colony, Mahbubnagar",AB-,9360472583,kian.kapoor32@gmail.com,,Mechanic,Homemaker,,Indian,Hindu,ST,UKG,B,14
Gopal,STU0115,13-11-2018,M,Vikram Mehta,Fatima Mehta,9430187039,,Mehta,05-03-2023,gopal.mehta31@student.nucleiq.in,,"493, Gandhi Nagar, Nizamabad",O-,9211614410,,,Engineer,Pharmacist,,Indian,Christian,OBC,UKG,B,15
Lata,STU0116,04-10-2018,F,Krishna Srivastava,Vani Srivastava,9980428452,,Srivastava,16-03-2023,lata.srivastava8@student.nucleiq.in,,"494, Nehru Colony, Secunderabad",A-,9523431477,,,Contractor,Government Employee,449293590808,Indian,Hindu,General,UKG,B,16
Krishna,STU0117,04-10-2018,M,Reyansh Rathore,Kavya Rathore,9582718617,Ram,Rathore,28-03-2023,,,"494, Nehru Colony, Khammam",B+,9600422869,reyansh.rathore16@gmail.com,,Shopkeeper,Artist,145540837436,Indian,Hindu,ST,UKG,B,17
Sai,STU0118,13-06-2018,M,Vihaan Bhatt,Chitra Bhatt,9420877774,Kumar,Bhatt,16-03-2023,,,"232, Lake View, Warangal",O+,9379351967,,,Government Employee,Teacher,,Indian,Christian,EWS,UKG,B,18
Advik,STU0119,21-11-2018,M,Amit Bhatia,Ananya Bhatia,9725265416,Devi,Bhatia,02-03-2023,advik.bhatia10@student.nucleiq.in,,"34, Nehru Colony, Karimnagar",O+,9729340221,amit.bhatia17@gmail.com,,IT Professional,Teacher,,Indian,Hindu,General,UKG,B,19
Lalitha,STU0120,01-08-2018,F,Gaurav Shukla,Sunita Shukla,9285550328,Kumari,Shukla,20-03-2023,lalitha.shukla36@student.nucleiq.in,,"453, Nehru Colony, Nizamabad",A+,9480043678,gaurav.shukla32@gmail.com,sunita.shukla64@gmail.com,Mechanic,Pharmacist,194751183616,Indian,Hindu,General,UKG,B,20
Amit,STU0121,26-11-2017,M,Naveen Arora,Saanvi Arora,9510704185,Kumar,Arora,15-03-2023,,9469403820,"468, Lake View, Khammam",B+,9939575663,,,IT Professional,Professor,,Indian,Sikh,SC,Class 1,A,1
Pavan,STU0122,25-06-2017,M,Advaith Khanna,Kavya Khanna,9207518427,Lal,Khanna,14-03-2023,,9891412300,"29, Nehru Colony, Nizamabad",B-,9366134484,advaith.khanna50@gmail.com,,Lawyer,Doctor,,Indian,Hindu,SC,Class 1,A,2
Rashmi,STU0123,12-12-2017,F,Akshay Verma,Pallavi Verma,9252581172,Mohan,Verma,02-03-2023,rashmi.verma64@student.nucleiq.in,,"90, Ambedkar Street, Nizamabad",A+,9704633564,,pallavi.verma3@gmail.com,Army Officer,IT Professional,,Indian,Sikh,General,Class 1,A,3
Virat,STU0124,02-06-2017,M,Ishaan Bhatt,Rashmi Bhatt,9856661933,Kumar,Bhatt,01-04-2023,virat.bhatt47@student.nucleiq.in,9501140044,"361, Ambedkar Street, Secunderabad",B-,9252098390,,,Lawyer,Government Employee,803480606983,Indian,Jain,OBC,Class 1,A,4
Mohit,STU0125,26-10-2017,M,Advaith Gill,Bhavna Gill,9732380409,Mohan,Gill,21-03-2023,,9416235507,"66, Nehru Colony, Warangal",AB-,9974513582,advaith.gill74@gmail.com,,Professor,Homemaker,,Indian,Hindu,ST,Class 1,A,5
Manish,STU0126,05-08-2017,M,Vikram Mann,Myra Mann,9355546183,,Mann,22-03-2023,,9195268824,"421, Patel Road, Khammam",B+,9472384530,,,Doctor,Banker,,Indian,Hindu,General,Class 1,A,6
Meera,STU0127,14-03-2017,F,Chandru Shukla,Nisha Shukla,9477131597,Kumari,Shukla,17-03-2023,,,"443, Lake View, Ramagundam",AB+,9686288768,chandru.shukla21@gmail.com,,Engineer,Engineer,,Indian,Hindu,General,Class 1,A,7
Kavya,STU0128,03-12-2017,F,Gopal Malhotra,Ananya Malhotra,9462871672,Kumar,Malhotra,15-03-2023,kavya.malhotra91@student.nucleiq.in,,"483, Nehru Colony, Adilabad",B-,9737835435,gopal.malhotra7@gmail.com,,Banker,Nurse,892653877234,Indian,Sikh,OBC,Class 1,A,8
Kiara,STU0129,13-01-2017,F,Nikhil Shah,Madhuri Shah,9627151698,,Shah,14-03-2023,,,"151, Lake View, Hyderabad",B+,9264915937,,,Shopkeeper,Teacher,435503556153,Indian,Christian,OBC,Class 1,A,9
Ananya,STU0130,06-07-2017,F,Chandru Menon,Nisha Menon,9496642020,Lal,Menon,21-03-2023,,,"135, Nehru Colony, Mahbubnagar",O+,9300341906,chandru.menon20@gmail.com,nisha.menon86@gmail.com,Teacher,Teacher,696176594194,Indian,Hindu,SC,Class 1,A,10
Nikhil,STU0131,27-07-2017,M,Yash Patel,Shruti Patel,9837733572,Ram,Patel,16-03-2023,nikhil.patel61@student.nucleiq.in,,"203, Gandhi Nagar, Adilabad",B+,9609838807,yash.patel74@gmail.com,shruti.patel80@gmail.com,Government Employee,Teacher,290907172011,Indian,Buddhist,General,Class 1,A,11
Pavan,STU0132,14-01-2017,M,Gaurav Mukherjee,Sunita Mukherjee,9316809172,Kumar,Mukherjee,30-03-2023,pavan.mukherjee34@student.nucleiq.in,,"373, Gandhi Nagar, Warangal",A+,9983221403,gaurav.mukherjee71@gmail.com,,Farmer,Social Worker,116636410911,Indian,Christian,OBC,Class 1,A,12
Pari,STU0133,19-03-2017,F,Varun Saxena,Hema Saxena,9207593219,Kumar,Saxena,14-03-2023,pari.saxena37@student.nucleiq.in,9469226717,"450, Ambedkar Street, Adilabad",A-,9213424523,varun.saxena74@gmail.com,hema.saxena5@gmail.com,Lawyer,Engineer,768375270750,Indian,Muslim,OBC,Class 1,A,13
Mahi,STU0134,24-01-2017,F,Eshan Dhawan,Tanvi Dhawan,9499905152,Kumar,Dhawan,17-03-2023,mahi.dhawan39@student.nucleiq.in,,"432, Ambedkar Street, Khammam",O+,9121724902,eshan.dhawan30@gmail.com,,Driver,Lawyer,900021067068,Indian,Hindu,OBC,Class 1,A,14
Harsh,STU0135,24-07-2017,M,Suresh Banerjee,Anjali Banerjee,9501483027,Ram,Banerjee,17-03-2023,harsh.banerjee21@student.nucleiq.in,,"364, Lake View, Hyderabad",B+,9981560713,suresh.banerjee68@gmail.com,anjali.banerjee4@gmail.com,Lawyer,Nurse,370830447947,Indian,Hindu,General,Class 1,A,15
Ekta,STU0136,27-06-2017,F,Tanmay Mukherjee,Pooja Mukherjee,9782266083,Devi,Mukherjee,18-03-2023,,,"229, Nehru Colony, Hyderabad",O-,9233007467,tanmay.mukherjee71@gmail.com,,Lawyer,Artist,201742838358,Indian,Hindu,OBC,Class 1,A,16
Anand,STU0137,28-04-2017,M,Amit Mann,Ishita Mann,9827669728,Ram,Mann,25-03-2023,anand.mann66@student.nucleiq.in,,"400, Gandhi Nagar, Karimnagar",B+,9321975705,,,Business,Nurse,,Indian,Christian,General,Class 1,A,17
Sunita,STU0138,15-06-2017,F,Pranav Malhotra,Lata Malhotra,9424425818,Ram,Malhotra,24-03-2023,sunita.malhotra51@student.nucleiq.in,,"4, Lake View, Nalgonda",O-,9827133833,pranav.malhotra48@gmail.com,,Architect,Professor,,Indian,Muslim,OBC,Class 1,A,18
Tanvi,STU0139,09-05-2017,F,Mohit Narayan,Yamini Narayan,9420824516,Devi,Narayan,12-03-2023,tanvi.narayan31@student.nucleiq.in,9964823687,"439, Lake View, Warangal",B+,9302250101,,,Business,Business,384737453791,Indian,Sikh,OBC,Class 1,A,19
Varun,STU0140,11-04-2017,M,Mohit Bhatt,Ishita Bhatt,9836928463,Lal,Bhatt,09-03-2023,varun.bhatt86@student.nucleiq.in,,"154, Nehru Colony, Mahbubnagar",O+,9674060064,mohit.bhatt24@gmail.com,,Self Employed,Doctor,987877915856,Indian,Muslim,EWS,Class 1,A,20
Yamini,STU0141,08-06-2017,F,Bharath Kumar,Kiara Kumar,9551478978,Kumar,Kumar,09-03-2023,,,"238, Gandhi Nagar, Khammam",B+,9946205663,bharath.kumar75@gmail.com,,Architect,Teacher,650591373166,Indian,Hindu,SC,Class 1,B,1
Swati,STU0142,05-03-2017,F,Virat Patel,Swati Patel,9711392447,Ram,Patel,26-03-2023,,9936381727,"42, Ambedkar Street, Warangal",B+,9591313587,virat.patel41@gmail.com,swati.patel1@gmail.com,Driver,Engineer,,Indian,Christian,OBC,Class 1,B,2
Rishi,STU0143,05-02-2017,M,Rohan Thakur,Vani Thakur,9561075177,Ram,Thakur,13-03-2023,rishi.thakur50@student.nucleiq.in,,"274, Nehru Colony, Ramagundam",AB-,9533140455,rohan.thakur42@gmail.com,vani.thakur68@gmail.com,Banker,Homemaker,905850484197,Indian,Hindu,SC,Class 1,B,3
Kiara,STU0144,17-07-2017,F,Kian Nair,Kavya Nair,9170101400,,Nair,14-03-2023,,,"373, Lake View, Hyderabad",B-,9984595578,,kavya.nair18@gmail.com,IT Professional,Pharmacist,309380152118,Indian,Hindu,EWS,Class 1,B,4
Saanvi,STU0145,05-12-2017,F,Deepak Ghosh,Saanvi Ghosh,9733177858,Kumar,Ghosh,26-03-2023,,9950540063,"20, Ambedkar Street, Warangal",O+,9641846158,,,Engineer,Professor,218807256141,Indian,Muslim,General,Class 1,B,5
Yash,STU0146,18-02-2017,M,Kartik Yadav,Durga Yadav,9264418972,Kumari,Yadav,24-03-2023,,9811335671,"267, Patel Road, Hyderabad",B-,9320648482,kartik.yadav54@gmail.com,durga.yadav14@gmail.com,Army Officer,Government Employee,225768267912,Indian,Christian,OBC,Class 1,B,6
Mahesh,STU0147,07-09-2017,M,Mohit Mishra,Swati Mishra,9417130941,Ram,Mishra,21-03-2023,mahesh.mishra27@student.nucleiq.in,9616108982,"170, Nehru Colony, Hyderabad",A+,9272199842,mohit.mishra15@gmail.com,swati.mishra86@gmail.com,Self Employed,Doctor,661693788111,Indian,Hindu,SC,Class 1,B,7
Yamini,STU0148,09-05-2017,F,Vihaan Ghosh,Aadhya Ghosh,9973143678,Kumari,Ghosh,18-03-2023,yamini.ghosh47@student.nucleiq.in,9435766697,"219, Gandhi Nagar, Hyderabad",A+,9287584639,vihaan.ghosh6@gmail.com,,Government Employee,Business,492253611454,Indian,Sikh,EWS,Class 1,B,8
Fatima,STU0149,06-06-2017,F,Siddharth Kumar,Pooja Kumar,9590204687,Devi,Kumar,29-03-2023,fatima.kumar62@student.nucleiq.in,9796693603,"454, Nehru Colony, Ramagundam",A+,9391878557,siddharth.kumar8@gmail.com,pooja.kumar21@gmail.com,Teacher,Accountant,982541368367,Indian,Muslim,OBC,Class 1,B,9
Indu,STU0150,28-01-2017,F,Chandru Chopra,Madhuri Chopra,9880909484,Lal,Chopra,11-03-2023,indu.chopra15@student.nucleiq.in,9573185010,"24, Gandhi Nagar, Mahbubnagar",A-,9240290090,,madhuri.chopra87@gmail.com,Army Officer,Lawyer,721583874310,Indian,Hindu,EWS,Class 1,B,10
Anjali,STU0151,20-12-2017,F,Rohan Arora,Bhavna Arora,9880236611,Mohan,Arora,29-03-2023,,9513258121,"77, Lake View, Mahbubnagar",O+,9366907512,rohan.arora2@gmail.com,bhavna.arora21@gmail.com,Army Officer,Artist,182314782848,Indian,Christian,General,Class 1,B,11
Tanvi,STU0152,18-04-2017,F,Arnav Patel,Pooja Patel,9977357994,Lal,Patel,12-03-2023,,9581142194,"46, Ambedkar Street, Secunderabad",B+,9352329335,,,Business,Teacher,710039252993,Indian,Hindu,ST,Class 1,B,12
Deepa,STU0153,22-11-2017,F,Gopal Gill,Mahi Gill,9490136011,Kumar,Gill,18-03-2023,deepa.gill59@student.nucleiq.in,,"393, Lake View, Hyderabad",B-,9986170931,gopal.gill47@gmail.com,mahi.gill15@gmail.com,Teacher,Lawyer,473671590585,Indian,Hindu,OBC,Class 1,B,13
Divya,STU0154,04-12-2017,F,Dinesh Arora,Kavya Arora,9628734252,Devi,Arora,31-03-2023,,9301373196,"62, Ambedkar Street, Ramagundam",A+,9250806165,dinesh.arora25@gmail.com,kavya.arora14@gmail.com,Mechanic,Homemaker,842331265000,Indian,Muslim,SC,Class 1,B,14
Lata,STU0155,05-09-2017,F,Rishi Pillai,Aanya Pillai,9669474377,Lal,Pillai,02-03-2023,lata.pillai56@student.nucleiq.in,9618544245,"474, Lake View, Hyderabad",O+,9890503688,rishi.pillai89@gmail.com,,Government Employee,Teacher,768299256384,Indian,Sikh,OBC,Class 1,B,15
Swati,STU0156,09-04-2017,F,Hari Ahuja,Mahi Ahuja,9415866432,Mohan,Ahuja,20-03-2023,,9903617229,"263, Patel Road, Warangal",O+,9586239368,hari.ahuja41@gmail.com,mahi.ahuja71@gmail.com,Banker,Nurse,,Indian,Muslim,SC,Class 1,B,16
Irfan,STU0157,17-03-2017,M,Prateek Bhatt,Vani Bhatt,9446154387,Mohan,Bhatt,15-03-2023,irfan.bhatt72@student.nucleiq.in,,"293, Ambedkar Street, Secunderabad",AB+,9862735437,prateek.bhatt69@gmail.com,,Mechanic,Lawyer,,Indian,Hindu,OBC,Class 1,B,17
Rahul,STU0158,25-05-2017,M,Shaurya Patel,Avni Patel,9833784779,Kumar,Patel,07-03-2023,rahul.patel89@student.nucleiq.in,9319044298,"386, Lake View, Warangal",A+,9369037833,shaurya.patel14@gmail.com,avni.patel87@gmail.com,Police Officer,Artist,,Indian,Muslim,OBC,Class 1,B,18
Durga,STU0159,13-07-2017,F,Hari Pillai,Jaya Pillai,9835672883,,Pillai,19-03-2023,,9318063243,"318, Ambedkar Street, Nalgonda",O+,9435709651,hari.pillai91@gmail.com,jaya.pillai48@gmail.com,Professor,Social Worker,951247352893,Indian,Muslim,General,Class 1,B,19
Navya,STU0160,06-03-2017,F,Tanmay Kaur,Pari Kaur,9505013519,,Kaur,09-03-2023,,,"83, Lake View, Ramagundam",O+,9143630672,,,Government Employee,Homemaker,,Indian,Hindu,General,Class 1,B,20
Priya,STU0161,03-06-2016,F,Mohit Mann,Zara Mann,9664138658,Lal,Mann,07-03-2023,priya.mann65@student.nucleiq.in,,"279, Lake View, Warangal",B+,9336182414,,zara.mann85@gmail.com,IT Professional,Banker,781837464346,Indian,Hindu,EWS,Class 2,A,1
Ayaan,STU0162,08-08-2016,M,Amit Pillai,Uma Pillai,9766935087,Devi,Pillai,04-03-2023,ayaan.pillai42@student.nucleiq.in,,"408, Gandhi Nagar, Hyderabad",B+,9361807423,amit.pillai37@gmail.com,,Army Officer,Artist,982677236277,Indian,Hindu,OBC,Class 2,A,2
Yamini,STU0163,03-09-2016,F,Reyansh Mukherjee,Kavya Mukherjee,9930344435,Devi,Mukherjee,02-03-2023,,,"344, Nehru Colony, Nalgonda",O+,9677646075,reyansh.mukherjee14@gmail.com,,Mechanic,Business,920648508691,Indian,Muslim,General,Class 2,A,3
Aadya,STU0164,06-01-2016,F,Kabir Kumar,Divya Kumar,9175636616,,Kumar,07-03-2023,aadya.kumar53@student.nucleiq.in,,"323, Ambedkar Street, Nizamabad",B+,9717361056,,divya.kumar69@gmail.com,Business,Business,929200291511,Indian,Muslim,General,Class 2,A,4
Rudra,STU0165,26-05-2016,M,Kian Sood,Seema Sood,9192884274,,Sood,11-03-2023,,9133091814,"243, Nehru Colony, Mahbubnagar",B+,9402277050,,,Police Officer,Engineer,427036314220,Indian,Muslim,EWS,Class 2,A,5
Aanya,STU0166,05-09-2016,F,Aditya Gill,Aanya Gill,9714951911,Ram,Gill,29-03-2023,aanya.gill11@student.nucleiq.in,,"384, Patel Road, Ramagundam",A+,9740653308,aditya.gill66@gmail.com,,Lawyer,Nurse,311538915196,Indian,Hindu,SC,Class 2,A,6
Anand,STU0167,21-08-2016,M,Arjun Thakur,Avni Thakur,9821216549,Lal,Thakur,15-03-2023,,9623116712,"488, Patel Road, Karimnagar",B+,9172330209,arjun.thakur31@gmail.com,,Architect,Teacher,633940824899,Indian,Hindu,OBC,Class 2,A,7
Durga,STU0168,19-10-2016,F,Pavan Bajaj,Zara Bajaj,9559891563,Kumar,Bajaj,21-03-2023,,9864717990,"379, Ambedkar Street, Hyderabad",B+,9281075299,,zara.bajaj43@gmail.com,Self Employed,IT Professional,438335047854,Indian,Hindu,General,Class 2,A,8
Ajay,STU0169,18-03-2016,M,Kabir Dubey,Fatima Dubey,9772826911,Ram,Dubey,26-03-2023,ajay.dubey65@student.nucleiq.in,9972568129,"298, Lake View, Secunderabad",B+,9182100852,kabir.dubey5@gmail.com,,Police Officer,Pharmacist,819287209443,Indian,Christian,OBC,Class 2,A,9
Dinesh,STU0170,28-12-2016,M,Krishna Rathore,Lata Rathore,9638076911,Lal,Rathore,23-03-2023,,,"340, Nehru Colony, Secunderabad",O+,9648050705,krishna.rathore79@gmail.com,lata.rathore97@gmail.com,Army Officer,Doctor,719244713323,Indian,Buddhist,SC,Class 2,A,10
Vikram,STU0171,02-06-2016,M,Suresh Shukla,Priya Shukla,9348839570,Kumari,Shukla,25-03-2023,,,"106, Lake View, Karimnagar",O+,9167496657,,,Driver,Pharmacist,,Indian,Other,General,Class 2,A,11
Madhuri,STU0172,18-10-2016,F,Atharv Srivastava,Nisha Srivastava,9801878526,Devi,Srivastava,14-03-2023,madhuri.srivastava10@student.nucleiq.in,,"193, Nehru Colony, Khammam",B+,9506431167,,nisha.srivastava63@gmail.com,Self Employed,Pharmacist,581633201477,Indian,Hindu,General,Class 2,A,12
Anika,STU0173,12-03-2016,F,Mohit Iyer,Lalitha Iyer,9227056105,Kumar,Iyer,13-03-2023,,,"59, Ambedkar Street, Nizamabad",AB+,9809861078,mohit.iyer76@gmail.com,,Mechanic,Homemaker,,Indian,Hindu,OBC,Class 2,A,13
Manish,STU0174,05-10-2016,M,Shaurya Sood,Siya Sood,9293313837,,Sood,31-03-2023,manish.sood73@student.nucleiq.in,9872608028,"373, Patel Road, Ramagundam",O+,9654738715,,siya.sood61@gmail.com,Self Employed,Doctor,,Indian,Hindu,General,Class 2,A,14
Kunal,STU0175,06-05-2016,M,Gaurav Pillai,Mahi Pillai,9586909856,Lal,Pillai,09-03-2023,,,"68, Gandhi Nagar, Adilabad",A+,9740522822,gaurav.pillai65@gmail.com,mahi.pillai20@gmail.com,Architect,Teacher,,Indian,Sikh,OBC,Class 2,A,15
Sai,STU0176,20-03-2016,M,Karthik Khanna,Aanya Khanna,9932010779,Mohan,Khanna,15-03-2023,sai.khanna48@student.nucleiq.in,9849088260,"272, Ambedkar Street, Ramagundam",A-,9828597565,karthik.khanna99@gmail.com,,Professor,Lawyer,734352528871,Indian,Hindu,General,Class 2,A,16
Indu,STU0177,10-02-2016,F,Chandru Ghosh,Shruti Ghosh,9538781057,Ram,Ghosh,13-03-2023,,9107638685,"296, Lake View, Nizamabad",A+,9376815988,,shruti.ghosh89@gmail.com,IT Professional,Accountant,568816204203,Indian,Muslim,General,Class 2,A,17
Pallavi,STU0178,22-05-2016,F,Suresh Kapoor,Anika Kapoor,9543700355,Lal,Kapoor,20-03-2023,,,"285, Ambedkar Street, Nalgonda",A-,9692818173,,,Contractor,Government Employee,,Indian,Sikh,General,Class 2,A,18
Harsh,STU0179,07-02-2016,M,Siddharth Dhawan,Jaya Dhawan,9463394867,Kumar,Dhawan,16-03-2023,harsh.dhawan88@student.nucleiq.in,9272591127,"200, Gandhi Nagar, Nalgonda",O+,9959910144,siddharth.dhawan61@gmail.com,jaya.dhawan56@gmail.com,Doctor,Teacher,,Indian,Hindu,OBC,Class 2,A,19
Pooja,STU0180,10-09-2016,F,Hari Talwar,Seema Talwar,9161700457,Mohan,Talwar,10-03-2023,pooja.talwar57@student.nucleiq.in,,"436, Lake View, Warangal",B+,9930655747,,,Army Officer,Government Employee,,Indian,Hindu,General,Class 2,A,20
Amit,STU0181,09-02-2016,M,Siddharth Sharma,Shanaya Sharma,9819044151,Kumar,Sharma,08-03-2023,amit.sharma67@student.nucleiq.in,,"361, Gandhi Nagar, Ramagundam",O+,9524281692,siddharth.sharma93@gmail.com,shanaya.sharma75@gmail.com,Manager,Banker,346000728032,Indian,Muslim,General,Class 2,B,1
Pallavi,STU0182,14-03-2016,F,Reyansh Sharma,Divya Sharma,9177723844,Devi,Sharma,16-03-2023,,,"263, Patel Road, Karimnagar",O+,9640273782,reyansh.sharma74@gmail.com,,Driver,Accountant,369594956276,Indian,Christian,EWS,Class 2,B,2
Chitra,STU0183,16-01-2016,F,Kabir Jain,Myra Jain,9510892271,Lal,Jain,29-03-2023,chitra.jain30@student.nucleiq.in,9542839009,"490, Patel Road, Nizamabad",B+,9780389168,,myra.jain32@gmail.com,Shopkeeper,Teacher,183073226869,Indian,Muslim,General,Class 2,B,3
Shanaya,STU0184,06-05-2016,F,Vikram Banerjee,Chitra Banerjee,9304190795,Lal,Banerjee,02-03-2023,,,"136, Nehru Colony, Nizamabad",A-,9635796460,vikram.banerjee80@gmail.com,,Teacher,Teacher,644015264013,Indian,Muslim,SC,Class 2,B,4
Anand,STU0185,11-10-2016,M,Dinesh Khanna,Pallavi Khanna,9394992351,Devi,Khanna,17-03-2023,anand.khanna66@student.nucleiq.in,,"114, Lake View, Warangal",A+,9626998235,dinesh.khanna55@gmail.com,,Police Officer,Homemaker,953351326637,Indian,Hindu,EWS,Class 2,B,5
Zara,STU0186,22-01-2016,F,Arnav Dhawan,Rashmi Dhawan,9208177158,,Dhawan,26-03-2023,zara.dhawan34@student.nucleiq.in,,"135, Nehru Colony, Khammam",A-,9449434459,arnav.dhawan44@gmail.com,,Self Employed,Accountant,,Indian,Muslim,OBC,Class 2,B,6
Tanvi,STU0187,05-10-2016,F,Gaurav Yadav,Ishita Yadav,9974230575,Kumar,Yadav,14-03-2023,tanvi.yadav72@student.nucleiq.in,,"196, Nehru Colony, Karimnagar",A+,9207234319,gaurav.yadav20@gmail.com,,Business,Doctor,669644312707,Indian,Hindu,General,Class 2,B,7
Kiara,STU0188,02-10-2016,F,Reyansh Mishra,Durga Mishra,9275387012,Lal,Mishra,20-03-2023,kiara.mishra61@student.nucleiq.in,9203403365,"231, Patel Road, Nizamabad",A-,9164463569,,,Farmer,Banker,,Indian,Hindu,ST,Class 2,B,8
Akshay,STU0189,18-11-2016,M,Irfan Mann,Indu Mann,9405596297,Mohan,Mann,27-03-2023,akshay.mann63@student.nucleiq.in,9579887555,"456, Gandhi Nagar, Khammam",B+,9481295430,,indu.mann19@gmail.com,Lawyer,Business,561010572433,Indian,Muslim,OBC,Class 2,B,9
Sai,STU0190,11-04-2016,M,Amit Rao,Avni Rao,9862822145,Devi,Rao,22-03-2023,sai.rao35@student.nucleiq.in,9938564480,"442, Patel Road, Adilabad",O+,9387196293,amit.rao58@gmail.com,,Lawyer,Artist,,Indian,Muslim,SC,Class 2,B,10
Pranav,STU0191,04-02-2016,M,Farhan Rao,Neha Rao,9688876249,Kumari,Rao,30-03-2023,pranav.rao68@student.nucleiq.in,9189390303,"54, Patel Road, Hyderabad",B-,9157794625,,neha.rao50@gmail.com,Shopkeeper,Nurse,,Indian,Hindu,OBC,Class 2,B,11
Om,STU0192,22-01-2016,M,Bharath Rao,Zara Rao,9611267257,,Rao,21-03-2023,om.rao71@student.nucleiq.in,,"497, Lake View, Nalgonda",A+,9601645174,bharath.rao81@gmail.com,zara.rao73@gmail.com,Mechanic,Social Worker,441595001780,Indian,Sikh,OBC,Class 2,B,12
Pavan,STU0193,12-05-2016,M,Kabir Kumar,Aarohi Kumar,9425958941,Kumari,Kumar,19-03-2023,pavan.kumar98@student.nucleiq.in,9469243620,"147, Ambedkar Street, Hyderabad",B+,9111334226,kabir.kumar63@gmail.com,aarohi.kumar62@gmail.com,Shopkeeper,Homemaker,421254812530,Indian,Muslim,SC,Class 2,B,13
Riya,STU0194,13-07-2016,F,Shaurya Saxena,Ekta Saxena,9891474266,Lal,Saxena,25-03-2023,riya.saxena29@student.nucleiq.in,,"217, Nehru Colony, Ramagundam",B+,9793627337,shaurya.saxena79@gmail.com,ekta.saxena88@gmail.com,Farmer,Engineer,991342913473,Indian,Hindu,General,Class 2,B,14
Atharv,STU0195,21-02-2016,M,Kunal Nair,Meera Nair,9392201792,Devi,Nair,18-03-2023,,,"78, Gandhi Nagar, Adilabad",O-,9852126726,,meera.nair37@gmail.com,Farmer,Doctor,111712835706,Indian,Hindu,General,Class 2,B,15
Anika,STU0196,26-05-2016,F,Rishi Mehta,Tara Mehta,9597877404,Kumari,Mehta,07-03-2023,,9256860613,"29, Patel Road, Hyderabad",O+,9848328041,,,Banker,Pharmacist,520121892833,Indian,Christian,General,Class 2,B,16
Arnav,STU0197,24-04-2016,M,Advik Rathore,Lata Rathore,9889546822,Kumari,Rathore,31-03-2023,arnav.rathore27@student.nucleiq.in,,"349, Patel Road, Secunderabad",O+,9927850618,,lata.rathore96@gmail.com,Police Officer,Social Worker,,Indian,Hindu,General,Class 2,B,17
Diya,STU0198,08-02-2016,F,Rohan Pillai,Zara Pillai,9116178827,Kumar,Pillai,12-03-2023,diya.pillai51@student.nucleiq.in,9109588354,"497, Gandhi Nagar, Karimnagar",B-,9279701810,rohan.pillai89@gmail.com,,Manager,Lawyer,,Indian,Hindu,General,Class 2,B,18
Hema,STU0199,12-01-2016,F,Ishaan Narayan,Durga Narayan,9675904997,,Narayan,12-03-2023,,,"286, Patel Road, Secunderabad",O+,9949830412,ishaan.narayan25@gmail.com,,Contractor,Banker,632745546707,Indian,Muslim,OBC,Class 2,B,19
Riya,STU0200,12-09-2016,F,Deepak Mann,Lata Mann,9395627385,Kumar,Mann,22-03-2023,riya.mann71@student.nucleiq.in,,"272, Nehru Colony, Adilabad",B+,9992654825,deepak.mann70@gmail.com,,Business,Lawyer,904786864076,Indian,Hindu,General,Class 2,B,20
Indu,STU0201,24-06-2015,F,Rahul Talwar,Shruti Talwar,9979447956,Kumar,Talwar,30-03-2023,indu.talwar64@student.nucleiq.in,9265497448,"314, Patel Road, Nizamabad",B+,9516065124,rahul.talwar15@gmail.com,,Doctor,Homemaker,293830904550,Indian,Sikh,General,Class 3,A,1
Riya,STU0202,21-10-2015,F,Arnav Joshi,Bhavna Joshi,9626036464,,Joshi,06-03-2023,riya.joshi33@student.nucleiq.in,,"114, Lake View, Adilabad",AB+,9664596387,,bhavna.joshi84@gmail.com,Self Employed,Pharmacist,611444520093,Indian,Christian,General,Class 3,A,2
Lalitha,STU0203,02-12-2015,F,Kunal Kapoor,Tanvi Kapoor,9668031793,Ram,Kapoor,06-03-2023,lalitha.kapoor10@student.nucleiq.in,9657793068,"50, Gandhi Nagar, Secunderabad",AB-,9143650990,kunal.kapoor25@gmail.com,,Accountant,Professor,710653716629,Indian,Muslim,OBC,Class 3,A,3
Mahesh,STU0204,22-06-2015,M,Prateek Narayan,Bhavna Narayan,9558568278,Lal,Narayan,18-03-2023,mahesh.narayan71@student.nucleiq.in,,"173, Nehru Colony, Warangal",B+,9211779101,prateek.narayan46@gmail.com,bhavna.narayan71@gmail.com,IT Professional,Artist,799066848813,Indian,Hindu,SC,Class 3,A,4
Akshay,STU0205,25-07-2015,M,Farhan Bedi,Gayatri Bedi,9372826122,Kumar,Bedi,15-03-2023,,,"372, Gandhi Nagar, Mahbubnagar",O-,9486556226,farhan.bedi67@gmail.com,,Shopkeeper,Homemaker,332881230114,Indian,Sikh,General,Class 3,A,5
Divya,STU0206,19-10-2015,F,Reyansh Sood,Aadya Sood,9594318319,Lal,Sood,28-03-2023,,,"299, Nehru Colony, Warangal",A-,9481882460,reyansh.sood12@gmail.com,,Professor,Pharmacist,,Indian,Hindu,General,Class 3,A,6
Navya,STU0207,23-12-2015,F,Karthik Sethi,Aadhya Sethi,9739124632,Ram,Sethi,14-03-2023,,9509682018,"41, Gandhi Nagar, Karimnagar",O+,9789615654,,aadhya.sethi56@gmail.com,Mechanic,Pharmacist,949844261950,Indian,Hindu,SC,Class 3,A,7
Manish,STU0208,02-07-2015,M,Om Rathore,Aadya Rathore,9442863523,Mohan,Rathore,23-03-2023,,,"114, Nehru Colony, Adilabad",A+,9679745130,om.rathore51@gmail.com,aadya.rathore97@gmail.com,Architect,Professor,573400253072,Indian,Hindu,OBC,Class 3,A,8
Virat,STU0209,24-10-2015,M,Nikhil Kumar,Pooja Kumar,9381919481,Kumari,Kumar,31-03-2023,virat.kumar90@student.nucleiq.in,,"70, Ambedkar Street, Ramagundam",B+,9191352864,nikhil.kumar84@gmail.com,,Police Officer,Professor,372834566740,Indian,Hindu,General,Class 3,A,9
Zara,STU0210,04-02-2015,F,Yash Kaur,Sunita Kaur,9492203150,Lal,Kaur,11-03-2023,,,"13, Patel Road, Nizamabad",A+,9473992719,,sunita.kaur57@gmail.com,Architect,Doctor,320046162303,Indian,Muslim,General,Class 3,A,10
Ayaan,STU0211,20-04-2015,M,Ishaan Srivastava,Padma Srivastava,9993830749,,Srivastava,03-03-2023,,9219483835,"157, Ambedkar Street, Karimnagar",B+,9980612131,,padma.srivastava28@gmail.com,Banker,Social Worker,702406349098,Indian,Hindu,SC,Class 3,A,11
Prateek,STU0212,13-01-2015,M,Dinesh Dhawan,Bhavna Dhawan,9665646221,Mohan,Dhawan,14-03-2023,,,"405, Lake View, Karimnagar",B+,9146688450,dinesh.dhawan2@gmail.com,,Farmer,Business,497972100752,Indian,Sikh,General,Class 3,A,12
Ishita,STU0213,04-12-2015,F,Darsh Malhotra,Priya Malhotra,9741138124,Lal,Malhotra,04-03-2023,,,"235, Lake View, Secunderabad",O+,9670758903,,,Army Officer,Engineer,917733425573,Indian,Hindu,General,Class 3,A,13
Shanaya,STU0214,17-04-2015,F,Pavan Narayan,Diya Narayan,9771939435,Devi,Narayan,24-03-2023,shanaya.narayan4@student.nucleiq.in,9400855850,"116, Nehru Colony, Ramagundam",B+,9376681108,,,Contractor,Social Worker,854305884501,Indian,Hindu,General,Class 3,A,14
Rohan,STU0215,15-06-2015,M,Krishna Tiwari,Anika Tiwari,9800587168,Lal,Tiwari,15-03-2023,rohan.tiwari26@student.nucleiq.in,9431784498,"353, Lake View, Adilabad",O+,9248795415,krishna.tiwari99@gmail.com,,Professor,Pharmacist,,Indian,Hindu,OBC,Class 3,A,15
Atharv,STU0216,24-03-2015,M,Suresh Agarwal,Zara Agarwal,9544572227,Ram,Agarwal,01-04-2023,,9783809682,"478, Patel Road, Karimnagar",A+,9541578219,,,Business,Lawyer,394707541203,Indian,Muslim,OBC,Class 3,A,16
Advaith,STU0217,03-06-2015,M,Mahesh Kaur,Neha Kaur,9243974416,,Kaur,10-03-2023,,9297543237,"437, Ambedkar Street, Adilabad",B+,9639366915,,,Engineer,Accountant,342292179160,Indian,Muslim,EWS,Class 3,A,17
Arjun,STU0218,16-10-2015,M,Darsh Das,Padma Das,9591285126,Kumari,Das,10-03-2023,,,"377, Ambedkar Street, Ramagundam",AB-,9364982130,,padma.das74@gmail.com,Architect,Social Worker,876855572494,Indian,Christian,OBC,Class 3,A,18
Lata,STU0219,18-09-2015,F,Irfan Gupta,Gayatri Gupta,9142146105,Kumar,Gupta,20-03-2023,lata.gupta81@student.nucleiq.in,9303850254,"150, Ambedkar Street, Ramagundam",B+,9698826833,,gayatri.gupta60@gmail.com,Lawyer,Accountant,,Indian,Sikh,SC,Class 3,A,19
Dev,STU0220,24-02-2015,M,Ayaan Menon,Navya Menon,9936156197,Kumari,Menon,16-03-2023,,,"231, Gandhi Nagar, Nalgonda",A+,9728619698,ayaan.menon92@gmail.com,navya.menon59@gmail.com,Doctor,Engineer,974934100366,Indian,Hindu,SC,Class 3,A,20
Ayaan,STU0221,12-11-2015,M,Om Bhatt,Ekta Bhatt,9512410679,Kumari,Bhatt,30-03-2023,ayaan.bhatt21@student.nucleiq.in,,"195, Gandhi Nagar, Nalgonda",O+,9880474837,om.bhatt73@gmail.com,ekta.bhatt20@gmail.com,Lawyer,Artist,,Indian,Christian,General,Class 3,B,1
Kiara,STU0222,10-08-2015,F,Atharv Shukla,Pari Shukla,9241273318,Ram,Shukla,12-03-2023,kiara.shukla33@student.nucleiq.in,,"255, Ambedkar Street, Hyderabad",B+,9317810361,,pari.shukla31@gmail.com,Banker,Professor,548625390737,Indian,Hindu,OBC,Class 3,B,2
Dhruv,STU0223,21-10-2015,M,Karthik Gill,Lalitha Gill,9322949179,Devi,Gill,15-03-2023,,9139428930,"75, Gandhi Nagar, Warangal",AB+,9152526165,karthik.gill39@gmail.com,,Doctor,Homemaker,,Indian,Other,General,Class 3,B,3
Uma,STU0224,20-12-2015,F,Naveen Pillai,Divya Pillai,9290502484,Mohan,Pillai,14-03-2023,,,"394, Patel Road, Adilabad",B+,9588915267,naveen.pillai9@gmail.com,divya.pillai71@gmail.com,Doctor,Engineer,860733297181,Indian,Sikh,General,Class 3,B,4
Anjali,STU0225,20-04-2015,F,Reyansh Banerjee,Pallavi Banerjee,9883540031,Mohan,Banerjee,31-03-2023,anjali.banerjee62@student.nucleiq.in,9749375452,"479, Patel Road, Nalgonda",B+,9775360627,reyansh.banerjee34@gmail.com,,Architect,Banker,721113645998,Indian,Hindu,SC,Class 3,B,5
Priya,STU0226,23-04-2015,F,Irfan Das,Riya Das,9101697496,Lal,Das,23-03-2023,,9891850638,"435, Nehru Colony, Hyderabad",O+,9226923950,irfan.das53@gmail.com,,Manager,Social Worker,109501919075,Indian,Muslim,SC,Class 3,B,6
Jaya,STU0227,17-05-2015,F,Darsh Singh,Indu Singh,9106583399,Devi,Singh,15-03-2023,,9761417815,"492, Gandhi Nagar, Khammam",O+,9222231288,,indu.singh87@gmail.com,Self Employed,Pharmacist,808822325365,Indian,Hindu,General,Class 3,B,7
Padma,STU0228,26-08-2015,F,Yash Bedi,Gayatri Bedi,9160153467,Devi,Bedi,06-03-2023,,9438768594,"285, Lake View, Nalgonda",A+,9996687959,yash.bedi43@gmail.com,gayatri.bedi46@gmail.com,Doctor,Doctor,,Indian,Hindu,EWS,Class 3,B,8
Akshay,STU0229,20-03-2015,M,Bharath Ahuja,Jaya Ahuja,9906960157,Kumari,Ahuja,29-03-2023,akshay.ahuja35@student.nucleiq.in,,"255, Nehru Colony, Khammam",B+,9431014655,bharath.ahuja39@gmail.com,,Shopkeeper,Doctor,,Indian,Christian,SC,Class 3,B,9
Harsh,STU0230,17-08-2015,M,Advik Sood,Mahi Sood,9619124046,,Sood,28-03-2023,,,"394, Gandhi Nagar, Nalgonda",O+,9886452604,advik.sood87@gmail.com,mahi.sood27@gmail.com,Engineer,IT Professional,674944981895,Indian,Hindu,General,Class 3,B,10
Gaurav,STU0231,11-02-2015,M,Chandru Ahuja,Aadya Ahuja,9210705823,Ram,Ahuja,18-03-2023,,9785960873,"457, Nehru Colony, Karimnagar",B+,9658966058,,,IT Professional,Lawyer,396858049937,Indian,Hindu,General,Class 3,B,11
Hari,STU0232,04-09-2015,M,Sahil Talwar,Shanaya Talwar,9689876885,Lal,Talwar,26-03-2023,,9404156374,"294, Nehru Colony, Karimnagar",A+,9441970569,,shanaya.talwar70@gmail.com,Driver,Homemaker,,Indian,Hindu,SC,Class 3,B,12
Arnav,STU0233,13-07-2015,M,Mohit Patel,Seema Patel,9736467148,,Patel,27-03-2023,arnav.patel40@student.nucleiq.in,,"102, Lake View, Mahbubnagar",A+,9775889004,mohit.patel98@gmail.com,,Government Employee,Teacher,868454213033,Indian,Hindu,OBC,Class 3,B,13
Neha,STU0234,28-03-2015,F,Kunal Ghosh,Siya Ghosh,9490250763,Kumar,Ghosh,04-03-2023,neha.ghosh86@student.nucleiq.in,,"441, Patel Road, Warangal",B+,9520989391,,,Manager,IT Professional,409971232353,Indian,Christian,OBC,Class 3,B,14
Tanmay,STU0235,26-12-2015,M,Darsh Joshi,Divya Joshi,9797343144,Kumari,Joshi,29-03-2023,tanmay.joshi52@student.nucleiq.in,,"123, Lake View, Karimnagar",A-,9176154050,,,Doctor,Banker,,Indian,Muslim,OBC,Class 3,B,15
Pallavi,STU0236,08-12-2015,F,Rahul Mehta,Bhavna Mehta,9183638479,Lal,Mehta,27-03-2023,pallavi.mehta15@student.nucleiq.in,,"238, Patel Road, Adilabad",B+,9893889313,rahul.mehta23@gmail.com,,Contractor,Teacher,996297434913,Indian,Muslim,ST,Class 3,B,16
Priya,STU0237,03-01-2015,F,Karthik Menon,Sara Menon,9723594774,Mohan,Menon,26-03-2023,priya.menon85@student.nucleiq.in,,"273, Patel Road, Hyderabad",B+,9910662740,karthik.menon26@gmail.com,,IT Professional,Engineer,846951524666,Indian,Hindu,EWS,Class 3,B,17
Ekta,STU0238,01-10-2015,F,Tanmay Chopra,Pooja Chopra,9236961886,,Chopra,13-03-2023,,,"28, Gandhi Nagar, Hyderabad",AB+,9415878379,tanmay.chopra46@gmail.com,,Shopkeeper,Artist,,Indian,Hindu,OBC,Class 3,B,18
Ekta,STU0239,14-07-2015,F,Pranav Malhotra,Bhavna Malhotra,9286197687,Kumari,Malhotra,15-03-2023,,,"474, Patel Road, Warangal",O+,9609889300,,bhavna.malhotra86@gmail.com,Government Employee,Doctor,,Indian,Muslim,General,Class 3,B,19
Bhavna,STU0240,05-02-2015,F,Pavan Chauhan,Swati Chauhan,9589657032,Kumar,Chauhan,12-03-2023,bhavna.chauhan80@student.nucleiq.in,,"261, Ambedkar Street, Adilabad",B+,9947105447,pavan.chauhan46@gmail.com,,Mechanic,Professor,,Indian,Hindu,SC,Class 3,B,20
Swati,STU0241,02-06-2014,F,Akshay Bedi,Neha Bedi,9856861869,Lal,Bedi,31-03-2023,swati.bedi89@student.nucleiq.in,,"374, Lake View, Secunderabad",O-,9495758262,akshay.bedi36@gmail.com,,Doctor,Social Worker,366667846531,Indian,Hindu,SC,Class 4,A,1
Gaurav,STU0242,10-10-2014,M,Vihaan Narayan,Mahi Narayan,9674487589,Lal,Narayan,13-03-2023,,,"241, Lake View, Hyderabad",AB-,9935937148,vihaan.narayan38@gmail.com,,Engineer,Government Employee,433931238857,Indian,Muslim,OBC,Class 4,A,2
Manish,STU0243,19-03-2014,M,Rahul Khanna,Avni Khanna,9968545231,Lal,Khanna,31-03-2023,,,"65, Lake View, Adilabad",A+,9891755830,rahul.khanna33@gmail.com,,Farmer,Engineer,911809820393,Indian,Hindu,General,Class 4,A,3
Rahul,STU0244,09-03-2014,M,Prateek Yadav,Prisha Yadav,9620677295,Devi,Yadav,07-03-2023,rahul.yadav44@student.nucleiq.in,9255767997,"305, Nehru Colony, Nalgonda",O+,9294142387,prateek.yadav53@gmail.com,prisha.yadav31@gmail.com,Driver,Government Employee,732265815336,Indian,Muslim,General,Class 4,A,4
Hema,STU0245,15-03-2014,F,Kartik Reddy,Kiara Reddy,9611386978,,Reddy,20-03-2023,,9518834994,"243, Patel Road, Nalgonda",A+,9901173040,kartik.reddy2@gmail.com,,Driver,Accountant,683951324405,Indian,Muslim,General,Class 4,A,5
Nandini,STU0246,28-11-2014,F,Virat Chauhan,Tanvi Chauhan,9386783352,Lal,Chauhan,24-03-2023,,,"237, Nehru Colony, Secunderabad",AB-,9961480639,virat.chauhan25@gmail.com,,Lawyer,Banker,111479596596,Indian,Christian,General,Class 4,A,6
Om,STU0247,12-08-2014,M,Deepak Joshi,Avni Joshi,9370471388,Mohan,Joshi,25-03-2023,,,"481, Lake View, Hyderabad",AB+,9307317573,deepak.joshi77@gmail.com,avni.joshi91@gmail.com,Teacher,Teacher,512874807828,Indian,Muslim,ST,Class 4,A,7
Dinesh,STU0248,09-03-2014,M,Dev Reddy,Bhavna Reddy,9181297478,Mohan,Reddy,23-03-2023,dinesh.reddy36@student.nucleiq.in,9843267161,"463, Patel Road, Mahbubnagar",A-,9785885348,dev.reddy36@gmail.com,bhavna.reddy49@gmail.com,Contractor,Banker,391253761955,Indian,Hindu,General,Class 4,A,8
Kunal,STU0249,16-11-2014,M,Ishaan Bhatia,Shruti Bhatia,9925393205,Kumar,Bhatia,29-03-2023,kunal.bhatia14@student.nucleiq.in,9868155245,"133, Gandhi Nagar, Nizamabad",A+,9563055004,,shruti.bhatia58@gmail.com,Business,Pharmacist,802883704482,Indian,Hindu,General,Class 4,A,9
Tanvi,STU0250,13-06-2014,F,Aarav Iyer,Deepa Iyer,9859785782,Mohan,Iyer,14-03-2023,,,"373, Gandhi Nagar, Mahbubnagar",B+,9927844881,,deepa.iyer62@gmail.com,Teacher,Professor,495100919425,Indian,Hindu,General,Class 4,A,10
Manish,STU0251,18-06-2014,M,Hari Menon,Mahi Menon,9186389815,,Menon,05-03-2023,manish.menon23@student.nucleiq.in,,"496, Ambedkar Street, Karimnagar",AB+,9593533996,,,Teacher,Business,192283830046,Indian,Sikh,OBC,Class 4,A,11
Krishna,STU0252,24-01-2014,M,Dhruv Gupta,Priya Gupta,9517435960,Kumar,Gupta,14-03-2023,krishna.gupta64@student.nucleiq.in,,"428, Ambedkar Street, Nalgonda",O-,9167637817,,,IT Professional,Lawyer,230590661856,Indian,Hindu,SC,Class 4,A,12
Chitra,STU0253,19-12-2014,F,Farhan Bedi,Myra Bedi,9139597095,Kumar,Bedi,25-03-2023,,,"465, Lake View, Warangal",A+,9889693867,farhan.bedi17@gmail.com,,Engineer,Pharmacist,206488118211,Indian,Hindu,General,Class 4,A,13
Karthik,STU0254,20-08-2014,M,Kunal Joshi,Ishita Joshi,9167763965,,Joshi,07-03-2023,,9892344588,"348, Ambedkar Street, Nizamabad",B+,9963775406,kunal.joshi74@gmail.com,,IT Professional,Artist,938434446468,Indian,Hindu,General,Class 4,A,14
Ayaan,STU0255,06-07-2014,M,Ansh Dubey,Divya Dubey,9277173978,Kumar,Dubey,10-03-2023,ayaan.dubey6@student.nucleiq.in,,"406, Lake View, Nizamabad",B+,9571008888,,divya.dubey11@gmail.com,Business,Homemaker,,Indian,Hindu,SC,Class 4,A,15
Swati,STU0256,23-08-2014,F,Pranav Dhawan,Aarohi Dhawan,9787007622,Ram,Dhawan,28-03-2023,,,"90, Lake View, Nalgonda",AB+,9390930074,pranav.dhawan92@gmail.com,,Doctor,Business,483545732480,Indian,Hindu,OBC,Class 4,A,16
Ayaan,STU0257,12-10-2014,M,Suresh Arora,Shruti Arora,9644967737,,Arora,05-03-2023,ayaan.arora85@student.nucleiq.in,,"28, Nehru Colony, Mahbubnagar",A+,9335445955,,shruti.arora61@gmail.com,Self Employed,Doctor,,Indian,Sikh,General,Class 4,A,17
Avni,STU0258,11-05-2014,F,Pavan Banerjee,Hema Banerjee,9586563564,Kumari,Banerjee,13-03-2023,avni.banerjee69@student.nucleiq.in,,"403, Gandhi Nagar, Secunderabad",B+,9146511793,,hema.banerjee93@gmail.com,Driver,Professor,316548240737,Indian,Muslim,ST,Class 4,A,18
Mahesh,STU0259,04-04-2014,M,Vikram Reddy,Swati Reddy,9314700940,Devi,Reddy,25-03-2023,,,"28, Ambedkar Street, Nizamabad",A+,9503224831,vikram.reddy59@gmail.com,,Manager,Doctor,792323623688,Indian,Hindu,General,Class 4,A,19
Sara,STU0260,02-10-2014,F,Krishna Gupta,Pari Gupta,9599863643,Mohan,Gupta,24-03-2023,,,"454, Patel Road, Ramagundam",B-,9592395371,krishna.gupta82@gmail.com,pari.gupta22@gmail.com,Professor,Social Worker,551342970503,Indian,Sikh,OBC,Class 4,A,20
Varun,STU0261,09-08-2014,M,Deepak Khanna,Sunita Khanna,9890466024,Ram,Khanna,01-04-2023,,,"457, Lake View, Nizamabad",O+,9364842906,deepak.khanna1@gmail.com,,Engineer,Homemaker,944963846736,Indian,Hindu,OBC,Class 4,B,1
Neha,STU0262,15-02-2014,F,Dhruv Dhawan,Ananya Dhawan,9699670808,Ram,Dhawan,17-03-2023,neha.dhawan53@student.nucleiq.in,9242498426,"184, Patel Road, Hyderabad",A-,9908612091,dhruv.dhawan3@gmail.com,,Shopkeeper,Doctor,730749972638,Indian,Muslim,General,Class 4,B,2
Lata,STU0263,13-12-2014,F,Naveen Rathore,Padma Rathore,9497735939,Kumar,Rathore,27-03-2023,lata.rathore1@student.nucleiq.in,9175912037,"198, Patel Road, Mahbubnagar",B+,9773033141,,padma.rathore90@gmail.com,Architect,Social Worker,964178113629,Indian,Muslim,OBC,Class 4,B,3
Gayatri,STU0264,12-11-2014,F,Vihaan Patel,Pari Patel,9511194794,Lal,Patel,04-03-2023,gayatri.patel47@student.nucleiq.in,,"332, Lake View, Mahbubnagar",AB+,9492550199,vihaan.patel27@gmail.com,,IT Professional,Nurse,626773608807,Indian,Muslim,SC,Class 4,B,4
Suresh,STU0265,11-04-2014,M,Dinesh Srivastava,Tanvi Srivastava,9640699840,Ram,Srivastava,21-03-2023,,,"177, Ambedkar Street, Ramagundam",B+,9830387900,dinesh.srivastava16@gmail.com,,Police Officer,Business,421690693387,Indian,Hindu,OBC,Class 4,B,5
Advik,STU0266,13-02-2014,M,Atharv Jain,Avni Jain,9182621546,,Jain,04-03-2023,,9632928920,"78, Nehru Colony, Warangal",B+,9217429693,atharv.jain38@gmail.com,,Police Officer,Pharmacist,,Indian,Hindu,OBC,Class 4,B,6
Aarush,STU0267,28-01-2014,M,Advaith Mukherjee,Madhuri Mukherjee,9657938247,,Mukherjee,07-03-2023,,,"331, Patel Road, Khammam",B+,9792211324,advaith.mukherjee68@gmail.com,madhuri.mukherjee57@gmail.com,Driver,Engineer,971441485256,Indian,Hindu,SC,Class 4,B,7
Kartik,STU0268,05-01-2014,M,Aarush Kapoor,Lata Kapoor,9278630985,Devi,Kapoor,21-03-2023,kartik.kapoor37@student.nucleiq.in,,"90, Nehru Colony, Warangal",A+,9764249151,,lata.kapoor74@gmail.com,Government Employee,IT Professional,,Indian,Hindu,OBC,Class 4,B,8
Rahul,STU0269,12-03-2014,M,Sahil Agarwal,Kavya Agarwal,9672994767,Devi,Agarwal,18-03-2023,rahul.agarwal52@student.nucleiq.in,9925190102,"75, Ambedkar Street, Secunderabad",O+,9423797338,,kavya.agarwal70@gmail.com,Army Officer,Banker,620960449912,Indian,Sikh,EWS,Class 4,B,9
Pavan,STU0270,11-08-2014,M,Ayaan Mann,Fatima Mann,9614302181,Mohan,Mann,10-03-2023,pavan.mann15@student.nucleiq.in,,"206, Lake View, Warangal",O+,9143036559,ayaan.mann12@gmail.com,,Architect,Business,,Indian,Hindu,SC,Class 4,B,10
Riya,STU0271,28-09-2014,F,Gaurav Verma,Bhavna Verma,9193820269,,Verma,18-03-2023,,,"310, Lake View, Ramagundam",O+,9649527664,gaurav.verma47@gmail.com,,Mechanic,Banker,409290004374,Indian,Hindu,General,Class 4,B,11
Padma,STU0272,24-04-2014,F,Harsh Gill,Gayatri Gill,9546257594,,Gill,04-03-2023,,9555086354,"374, Ambedkar Street, Mahbubnagar",A+,9962950738,harsh.gill12@gmail.com,,Shopkeeper,IT Professional,170160080696,Indian,Buddhist,OBC,Class 4,B,12
Ananya,STU0273,09-11-2014,F,Atharv Sharma,Divya Sharma,9596197535,Kumari,Sharma,19-03-2023,ananya.sharma18@student.nucleiq.in,,"427, Ambedkar Street, Adilabad",B+,9862621919,atharv.sharma39@gmail.com,divya.sharma39@gmail.com,Self Employed,Social Worker,126734110799,Indian,Christian,General,Class 4,B,13
Vani,STU0274,21-02-2014,F,Dinesh Narayan,Avni Narayan,9547918677,Kumari,Narayan,11-03-2023,vani.narayan83@student.nucleiq.in,,"62, Patel Road, Mahbubnagar",B+,9292599550,dinesh.narayan77@gmail.com,avni.narayan75@gmail.com,Self Employed,Professor,788302488960,Indian,Muslim,EWS,Class 4,B,14
Ansh,STU0275,01-10-2014,M,Kabir Sood,Kavya Sood,9724546761,Mohan,Sood,05-03-2023,,9245489216,"183, Nehru Colony, Warangal",A+,9162825060,,kavya.sood46@gmail.com,Engineer,Engineer,,Indian,Muslim,General,Class 4,B,15
Mahesh,STU0276,20-02-2014,M,Shaurya Narayan,Shruti Narayan,9446396476,Kumar,Narayan,08-03-2023,,9489255767,"50, Lake View, Karimnagar",B-,9439528365,shaurya.narayan2@gmail.com,,Shopkeeper,Banker,475431657665,Indian,Sikh,General,Class 4,B,16
Ishaan,STU0277,26-04-2014,M,Nikhil Sood,Uma Sood,9840509085,Kumar,Sood,04-03-2023,ishaan.sood92@student.nucleiq.in,,"388, Gandhi Nagar, Nalgonda",B+,9992726322,nikhil.sood15@gmail.com,uma.sood3@gmail.com,Self Employed,Banker,251881075490,Indian,Christian,ST,Class 4,B,17
Navya,STU0278,24-01-2014,F,Ayaan Bhatt,Ishita Bhatt,9238206116,Devi,Bhatt,06-03-2023,navya.bhatt40@student.nucleiq.in,,"67, Gandhi Nagar, Warangal",B+,9845439079,ayaan.bhatt15@gmail.com,,Self Employed,Lawyer,216807438087,Indian,Hindu,SC,Class 4,B,18
Kartik,STU0279,03-01-2014,M,Rahul Reddy,Aanya Reddy,9910192189,Devi,Reddy,23-03-2023,kartik.reddy27@student.nucleiq.in,,"103, Nehru Colony, Secunderabad",AB+,9203619948,,,Farmer,Professor,956848700337,Indian,Muslim,General,Class 4,B,19
Reyansh,STU0280,17-01-2014,M,Mohit Bajaj,Riya Bajaj,9402641424,Ram,Bajaj,26-03-2023,,9329797269,"472, Lake View, Nalgonda",O+,9284440344,mohit.bajaj90@gmail.com,,Driver,Business,565486902215,Indian,Hindu,General,Class 4,B,20
Suresh,STU0281,04-08-2013,M,Krishna Agarwal,Priya Agarwal,9918485133,,Agarwal,16-03-2023,suresh.agarwal6@student.nucleiq.in,,"253, Gandhi Nagar, Karimnagar",B+,9487889723,krishna.agarwal95@gmail.com,,Driver,Nurse,571825202841,Indian,Hindu,General,Class 5,A,1
Chitra,STU0282,22-01-2013,F,Gaurav Kapoor,Aadhya Kapoor,9525598787,Kumar,Kapoor,17-03-2023,chitra.kapoor11@student.nucleiq.in,,"203, Ambedkar Street, Nalgonda",AB+,9570361572,gaurav.kapoor95@gmail.com,aadhya.kapoor22@gmail.com,Doctor,Banker,320497743954,Indian,Muslim,EWS,Class 5,A,2
Advaith,STU0283,09-08-2013,M,Mohit Chauhan,Indu Chauhan,9724830363,Mohan,Chauhan,08-03-2023,advaith.chauhan83@student.nucleiq.in,9482356574,"244, Lake View, Karimnagar",O+,9737426805,mohit.chauhan66@gmail.com,,Driver,Teacher,,Indian,Hindu,General,Class 5,A,3
Vivaan,STU0284,27-01-2013,M,Rishi Joshi,Chitra Joshi,9128721392,Mohan,Joshi,30-03-2023,vivaan.joshi42@student.nucleiq.in,,"319, Lake View, Ramagundam",A+,9292302534,,chitra.joshi99@gmail.com,Self Employed,Lawyer,827110316195,Indian,Hindu,OBC,Class 5,A,4
Kamala,STU0285,25-01-2013,F,Rohan Bedi,Pari Bedi,9511919441,Lal,Bedi,31-03-2023,kamala.bedi57@student.nucleiq.in,,"17, Nehru Colony, Khammam",B+,9583307859,rohan.bedi39@gmail.com,pari.bedi22@gmail.com,Self Employed,Accountant,,Indian,Muslim,OBC,Class 5,A,5
Akshay,STU0286,18-11-2013,M,Sahil Kaur,Pallavi Kaur,9604463645,Kumari,Kaur,11-03-2023,akshay.kaur65@student.nucleiq.in,,"135, Ambedkar Street, Nalgonda",B-,9611005607,,pallavi.kaur99@gmail.com,Shopkeeper,Banker,,Indian,Muslim,General,Class 5,A,6
Shanaya,STU0287,25-01-2013,F,Manish Srivastava,Mahi Srivastava,9508637554,Lal,Srivastava,04-03-2023,,,"180, Gandhi Nagar, Ramagundam",AB+,9204528821,,mahi.srivastava76@gmail.com,Doctor,Pharmacist,438739517808,Indian,Hindu,General,Class 5,A,7
Aadya,STU0288,19-07-2013,F,Dinesh Jain,Swati Jain,9386279849,Mohan,Jain,16-03-2023,aadya.jain41@student.nucleiq.in,,"200, Patel Road, Mahbubnagar",B-,9121906773,dinesh.jain13@gmail.com,swati.jain27@gmail.com,IT Professional,IT Professional,833429677539,Indian,Hindu,OBC,Class 5,A,8
Sunita,STU0289,28-11-2013,F,Arjun Mukherjee,Madhuri Mukherjee,9675347404,Kumari,Mukherjee,07-03-2023,,,"294, Ambedkar Street, Karimnagar",O+,9329866763,arjun.mukherjee12@gmail.com,madhuri.mukherjee75@gmail.com,Teacher,Professor,723059179403,Indian,Christian,OBC,Class 5,A,9
Rudra,STU0290,17-05-2013,M,Kian Singh,Sunita Singh,9812381203,Mohan,Singh,07-03-2023,,,"320, Lake View, Khammam",B+,9679764298,kian.singh24@gmail.com,sunita.singh81@gmail.com,Army Officer,Artist,,Indian,Hindu,SC,Class 5,A,10
Tanvi,STU0291,28-10-2013,F,Eshan Narayan,Sunita Narayan,9707862900,Lal,Narayan,08-03-2023,tanvi.narayan47@student.nucleiq.in,,"124, Nehru Colony, Hyderabad",O+,9880196990,eshan.narayan56@gmail.com,,Doctor,Business,,Indian,Hindu,ST,Class 5,A,11
Kabir,STU0292,13-04-2013,M,Ayaan Kaur,Aarohi Kaur,9306068248,Lal,Kaur,25-03-2023,kabir.kaur40@student.nucleiq.in,,"287, Ambedkar Street, Nizamabad",B+,9129747132,ayaan.kaur26@gmail.com,,Government Employee,Homemaker,,Indian,Christian,SC,Class 5,A,12
Amit,STU0293,26-08-2013,M,Vihaan Gupta,Padma Gupta,9190118660,Mohan,Gupta,01-04-2023,,,"490, Ambedkar Street, Adilabad",O+,9437052680,vihaan.gupta12@gmail.com,,Government Employee,Nurse,,Indian,Muslim,EWS,Class 5,A,13
Priya,STU0294,04-10-2013,F,Pavan Kumar,Zara Kumar,9453568052,Kumar,Kumar,08-03-2023,priya.kumar96@student.nucleiq.in,9554052132,"112, Nehru Colony, Adilabad",A+,9993712000,,,Mechanic,Engineer,637111109763,Indian,Hindu,SC,Class 5,A,14
Darsh,STU0295,22-08-2013,M,Hari Bedi,Tanvi Bedi,9942106991,Kumari,Bedi,25-03-2023,,,"158, Gandhi Nagar, Khammam",B-,9255597570,hari.bedi5@gmail.com,tanvi.bedi85@gmail.com,Engineer,Government Employee,364877499062,Indian,Hindu,OBC,Class 5,A,15
Kamala,STU0296,28-09-2013,F,Anand Kaur,Meera Kaur,9517117581,,Kaur,25-03-2023,kamala.kaur33@student.nucleiq.in,,"480, Nehru Colony, Ramagundam",B+,9108446160,anand.kaur21@gmail.com,meera.kaur81@gmail.com,IT Professional,Pharmacist,549444402428,Indian,Christian,General,Class 5,A,16
Karthik,STU0297,24-08-2013,M,Farhan Rathore,Madhuri Rathore,9457257753,Kumari,Rathore,19-03-2023,karthik.rathore13@student.nucleiq.in,9849989538,"134, Lake View, Ramagundam",A+,9870287372,farhan.rathore94@gmail.com,madhuri.rathore95@gmail.com,IT Professional,IT Professional,159107234466,Indian,Muslim,General,Class 5,A,17
Jaya,STU0298,13-01-2013,F,Manish Menon,Kiara Menon,9436856223,Kumar,Menon,26-03-2023,,,"366, Nehru Colony, Secunderabad",O+,9718270581,manish.menon41@gmail.com,,Government Employee,Engineer,,Indian,Muslim,General,Class 5,A,18
Riya,STU0299,06-06-2013,F,Chandru Kumar,Nisha Kumar,9996229807,Kumari,Kumar,20-03-2023,,,"286, Lake View, Nizamabad",B-,9712452200,chandru.kumar60@gmail.com,,Lawyer,Homemaker,758972122208,Indian,Hindu,General,Class 5,A,19
Kavya,STU0300,23-01-2013,F,Rohan Mann,Indu Mann,9587165109,,Mann,16-03-2023,,9304595238,"485, Patel Road, Mahbubnagar",B+,9988260922,rohan.mann17@gmail.com,,Banker,Professor,,Indian,Christian,SC,Class 5,A,20
Yash,STU0301,01-03-2013,M,Irfan Das,Siya Das,9352850765,Kumari,Das,23-03-2023,yash.das48@student.nucleiq.in,,"332, Ambedkar Street, Mahbubnagar",A+,9763229105,irfan.das42@gmail.com,siya.das51@gmail.com,Banker,Government Employee,909271872423,Indian,Muslim,General,Class 5,B,1
Vihaan,STU0302,12-08-2013,M,Gopal Mehta,Bhavna Mehta,9961407774,Kumar,Mehta,13-03-2023,,,"196, Patel Road, Hyderabad",O-,9742346790,gopal.mehta17@gmail.com,bhavna.mehta72@gmail.com,Engineer,Professor,,Indian,Hindu,OBC,Class 5,B,2
Lata,STU0303,23-06-2013,F,Rohan Nair,Aarohi Nair,9379608825,,Nair,16-03-2023,,,"447, Patel Road, Khammam",O+,9225458204,rohan.nair37@gmail.com,aarohi.nair34@gmail.com,Architect,Artist,668068514787,Indian,Hindu,ST,Class 5,B,3
Gayatri,STU0304,18-03-2013,F,Farhan Sethi,Bhavna Sethi,9783600081,Ram,Sethi,05-03-2023,,,"118, Nehru Colony, Mahbubnagar",A+,9957082396,,bhavna.sethi56@gmail.com,Teacher,Pharmacist,585506503504,Indian,Hindu,SC,Class 5,B,4
Lata,STU0305,28-12-2013,F,Ayaan Sethi,Shanaya Sethi,9200478487,,Sethi,28-03-2023,,,"261, Patel Road, Karimnagar",B+,9318757401,ayaan.sethi28@gmail.com,,Business,Social Worker,556042070682,Indian,Sikh,General,Class 5,B,5
Chitra,STU0306,10-01-2013,F,Irfan Joshi,Chitra Joshi,9230986778,Devi,Joshi,11-03-2023,chitra.joshi14@student.nucleiq.in,9265115158,"15, Gandhi Nagar, Khammam",B+,9523236607,irfan.joshi62@gmail.com,,Farmer,Professor,817447859849,Indian,Muslim,OBC,Class 5,B,6
Pranav,STU0307,10-11-2013,M,Pavan Patel,Diya Patel,9898649166,Ram,Patel,22-03-2023,pranav.patel49@student.nucleiq.in,,"131, Nehru Colony, Nalgonda",A-,9175939412,pavan.patel52@gmail.com,,Banker,Doctor,410965923977,Indian,Muslim,EWS,Class 5,B,7
Ayaan,STU0308,24-07-2013,M,Eshan Tiwari,Kiara Tiwari,9835472281,Kumari,Tiwari,07-03-2023,,,"189, Lake View, Warangal",A+,9748017800,eshan.tiwari50@gmail.com,,Professor,Professor,567105570530,Indian,Christian,OBC,Class 5,B,8
Vani,STU0309,17-01-2013,F,Irfan Chauhan,Lata Chauhan,9826321952,,Chauhan,22-03-2023,vani.chauhan68@student.nucleiq.in,9663368481,"43, Patel Road, Warangal",B+,9340765354,,lata.chauhan39@gmail.com,Government Employee,Doctor,672298609049,Indian,Hindu,OBC,Class 5,B,9
Eshan,STU0310,17-02-2013,M,Yash Gupta,Aadhya Gupta,9598921108,Lal,Gupta,19-03-2023,eshan.gupta46@student.nucleiq.in,,"42, Lake View, Adilabad",A+,9809587923,yash.gupta60@gmail.com,,Lawyer,Artist,555624263623,Indian,Sikh,General,Class 5,B,10
Hema,STU0311,26-10-2013,F,Virat Pillai,Padma Pillai,9969737332,Kumari,Pillai,24-03-2023,,9748596832,"133, Gandhi Nagar, Nizamabad",B+,9300995596,,,Business,Doctor,862185596508,Indian,Hindu,SC,Class 5,B,11
Kiara,STU0312,12-10-2013,F,Gaurav Talwar,Durga Talwar,9824885563,Ram,Talwar,10-03-2023,,,"98, Gandhi Nagar, Karimnagar",O+,9524125052,gaurav.talwar25@gmail.com,durga.talwar27@gmail.com,Self Employed,Business,,Indian,Hindu,ST,Class 5,B,12
Sai,STU0313,05-08-2013,M,Rohan Tiwari,Saanvi Tiwari,9225046707,Ram,Tiwari,17-03-2023,sai.tiwari57@student.nucleiq.in,9606257674,"11, Ambedkar Street, Warangal",B-,9278354412,,,Contractor,Homemaker,791930671107,Indian,Christian,OBC,Class 5,B,13
Nandini,STU0314,20-10-2013,F,Nikhil Sethi,Avni Sethi,9139746932,Mohan,Sethi,09-03-2023,,,"314, Ambedkar Street, Ramagundam",A-,9623445398,,,Professor,Banker,558050961918,Indian,Sikh,General,Class 5,B,14
Meera,STU0315,06-01-2013,F,Deepak Dhawan,Riya Dhawan,9603843081,Kumari,Dhawan,23-03-2023,,,"466, Patel Road, Mahbubnagar",O+,9469203324,deepak.dhawan92@gmail.com,riya.dhawan17@gmail.com,Shopkeeper,Government Employee,559388857457,Indian,Christian,SC,Class 5,B,15
Jaya,STU0316,20-03-2013,F,Aarush Khanna,Durga Khanna,9904505683,Ram,Khanna,26-03-2023,,,"311, Ambedkar Street, Mahbubnagar",A+,9192547842,aarush.khanna64@gmail.com,,Banker,Social Worker,,Indian,Hindu,ST,Class 5,B,16
Chitra,STU0317,02-09-2013,F,Arjun Rao,Mahi Rao,9562375205,Kumar,Rao,07-03-2023,,,"250, Patel Road, Adilabad",O-,9222373596,arjun.rao99@gmail.com,,Police Officer,Engineer,859579604165,Indian,Sikh,OBC,Class 5,B,17
Mohit,STU0318,27-08-2013,M,Ayaan Patel,Aadhya Patel,9939292867,Kumari,Patel,08-03-2023,mohit.patel14@student.nucleiq.in,9145064341,"260, Gandhi Nagar, Adilabad",A+,9755597273,,,Manager,Doctor,588372842938,Indian,Christian,OBC,Class 5,B,18
Ishaan,STU0319,27-06-2013,M,Ayaan Menon,Nandini Menon,9316778095,Devi,Menon,28-03-2023,ishaan.menon1@student.nucleiq.in,,"415, Ambedkar Street, Ramagundam",B+,9571489117,ayaan.menon11@gmail.com,,Mechanic,Banker,264262962478,Indian,Christian,OBC,Class 5,B,19
Krishna,STU0320,15-07-2013,M,Anand Chauhan,Anjali Chauhan,9953203137,Kumari,Chauhan,02-03-2023,krishna.chauhan57@student.nucleiq.in,,"6, Lake View, Khammam",O+,9832505215,,,Lawyer,Accountant,,Indian,Christian,SC,Class 5,B,20
Dinesh,STU0321,23-11-2012,M,Rahul Mann,Anjali Mann,9417531682,,Mann,07-03-2023,dinesh.mann90@student.nucleiq.in,,"156, Patel Road, Ramagundam",O+,9550225634,,,Army Officer,Professor,545389375897,Indian,Hindu,General,Class 6,A,1
Durga,STU0322,13-11-2012,F,Advik Chopra,Kiara Chopra,9190495952,Ram,Chopra,08-03-2023,,9894625016,"451, Nehru Colony, Nalgonda",B+,9139696423,advik.chopra28@gmail.com,,Police Officer,Engineer,799036191140,Indian,Hindu,General,Class 6,A,2
Prisha,STU0323,14-12-2012,F,Ayaan Rathore,Fatima Rathore,9164366244,Devi,Rathore,16-03-2023,prisha.rathore46@student.nucleiq.in,,"388, Gandhi Nagar, Karimnagar",B+,9500483008,ayaan.rathore1@gmail.com,,Accountant,Lawyer,720973217067,Indian,Muslim,EWS,Class 6,A,3
Rudra,STU0324,26-11-2012,M,Mohit Tiwari,Pallavi Tiwari,9822020300,Devi,Tiwari,06-03-2023,rudra.tiwari32@student.nucleiq.in,,"265, Lake View, Ramagundam",A+,9250293240,mohit.tiwari59@gmail.com,,Mechanic,Artist,164820714211,Indian,Hindu,General,Class 6,A,4
Harsh,STU0325,17-11-2012,M,Varun Singh,Divya Singh,9657212948,Devi,Singh,20-03-2023,harsh.singh75@student.nucleiq.in,,"217, Ambedkar Street, Ramagundam",AB+,9936256672,varun.singh94@gmail.com,divya.singh21@gmail.com,Government Employee,Social Worker,,Indian,Muslim,General,Class 6,A,5
Prateek,STU0326,02-08-2012,M,Shaurya Banerjee,Divya Banerjee,9496567279,Kumari,Banerjee,09-03-2023,prateek.banerjee15@student.nucleiq.in,,"293, Patel Road, Adilabad",A+,9227524085,,,Manager,Engineer,,Indian,Hindu,General,Class 6,A,6
Diya,STU0327,06-04-2012,F,Vikram Tiwari,Priya Tiwari,9102239566,Devi,Tiwari,06-03-2023,,9548367904,"247, Lake View, Nalgonda",B+,9231348586,vikram.tiwari44@gmail.com,priya.tiwari61@gmail.com,Architect,Doctor,797952646215,Indian,Hindu,OBC,Class 6,A,7
Aarohi,STU0328,26-02-2012,F,Rahul Shukla,Uma Shukla,9539835071,Devi,Shukla,13-03-2023,aarohi.shukla44@student.nucleiq.in,,"491, Ambedkar Street, Nizamabad",AB-,9515790548,rahul.shukla22@gmail.com,uma.shukla74@gmail.com,Shopkeeper,Social Worker,716945913700,Indian,Hindu,EWS,Class 6,A,8
Hari,STU0329,25-04-2012,M,Tanmay Mann,Saanvi Mann,9229153072,Lal,Mann,17-03-2023,,,"403, Nehru Colony, Nalgonda",A-,9806795289,tanmay.mann75@gmail.com,,Police Officer,Professor,149773916547,Indian,Hindu,EWS,Class 6,A,9
Sunita,STU0330,28-01-2012,F,Darsh Das,Nisha Das,9376142554,Kumari,Das,16-03-2023,sunita.das70@student.nucleiq.in,,"74, Nehru Colony, Secunderabad",A-,9197737441,,,Mechanic,Business,,Indian,Muslim,General,Class 6,A,10
Mohit,STU0331,04-07-2012,M,Ishaan Patel,Swati Patel,9448126205,Devi,Patel,22-03-2023,mohit.patel16@student.nucleiq.in,,"123, Lake View, Ramagundam",B-,9376954836,ishaan.patel97@gmail.com,,Teacher,Engineer,,Indian,Hindu,OBC,Class 6,A,11
Saanvi,STU0332,01-04-2012,F,Nikhil Saxena,Rashmi Saxena,9824880344,Mohan,Saxena,24-03-2023,saanvi.saxena84@student.nucleiq.in,9427075547,"291, Ambedkar Street, Nizamabad",B+,9208994910,nikhil.saxena65@gmail.com,,Government Employee,Banker,959715822589,Indian,Hindu,EWS,Class 6,A,12
Aadya,STU0333,27-08-2012,F,Aarush Sharma,Yamini Sharma,9279724704,Ram,Sharma,13-03-2023,aadya.sharma62@student.nucleiq.in,,"129, Ambedkar Street, Hyderabad",O-,9100582968,aarush.sharma28@gmail.com,,Army Officer,Engineer,,Indian,Muslim,OBC,Class 6,A,13
Ananya,STU0334,27-02-2012,F,Deepak Bhatia,Divya Bhatia,9400066062,Mohan,Bhatia,28-03-2023,ananya.bhatia41@student.nucleiq.in,9467901802,"326, Patel Road, Nizamabad",O-,9563816134,deepak.bhatia35@gmail.com,,IT Professional,Banker,,Indian,Buddhist,General,Class 6,A,14
Amit,STU0335,01-08-2012,M,Aarav Sharma,Chitra Sharma,9286332886,Lal,Sharma,04-03-2023,amit.sharma91@student.nucleiq.in,,"202, Lake View, Nalgonda",A+,9543630426,aarav.sharma84@gmail.com,,Business,Pharmacist,588215860658,Indian,Muslim,OBC,Class 6,A,15
Lalitha,STU0336,06-07-2012,F,Mahesh Ahuja,Kamala Ahuja,9848430400,Devi,Ahuja,06-03-2023,,9577361628,"5, Nehru Colony, Secunderabad",O+,9109053121,mahesh.ahuja88@gmail.com,kamala.ahuja46@gmail.com,Banker,Teacher,433397852372,Indian,Christian,General,Class 6,A,16
Tara,STU0337,23-08-2012,F,Raj Gupta,Anika Gupta,9107661580,Devi,Gupta,10-03-2023,,,"257, Ambedkar Street, Ramagundam",A+,9310546588,,anika.gupta87@gmail.com,Architect,Professor,,Indian,Muslim,SC,Class 6,A,17
Kabir,STU0338,17-04-2012,M,Naveen Mann,Tanvi Mann,9305999029,Ram,Mann,09-03-2023,kabir.mann89@student.nucleiq.in,9759767702,"130, Lake View, Hyderabad",O+,9827974104,,,Engineer,Artist,550950548566,Indian,Hindu,SC,Class 6,A,18
Priya,STU0339,24-01-2012,F,Vihaan Kapoor,Tanvi Kapoor,9551038208,Lal,Kapoor,25-03-2023,,,"172, Gandhi Nagar, Mahbubnagar",O+,9671671189,vihaan.kapoor95@gmail.com,,Mechanic,Teacher,281234205951,Indian,Hindu,General,Class 6,A,19
Vivaan,STU0340,19-01-2012,M,Manish Khanna,Mahi Khanna,9368875123,Kumari,Khanna,07-03-2023,,9993908879,"28, Patel Road, Secunderabad",B+,9365379125,,,Architect,Professor,787605670085,Indian,Hindu,General,Class 6,A,20
Eshan,STU0341,28-06-2012,M,Arjun Gupta,Jaya Gupta,9236940518,Kumari,Gupta,10-03-2023,,9563683590,"34, Gandhi Nagar, Mahbubnagar",AB+,9166574389,arjun.gupta38@gmail.com,jaya.gupta52@gmail.com,Teacher,Professor,965863585178,Indian,Muslim,General,Class 6,B,1
Lata,STU0342,04-10-2012,F,Amit Chauhan,Chitra Chauhan,9940663765,Lal,Chauhan,22-03-2023,lata.chauhan76@student.nucleiq.in,,"53, Gandhi Nagar, Mahbubnagar",B-,9127887311,,chitra.chauhan25@gmail.com,Professor,Doctor,487647797070,Indian,Hindu,SC,Class 6,B,2
Navya,STU0343,02-01-2012,F,Kian Shah,Rashmi Shah,9567988362,Kumar,Shah,28-03-2023,,9932682132,"75, Nehru Colony, Khammam",B+,9650964560,kian.shah38@gmail.com,,Business,Social Worker,261827067875,Indian,Hindu,OBC,Class 6,B,3
Rohan,STU0344,21-04-2012,M,Advik Chopra,Jaya Chopra,9173447993,Kumar,Chopra,03-03-2023,rohan.chopra89@student.nucleiq.in,9601869492,"308, Patel Road, Nizamabad",O+,9466738585,advik.chopra43@gmail.com,jaya.chopra54@gmail.com,IT Professional,Doctor,,Indian,Sikh,EWS,Class 6,B,4
Ishita,STU0345,23-04-2012,F,Dev Sharma,Uma Sharma,9328855734,Mohan,Sharma,25-03-2023,ishita.sharma43@student.nucleiq.in,9503632224,"106, Ambedkar Street, Mahbubnagar",A+,9356644737,dev.sharma47@gmail.com,,Manager,Homemaker,418439191731,Indian,Hindu,OBC,Class 6,B,5
Aadya,STU0346,10-04-2012,F,Advaith Verma,Siya Verma,9871845007,Kumar,Verma,27-03-2023,aadya.verma32@student.nucleiq.in,,"12, Nehru Colony, Khammam",O+,9287136578,advaith.verma3@gmail.com,siya.verma18@gmail.com,Contractor,Business,469843795732,Indian,Buddhist,General,Class 6,B,6
Ansh,STU0347,17-03-2012,M,Kunal Kapoor,Sunita Kapoor,9863368317,Mohan,Kapoor,07-03-2023,,9953515359,"98, Nehru Colony, Secunderabad",B+,9170198580,kunal.kapoor41@gmail.com,,Accountant,Pharmacist,,Indian,Muslim,General,Class 6,B,7
Jaya,STU0348,02-04-2012,F,Naveen Iyer,Tanvi Iyer,9235783814,Devi,Iyer,12-03-2023,jaya.iyer27@student.nucleiq.in,9942527868,"241, Lake View, Adilabad",A+,9645750195,naveen.iyer97@gmail.com,tanvi.iyer97@gmail.com,Army Officer,Banker,295267541109,Indian,Hindu,OBC,Class 6,B,8
Ekta,STU0349,19-05-2012,F,Manish Sethi,Jaya Sethi,9727046567,Kumari,Sethi,20-03-2023,,9585417273,"442, Nehru Colony, Hyderabad",B+,9797650079,,jaya.sethi74@gmail.com,Lawyer,Pharmacist,702388616203,Indian,Hindu,SC,Class 6,B,9
Meera,STU0350,19-04-2012,F,Dev Arora,Deepa Arora,9766928774,Devi,Arora,31-03-2023,,,"189, Ambedkar Street, Ramagundam",B+,9461178812,,,Accountant,Engineer,422476532028,Indian,Christian,OBC,Class 6,B,10
Naveen,STU0351,04-02-2012,M,Ansh Dubey,Aadya Dubey,9686291021,Kumar,Dubey,30-03-2023,,,"155, Patel Road, Khammam",A+,9315077574,ansh.dubey18@gmail.com,aadya.dubey97@gmail.com,Police Officer,Pharmacist,,Indian,Christian,General,Class 6,B,11
Jaya,STU0352,25-10-2012,F,Aarav Bhatia,Neha Bhatia,9802324900,Kumari,Bhatia,12-03-2023,jaya.bhatia30@student.nucleiq.in,,"384, Nehru Colony, Warangal",B+,9650450492,aarav.bhatia71@gmail.com,neha.bhatia93@gmail.com,Driver,Banker,568958230059,Indian,Christian,SC,Class 6,B,12
Harsh,STU0353,01-09-2012,M,Krishna Yadav,Pallavi Yadav,9237810085,Ram,Yadav,21-03-2023,,9480815903,"174, Nehru Colony, Hyderabad",B+,9428105366,krishna.yadav52@gmail.com,pallavi.yadav89@gmail.com,Police Officer,Engineer,722870072261,Indian,Christian,EWS,Class 6,B,13
Irfan,STU0354,26-11-2012,M,Eshan Mehta,Seema Mehta,9716197593,Lal,Mehta,13-03-2023,,,"274, Ambedkar Street, Ramagundam",A+,9519710523,,,Driver,Business,285084062952,Indian,Hindu,OBC,Class 6,B,14
Karthik,STU0355,01-08-2012,M,Advik Dhawan,Myra Dhawan,9514350655,Lal,Dhawan,27-03-2023,,9175139840,"233, Gandhi Nagar, Nizamabad",B+,9404746849,,,Mechanic,Accountant,,Indian,Hindu,OBC,Class 6,B,15
Gayatri,STU0356,05-04-2012,F,Pranav Singh,Kiara Singh,9564071937,Kumari,Singh,05-03-2023,,,"159, Lake View, Mahbubnagar",A+,9978209248,pranav.singh59@gmail.com,,Business,Doctor,541628219593,Indian,Muslim,General,Class 6,B,16
Pallavi,STU0357,19-08-2012,F,Vikram Sethi,Ananya Sethi,9409142921,Kumari,Sethi,31-03-2023,,9950775885,"153, Ambedkar Street, Mahbubnagar",B-,9793958412,vikram.sethi23@gmail.com,,Lawyer,Pharmacist,604366928570,Indian,Hindu,SC,Class 6,B,17
Siddharth,STU0358,28-04-2012,M,Ritvik Dhawan,Vani Dhawan,9677391292,,Dhawan,27-03-2023,siddharth.dhawan93@student.nucleiq.in,9629878254,"211, Lake View, Secunderabad",A+,9413414056,,vani.dhawan65@gmail.com,IT Professional,Accountant,328718891043,Indian,Hindu,OBC,Class 6,B,18
Manish,STU0359,15-12-2012,M,Virat Dhawan,Gayatri Dhawan,9528790025,Mohan,Dhawan,20-03-2023,,,"364, Nehru Colony, Ramagundam",B+,9308739262,virat.dhawan63@gmail.com,,Doctor,Social Worker,252203864130,Indian,Hindu,General,Class 6,B,19
Shaurya,STU0360,06-02-2012,M,Ayaan Verma,Shruti Verma,9896122101,Lal,Verma,23-03-2023,,9827334609,"140, Nehru Colony, Warangal",B+,9519671459,,shruti.verma87@gmail.com,Police Officer,Nurse,991784634318,Indian,Hindu,SC,Class 6,B,20
Arnav,STU0361,02-08-2011,M,Aarav Dhawan,Diya Dhawan,9929368594,Devi,Dhawan,13-03-2023,arnav.dhawan48@student.nucleiq.in,9314733002,"47, Gandhi Nagar, Nizamabad",B+,9505225360,aarav.dhawan44@gmail.com,diya.dhawan88@gmail.com,Doctor,Nurse,976588235977,Indian,Christian,SC,Class 7,A,1
Aditya,STU0362,27-02-2011,M,Darsh Saxena,Divya Saxena,9773006812,Lal,Saxena,22-03-2023,,,"481, Ambedkar Street, Adilabad",A+,9303525112,,,Lawyer,Homemaker,114243143319,Indian,Hindu,OBC,Class 7,A,2
Rahul,STU0363,12-10-2011,M,Arjun Dubey,Anika Dubey,9541411867,Mohan,Dubey,31-03-2023,,9865074455,"275, Lake View, Adilabad",A+,9423769928,arjun.dubey77@gmail.com,,Contractor,Business,863522376703,Indian,Hindu,General,Class 7,A,3
Nandini,STU0364,11-02-2011,F,Raj Pillai,Rashmi Pillai,9582015123,Kumari,Pillai,01-04-2023,nandini.pillai30@student.nucleiq.in,,"361, Gandhi Nagar, Nalgonda",A-,9510568162,raj.pillai16@gmail.com,,Mechanic,Lawyer,,Indian,Hindu,General,Class 7,A,4
Avni,STU0365,07-07-2011,F,Aditya Mukherjee,Prisha Mukherjee,9878793986,Kumar,Mukherjee,12-03-2023,avni.mukherjee43@student.nucleiq.in,,"163, Gandhi Nagar, Mahbubnagar",B+,9742178343,aditya.mukherjee83@gmail.com,prisha.mukherjee97@gmail.com,Business,Nurse,475084949738,Indian,Hindu,OBC,Class 7,A,5
Pavan,STU0366,08-12-2011,M,Bharath Kaur,Nisha Kaur,9659926223,Mohan,Kaur,13-03-2023,,,"446, Ambedkar Street, Warangal",A+,9445355094,,nisha.kaur19@gmail.com,Banker,Doctor,,Indian,Muslim,ST,Class 7,A,6
Dhruv,STU0367,24-07-2011,M,Kian Sood,Kavya Sood,9874891307,,Sood,18-03-2023,,9425451904,"147, Lake View, Nizamabad",B+,9312102949,kian.sood35@gmail.com,kavya.sood62@gmail.com,Doctor,Banker,616116625176,Indian,Hindu,OBC,Class 7,A,7
Hema,STU0368,01-08-2011,F,Arnav Iyer,Sunita Iyer,9189370596,Ram,Iyer,08-03-2023,hema.iyer20@student.nucleiq.in,,"90, Patel Road, Karimnagar",B+,9914817912,,,Police Officer,Professor,247460117804,Indian,Muslim,General,Class 7,A,8
Aarav,STU0369,24-09-2011,M,Ansh Sharma,Priya Sharma,9534387896,Ram,Sharma,09-03-2023,aarav.sharma48@student.nucleiq.in,,"158, Lake View, Ramagundam",A+,9546483500,ansh.sharma16@gmail.com,,Professor,Doctor,,Indian,Hindu,General,Class 7,A,9
Deepa,STU0370,23-11-2011,F,Prateek Bhatt,Diya Bhatt,9798905354,Kumari,Bhatt,21-03-2023,deepa.bhatt32@student.nucleiq.in,,"472, Patel Road, Ramagundam",B-,9513748324,prateek.bhatt90@gmail.com,diya.bhatt19@gmail.com,Farmer,Professor,261838948249,Indian,Hindu,OBC,Class 7,A,10
Aarav,STU0371,21-02-2011,M,Eshan Reddy,Nisha Reddy,9526991604,Ram,Reddy,10-03-2023,aarav.reddy11@student.nucleiq.in,,"97, Ambedkar Street, Adilabad",A+,9858136646,eshan.reddy89@gmail.com,,Police Officer,Business,437524642539,Indian,Muslim,SC,Class 7,A,11
Reyansh,STU0372,27-06-2011,M,Ritvik Narayan,Gayatri Narayan,9324976345,Lal,Narayan,28-03-2023,reyansh.narayan1@student.nucleiq.in,9976591420,"252, Gandhi Nagar, Ramagundam",A+,9903470543,ritvik.narayan54@gmail.com,,Shopkeeper,Government Employee,508779530920,Indian,Hindu,General,Class 7,A,12
Navya,STU0373,19-08-2011,F,Pranav Sood,Navya Sood,9315758599,,Sood,06-03-2023,navya.sood25@student.nucleiq.in,,"462, Ambedkar Street, Warangal",B+,9163331510,pranav.sood14@gmail.com,navya.sood22@gmail.com,Doctor,Engineer,,Indian,Hindu,General,Class 7,A,13
Varun,STU0374,22-08-2011,M,Reyansh Shah,Aanya Shah,9165558887,Kumari,Shah,08-03-2023,varun.shah6@student.nucleiq.in,,"268, Gandhi Nagar, Hyderabad",B+,9385702028,reyansh.shah98@gmail.com,,Self Employed,IT Professional,570747191311,Indian,Hindu,SC,Class 7,A,14
Zara,STU0375,13-11-2011,F,Kunal Shah,Diya Shah,9482283477,Devi,Shah,20-03-2023,,9531438437,"372, Nehru Colony, Secunderabad",A+,9454608877,,,Accountant,Banker,824501647404,Indian,Sikh,OBC,Class 7,A,15
Aarav,STU0376,01-06-2011,M,Ansh Narayan,Padma Narayan,9149128285,Ram,Narayan,12-03-2023,aarav.narayan30@student.nucleiq.in,9529674103,"379, Lake View, Khammam",O+,9967108597,,padma.narayan61@gmail.com,Teacher,Government Employee,313061189152,Indian,Muslim,ST,Class 7,A,16
Krishna,STU0377,10-02-2011,M,Gaurav Sethi,Divya Sethi,9601225954,Ram,Sethi,06-03-2023,krishna.sethi62@student.nucleiq.in,9358666136,"125, Nehru Colony, Mahbubnagar",A+,9280445368,gaurav.sethi90@gmail.com,,Mechanic,Government Employee,,Indian,Sikh,General,Class 7,A,17
Indu,STU0378,09-12-2011,F,Kartik Dubey,Bhavna Dubey,9232175587,Kumar,Dubey,11-03-2023,indu.dubey82@student.nucleiq.in,9197111094,"408, Patel Road, Warangal",O+,9814549811,kartik.dubey99@gmail.com,bhavna.dubey9@gmail.com,IT Professional,Accountant,910644874112,Indian,Muslim,SC,Class 7,A,18
Kamala,STU0379,04-05-2011,F,Sai Ghosh,Pari Ghosh,9195712730,Kumar,Ghosh,23-03-2023,kamala.ghosh96@student.nucleiq.in,9715081202,"189, Nehru Colony, Adilabad",O+,9465327609,sai.ghosh74@gmail.com,pari.ghosh40@gmail.com,Engineer,Professor,528840108965,Indian,Jain,General,Class 7,A,19
Kamala,STU0380,17-03-2011,F,Raj Kaur,Rashmi Kaur,9338522684,Ram,Kaur,11-03-2023,,9439223200,"75, Patel Road, Ramagundam",O+,9214445764,raj.kaur59@gmail.com,,Shopkeeper,Doctor,984115270384,Indian,Christian,General,Class 7,A,20
Kiara,STU0381,09-02-2011,F,Mohit Sood,Pallavi Sood,9613552190,Mohan,Sood,05-03-2023,,9504487813,"31, Patel Road, Nizamabad",A+,9777613840,mohit.sood94@gmail.com,pallavi.sood29@gmail.com,Engineer,Pharmacist,900957733574,Indian,Hindu,EWS,Class 7,B,1
Vivaan,STU0382,14-06-2011,M,Kartik Gill,Shanaya Gill,9913589412,Kumari,Gill,11-03-2023,,9403186123,"357, Nehru Colony, Ramagundam",AB+,9520222518,kartik.gill13@gmail.com,,Professor,Artist,433760137046,Indian,Hindu,General,Class 7,B,2
Harsh,STU0383,05-05-2011,M,Pranav Dhawan,Kamala Dhawan,9903569612,Kumari,Dhawan,26-03-2023,,9209465657,"348, Nehru Colony, Hyderabad",B+,9310083024,pranav.dhawan87@gmail.com,kamala.dhawan8@gmail.com,Teacher,Banker,229074384926,Indian,Other,SC,Class 7,B,3
Aarohi,STU0384,08-07-2011,F,Ayaan Narayan,Prisha Narayan,9525894109,Mohan,Narayan,31-03-2023,aarohi.narayan23@student.nucleiq.in,9503052229,"398, Gandhi Nagar, Karimnagar",O+,9624658062,ayaan.narayan84@gmail.com,,Driver,Banker,,Indian,Hindu,General,Class 7,B,4
Vivaan,STU0385,16-10-2011,M,Prateek Bajaj,Gayatri Bajaj,9201525763,Lal,Bajaj,24-03-2023,,,"331, Ambedkar Street, Adilabad",B+,9952920067,,,Police Officer,Doctor,124484500082,Indian,Hindu,ST,Class 7,B,5
Myra,STU0386,18-10-2011,F,Karthik Arora,Jaya Arora,9799758257,Ram,Arora,10-03-2023,myra.arora16@student.nucleiq.in,,"307, Nehru Colony, Nizamabad",A+,9233239900,karthik.arora41@gmail.com,,Government Employee,Professor,,Indian,Hindu,OBC,Class 7,B,6
Sai,STU0387,12-05-2011,M,Sahil Reddy,Kavya Reddy,9554247901,Lal,Reddy,02-03-2023,,,"485, Lake View, Hyderabad",O+,9806693247,,,Government Employee,Professor,672574700451,Indian,Sikh,EWS,Class 7,B,7
Prateek,STU0388,08-01-2011,M,Advik Joshi,Aarohi Joshi,9421810334,Mohan,Joshi,31-03-2023,prateek.joshi78@student.nucleiq.in,,"303, Patel Road, Nizamabad",B+,9994027302,advik.joshi55@gmail.com,,Farmer,Engineer,279974848992,Indian,Hindu,General,Class 7,B,8
Chitra,STU0389,18-03-2011,F,Arjun Chauhan,Vani Chauhan,9886703684,Mohan,Chauhan,26-03-2023,chitra.chauhan73@student.nucleiq.in,9981013981,"262, Lake View, Nizamabad",A+,9389265706,arjun.chauhan41@gmail.com,vani.chauhan56@gmail.com,Contractor,Homemaker,182667373098,Indian,Hindu,OBC,Class 7,B,9
Myra,STU0390,12-02-2011,F,Virat Mehta,Indu Mehta,9393403177,Mohan,Mehta,03-03-2023,,,"497, Nehru Colony, Nizamabad",B+,9257120244,,indu.mehta23@gmail.com,Army Officer,Government Employee,640336083718,Indian,Hindu,General,Class 7,B,10
Divya,STU0391,02-02-2011,F,Darsh Dubey,Hema Dubey,9518290447,Lal,Dubey,27-03-2023,divya.dubey87@student.nucleiq.in,9670889348,"283, Lake View, Khammam",O+,9293995605,darsh.dubey76@gmail.com,,Business,Business,822222335694,Indian,Hindu,OBC,Class 7,B,11
Diya,STU0392,23-06-2011,F,Dhruv Shukla,Chitra Shukla,9753589856,Mohan,Shukla,08-03-2023,,9957349455,"240, Lake View, Mahbubnagar",B+,9549085802,dhruv.shukla67@gmail.com,chitra.shukla30@gmail.com,Shopkeeper,Business,439076735839,Indian,Hindu,General,Class 7,B,12
Manish,STU0393,08-12-2011,M,Sai Kumar,Kavya Kumar,9717741601,,Kumar,02-03-2023,manish.kumar71@student.nucleiq.in,9967955890,"448, Gandhi Nagar, Secunderabad",O-,9161645155,sai.kumar66@gmail.com,kavya.kumar18@gmail.com,Self Employed,IT Professional,847315523828,Indian,Sikh,SC,Class 7,B,13
Aanya,STU0394,01-12-2011,F,Rohan Talwar,Durga Talwar,9673726907,Kumar,Talwar,10-03-2023,,9984079709,"451, Lake View, Khammam",AB+,9904949834,,,Lawyer,Business,678805729061,Indian,Sikh,General,Class 7,B,14
Madhuri,STU0395,02-06-2011,F,Rishi Nair,Nisha Nair,9283055765,Lal,Nair,19-03-2023,,9993059429,"277, Gandhi Nagar, Secunderabad",B+,9500810318,rishi.nair34@gmail.com,,Professor,Accountant,,Indian,Hindu,EWS,Class 7,B,15
Farhan,STU0396,02-08-2011,M,Aarav Jain,Uma Jain,9594301215,Lal,Jain,21-03-2023,,,"456, Nehru Colony, Karimnagar",B+,9452779815,,,Banker,Teacher,271362795454,Indian,Hindu,EWS,Class 7,B,16
Ishaan,STU0397,08-05-2011,M,Siddharth Rathore,Tara Rathore,9421354770,Mohan,Rathore,17-03-2023,ishaan.rathore69@student.nucleiq.in,9216710352,"225, Ambedkar Street, Ramagundam",A+,9491374277,,,Manager,Pharmacist,221111483355,Indian,Hindu,General,Class 7,B,17
Swati,STU0398,06-01-2011,F,Advik Srivastava,Neha Srivastava,9814299118,Devi,Srivastava,11-03-2023,,,"410, Nehru Colony, Secunderabad",B+,9385400169,advik.srivastava52@gmail.com,,Contractor,Doctor,,Indian,Hindu,General,Class 7,B,18
Rudra,STU0399,08-11-2011,M,Gaurav Sood,Madhuri Sood,9467371097,,Sood,31-03-2023,rudra.sood56@student.nucleiq.in,,"145, Ambedkar Street, Adilabad",A+,9561349329,gaurav.sood80@gmail.com,,Army Officer,Doctor,,Indian,Christian,ST,Class 7,B,19
Rahul,STU0400,23-08-2011,M,Pavan Chauhan,Aadhya Chauhan,9852848656,Kumar,Chauhan,07-03-2023,rahul.chauhan25@student.nucleiq.in,9734792087,"323, Nehru Colony, Nalgonda",A-,9884321926,,,Banker,Pharmacist,,Indian,Hindu,General,Class 7,B,20
Arnav,STU0401,23-05-2010,M,Irfan Saxena,Ishita Saxena,9338129347,Lal,Saxena,12-03-2023,,,"330, Gandhi Nagar, Ramagundam",B+,9460968220,,,Manager,Government Employee,297772748794,Indian,Hindu,General,Class 8,A,1
Anika,STU0402,20-05-2010,F,Rohan Pandey,Navya Pandey,9370865381,Kumari,Pandey,29-03-2023,,,"343, Gandhi Nagar, Khammam",AB+,9627514698,rohan.pandey17@gmail.com,,Manager,Government Employee,763696408836,Indian,Hindu,SC,Class 8,A,2
Varun,STU0403,05-02-2010,M,Vikram Malhotra,Seema Malhotra,9229229499,,Malhotra,12-03-2023,varun.malhotra84@student.nucleiq.in,9307154333,"361, Ambedkar Street, Adilabad",O+,9144065218,,,IT Professional,Engineer,937474146680,Indian,Hindu,SC,Class 8,A,3
Krishna,STU0404,23-09-2010,M,Dinesh Mukherjee,Hema Mukherjee,9701666987,Kumari,Mukherjee,24-03-2023,,9568286479,"35, Ambedkar Street, Khammam",B+,9472952982,dinesh.mukherjee65@gmail.com,hema.mukherjee22@gmail.com,Architect,Engineer,418381348248,Indian,Hindu,OBC,Class 8,A,4
Vikram,STU0405,18-11-2010,M,Tanmay Bhatia,Myra Bhatia,9277723833,Kumari,Bhatia,05-03-2023,,9530408291,"311, Patel Road, Nalgonda",A+,9570025055,,,Professor,Government Employee,,Indian,Sikh,OBC,Class 8,A,5
Kiara,STU0406,09-12-2010,F,Ayaan Ghosh,Kavya Ghosh,9340442416,Devi,Ghosh,15-03-2023,,,"76, Patel Road, Nalgonda",O+,9148976013,,kavya.ghosh83@gmail.com,Accountant,Artist,,Indian,Hindu,OBC,Class 8,A,6
Zara,STU0407,09-09-2010,F,Krishna Kumar,Swati Kumar,9756573836,Mohan,Kumar,09-03-2023,zara.kumar81@student.nucleiq.in,9984690021,"183, Nehru Colony, Khammam",AB-,9416641463,,,Business,Social Worker,958426445930,Indian,Buddhist,OBC,Class 8,A,7
Yamini,STU0408,21-11-2010,F,Nikhil Mishra,Anika Mishra,9977082820,Ram,Mishra,13-03-2023,,,"323, Ambedkar Street, Nizamabad",A+,9574792409,,anika.mishra48@gmail.com,Government Employee,Pharmacist,299698632667,Indian,Hindu,ST,Class 8,A,8
Advik,STU0409,06-12-2010,M,Aarush Mann,Saanvi Mann,9433032005,Kumari,Mann,12-03-2023,advik.mann88@student.nucleiq.in,9174575794,"74, Gandhi Nagar, Warangal",B+,9274932560,aarush.mann83@gmail.com,saanvi.mann13@gmail.com,Army Officer,Doctor,116355204247,Indian,Muslim,OBC,Class 8,A,9
Ayaan,STU0410,02-11-2010,M,Dhruv Sharma,Indu Sharma,9189760032,Ram,Sharma,28-03-2023,ayaan.sharma77@student.nucleiq.in,,"495, Gandhi Nagar, Warangal",O+,9387393957,,indu.sharma44@gmail.com,Doctor,Nurse,,Indian,Christian,ST,Class 8,A,10
Kian,STU0411,08-03-2010,M,Sahil Mehta,Durga Mehta,9387179376,Kumari,Mehta,31-03-2023,,9210397096,"279, Patel Road, Nalgonda",A+,9773757807,sahil.mehta54@gmail.com,,Accountant,Homemaker,,Indian,Hindu,OBC,Class 8,A,11
Ishita,STU0412,23-11-2010,F,Dinesh Kaur,Pari Kaur,9628088326,Kumari,Kaur,06-03-2023,,9402595772,"183, Gandhi Nagar, Secunderabad",B-,9282062648,,pari.kaur11@gmail.com,Engineer,Professor,,Indian,Hindu,General,Class 8,A,12
Gaurav,STU0413,22-11-2010,M,Kunal Chauhan,Lalitha Chauhan,9408169864,Kumar,Chauhan,23-03-2023,,,"189, Patel Road, Secunderabad",O+,9474076273,kunal.chauhan10@gmail.com,lalitha.chauhan20@gmail.com,Government Employee,Banker,,Indian,Hindu,SC,Class 8,A,13
Lalitha,STU0414,14-10-2010,F,Deepak Singh,Tanvi Singh,9255335893,,Singh,02-03-2023,lalitha.singh24@student.nucleiq.in,9478610768,"164, Ambedkar Street, Khammam",B+,9197116745,deepak.singh53@gmail.com,tanvi.singh82@gmail.com,IT Professional,Doctor,521962962366,Indian,Hindu,OBC,Class 8,A,14
Shruti,STU0415,13-04-2010,F,Varun Bedi,Ekta Bedi,9552948066,Ram,Bedi,30-03-2023,shruti.bedi96@student.nucleiq.in,,"45, Nehru Colony, Adilabad",B+,9665803901,,ekta.bedi47@gmail.com,Police Officer,IT Professional,224214337282,Indian,Hindu,General,Class 8,A,15
Aarush,STU0416,14-09-2010,M,Pranav Jain,Lalitha Jain,9341148670,Kumar,Jain,25-03-2023,,9253627307,"194, Gandhi Nagar, Warangal",AB+,9159985299,pranav.jain7@gmail.com,lalitha.jain85@gmail.com,Professor,Teacher,130744119793,Indian,Hindu,General,Class 8,A,16
Arjun,STU0417,05-07-2010,M,Atharv Sharma,Neha Sharma,9898389261,Lal,Sharma,08-03-2023,arjun.sharma39@student.nucleiq.in,,"370, Patel Road, Nalgonda",B+,9250444543,atharv.sharma2@gmail.com,,Government Employee,Homemaker,761562914088,Indian,Christian,OBC,Class 8,A,17
Siddharth,STU0418,18-08-2010,M,Ajay Chauhan,Siya Chauhan,9714250258,Mohan,Chauhan,10-03-2023,siddharth.chauhan55@student.nucleiq.in,9391872669,"499, Gandhi Nagar, Karimnagar",B+,9638881430,ajay.chauhan17@gmail.com,siya.chauhan52@gmail.com,Architect,Homemaker,,Indian,Hindu,SC,Class 8,A,18
Karthik,STU0419,11-08-2010,M,Amit Dhawan,Pooja Dhawan,9988256872,Kumari,Dhawan,12-03-2023,,,"218, Nehru Colony, Warangal",A-,9508526623,,,IT Professional,Homemaker,,Indian,Hindu,General,Class 8,A,19
Raj,STU0420,07-05-2010,M,Advik Sharma,Vani Sharma,9134753576,Ram,Sharma,15-03-2023,,,"23, Lake View, Karimnagar",O-,9358057908,advik.sharma7@gmail.com,,Shopkeeper,Homemaker,412466083881,Indian,Buddhist,OBC,Class 8,A,20
Hema,STU0421,05-06-2010,F,Gaurav Bhatia,Aadhya Bhatia,9455750197,Mohan,Bhatia,10-03-2023,,9261261699,"13, Lake View, Nalgonda",O+,9537320614,gaurav.bhatia5@gmail.com,,Government Employee,Business,790996689047,Indian,Hindu,SC,Class 8,B,1
Pavan,STU0422,25-03-2010,M,Shaurya Kaur,Deepa Kaur,9654373758,Mohan,Kaur,10-03-2023,pavan.kaur99@student.nucleiq.in,,"403, Nehru Colony, Adilabad",B+,9882457827,,deepa.kaur56@gmail.com,Engineer,Pharmacist,528134681551,Indian,Hindu,EWS,Class 8,B,2
Hari,STU0423,16-11-2010,M,Pavan Iyer,Aanya Iyer,9253139764,Lal,Iyer,29-03-2023,hari.iyer12@student.nucleiq.in,,"233, Patel Road, Karimnagar",A+,9922826944,,,Professor,Banker,293579046190,Indian,Muslim,OBC,Class 8,B,3
Siya,STU0424,05-11-2010,F,Ayaan Thakur,Pallavi Thakur,9624264108,Kumari,Thakur,02-03-2023,siya.thakur52@student.nucleiq.in,,"318, Nehru Colony, Khammam",B+,9142512277,ayaan.thakur80@gmail.com,pallavi.thakur48@gmail.com,Doctor,Business,389695940445,Indian,Sikh,EWS,Class 8,B,4
Kunal,STU0425,26-12-2010,M,Prateek Menon,Lalitha Menon,9702154855,,Menon,25-03-2023,kunal.menon38@student.nucleiq.in,,"292, Ambedkar Street, Warangal",O+,9108528676,,lalitha.menon86@gmail.com,Doctor,Banker,686875002082,Indian,Sikh,OBC,Class 8,B,5
Atharv,STU0426,25-07-2010,M,Advik Shukla,Pooja Shukla,9452961097,,Shukla,19-03-2023,,9328315290,"360, Ambedkar Street, Khammam",A+,9169225783,advik.shukla70@gmail.com,,Self Employed,Doctor,724145448983,Indian,Hindu,OBC,Class 8,B,6
Diya,STU0427,16-07-2010,F,Vihaan Kapoor,Anika Kapoor,9124634572,Ram,Kapoor,26-03-2023,,9189755462,"73, Gandhi Nagar, Ramagundam",B+,9914558145,,anika.kapoor58@gmail.com,Mechanic,Social Worker,,Indian,Sikh,General,Class 8,B,7
Sai,STU0428,06-05-2010,M,Rudra Chauhan,Swati Chauhan,9617141182,Devi,Chauhan,26-03-2023,sai.chauhan21@student.nucleiq.in,9568993235,"182, Lake View, Nalgonda",B+,9610563615,,swati.chauhan77@gmail.com,Banker,Teacher,776794458357,Indian,Hindu,SC,Class 8,B,8
Aanya,STU0429,16-03-2010,F,Darsh Iyer,Pari Iyer,9950421579,Kumari,Iyer,05-03-2023,,9583784000,"483, Nehru Colony, Ramagundam",B-,9823643269,darsh.iyer75@gmail.com,,Banker,Government Employee,866308821339,Indian,Hindu,General,Class 8,B,9
Anika,STU0430,22-04-2010,F,Hari Chopra,Aanya Chopra,9497559799,Kumar,Chopra,14-03-2023,,9639109879,"420, Gandhi Nagar, Khammam",AB+,9973788925,hari.chopra59@gmail.com,,Manager,Banker,673059658727,Indian,Jain,General,Class 8,B,10
Dev,STU0431,18-03-2010,M,Shaurya Chauhan,Shruti Chauhan,9568018466,Devi,Chauhan,13-03-2023,dev.chauhan89@student.nucleiq.in,9780867460,"146, Lake View, Karimnagar",O+,9509700501,shaurya.chauhan13@gmail.com,shruti.chauhan14@gmail.com,Doctor,Business,,Indian,Buddhist,General,Class 8,B,11
Manish,STU0432,26-10-2010,M,Rahul Yadav,Avni Yadav,9551659683,Lal,Yadav,31-03-2023,manish.yadav71@student.nucleiq.in,,"101, Ambedkar Street, Nizamabad",O+,9327494893,,avni.yadav60@gmail.com,Mechanic,Pharmacist,962016407316,Indian,Muslim,General,Class 8,B,12
Jaya,STU0433,09-05-2010,F,Rahul Ghosh,Siya Ghosh,9430064674,Lal,Ghosh,04-03-2023,jaya.ghosh1@student.nucleiq.in,9545126826,"17, Gandhi Nagar, Ramagundam",A+,9953773144,rahul.ghosh67@gmail.com,siya.ghosh77@gmail.com,IT Professional,Banker,,Indian,Muslim,OBC,Class 8,B,13
Riya,STU0434,27-07-2010,F,Pavan Talwar,Pallavi Talwar,9560745246,Mohan,Talwar,31-03-2023,riya.talwar23@student.nucleiq.in,,"163, Lake View, Ramagundam",A+,9238373601,,pallavi.talwar17@gmail.com,Army Officer,Teacher,532865192113,Indian,Christian,OBC,Class 8,B,14
Madhuri,STU0435,07-06-2010,F,Sai Gill,Saanvi Gill,9569677269,Kumar,Gill,30-03-2023,,9683763884,"472, Gandhi Nagar, Adilabad",B-,9112388963,,saanvi.gill59@gmail.com,Manager,Doctor,,Indian,Sikh,General,Class 8,B,15
Deepak,STU0436,25-07-2010,M,Rahul Rathore,Diya Rathore,9395241238,Ram,Rathore,24-03-2023,deepak.rathore82@student.nucleiq.in,9211045552,"57, Ambedkar Street, Warangal",O+,9189081236,,,Farmer,Pharmacist,,Indian,Hindu,ST,Class 8,B,16
Siddharth,STU0437,14-01-2010,M,Rishi Joshi,Vani Joshi,9181940124,Kumari,Joshi,30-03-2023,,,"466, Ambedkar Street, Ramagundam",O+,9325803577,,,Lawyer,Business,228984097648,Indian,Jain,EWS,Class 8,B,17
Uma,STU0438,06-01-2010,F,Vikram Ahuja,Siya Ahuja,9230560149,Lal,Ahuja,16-03-2023,,,"263, Nehru Colony, Adilabad",A+,9307066016,,siya.ahuja4@gmail.com,IT Professional,Doctor,,Indian,Muslim,EWS,Class 8,B,18
Tanvi,STU0439,12-02-2010,F,Nikhil Khanna,Yamini Khanna,9416024634,Kumar,Khanna,10-03-2023,,9307290415,"129, Nehru Colony, Mahbubnagar",A+,9601484407,nikhil.khanna92@gmail.com,,Contractor,Teacher,747536967208,Indian,Hindu,SC,Class 8,B,19
Sunita,STU0440,24-10-2010,F,Karthik Yadav,Zara Yadav,9768845554,Kumari,Yadav,24-03-2023,,,"181, Patel Road, Adilabad",O+,9215490714,karthik.yadav58@gmail.com,,Engineer,Social Worker,,Indian,Hindu,OBC,Class 8,B,20
Pooja,STU0441,26-03-2009,F,Rohan Verma,Jaya Verma,9299624593,,Verma,22-03-2023,,9499393610,"75, Patel Road, Nizamabad",A+,9484125249,,,IT Professional,Nurse,455602845581,Indian,Sikh,OBC,Class 9,A,1
Avni,STU0442,07-09-2009,F,Nikhil Ahuja,Tanvi Ahuja,9869084355,Kumar,Ahuja,29-03-2023,avni.ahuja83@student.nucleiq.in,,"388, Ambedkar Street, Secunderabad",B+,9752732351,,,Self Employed,IT Professional,,Indian,Hindu,General,Class 9,A,2
Kavya,STU0443,13-10-2009,F,Akshay Ahuja,Saanvi Ahuja,9406056061,Devi,Ahuja,25-03-2023,kavya.ahuja60@student.nucleiq.in,,"431, Ambedkar Street, Adilabad",A+,9119151578,akshay.ahuja68@gmail.com,,Business,Teacher,984032475215,Indian,Hindu,General,Class 9,A,3
Hema,STU0444,18-02-2009,F,Darsh Chopra,Priya Chopra,9757474294,Kumari,Chopra,08-03-2023,,9629716164,"435, Gandhi Nagar, Ramagundam",O+,9150544007,darsh.chopra14@gmail.com,,Engineer,Artist,,Indian,Hindu,General,Class 9,A,4
Ishita,STU0445,24-04-2009,F,Pavan Rao,Tara Rao,9976331829,,Rao,04-03-2023,ishita.rao7@student.nucleiq.in,,"402, Gandhi Nagar, Hyderabad",A+,9677198900,pavan.rao10@gmail.com,,Architect,Lawyer,865663442118,Indian,Hindu,General,Class 9,A,5
Pari,STU0446,25-03-2009,F,Chandru Nair,Nandini Nair,9543770966,Devi,Nair,14-03-2023,pari.nair67@student.nucleiq.in,,"296, Ambedkar Street, Mahbubnagar",AB+,9783870083,chandru.nair42@gmail.com,nandini.nair62@gmail.com,Accountant,Teacher,,Indian,Hindu,General,Class 9,A,6
Rahul,STU0447,23-04-2009,M,Arjun Menon,Priya Menon,9164711124,Mohan,Menon,30-03-2023,rahul.menon60@student.nucleiq.in,9301774803,"250, Gandhi Nagar, Hyderabad",B+,9328143806,arjun.menon98@gmail.com,,IT Professional,Lawyer,601259243766,Indian,Muslim,ST,Class 9,A,7
Eshan,STU0448,13-06-2009,M,Bharath Nair,Uma Nair,9651327816,Kumar,Nair,18-03-2023,,,"85, Patel Road, Ramagundam",O+,9317991841,bharath.nair14@gmail.com,,Teacher,Government Employee,,Indian,Hindu,OBC,Class 9,A,8
Saanvi,STU0449,15-09-2009,F,Kabir Khanna,Pari Khanna,9690884707,Mohan,Khanna,21-03-2023,,,"258, Ambedkar Street, Khammam",B+,9190266007,,,Teacher,Homemaker,312268400766,Indian,Hindu,OBC,Class 9,A,9
Anjali,STU0450,14-09-2009,F,Gaurav Ahuja,Diya Ahuja,9794007506,Kumari,Ahuja,29-03-2023,,,"19, Lake View, Secunderabad",A-,9367301847,,,Accountant,Pharmacist,545456069236,Indian,Hindu,General,Class 9,A,10
Priya,STU0451,12-04-2009,F,Aarush Banerjee,Ekta Banerjee,9740286632,Kumar,Banerjee,12-03-2023,,,"359, Lake View, Hyderabad",B+,9409214702,,ekta.banerjee31@gmail.com,Lawyer,Banker,302579199700,Indian,Hindu,OBC,Class 9,A,11
Rahul,STU0452,01-06-2009,M,Irfan Khanna,Siya Khanna,9182653501,Kumari,Khanna,27-03-2023,rahul.khanna61@student.nucleiq.in,,"251, Nehru Colony, Hyderabad",B+,9283314690,,,Shopkeeper,Artist,,Indian,Hindu,SC,Class 9,A,12
Reyansh,STU0453,11-12-2009,M,Rishi Tiwari,Gayatri Tiwari,9476648274,Ram,Tiwari,18-03-2023,reyansh.tiwari33@student.nucleiq.in,,"7, Patel Road, Karimnagar",B+,9685957100,,,Architect,IT Professional,,Indian,Muslim,SC,Class 9,A,13
Ishaan,STU0454,22-04-2009,M,Rudra Saxena,Priya Saxena,9133183643,Ram,Saxena,28-03-2023,ishaan.saxena56@student.nucleiq.in,,"382, Gandhi Nagar, Adilabad",A+,9362387930,rudra.saxena82@gmail.com,,Farmer,Pharmacist,597839926189,Indian,Other,ST,Class 9,A,14
Kabir,STU0455,13-06-2009,M,Yash Kaur,Tanvi Kaur,9432133365,Devi,Kaur,14-03-2023,kabir.kaur90@student.nucleiq.in,,"314, Gandhi Nagar, Hyderabad",B+,9304625841,yash.kaur45@gmail.com,,Business,IT Professional,611733031439,Indian,Muslim,OBC,Class 9,A,15
Uma,STU0456,10-03-2009,F,Aarush Gill,Myra Gill,9958762678,Mohan,Gill,17-03-2023,,,"423, Lake View, Hyderabad",A+,9416460423,aarush.gill1@gmail.com,,Business,Homemaker,,Indian,Hindu,General,Class 9,A,16
Hari,STU0457,05-05-2009,M,Advik Kumar,Sunita Kumar,9728380379,Mohan,Kumar,09-03-2023,,,"182, Nehru Colony, Karimnagar",O+,9186670230,advik.kumar55@gmail.com,,Teacher,Pharmacist,,Indian,Hindu,General,Class 9,A,17
Chitra,STU0458,05-10-2009,F,Mahesh Agarwal,Riya Agarwal,9368457410,Ram,Agarwal,11-03-2023,chitra.agarwal39@student.nucleiq.in,,"153, Lake View, Ramagundam",O+,9245696833,mahesh.agarwal24@gmail.com,,Mechanic,Teacher,,Indian,Hindu,General,Class 9,A,18
Lata,STU0459,14-08-2009,F,Yash Chopra,Lata Chopra,9129713590,Kumari,Chopra,02-03-2023,lata.chopra54@student.nucleiq.in,,"72, Lake View, Hyderabad",O+,9700124081,yash.chopra75@gmail.com,,Government Employee,Professor,157094474253,Indian,Christian,OBC,Class 9,A,19
Bhavna,STU0460,15-09-2009,F,Vihaan Sharma,Ananya Sharma,9158725903,Kumari,Sharma,06-03-2023,,,"149, Lake View, Secunderabad",B+,9390098025,,,Professor,Business,158913857591,Indian,Muslim,OBC,Class 9,A,20
Sara,STU0461,28-11-2009,F,Kian Ghosh,Vani Ghosh,9433816481,Mohan,Ghosh,28-03-2023,sara.ghosh80@student.nucleiq.in,9223167705,"35, Gandhi Nagar, Hyderabad",A+,9872172887,kian.ghosh67@gmail.com,,Banker,Teacher,657627314065,Indian,Hindu,General,Class 9,B,1
Kian,STU0462,27-03-2009,M,Ajay Bhatia,Nandini Bhatia,9687035323,Kumari,Bhatia,25-03-2023,kian.bhatia85@student.nucleiq.in,9564236248,"75, Gandhi Nagar, Adilabad",A+,9379464422,ajay.bhatia85@gmail.com,,Army Officer,Government Employee,620551543976,Indian,Hindu,General,Class 9,B,2
Hari,STU0463,22-06-2009,M,Siddharth Bajaj,Nisha Bajaj,9849098886,Kumari,Bajaj,24-03-2023,,9259092607,"15, Patel Road, Secunderabad",B+,9958837980,siddharth.bajaj2@gmail.com,,Engineer,Business,781427448543,Indian,Hindu,EWS,Class 9,B,3
Sara,STU0464,09-08-2009,F,Irfan Jain,Kavya Jain,9484128628,Mohan,Jain,01-04-2023,,9663774210,"200, Lake View, Nalgonda",A+,9637556364,irfan.jain46@gmail.com,kavya.jain73@gmail.com,IT Professional,IT Professional,253702692678,Indian,Hindu,SC,Class 9,B,4
Pooja,STU0465,16-11-2009,F,Hari Singh,Neha Singh,9750517675,Ram,Singh,20-03-2023,pooja.singh65@student.nucleiq.in,9664180363,"133, Nehru Colony, Warangal",AB+,9807565596,hari.singh75@gmail.com,,Architect,Artist,130257740247,Indian,Sikh,General,Class 9,B,5
Rahul,STU0466,16-11-2009,M,Suresh Joshi,Ishita Joshi,9928653076,Kumari,Joshi,22-03-2023,,9881859239,"457, Ambedkar Street, Nizamabad",O+,9968179835,suresh.joshi9@gmail.com,,Farmer,Teacher,,Indian,Muslim,OBC,Class 9,B,6
Seema,STU0467,06-01-2009,F,Reyansh Narayan,Durga Narayan,9582657294,Ram,Narayan,22-03-2023,seema.narayan74@student.nucleiq.in,,"101, Patel Road, Warangal",B+,9505475993,reyansh.narayan29@gmail.com,,Lawyer,Accountant,971056614497,Indian,Hindu,OBC,Class 9,B,7
Pranav,STU0468,01-03-2009,M,Mahesh Gupta,Swati Gupta,9710202137,Ram,Gupta,21-03-2023,,9881988477,"329, Lake View, Secunderabad",B+,9686886707,mahesh.gupta74@gmail.com,swati.gupta65@gmail.com,Manager,Banker,981060457993,Indian,Hindu,OBC,Class 9,B,8
Padma,STU0469,05-02-2009,F,Om Singh,Kiara Singh,9208354512,Lal,Singh,07-03-2023,,9455322430,"12, Nehru Colony, Mahbubnagar",O+,9226623684,,kiara.singh50@gmail.com,Manager,Teacher,182841625565,Indian,Hindu,General,Class 9,B,9
Pooja,STU0470,23-09-2009,F,Ayaan Talwar,Rashmi Talwar,9605709532,,Talwar,04-03-2023,,,"103, Patel Road, Hyderabad",O+,9382451081,,,IT Professional,Pharmacist,357965736662,Indian,Hindu,ST,Class 9,B,10
Rudra,STU0471,24-10-2009,M,Farhan Singh,Ananya Singh,9692088353,Kumari,Singh,13-03-2023,,,"19, Ambedkar Street, Warangal",B+,9614076961,farhan.singh56@gmail.com,,Accountant,Homemaker,950516713399,Indian,Christian,General,Class 9,B,11
Chitra,STU0472,18-01-2009,F,Vihaan Kaur,Nisha Kaur,9922144268,Mohan,Kaur,17-03-2023,,,"71, Gandhi Nagar, Warangal",B+,9505045274,vihaan.kaur48@gmail.com,,IT Professional,Accountant,354426003731,Indian,Hindu,General,Class 9,B,12
Gayatri,STU0473,19-09-2009,F,Pavan Thakur,Aanya Thakur,9872908197,Ram,Thakur,31-03-2023,,,"93, Patel Road, Hyderabad",A+,9368352132,,aanya.thakur32@gmail.com,Shopkeeper,Doctor,823610512438,Indian,Hindu,General,Class 9,B,13
Shruti,STU0474,24-12-2009,F,Rudra Banerjee,Nandini Banerjee,9336531677,Kumari,Banerjee,06-03-2023,shruti.banerjee71@student.nucleiq.in,,"335, Nehru Colony, Karimnagar",B+,9576249422,,nandini.banerjee65@gmail.com,Teacher,Homemaker,874858631235,Indian,Buddhist,OBC,Class 9,B,14
Pranav,STU0475,08-09-2009,M,Vikram Nair,Divya Nair,9326312174,Ram,Nair,23-03-2023,pranav.nair19@student.nucleiq.in,,"121, Ambedkar Street, Khammam",B-,9231799713,vikram.nair15@gmail.com,,Engineer,Engineer,,Indian,Hindu,ST,Class 9,B,15
Vihaan,STU0476,13-10-2009,M,Vivaan Dubey,Padma Dubey,9510800934,Ram,Dubey,17-03-2023,,,"95, Ambedkar Street, Mahbubnagar",B+,9513029019,vivaan.dubey5@gmail.com,,Manager,Pharmacist,,Indian,Muslim,ST,Class 9,B,16
Kamala,STU0477,25-04-2009,F,Virat Thakur,Fatima Thakur,9990389081,Lal,Thakur,01-04-2023,kamala.thakur94@student.nucleiq.in,9907884127,"30, Gandhi Nagar, Ramagundam",B+,9767363317,virat.thakur87@gmail.com,,Police Officer,IT Professional,725859285123,Indian,Christian,General,Class 9,B,17
Lata,STU0478,01-03-2009,F,Pavan Srivastava,Chitra Srivastava,9394627052,Kumar,Srivastava,24-03-2023,lata.srivastava38@student.nucleiq.in,,"203, Gandhi Nagar, Nizamabad",B-,9191844510,,chitra.srivastava84@gmail.com,Architect,Homemaker,,Indian,Muslim,General,Class 9,B,18
Nandini,STU0479,01-08-2009,F,Aarav Das,Lata Das,9139732482,Kumari,Das,18-03-2023,nandini.das72@student.nucleiq.in,,"30, Lake View, Mahbubnagar",O+,9485176589,,lata.das41@gmail.com,Doctor,IT Professional,,Indian,Christian,General,Class 9,B,19
Sara,STU0480,05-03-2009,F,Kunal Ghosh,Yamini Ghosh,9153235771,Mohan,Ghosh,05-03-2023,sara.ghosh24@student.nucleiq.in,9572778060,"297, Patel Road, Secunderabad",A+,9349830146,kunal.ghosh8@gmail.com,yamini.ghosh34@gmail.com,Farmer,Homemaker,694223049299,Indian,Muslim,OBC,Class 9,B,20
Aadhya,STU0481,04-08-2008,F,Arjun Singh,Prisha Singh,9319088340,Lal,Singh,16-03-2023,,9546644034,"37, Ambedkar Street, Adilabad",O+,9449813326,,,Manager,Banker,816818841403,Indian,Hindu,EWS,Class 10,A,1
Uma,STU0482,02-06-2008,F,Farhan Verma,Aarohi Verma,9734825626,Kumar,Verma,23-03-2023,uma.verma41@student.nucleiq.in,,"400, Lake View, Secunderabad",O+,9127418311,farhan.verma28@gmail.com,,Professor,Homemaker,517256393581,Indian,Christian,OBC,Class 10,A,2
Hari,STU0483,19-09-2008,M,Nikhil Ghosh,Fatima Ghosh,9548910110,Lal,Ghosh,12-03-2023,hari.ghosh68@student.nucleiq.in,9751870820,"242, Lake View, Secunderabad",B+,9678711823,,,Professor,Engineer,367699661540,Indian,Christian,EWS,Class 10,A,3
Dev,STU0484,23-02-2008,M,Harsh Agarwal,Fatima Agarwal,9540154492,Mohan,Agarwal,25-03-2023,,,"469, Patel Road, Secunderabad",AB+,9488566940,harsh.agarwal58@gmail.com,fatima.agarwal30@gmail.com,Professor,Artist,368597015069,Indian,Christian,OBC,Class 10,A,4
Raj,STU0485,11-05-2008,M,Ayaan Mishra,Ananya Mishra,9538626530,Ram,Mishra,22-03-2023,raj.mishra74@student.nucleiq.in,,"452, Nehru Colony, Nalgonda",O+,9552069565,ayaan.mishra2@gmail.com,,Mechanic,Engineer,918061820722,Indian,Hindu,ST,Class 10,A,5
Saanvi,STU0486,05-02-2008,F,Bharath Dhawan,Anjali Dhawan,9516734375,Kumar,Dhawan,16-03-2023,,9359238756,"365, Patel Road, Khammam",A+,9553504191,bharath.dhawan44@gmail.com,,Architect,Teacher,177503705771,Indian,Muslim,OBC,Class 10,A,6
Swati,STU0487,27-12-2008,F,Aarush Narayan,Hema Narayan,9612288719,Kumari,Narayan,19-03-2023,swati.narayan93@student.nucleiq.in,9980582182,"480, Lake View, Warangal",A+,9851741358,aarush.narayan76@gmail.com,,Driver,Accountant,659104764810,Indian,Muslim,General,Class 10,A,7
Advaith,STU0488,02-06-2008,M,Om Tiwari,Anjali Tiwari,9722585793,Kumari,Tiwari,14-03-2023,,,"388, Nehru Colony, Ramagundam",O+,9645705539,,anjali.tiwari94@gmail.com,Banker,Accountant,446240839393,Indian,Hindu,General,Class 10,A,8
Aarush,STU0489,08-08-2008,M,Shaurya Dubey,Avni Dubey,9378559780,Kumari,Dubey,04-03-2023,aarush.dubey86@student.nucleiq.in,,"50, Nehru Colony, Secunderabad",B+,9750870273,shaurya.dubey22@gmail.com,,Engineer,Pharmacist,313885042025,Indian,Hindu,ST,Class 10,A,9
Ansh,STU0490,14-10-2008,M,Harsh Banerjee,Anjali Banerjee,9235483349,Devi,Banerjee,09-03-2023,,,"362, Gandhi Nagar, Mahbubnagar",B+,9992320057,harsh.banerjee34@gmail.com,,Government Employee,Engineer,981987516510,Indian,Hindu,SC,Class 10,A,10
Darsh,STU0491,09-06-2008,M,Manish Rao,Gayatri Rao,9650662174,Lal,Rao,18-03-2023,darsh.rao41@student.nucleiq.in,9141185351,"222, Gandhi Nagar, Secunderabad",O+,9821641990,manish.rao41@gmail.com,,Police Officer,Business,141343702227,Indian,Buddhist,OBC,Class 10,A,11
Krishna,STU0492,22-04-2008,M,Kabir Bajaj,Neha Bajaj,9262600063,Kumari,Bajaj,26-03-2023,krishna.bajaj37@student.nucleiq.in,,"326, Gandhi Nagar, Warangal",O+,9620235608,kabir.bajaj96@gmail.com,,Mechanic,Teacher,330258424542,Indian,Muslim,General,Class 10,A,12
Uma,STU0493,08-10-2008,F,Rudra Malhotra,Neha Malhotra,9669578311,Mohan,Malhotra,12-03-2023,uma.malhotra30@student.nucleiq.in,9817233555,"249, Ambedkar Street, Warangal",O+,9805384990,,,Self Employed,Engineer,,Indian,Hindu,ST,Class 10,A,13
Swati,STU0494,22-04-2008,F,Ayaan Yadav,Navya Yadav,9599006405,Devi,Yadav,19-03-2023,,,"66, Ambedkar Street, Secunderabad",O+,9442422662,ayaan.yadav77@gmail.com,,Accountant,Homemaker,,Indian,Hindu,ST,Class 10,A,14
Diya,STU0495,09-06-2008,F,Darsh Gill,Swati Gill,9520239344,Ram,Gill,11-03-2023,,,"28, Patel Road, Mahbubnagar",B+,9968689928,,swati.gill6@gmail.com,Shopkeeper,IT Professional,689125782558,Indian,Hindu,OBC,Class 10,A,15
Sara,STU0496,24-01-2008,F,Pavan Ahuja,Nisha Ahuja,9196908109,Lal,Ahuja,01-04-2023,sara.ahuja99@student.nucleiq.in,9168144785,"336, Gandhi Nagar, Khammam",B+,9937984119,,,Lawyer,Artist,889671496622,Indian,Hindu,ST,Class 10,A,16
Mahi,STU0497,24-09-2008,F,Gopal Saxena,Aanya Saxena,9138735200,Kumar,Saxena,25-03-2023,,,"249, Gandhi Nagar, Nalgonda",A+,9121505301,,,Accountant,Homemaker,,Indian,Hindu,SC,Class 10,A,17
Sara,STU0498,03-02-2008,F,Tanmay Srivastava,Fatima Srivastava,9855365816,Devi,Srivastava,30-03-2023,,9681643744,"310, Nehru Colony, Ramagundam",A+,9918605724,tanmay.srivastava51@gmail.com,,Architect,Artist,565246863698,Indian,Hindu,General,Class 10,A,18
Lata,STU0499,21-05-2008,F,Kartik Mukherjee,Nisha Mukherjee,9412715124,,Mukherjee,14-03-2023,,,"143, Ambedkar Street, Secunderabad",B+,9561209234,kartik.mukherjee65@gmail.com,,Business,IT Professional,512108371467,Indian,Christian,SC,Class 10,A,19
Ishita,STU0500,25-07-2008,F,Harsh Mann,Tara Mann,9611966881,,Mann,25-03-2023,ishita.mann43@student.nucleiq.in,,"323, Gandhi Nagar, Secunderabad",A+,9704681222,,tara.mann63@gmail.com,Professor,Nurse,,Indian,Hindu,ST,Class 10,A,20
Vihaan,STU0501,14-05-2008,M,Vikram Rathore,Mahi Rathore,9995847952,Kumari,Rathore,23-03-2023,,,"209, Gandhi Nagar, Hyderabad",A-,9261718381,,,Self Employed,Social Worker,817085486090,Indian,Hindu,OBC,Class 10,B,1
Deepa,STU0502,24-12-2008,F,Eshan Gill,Aadhya Gill,9557094067,Ram,Gill,30-03-2023,,9274046155,"267, Gandhi Nagar, Secunderabad",A+,9850819946,eshan.gill15@gmail.com,,Mechanic,IT Professional,,Indian,Christian,OBC,Class 10,B,2
Pooja,STU0503,14-02-2008,F,Deepak Sharma,Chitra Sharma,9391099601,Devi,Sharma,23-03-2023,pooja.sharma48@student.nucleiq.in,,"85, Nehru Colony, Khammam",B+,9661008736,deepak.sharma79@gmail.com,chitra.sharma48@gmail.com,Army Officer,Professor,,Indian,Hindu,EWS,Class 10,B,3
Shaurya,STU0504,01-08-2008,M,Yash Arora,Navya Arora,9261436089,Mohan,Arora,22-03-2023,shaurya.arora1@student.nucleiq.in,,"97, Nehru Colony, Secunderabad",AB+,9605188483,yash.arora43@gmail.com,,Architect,IT Professional,482538872896,Indian,Muslim,ST,Class 10,B,4
Vani,STU0505,10-05-2008,F,Eshan Sharma,Padma Sharma,9557591883,Kumar,Sharma,06-03-2023,,9373535066,"288, Lake View, Karimnagar",B-,9727568144,,,Teacher,Government Employee,,Indian,Hindu,OBC,Class 10,B,5
Pavan,STU0506,25-11-2008,M,Virat Arora,Pallavi Arora,9928905792,Lal,Arora,20-03-2023,,9761303833,"343, Ambedkar Street, Adilabad",A+,9735837671,,,Banker,Teacher,261554867125,Indian,Hindu,OBC,Class 10,B,6
Darsh,STU0507,17-03-2008,M,Harsh Singh,Sunita Singh,9813868911,,Singh,07-03-2023,,9358527922,"287, Ambedkar Street, Khammam",B+,9606472290,,,Shopkeeper,Artist,188178622824,Indian,Sikh,ST,Class 10,B,7
Gopal,STU0508,23-05-2008,M,Ajay Narayan,Sunita Narayan,9701817116,Ram,Narayan,28-03-2023,gopal.narayan33@student.nucleiq.in,9699046021,"461, Ambedkar Street, Mahbubnagar",AB+,9574214661,,sunita.narayan60@gmail.com,Manager,Government Employee,716830207316,Indian,Sikh,EWS,Class 10,B,8
Arnav,STU0509,01-12-2008,M,Harsh Kapoor,Tara Kapoor,9664790986,Kumar,Kapoor,26-03-2023,arnav.kapoor43@student.nucleiq.in,,"189, Patel Road, Hyderabad",B+,9309260052,,,Farmer,Business,876081259071,Indian,Hindu,OBC,Class 10,B,9
Bharath,STU0510,21-10-2008,M,Rishi Bhatt,Navya Bhatt,9608361362,Kumari,Bhatt,18-03-2023,bharath.bhatt5@student.nucleiq.in,,"314, Nehru Colony, Nalgonda",AB+,9905237642,,navya.bhatt11@gmail.com,Mechanic,Artist,585572028745,Indian,Muslim,General,Class 10,B,10
Anand,STU0511,21-04-2008,M,Vikram Bedi,Saanvi Bedi,9457196310,Devi,Bedi,13-03-2023,anand.bedi22@student.nucleiq.in,9730122695,"370, Patel Road, Khammam",B+,9999015602,vikram.bedi52@gmail.com,,Engineer,Teacher,,Indian,Christian,General,Class 10,B,11
Ananya,STU0512,09-01-2008,F,Advik Das,Durga Das,9642739803,Kumari,Das,13-03-2023,ananya.das1@student.nucleiq.in,,"288, Patel Road, Warangal",A+,9539430470,advik.das90@gmail.com,,Driver,Teacher,,Indian,Hindu,SC,Class 10,B,12
Darsh,STU0513,25-01-2008,M,Naveen Bajaj,Aanya Bajaj,9333566606,Mohan,Bajaj,27-03-2023,,9364926597,"158, Nehru Colony, Khammam",O+,9784988889,naveen.bajaj40@gmail.com,,Shopkeeper,Doctor,,Indian,Muslim,OBC,Class 10,B,13
Ritvik,STU0514,09-05-2008,M,Harsh Mukherjee,Siya Mukherjee,9199226690,Kumar,Mukherjee,10-03-2023,ritvik.mukherjee45@student.nucleiq.in,9661612863,"231, Nehru Colony, Khammam",A+,9626010720,harsh.mukherjee50@gmail.com,,Professor,Nurse,479820508214,Indian,Muslim,SC,Class 10,B,14
Anika,STU0515,18-09-2008,F,Vikram Mehta,Jaya Mehta,9388782987,Mohan,Mehta,06-03-2023,anika.mehta34@student.nucleiq.in,,"134, Gandhi Nagar, Nalgonda",O+,9197450121,vikram.mehta81@gmail.com,,Government Employee,IT Professional,720074232861,Indian,Hindu,OBC,Class 10,B,15
Darsh,STU0516,12-11-2008,M,Dinesh Dhawan,Aanya Dhawan,9270457051,,Dhawan,05-03-2023,,9207597190,"96, Patel Road, Mahbubnagar",B+,9552483138,dinesh.dhawan24@gmail.com,aanya.dhawan57@gmail.com,Architect,IT Professional,579724217932,Indian,Muslim,OBC,Class 10,B,16
Kabir,STU0517,11-10-2008,M,Gaurav Shukla,Pooja Shukla,9422308625,Devi,Shukla,17-03-2023,kabir.shukla65@student.nucleiq.in,,"219, Patel Road, Nizamabad",O+,9143088147,gaurav.shukla4@gmail.com,,Lawyer,Pharmacist,316999294706,Indian,Buddhist,OBC,Class 10,B,17
Krishna,STU0518,03-01-2008,M,Naveen Pillai,Indu Pillai,9251892535,Devi,Pillai,23-03-2023,,,"1, Nehru Colony, Khammam",A+,9960592930,,,Lawyer,Nurse,200659210987,Indian,Muslim,General,Class 10,B,18
Aanya,STU0519,04-06-2008,F,Nikhil Khanna,Chitra Khanna,9523105056,Kumar,Khanna,17-03-2023,aanya.khanna86@student.nucleiq.in,,"238, Nehru Colony, Nizamabad",O+,9850309046,,,Government Employee,Accountant,413094617397,Indian,Christian,SC,Class 10,B,19
Seema,STU0520,12-02-2008,F,Rahul Bhatia,Gayatri Bhatia,9729673300,Lal,Bhatia,17-03-2023,seema.bhatia23@student.nucleiq.in,9496353078,"186, Patel Road, Nizamabad",B+,9128879653,,,Contractor,Pharmacist,,Indian,Hindu,OBC,Class 10,B,20
