invoice_number,admission_number,fee_type,amount,due_date,invoice_date,academic_year
INV/2024-25/016886,STU0430,Tuition Fee,4000,10-07-2024,30-06-2024,2024-25
INV/2023-24/002608,STU0152,Tuition Fee,3000,06-01-2024,27-12-2023,2023-24
INV/2023-24/002164,STU0127,Sports Fee,1000,16-04-2023,01-04-2023,2023-24
INV/2024-25/010504,STU0075,Tuition Fee,2000,08-09-2024,29-08-2024,2024-25
INV/2023-24/000644,STU0038,Sports Fee,1000,16-04-2023,01-04-2023,2023-24
INV/2024-25/014720,STU0309,Sports Fee,1500,16-04-2024,01-04-2024,2024-25
INV/2023-24/003943,STU0226,Annual Fee,6000,16-04-2023,01-04-2023,2023-24
INV/2024-25/013763,STU0256,Annual Fee,6000,16-04-2024,01-04-2024,2024-25
INV/2024-25/017419,STU0459,Library Fee,1000,16-04-2024,01-04-2024,2024-25
INV/2025-26/018579,STU0046,Tuition Fee,3000,07-12-2025,27-11-2025,2025-26
INV/2023-24/004156,STU0238,Tuition Fee,3000,06-01-2024,27-12-2023,2023-24
INV/2023-24/006773,STU0383,Exam Fee,500,16-04-2023,01-04-2023,2023-24
INV/2023-24/004750,STU0271,Tuition Fee,3000,06-01-2024,27-12-2023,2023-24
INV/2025-26/025370,STU0423,Lab Fee,2000,16-04-2025,01-04-2025,2025-26
INV/2025-26/024914,STU0398,Tuition Fee,4000,07-11-2025,28-10-2025,2025-26
INV/2023-24/003867,STU0222,Tuition Fee,3000,07-12-2023,27-11-2023,2023-24
INV/2024-25/015944,STU0377,Sports Fee,1500,16-04-2024,01-04-2024,2024-25
INV/2023-24/003664,STU0211,Tuition Fee,3000,10-07-2023,30-06-2023,2023-24
INV/2023-24/002766,STU0161,Tuition Fee,3000,08-09-2023,29-08-2023,2023-24
INV/2023-24/009145,STU0515,Annual Fee,8000,16-04-2023,01-04-2023,2023-24
INV/2024-25/012415,STU0181,Library Fee,500,16-04-2024,01-04-2024,2024-25
INV/2024-25/015219,STU0337,Tuition Fee,4000,05-02-2025,26-01-2025,2024-25
INV/2024-25/010374,STU0067,Tuition Fee,2000,07-03-2025,25-02-2025,2024-25
INV/2023-24/006861,STU0388,Library Fee,1000,16-04-2023,01-04-2023,2023-24
INV/2023-24/001072,STU0064,Tuition Fee,2000,11-04-2023,01-04-2023,2023-24
INV/2023-24/002991,STU0173,Library Fee,500,16-04-2023,01-04-2023,2023-24
INV/2024-25/010309,STU0063,Sports Fee,1000,16-04-2024,01-04-2024,2024-25
INV/2025-26/025510,STU0431,Tuition Fee,4000,06-01-2026,27-12-2025,2025-26
INV/2024-25/015951,STU0378,Tuition Fee,4000,09-08-2024,30-07-2024,2024-25
INV/2023-24/001858,STU0110,Tuition Fee,2000,09-08-2023,30-07-2023,2023-24
INV/2024-25/010819,STU0093,Tuition Fee,3000,10-06-2024,31-05-2024,2024-25
INV/2024-25/011638,STU0138,Tuition Fee,3000,07-03-2025,25-02-2025,2024-25
INV/2024-25/014688,STU0308,Tuition Fee,4000,11-05-2024,01-05-2024,2024-25
INV/2025-26/024149,STU0355,Exam Fee,500,16-04-2025,01-04-2025,2025-26
INV/2023-24/001196,STU0071,Tuition Fee,2000,08-09-2023,29-08-2023,2023-24
INV/2023-24/003373,STU0195,Tuition Fee,3000,11-04-2023,01-04-2023,2023-24
INV/2023-24/009021,STU0508,Library Fee,1000,16-04-2023,01-04-2023,2023-24
INV/2023-24/008028,STU0453,Tuition Fee,4000,06-03-2024,25-02-2024,2023-24
INV/2025-26/021590,STU0213,Lab Fee,1000,16-04-2025,01-04-2025,2025-26
INV/2023-24/000735,STU0044,Tuition Fee,2000,10-07-2023,30-06-2023,2023-24
INV/2023-24/004788,STU0273,Tuition Fee,3000,06-03-2024,25-02-2024,2023-24
INV/2025-26/025111,STU0409,Tuition Fee,4000,08-10-2025,28-09-2025,2025-26
INV/2024-25/014511,STU0298,Tuition Fee,4000,09-08-2024,30-07-2024,2024-25
INV/2025-26/023306,STU0309,Tuition Fee,4000,11-05-2025,01-05-2025,2025-26
INV/2024-25/012823,STU0204,Tuition Fee,3000,07-12-2024,27-11-2024,2024-25
INV/2024-25/014825,STU0315,Annual Fee,8000,16-04-2024,01-04-2024,2024-25
INV/2025-26/021430,STU0204,Sports Fee,1000,16-04-2025,01-04-2025,2025-26
INV/2025-26/020325,STU0143,Tuition Fee,3000,07-12-2025,27-11-2025,2025-26
INV/2025-26/021548,STU0211,Tuition Fee,3000,07-11-2025,28-10-2025,2025-26
INV/2025-26/018701,STU0053,Tuition Fee,3000,09-08-2025,30-07-2025,2025-26
INV/2023-24/004096,STU0235,Tuition Fee,3000,10-07-2023,30-06-2023,2023-24
INV/2025-26/021988,STU0235,Sports Fee,1000,16-04-2025,01-04-2025,2025-26
INV/2024-25/016765,STU0423,Tuition Fee,4000,07-12-2024,27-11-2024,2024-25
INV/2023-24/004162,STU0238,Sports Fee,1000,16-04-2023,01-04-2023,2023-24
INV/2023-24/008988,STU0506,Exam Fee,500,13-10-2023,28-09-2023,2023-24
INV/2025-26/025168,STU0412,Tuition Fee,4000,06-01-2026,27-12-2025,2025-26
INV/2023-24/008996,STU0507,Tuition Fee,4000,07-11-2023,28-10-2023,2023-24
INV/2023-24/000263,STU0016,Tuition Fee,2000,07-11-2023,28-10-2023,2023-24
INV/2023-24/009192,STU0518,Tuition Fee,4000,08-09-2023,29-08-2023,2023-24
INV/2023-24/004633,STU0265,Tuition Fee,3000,11-04-2023,01-04-2023,2023-24
INV/2025-26/023611,STU0326,Tuition Fee,4000,11-04-2025,01-04-2025,2025-26
INV/2024-25/017441,STU0461,Tuition Fee,4000,11-04-2024,01-04-2024,2024-25
INV/2023-24/007377,STU0417,Tuition Fee,4000,07-12-2023,27-11-2023,2023-24
INV/2023-24/004212,STU0241,Tuition Fee,3000,06-03-2024,25-02-2024,2023-24
INV/2023-24/008304,STU0468,Exam Fee,500,13-10-2023,28-09-2023,2023-24
INV/2023-24/005541,STU0315,Tuition Fee,3000,07-12-2023,27-11-2023,2023-24
INV/2023-24/000853,STU0051,Tuition Fee,2000,10-06-2023,31-05-2023,2023-24
INV/2023-24/001352,STU0080,Tuition Fee,2000,07-12-2023,27-11-2023,2023-24
INV/2025-26/019837,STU0116,Tuition Fee,3000,08-10-2025,28-09-2025,2025-26
INV/2024-25/010838,STU0094,Tuition Fee,3000,10-07-2024,30-06-2024,2024-25
INV/2023-24/008717,STU0491,Exam Fee,500,16-04-2023,01-04-2023,2023-24
INV/2023-24/002673,STU0156,Tuition Fee,3000,10-06-2023,31-05-2023,2023-24
INV/2023-24/001274,STU0075,Exam Fee,250,16-04-2023,01-04-2023,2023-24
INV/2024-25/016647,STU0416,Exam Fee,500,16-04-2024,01-04-2024,2024-25
INV/2024-25/009634,STU0024,Tuition Fee,2000,10-06-2024,31-05-2024,2024-25
INV/2023-24/004141,STU0237,Annual Fee,6000,16-04-2023,01-04-2023,2023-24
INV/2025-26/019616,STU0104,Tuition Fee,3000,11-05-2025,01-05-2025,2025-26
INV/2024-25/015340,STU0344,Tuition Fee,4000,08-09-2024,29-08-2024,2024-25
INV/2025-26/019843,STU0116,Annual Fee,6000,16-04-2025,01-04-2025,2025-26
INV/2025-26/022655,STU0272,Exam Fee,500,16-04-2025,01-04-2025,2025-26
INV/2024-25/013315,STU0231,Library Fee,500,16-04-2024,01-04-2024,2024-25
INV/2024-25/015527,STU0354,Annual Fee,8000,16-04-2024,01-04-2024,2024-25
INV/2024-25/012840,STU0205,Tuition Fee,3000,07-11-2024,28-10-2024,2024-25
INV/2024-25/009706,STU0028,Tuition Fee,2000,08-10-2024,28-09-2024,2024-25
INV/2023-24/004567,STU0261,Tuition Fee,3000,08-10-2023,28-09-2023,2023-24
INV/2024-25/013465,STU0240,Tuition Fee,3000,10-06-2024,31-05-2024,2024-25
INV/2023-24/008165,STU0461,Tuition Fee,4000,09-08-2023,30-07-2023,2023-24
INV/2025-26/023670,STU0329,Tuition Fee,4000,08-09-2025,29-08-2025,2025-26
INV/2023-24/007493,STU0423,Exam Fee,500,16-04-2023,01-04-2023,2023-24
INV/2025-26/023313,STU0309,Tuition Fee,4000,07-12-2025,27-11-2025,2025-26
INV/2023-24/006863,STU0388,Exam Fee,500,16-04-2023,01-04-2023,2023-24
INV/2023-24/004022,STU0231,Tuition Fee,3000,11-05-2023,01-05-2023,2023-24
INV/2023-24/006632,STU0376,Tuition Fee,4000,11-05-2023,01-05-2023,2023-24
INV/2023-24/005172,STU0294,Exam Fee,375,13-10-2023,28-09-2023,2023-24
INV/2024-25/011690,STU0141,Tuition Fee,3000,06-01-2025,27-12-2024,2024-25
INV/2024-25/013617,STU0248,Tuition Fee,3000,05-02-2025,26-01-2025,2024-25
INV/2023-24/005944,STU0337,Sports Fee,1500,16-04-2023,01-04-2023,2023-24
INV/2023-24/002785,STU0162,Tuition Fee,3000,08-10-2023,28-09-2023,2023-24
INV/2023-24/005678,STU0323,Tuition Fee,4000,11-05-2023,01-05-2023,2023-24
INV/2025-26/020709,STU0164,Library Fee,500,16-04-2025,01-04-2025,2025-26
INV/2024-25/015250,STU0339,Tuition Fee,4000,08-09-2024,29-08-2024,2024-25
INV/2023-24/008999,STU0507,Tuition Fee,4000,05-02-2024,26-01-2024,2023-24
INV/2023-24/002714,STU0158,Tuition Fee,3000,07-11-2023,28-10-2023,2023-24
INV/2025-26/023805,STU0336,Library Fee,1000,16-04-2025,01-04-2025,2025-26
INV/2025-26/022556,STU0267,Tuition Fee,4000,07-11-2025,28-10-2025,2025-26
INV/2024-25/010178,STU0056,Tuition Fee,2000,10-06-2024,31-05-2024,2024-25
INV/2023-24/000445,STU0027,Tuition Fee,2000,10-06-2023,31-05-2023,2023-24
INV/2025-26/023255,STU0306,Tuition Fee,4000,09-08-2025,30-07-2025,2025-26
INV/2024-25/010895,STU0097,Tuition Fee,3000,08-10-2024,28-09-2024,2024-25
INV/2024-25/012084,STU0163,Tuition Fee,3000,07-11-2024,28-10-2024,2024-25
INV/2023-24/003312,STU0191,Tuition Fee,3000,06-03-2024,25-02-2024,2023-24
INV/2024-25/014224,STU0282,Tuition Fee,4000,08-09-2024,29-08-2024,2024-25
INV/2025-26/021915,STU0231,Library Fee,500,16-04-2025,01-04-2025,2025-26
INV/2025-26/025340,STU0422,Tuition Fee,4000,11-05-2025,01-05-2025,2025-26
INV/2023-24/004217,STU0241,Exam Fee,375,16-04-2023,01-04-2023,2023-24
INV/2025-26/024464,STU0373,Tuition Fee,4000,07-11-2025,28-10-2025,2025-26
INV/2025-26/019825,STU0115,Annual Fee,6000,16-04-2025,01-04-2025,2025-26
INV/2024-25/015347,STU0344,Annual Fee,8000,16-04-2024,01-04-2024,2024-25
INV/2024-25/015309,STU0342,Tuition Fee,4000,05-02-2025,26-01-2025,2024-25
INV/2023-24/004969,STU0283,Annual Fee,6000,16-04-2023,01-04-2023,2023-24
INV/2025-26/020083,STU0130,Tuition Fee,3000,11-04-2025,01-04-2025,2025-26
INV/2023-24/002255,STU0132,Exam Fee,375,16-04-2023,01-04-2023,2023-24
INV/2024-25/013263,STU0228,Exam Fee,375,16-04-2024,01-04-2024,2024-25
INV/2023-24/004054,STU0232,Sports Fee,1000,16-04-2023,01-04-2023,2023-24
INV/2025-26/022051,STU0239,Tuition Fee,3000,08-10-2025,28-09-2025,2025-26
INV/2025-26/024978,STU0401,Exam Fee,500,13-10-2025,28-09-2025,2025-26
INV/2025-26/024975,STU0401,Library Fee,1000,16-04-2025,01-04-2025,2025-26
INV/2024-25/013788,STU0258,Tuition Fee,3000,11-05-2024,01-05-2024,2024-25
INV/2025-26/019280,STU0085,Tuition Fee,3000,07-11-2025,28-10-2025,2025-26
INV/2023-24/007221,STU0408,Library Fee,1000,16-04-2023,01-04-2023,2023-24
INV/2023-24/009140,STU0515,Tuition Fee,4000,07-11-2023,28-10-2023,2023-24
INV/2025-26/018856,STU0061,Sports Fee,1000,16-04-2025,01-04-2025,2025-26
INV/2024-25/013693,STU0252,Library Fee,500,16-04-2024,01-04-2024,2024-25
INV/2023-24/002859,STU0166,Tuition Fee,3000,07-12-2023,27-11-2023,2023-24
INV/2024-25/015099,STU0330,Exam Fee,500,16-04-2024,01-04-2024,2024-25
INV/2024-25/010113,STU0052,Tuition Fee,2000,08-09-2024,29-08-2024,2024-25
INV/2024-25/012976,STU0212,Exam Fee,375,13-10-2024,28-09-2024,2024-25
INV/2023-24/008264,STU0466,Lab Fee,2000,16-04-2023,01-04-2023,2023-24
INV/2025-26/017943,STU0009,Tuition Fee,2000,08-10-2025,28-09-2025,2025-26
INV/2024-25/014793,STU0313,Exam Fee,500,16-04-2024,01-04-2024,2024-25
INV/2025-26/020502,STU0153,Tuition Fee,3000,08-09-2025,29-08-2025,2025-26
INV/2025-26/023395,STU0314,Tuition Fee,4000,11-04-2025,01-04-2025,2025-26
INV/2024-25/016501,STU0408,Library Fee,1000,16-04-2024,01-04-2024,2024-25
INV/2023-24/006115,STU0347,Tuition Fee,4000,08-10-2023,28-09-2023,2023-24
INV/2023-24/001846,STU0109,Tuition Fee,2000,06-01-2024,27-12-2023,2023-24
INV/2024-25/015485,STU0352,Tuition Fee,4000,08-10-2024,28-09-2024,2024-25
INV/2025-26/021608,STU0214,Lab Fee,1000,16-04-2025,01-04-2025,2025-26
INV/2025-26/019208,STU0081,Tuition Fee,3000,07-11-2025,28-10-2025,2025-26
INV/2024-25/010848,STU0094,Lab Fee,1000,16-04-2024,01-04-2024,2024-25
INV/2025-26/023847,STU0339,Tuition Fee,4000,10-06-2025,31-05-2025,2025-26
INV/2025-26/023197,STU0303,Tuition Fee,4000,11-04-2025,01-04-2025,2025-26
INV/2023-24/004897,STU0279,Annual Fee,6000,16-04-2023,01-04-2023,2023-24
INV/2023-24/001952,STU0115,Library Fee,500,16-04-2023,01-04-2023,2023-24
INV/2024-25/016338,STU0399,Lab Fee,2000,16-04-2024,01-04-2024,2024-25
INV/2024-25/011089,STU0108,Tuition Fee,3000,10-06-2024,31-05-2024,2024-25
INV/2024-25/015481,STU0352,Tuition Fee,4000,10-06-2024,31-05-2024,2024-25
INV/2023-24/000613,STU0037,Tuition Fee,2000,11-04-2023,01-04-2023,2023-24
INV/2023-24/008712,STU0491,Tuition Fee,4000,06-03-2024,25-02-2024,2023-24
INV/2025-26/020606,STU0159,Tuition Fee,3000,11-05-2025,01-05-2025,2025-26
INV/2025-26/025466,STU0429,Tuition Fee,4000,11-05-2025,01-05-2025,2025-26
INV/2024-25/012594,STU0191,Lab Fee,1000,16-04-2024,01-04-2024,2024-25
INV/2023-24/009013,STU0508,Tuition Fee,4000,08-10-2023,28-09-2023,2023-24
INV/2024-25/017445,STU0461,Tuition Fee,4000,09-08-2024,30-07-2024,2024-25
INV/2025-26/022187,STU0246,Exam Fee,500,16-04-2025,01-04-2025,2025-26
INV/2023-24/006620,STU0375,Tuition Fee,4000,07-11-2023,28-10-2023,2023-24
INV/2025-26/021969,STU0234,Library Fee,500,16-04-2025,01-04-2025,2025-26
INV/2024-25/015137,STU0333,Tuition Fee,4000,11-04-2024,01-04-2024,2024-25
INV/2023-24/002634,STU0153,Exam Fee,375,13-10-2023,28-09-2023,2023-24
INV/2024-25/010422,STU0070,Tuition Fee,2000,07-12-2024,27-11-2024,2024-25
INV/2023-24/006889,STU0390,Tuition Fee,4000,08-10-2023,28-09-2023,2023-24
INV/2025-26/024833,STU0393,Exam Fee,500,16-04-2025,01-04-2025,2025-26
INV/2023-24/001984,STU0117,Tuition Fee,2000,06-03-2024,25-02-2024,2023-24
INV/2023-24/006313,STU0358,Tuition Fee,4000,08-10-2023,28-09-2023,2023-24
INV/2024-25/015950,STU0378,Tuition Fee,4000,10-07-2024,30-06-2024,2024-25
INV/2024-25/013691,STU0252,Annual Fee,6000,16-04-2024,01-04-2024,2024-25
INV/2023-24/006235,STU0354,Tuition Fee,4000,11-04-2023,01-04-2023,2023-24
INV/2025-26/022265,STU0251,Tuition Fee,4000,09-08-2025,30-07-2025,2025-26
INV/2023-24/003677,STU0211,Exam Fee,375,16-04-2023,01-04-2023,2023-24
INV/2024-25/015957,STU0378,Tuition Fee,4000,05-02-2025,26-01-2025,2024-25
INV/2023-24/009105,STU0513,Tuition Fee,4000,07-12-2023,27-11-2023,2023-24
INV/2024-25/016567,STU0412,Tuition Fee,4000,07-12-2024,27-11-2024,2024-25
INV/2023-24/003429,STU0198,Tuition Fee,3000,10-06-2023,31-05-2023,2023-24
INV/2025-26/023513,STU0320,Tuition Fee,4000,05-02-2026,26-01-2026,2025-26
INV/2024-25/013377,STU0235,Tuition Fee,3000,09-08-2024,30-07-2024,2024-25
INV/2024-25/015023,STU0326,Annual Fee,8000,16-04-2024,01-04-2024,2024-25
INV/2023-24/008275,STU0467,Tuition Fee,4000,08-10-2023,28-09-2023,2023-24
INV/2023-24/007399,STU0418,Annual Fee,8000,16-04-2023,01-04-2023,2023-24
INV/2023-24/003387,STU0195,Library Fee,500,16-04-2023,01-04-2023,2023-24
INV/2023-24/004778,STU0273,Tuition Fee,3000,11-05-2023,01-05-2023,2023-24
INV/2023-24/003970,STU0228,Tuition Fee,3000,10-07-2023,30-06-2023,2023-24
INV/2025-26/024119,STU0354,Tuition Fee,4000,09-08-2025,30-07-2025,2025-26
INV/2024-25/017738,STU0477,Tuition Fee,4000,06-01-2025,27-12-2024,2024-25
INV/2023-24/005907,STU0335,Library Fee,1000,16-04-2023,01-04-2023,2023-24
INV/2024-25/015063,STU0328,Exam Fee,500,16-04-2024,01-04-2024,2024-25
INV/2023-24/004982,STU0284,Tuition Fee,3000,07-11-2023,28-10-2023,2023-24
INV/2024-25/011444,STU0127,Sports Fee,1000,16-04-2024,01-04-2024,2024-25
INV/2025-26/018495,STU0041,Library Fee,500,16-04-2025,01-04-2025,2025-26
INV/2024-25/013708,STU0253,Tuition Fee,3000,07-03-2025,25-02-2025,2024-25
INV/2024-25/014896,STU0319,Tuition Fee,4000,07-03-2025,25-02-2025,2024-25
INV/2023-24/007299,STU0413,Tuition Fee,4000,10-06-2023,31-05-2023,2023-24
INV/2024-25/009725,STU0029,Tuition Fee,2000,07-12-2024,27-11-2024,2024-25
INV/2025-26/021785,STU0224,Tuition Fee,3000,05-02-2026,26-01-2026,2025-26
INV/2024-25/016314,STU0398,Tuition Fee,4000,07-11-2024,28-10-2024,2024-25
INV/2024-25/010397,STU0069,Tuition Fee,2000,11-04-2024,01-04-2024,2024-25
INV/2023-24/006251,STU0354,Exam Fee,500,16-04-2023,01-04-2023,2023-24
INV/2025-26/021143,STU0188,Exam Fee,375,16-04-2025,01-04-2025,2025-26
INV/2023-24/003428,STU0198,Tuition Fee,3000,11-05-2023,01-05-2023,2023-24
INV/2024-25/015699,STU0364,Tuition Fee,4000,09-08-2024,30-07-2024,2024-25
INV/2025-26/018415,STU0037,Tuition Fee,2000,10-06-2025,31-05-2025,2025-26
INV/2024-25/009633,STU0024,Tuition Fee,2000,11-05-2024,01-05-2024,2024-25
INV/2025-26/022834,STU0282,Sports Fee,1500,16-04-2025,01-04-2025,2025-26
INV/2023-24/002676,STU0156,Tuition Fee,3000,08-09-2023,29-08-2023,2023-24
INV/2024-25/013930,STU0265,Exam Fee,375,13-10-2024,28-09-2024,2024-25
INV/2025-26/021408,STU0203,Tuition Fee,3000,07-03-2026,25-02-2026,2025-26
INV/2023-24/008194,STU0462,Sports Fee,1500,16-04-2023,01-04-2023,2023-24
INV/2024-25/015116,STU0331,Sports Fee,1500,16-04-2024,01-04-2024,2024-25
INV/2025-26/023952,STU0344,Exam Fee,500,13-10-2025,28-09-2025,2025-26
INV/2024-25/011090,STU0108,Tuition Fee,3000,10-07-2024,30-06-2024,2024-25
INV/2025-26/024166,STU0356,Sports Fee,1500,16-04-2025,01-04-2025,2025-26
INV/2024-25/012329,STU0177,Tuition Fee,3000,11-04-2024,01-04-2024,2024-25
INV/2023-24/000763,STU0045,Sports Fee,1000,16-04-2023,01-04-2023,2023-24
INV/2025-26/019888,STU0119,Tuition Fee,3000,10-07-2025,30-06-2025,2025-26
INV/2023-24/003546,STU0204,Tuition Fee,3000,06-03-2024,25-02-2024,2023-24
INV/2024-25/010829,STU0093,Annual Fee,6000,16-04-2024,01-04-2024,2024-25
INV/2024-25/015345,STU0344,Tuition Fee,4000,05-02-2025,26-01-2025,2024-25
INV/2025-26/023893,STU0341,Annual Fee,8000,16-04-2025,01-04-2025,2025-26
INV/2025-26/022583,STU0268,Exam Fee,500,16-04-2025,01-04-2025,2025-26
INV/2024-25/012045,STU0161,Tuition Fee,3000,09-08-2024,30-07-2024,2024-25
INV/2023-24/009062,STU0511,Tuition Fee,4000,11-05-2023,01-05-2023,2023-24
INV/2023-24/003427,STU0198,Tuition Fee,3000,11-04-2023,01-04-2023,2023-24
INV/2024-25/012236,STU0171,Sports Fee,1000,16-04-2024,01-04-2024,2024-25
INV/2024-25/014885,STU0319,Tuition Fee,4000,11-04-2024,01-04-2024,2024-25
INV/2025-26/020139,STU0133,Tuition Fee,3000,10-06-2025,31-05-2025,2025-26
INV/2024-25/014056,STU0272,Exam Fee,375,13-10-2024,28-09-2024,2024-25
INV/2023-24/003935,STU0226,Tuition Fee,3000,09-08-2023,30-07-2023,2023-24
INV/2025-26/021708,STU0220,Tuition Fee,3000,08-09-2025,29-08-2025,2025-26
INV/2023-24/008552,STU0482,Lab Fee,2000,16-04-2023,01-04-2023,2023-24
INV/2025-26/024756,STU0389,Tuition Fee,4000,07-03-2026,25-02-2026,2025-26
INV/2023-24/004976,STU0284,Tuition Fee,3000,11-05-2023,01-05-2023,2023-24
INV/2025-26/018327,STU0031,Exam Fee,250,13-10-2025,28-09-2025,2025-26
INV/2023-24/006016,STU0341,Sports Fee,1500,16-04-2023,01-04-2023,2023-24
INV/2023-24/007568,STU0428,Tuition Fee,4000,11-05-2023,01-05-2023,2023-24
INV/2023-24/009011,STU0508,Tuition Fee,4000,09-08-2023,30-07-2023,2023-24
INV/2023-24/004507,STU0258,Tuition Fee,3000,11-04-2023,01-04-2023,2023-24
INV/2025-26/022913,STU0287,Tuition Fee,4000,09-08-2025,30-07-2025,2025-26
INV/2025-26/017931,STU0008,Tuition Fee,2000,07-03-2026,25-02-2026,2025-26
INV/2023-24/005544,STU0315,Tuition Fee,3000,06-03-2024,25-02-2024,2023-24
INV/2023-24/001959,STU0116,Tuition Fee,2000,10-07-2023,30-06-2023,2023-24
INV/2025-26/020334,STU0143,Exam Fee,375,13-10-2025,28-09-2025,2025-26
INV/2024-25/014344,STU0288,Exam Fee,500,13-10-2024,28-09-2024,2024-25
INV/2024-25/017260,STU0450,Exam Fee,500,13-10-2024,28-09-2024,2024-25
INV/2024-25/016475,STU0407,Tuition Fee,4000,08-10-2024,28-09-2024,2024-25
INV/2024-25/013851,STU0261,Tuition Fee,3000,05-02-2025,26-01-2025,2024-25
INV/2023-24/004100,STU0235,Tuition Fee,3000,07-11-2023,28-10-2023,2023-24
INV/2023-24/005047,STU0288,Tuition Fee,3000,11-04-2023,01-04-2023,2023-24
INV/2023-24/008151,STU0460,Tuition Fee,4000,07-12-2023,27-11-2023,2023-24
INV/2025-26/022081,STU0241,Tuition Fee,4000,11-04-2025,01-04-2025,2025-26
INV/2024-25/010674,STU0085,Tuition Fee,3000,11-05-2024,01-05-2024,2024-25
INV/2023-24/007539,STU0426,Tuition Fee,4000,07-12-2023,27-11-2023,2023-24
INV/2023-24/009088,STU0512,Tuition Fee,4000,06-01-2024,27-12-2023,2023-24
INV/2025-26/023793,STU0336,Tuition Fee,4000,10-06-2025,31-05-2025,2025-26
INV/2023-24/005886,STU0334,Tuition Fee,4000,06-03-2024,25-02-2024,2023-24
INV/2023-24/004911,STU0280,Tuition Fee,3000,07-12-2023,27-11-2023,2023-24
INV/2023-24/003909,STU0224,Library Fee,500,16-04-2023,01-04-2023,2023-24
INV/2023-24/007301,STU0413,Tuition Fee,4000,09-08-2023,30-07-2023,2023-24
INV/2025-26/021104,STU0186,Lab Fee,1000,16-04-2025,01-04-2025,2025-26
INV/2023-24/005109,STU0291,Tuition Fee,3000,07-12-2023,27-11-2023,2023-24
INV/2025-26/023296,STU0308,Tuition Fee,4000,06-01-2026,27-12-2025,2025-26
INV/2025-26/018255,STU0027,Annual Fee,5000,16-04-2025,01-04-2025,2025-26
INV/2024-25/013730,STU0254,Sports Fee,1000,16-04-2024,01-04-2024,2024-25
INV/2024-25/017538,STU0466,Tuition Fee,4000,07-11-2024,28-10-2024,2024-25
INV/2024-25/016168,STU0390,Tuition Fee,4000,08-09-2024,29-08-2024,2024-25
INV/2025-26/022725,STU0276,Library Fee,1000,16-04-2025,01-04-2025,2025-26
INV/2025-26/019197,STU0080,Library Fee,500,16-04-2025,01-04-2025,2025-26
INV/2025-26/021616,STU0215,Tuition Fee,3000,10-07-2025,30-06-2025,2025-26
INV/2024-25/016310,STU0398,Tuition Fee,4000,10-07-2024,30-06-2024,2024-25
INV/2023-24/007161,STU0405,Tuition Fee,4000,07-12-2023,27-11-2023,2023-24
INV/2023-24/005378,STU0306,Tuition Fee,3000,07-11-2023,28-10-2023,2023-24
INV/2024-25/010743,STU0088,Exam Fee,375,16-04-2024,01-04-2024,2024-25
INV/2025-26/018614,STU0048,Tuition Fee,3000,07-11-2025,28-10-2025,2025-26
INV/2025-26/018389,STU0035,Tuition Fee,2000,05-02-2026,26-01-2026,2025-26
INV/2025-26/020805,STU0170,Tuition Fee,3000,10-06-2025,31-05-2025,2025-26
INV/2025-26/019285,STU0085,Annual Fee,6000,16-04-2025,01-04-2025,2025-26
INV/2024-25/012715,STU0198,Tuition Fee,3000,07-12-2024,27-11-2024,2024-25
INV/2023-24/001695,STU0100,Tuition Fee,2000,06-03-2024,25-02-2024,2023-24
INV/2025-26/020005,STU0125,Annual Fee,6000,16-04-2025,01-04-2025,2025-26
INV/2025-26/018901,STU0064,Tuition Fee,3000,08-10-2025,28-09-2025,2025-26
INV/2025-26/023201,STU0303,Tuition Fee,4000,09-08-2025,30-07-2025,2025-26
INV/2023-24/007962,STU0449,Exam Fee,500,13-10-2023,28-09-2023,2023-24
INV/2025-26/025453,STU0428,Tuition Fee,4000,08-10-2025,28-09-2025,2025-26
INV/2025-26/019588,STU0102,Tuition Fee,3000,06-01-2026,27-12-2025,2025-26
INV/2023-24/009225,STU0520,Tuition Fee,4000,10-06-2023,31-05-2023,2023-24
INV/2024-25/016196,STU0391,Sports Fee,1500,16-04-2024,01-04-2024,2024-25
INV/2024-25/011692,STU0141,Tuition Fee,3000,07-03-2025,25-02-2025,2024-25
INV/2025-26/017917,STU0007,Sports Fee,1000,16-04-2025,01-04-2025,2025-26
INV/2024-25/012231,STU0171,Tuition Fee,3000,05-02-2025,26-01-2025,2024-25
INV/2025-26/020308,STU0142,Tuition Fee,3000,06-01-2026,27-12-2025,2025-26
INV/2024-25/016608,STU0414,Lab Fee,2000,16-04-2024,01-04-2024,2024-25
INV/2025-26/019869,STU0118,Tuition Fee,3000,10-06-2025,31-05-2025,2025-26
INV/2023-24/008020,STU0453,Tuition Fee,4000,10-07-2023,30-06-2023,2023-24
INV/2024-25/009904,STU0040,Tuition Fee,2000,11-04-2024,01-04-2024,2024-25
INV/2023-24/008528,STU0481,Tuition Fee,4000,07-11-2023,28-10-2023,2023-24
INV/2023-24/007822,STU0442,Tuition Fee,4000,10-07-2023,30-06-2023,2023-24
INV/2023-24/004988,STU0284,Lab Fee,1000,16-04-2023,01-04-2023,2023-24
INV/2025-26/024143,STU0355,Tuition Fee,4000,05-02-2026,26-01-2026,2025-26
INV/2024-25/016890,STU0430,Tuition Fee,4000,07-11-2024,28-10-2024,2024-25
INV/2023-24/001432,STU0085,Tuition Fee,2000,10-07-2023,30-06-2023,2023-24
INV/2025-26/025215,STU0415,Tuition Fee,4000,10-06-2025,31-05-2025,2025-26
INV/2023-24/003263,STU0188,Exam Fee,375,16-04-2023,01-04-2023,2023-24
INV/2025-26/019525,STU0099,Tuition Fee,3000,11-04-2025,01-04-2025,2025-26
INV/2023-24/008394,STU0473,Exam Fee,500,13-10-2023,28-09-2023,2023-24
INV/2025-26/022095,STU0241,Library Fee,1000,16-04-2025,01-04-2025,2025-26
INV/2023-24/000459,STU0027,Exam Fee,250,13-10-2023,28-09-2023,2023-24
INV/2025-26/020263,STU0140,Tuition Fee,3000,11-04-2025,01-04-2025,2025-26
INV/2024-25/009254,STU0001,Library Fee,500,16-04-2024,01-04-2024,2024-25
INV/2024-25/011972,STU0157,Tuition Fee,3000,10-07-2024,30-06-2024,2024-25
INV/2023-24/002415,STU0141,Library Fee,500,16-04-2023,01-04-2023,2023-24
INV/2024-25/014392,STU0291,Tuition Fee,4000,07-03-2025,25-02-2025,2024-25
INV/2024-25/014872,STU0318,Tuition Fee,4000,08-09-2024,29-08-2024,2024-25
INV/2025-26/019395,STU0091,Library Fee,500,16-04-2025,01-04-2025,2025-26
INV/2023-24/000756,STU0045,Tuition Fee,2000,07-11-2023,28-10-2023,2023-24
INV/2025-26/022914,STU0287,Tuition Fee,4000,08-09-2025,29-08-2025,2025-26
INV/2023-24/003558,STU0205,Tuition Fee,3000,08-09-2023,29-08-2023,2023-24
INV/2024-25/016034,STU0382,Sports Fee,1500,16-04-2024,01-04-2024,2024-25
INV/2023-24/002437,STU0143,Tuition Fee,3000,11-04-2023,01-04-2023,2023-24
INV/2024-25/011374,STU0123,Exam Fee,375,13-10-2024,28-09-2024,2024-25
INV/2025-26/024878,STU0396,Tuition Fee,4000,07-11-2025,28-10-2025,2025-26
INV/2024-25/009279,STU0003,Tuition Fee,2000,09-08-2024,30-07-2024,2024-25
INV/2024-25/016466,STU0406,Sports Fee,1500,16-04-2024,01-04-2024,2024-25
INV/2025-26/019177,STU0079,Annual Fee,6000,16-04-2025,01-04-2025,2025-26
INV/2023-24/008582,STU0484,Tuition Fee,4000,07-11-2023,28-10-2023,2023-24
INV/2025-26/018560,STU0045,Tuition Fee,3000,07-11-2025,28-10-2025,2025-26
INV/2025-26/023971,STU0346,Tuition Fee,4000,11-04-2025,01-04-2025,2025-26
INV/2024-25/010475,STU0073,Tuition Fee,2000,05-02-2025,26-01-2025,2024-25
INV/2023-24/001772,STU0105,Tuition Fee,2000,10-07-2023,30-06-2023,2023-24
INV/2024-25/012223,STU0171,Tuition Fee,3000,10-06-2024,31-05-2024,2024-25
INV/2023-24/008186,STU0462,Tuition Fee,4000,07-11-2023,28-10-2023,2023-24
INV/2025-26/022415,STU0259,Tuition Fee,4000,05-02-2026,26-01-2026,2025-26
INV/2024-25/012622,STU0193,Tuition Fee,3000,08-09-2024,29-08-2024,2024-25
INV/2023-24/004137,STU0237,Tuition Fee,3000,07-12-2023,27-11-2023,2023-24
INV/2023-24/007826,STU0442,Tuition Fee,4000,07-11-2023,28-10-2023,2023-24
INV/2024-25/014130,STU0277,Tuition Fee,3000,11-05-2024,01-05-2024,2024-25
INV/2025-26/021978,STU0235,Tuition Fee,3000,08-09-2025,29-08-2025,2025-26
INV/2023-24/000453,STU0027,Tuition Fee,2000,05-02-2024,26-01-2024,2023-24
INV/2024-25/014476,STU0296,Tuition Fee,4000,08-09-2024,29-08-2024,2024-25
INV/2024-25/013659,STU0250,Exam Fee,375,16-04-2024,01-04-2024,2024-25
INV/2025-26/018206,STU0024,Sports Fee,1000,16-04-2025,01-04-2025,2025-26
INV/2023-24/005320,STU0303,Tuition Fee,3000,10-07-2023,30-06-2023,2023-24
INV/2024-25/014179,STU0279,Library Fee,500,16-04-2024,01-04-2024,2024-25
INV/2023-24/007470,STU0422,Tuition Fee,4000,06-03-2024,25-02-2024,2023-24
INV/2024-25/014592,STU0302,Lab Fee,2000,16-04-2024,01-04-2024,2024-25
INV/2024-25/009292,STU0004,Tuition Fee,2000,11-04-2024,01-04-2024,2024-25
INV/2025-26/023022,STU0293,Tuition Fee,4000,08-09-2025,29-08-2025,2025-26
INV/2023-24/000615,STU0037,Tuition Fee,2000,10-06-2023,31-05-2023,2023-24
INV/2024-25/012509,STU0187,Tuition Fee,3000,11-04-2024,01-04-2024,2024-25
INV/2024-25/016457,STU0406,Tuition Fee,4000,08-10-2024,28-09-2024,2024-25
INV/2025-26/023549,STU0322,Tuition Fee,4000,05-02-2026,26-01-2026,2025-26
INV/2024-25/010658,STU0084,Tuition Fee,3000,10-07-2024,30-06-2024,2024-25
INV/2025-26/018679,STU0052,Tuition Fee,3000,11-04-2025,01-04-2025,2025-26
INV/2024-25/014320,STU0287,Tuition Fee,4000,07-03-2025,25-02-2025,2024-25
INV/2023-24/008205,STU0463,Tuition Fee,4000,07-12-2023,27-11-2023,2023-24
INV/2024-25/013553,STU0245,Tuition Fee,3000,11-04-2024,01-04-2024,2024-25
INV/2024-25/011959,STU0156,Tuition Fee,3000,07-12-2024,27-11-2024,2024-25
INV/2023-24/004521,STU0258,Library Fee,500,16-04-2023,01-04-2023,2023-24
INV/2023-24/002193,STU0129,Tuition Fee,3000,07-12-2023,27-11-2023,2023-24
INV/2024-25/010766,STU0090,Tuition Fee,3000,10-07-2024,30-06-2024,2024-25
INV/2024-25/015857,STU0373,Tuition Fee,4000,11-04-2024,01-04-2024,2024-25
INV/2023-24/004800,STU0274,Tuition Fee,3000,08-09-2023,29-08-2023,2023-24
INV/2024-25/009455,STU0013,Tuition Fee,2000,05-02-2025,26-01-2025,2024-25
INV/2024-25/017622,STU0471,Tuition Fee,4000,11-05-2024,01-05-2024,2024-25
INV/2025-26/020040,STU0127,Tuition Fee,3000,07-03-2026,25-02-2026,2025-26
INV/2024-25/010860,STU0095,Tuition Fee,3000,07-11-2024,28-10-2024,2024-25
INV/2024-25/012482,STU0185,Tuition Fee,3000,06-01-2025,27-12-2024,2024-25
INV/2025-26/023510,STU0320,Tuition Fee,4000,07-11-2025,28-10-2025,2025-26
INV/2024-25/012891,STU0208,Tuition Fee,3000,09-08-2024,30-07-2024,2024-25
INV/2024-25/010659,STU0084,Tuition Fee,3000,09-08-2024,30-07-2024,2024-25
INV/2023-24/009207,STU0519,Tuition Fee,4000,10-06-2023,31-05-2023,2023-24
INV/2024-25/013835,STU0260,Annual Fee,6000,16-04-2024,01-04-2024,2024-25
INV/2023-24/009222,STU0519,Exam Fee,500,13-10-2023,28-09-2023,2023-24
INV/2023-24/007040,STU0398,Lab Fee,2000,16-04-2023,01-04-2023,2023-24
INV/2025-26/019579,STU0102,Tuition Fee,3000,11-04-2025,01-04-2025,2025-26
INV/2024-25/016709,STU0420,Tuition Fee,4000,08-10-2024,28-09-2024,2024-25
INV/2025-26/018500,STU0042,Tuition Fee,3000,11-05-2025,01-05-2025,2025-26
INV/2025-26/019179,STU0079,Library Fee,500,16-04-2025,01-04-2025,2025-26
INV/2024-25/015372,STU0346,Tuition Fee,4000,11-05-2024,01-05-2024,2024-25
INV/2025-26/022491,STU0263,Library Fee,1000,16-04-2025,01-04-2025,2025-26
INV/2025-26/019633,STU0105,Tuition Fee,3000,11-04-2025,01-04-2025,2025-26
INV/2023-24/007119,STU0403,Tuition Fee,4000,10-06-2023,31-05-2023,2023-24
INV/2023-24/000134,STU0008,Sports Fee,1000,16-04-2023,01-04-2023,2023-24
INV/2025-26/024087,STU0352,Tuition Fee,4000,07-12-2025,27-11-2025,2025-26
INV/2024-25/014461,STU0295,Tuition Fee,4000,07-12-2024,27-11-2024,2024-25
INV/2023-24/000152,STU0009,Exam Fee,250,16-04-2023,01-04-2023,2023-24
INV/2023-24/000023,STU0002,Tuition Fee,2000,08-09-2023,29-08-2023,2023-24
INV/2023-24/009215,STU0519,Tuition Fee,4000,05-02-2024,26-01-2024,2023-24
INV/2024-25/013018,STU0215,Tuition Fee,3000,08-09-2024,29-08-2024,2024-25
INV/2024-25/013419,STU0237,Tuition Fee,3000,05-02-2025,26-01-2025,2024-25
INV/2024-25/013672,STU0251,Tuition Fee,3000,07-03-2025,25-02-2025,2024-25
INV/2023-24/001944,STU0115,Tuition Fee,2000,08-09-2023,29-08-2023,2023-24
INV/2025-26/023565,STU0323,Tuition Fee,4000,07-12-2025,27-11-2025,2025-26
INV/2025-26/025232,STU0416,Tuition Fee,4000,11-05-2025,01-05-2025,2025-26
INV/2025-26/022727,STU0276,Exam Fee,500,16-04-2025,01-04-2025,2025-26
INV/2024-25/011854,STU0150,Tuition Fee,3000,07-03-2025,25-02-2025,2024-25
INV/2025-26/022335,STU0255,Tuition Fee,4000,10-06-2025,31-05-2025,2025-26
INV/2023-24/005369,STU0305,Exam Fee,375,16-04-2023,01-04-2023,2023-24
INV/2023-24/004371,STU0250,Tuition Fee,3000,07-12-2023,27-11-2023,2023-24
INV/2025-26/022934,STU0288,Tuition Fee,4000,07-11-2025,28-10-2025,2025-26
INV/2024-25/013453,STU0239,Tuition Fee,3000,07-12-2024,27-11-2024,2024-25
INV/2025-26/024068,STU0351,Tuition Fee,4000,07-11-2025,28-10-2025,2025-26
INV/2023-24/003337,STU0193,Tuition Fee,3000,11-04-2023,01-04-2023,2023-24
INV/2023-24/004478,STU0256,Tuition Fee,3000,07-11-2023,28-10-2023,2023-24
INV/2024-25/009837,STU0036,Tuition Fee,2000,11-05-2024,01-05-2024,2024-25
INV/2024-25/015898,STU0375,Tuition Fee,4000,08-09-2024,29-08-2024,2024-25
INV/2023-24/003649,STU0210,Tuition Fee,3000,08-10-2023,28-09-2023,2023-24
INV/2023-24/006406,STU0363,Tuition Fee,4000,06-01-2024,27-12-2023,2023-24
INV/2023-24/000711,STU0042,Library Fee,500,16-04-2023,01-04-2023,2023-24
INV/2024-25/010827,STU0093,Tuition Fee,3000,05-02-2025,26-01-2025,2024-25
INV/2023-24/005274,STU0300,Tuition Fee,3000,06-03-2024,25-02-2024,2023-24
INV/2023-24/000125,STU0008,Tuition Fee,2000,08-09-2023,29-08-2023,2023-24
INV/2024-25/012940,STU0210,Exam Fee,375,13-10-2024,28-09-2024,2024-25
INV/2023-24/008776,STU0495,Tuition Fee,4000,10-07-2023,30-06-2023,2023-24
INV/2025-26/023258,STU0306,Tuition Fee,4000,07-11-2025,28-10-2025,2025-26
INV/2023-24/000852,STU0051,Tuition Fee,2000,11-05-2023,01-05-2023,2023-24
INV/2025-26/023644,STU0327,Sports Fee,1500,16-04-2025,01-04-2025,2025-26
INV/2025-26/018462,STU0039,Exam Fee,250,16-04-2025,01-04-2025,2025-26
INV/2023-24/002090,STU0123,Lab Fee,1000,16-04-2023,01-04-2023,2023-24
INV/2025-26/020309,STU0142,Tuition Fee,3000,05-02-2026,26-01-2026,2025-26
INV/2025-26/021189,STU0191,Tuition Fee,3000,07-12-2025,27-11-2025,2025-26
INV/2023-24/002599,STU0152,Tuition Fee,3000,11-04-2023,01-04-2023,2023-24
INV/2025-26/023777,STU0335,Tuition Fee,4000,09-08-2025,30-07-2025,2025-26
INV/2025-26/024935,STU0399,Tuition Fee,4000,05-02-2026,26-01-2026,2025-26
INV/2024-25/014766,STU0312,Tuition Fee,4000,07-11-2024,28-10-2024,2024-25
INV/2025-26/024201,STU0358,Library Fee,1000,16-04-2025,01-04-2025,2025-26
INV/2023-24/000455,STU0027,Annual Fee,5000,16-04-2023,01-04-2023,2023-24
INV/2024-25/013054,STU0217,Tuition Fee,3000,08-09-2024,29-08-2024,2024-25
INV/2024-25/014167,STU0279,Tuition Fee,3000,10-06-2024,31-05-2024,2024-25
INV/2025-26/018436,STU0038,Tuition Fee,2000,08-10-2025,28-09-2025,2025-26
INV/2024-25/010415,STU0070,Tuition Fee,2000,11-05-2024,01-05-2024,2024-25
INV/2024-25/009726,STU0029,Tuition Fee,2000,06-01-2025,27-12-2024,2024-25
INV/2024-25/016712,STU0420,Tuition Fee,4000,06-01-2025,27-12-2024,2024-25
INV/2025-26/019961,STU0123,Tuition Fee,3000,09-08-2025,30-07-2025,2025-26
INV/2023-24/003498,STU0201,Exam Fee,375,13-10-2023,28-09-2023,2023-24
INV/2025-26/023088,STU0296,Exam Fee,500,13-10-2025,28-09-2025,2025-26
INV/2025-26/021460,STU0206,Tuition Fee,3000,06-01-2026,27-12-2025,2025-26
INV/2023-24/000759,STU0045,Tuition Fee,2000,05-02-2024,26-01-2024,2023-24
INV/2023-24/005293,STU0301,Annual Fee,6000,16-04-2023,01-04-2023,2023-24
INV/2025-26/023334,STU0310,Tuition Fee,4000,07-03-2026,25-02-2026,2025-26
INV/2023-24/002861,STU0166,Tuition Fee,3000,05-02-2024,26-01-2024,2023-24
INV/2023-24/004009,STU0230,Tuition Fee,3000,08-10-2023,28-09-2023,2023-24
INV/2023-24/008690,STU0490,Tuition Fee,4000,07-11-2023,28-10-2023,2023-24
INV/2025-26/024001,STU0347,Annual Fee,8000,16-04-2025,01-04-2025,2025-26
INV/2023-24/000934,STU0055,Exam Fee,250,16-04-2023,01-04-2023,2023-24
INV/2025-26/019326,STU0087,Exam Fee,375,13-10-2025,28-09-2025,2025-26
INV/2023-24/002824,STU0164,Tuition Fee,3000,06-01-2024,27-12-2023,2023-24
INV/2024-25/010299,STU0063,Tuition Fee,2000,09-08-2024,30-07-2024,2024-25
INV/2024-25/010257,STU0060,Library Fee,500,16-04-2024,01-04-2024,2024-25
INV/2024-25/017502,STU0464,Tuition Fee,4000,07-11-2024,28-10-2024,2024-25
INV/2024-25/013141,STU0222,Tuition Fee,3000,10-06-2024,31-05-2024,2024-25
INV/2024-25/016041,STU0383,Tuition Fee,4000,09-08-2024,30-07-2024,2024-25
INV/2023-24/006360,STU0360,Exam Fee,500,13-10-2023,28-09-2023,2023-24
INV/2024-25/017140,STU0444,Tuition Fee,4000,08-09-2024,29-08-2024,2024-25
INV/2023-24/007078,STU0400,Sports Fee,1500,16-04-2023,01-04-2023,2023-24
INV/2023-24/007602,STU0429,Exam Fee,500,13-10-2023,28-09-2023,2023-24
INV/2025-26/019704,STU0108,Exam Fee,375,13-10-2025,28-09-2025,2025-26
INV/2025-26/022575,STU0268,Tuition Fee,4000,07-12-2025,27-11-2025,2025-26
INV/2025-26/019184,STU0080,Tuition Fee,3000,11-05-2025,01-05-2025,2025-26
INV/2024-25/014933,STU0321,Annual Fee,8000,16-04-2024,01-04-2024,2024-25
INV/2023-24/000063,STU0004,Tuition Fee,2000,06-03-2024,25-02-2024,2023-24
INV/2024-25/009575,STU0020,Tuition Fee,2000,07-03-2025,25-02-2025,2024-25
INV/2025-26/020098,STU0130,Sports Fee,1000,16-04-2025,01-04-2025,2025-26
INV/2024-25/016956,STU0434,Tuition Fee,4000,11-05-2024,01-05-2024,2024-25
INV/2023-24/006385,STU0362,Tuition Fee,4000,08-10-2023,28-09-2023,2023-24
INV/2024-25/010468,STU0073,Tuition Fee,2000,10-07-2024,30-06-2024,2024-25
INV/2024-25/013360,STU0234,Tuition Fee,3000,08-09-2024,29-08-2024,2024-25
INV/2023-24/007773,STU0439,Tuition Fee,4000,07-12-2023,27-11-2023,2023-24
INV/2023-24/006041,STU0343,Tuition Fee,4000,09-08-2023,30-07-2023,2023-24
INV/2024-25/015574,STU0357,Tuition Fee,4000,08-09-2024,29-08-2024,2024-25
INV/2024-25/015419,STU0348,Annual Fee,8000,16-04-2024,01-04-2024,2024-25
INV/2023-24/001547,STU0091,Exam Fee,250,13-10-2023,28-09-2023,2023-24
INV/2023-24/007016,STU0397,Tuition Fee,4000,07-11-2023,28-10-2023,2023-24
INV/2024-25/013294,STU0230,Tuition Fee,3000,07-03-2025,25-02-2025,2024-25
INV/2023-24/002285,STU0134,Tuition Fee,3000,05-02-2024,26-01-2024,2023-24
INV/2025-26/019161,STU0078,Library Fee,500,16-04-2025,01-04-2025,2025-26
INV/2023-24/007227,STU0409,Tuition Fee,4000,10-06-2023,31-05-2023,2023-24
INV/2023-24/004903,STU0280,Tuition Fee,3000,11-04-2023,01-04-2023,2023-24
INV/2024-25/016527,STU0410,Tuition Fee,4000,09-08-2024,30-07-2024,2024-25
INV/2024-25/016572,STU0412,Lab Fee,2000,16-04-2024,01-04-2024,2024-25
INV/2025-26/021086,STU0185,Lab Fee,1000,16-04-2025,01-04-2025,2025-26
INV/2025-26/023908,STU0342,Tuition Fee,4000,06-01-2026,27-12-2025,2025-26
INV/2024-25/016154,STU0389,Tuition Fee,4000,06-01-2025,27-12-2024,2024-25
INV/2024-25/011192,STU0113,Sports Fee,1000,16-04-2024,01-04-2024,2024-25
INV/2023-24/004490,STU0257,Tuition Fee,3000,11-05-2023,01-05-2023,2023-24
INV/2024-25/010387,STU0068,Tuition Fee,2000,07-11-2024,28-10-2024,2024-25
INV/2024-25/013997,STU0269,Annual Fee,6000,16-04-2024,01-04-2024,2024-25
INV/2025-26/017838,STU0003,Tuition Fee,2000,10-07-2025,30-06-2025,2025-26
INV/2024-25/015446,STU0350,Tuition Fee,4000,10-07-2024,30-06-2024,2024-25
INV/2024-25/011394,STU0125,Tuition Fee,3000,11-05-2024,01-05-2024,2024-25
INV/2025-26/021611,STU0214,Exam Fee,375,16-04-2025,01-04-2025,2025-26
INV/2023-24/005926,STU0336,Sports Fee,1500,16-04-2023,01-04-2023,2023-24
INV/2024-25/013297,STU0230,Library Fee,500,16-04-2024,01-04-2024,2024-25
INV/2023-24/008716,STU0491,Sports Fee,1500,16-04-2023,01-04-2023,2023-24
INV/2023-24/008185,STU0462,Tuition Fee,4000,08-10-2023,28-09-2023,2023-24
INV/2024-25/014340,STU0288,Lab Fee,2000,16-04-2024,01-04-2024,2024-25
INV/2025-26/019526,STU0099,Tuition Fee,3000,11-05-2025,01-05-2025,2025-26
INV/2025-26/022272,STU0251,Tuition Fee,4000,07-03-2026,25-02-2026,2025-26
INV/2024-25/016283,STU0396,Annual Fee,8000,16-04-2024,01-04-2024,2024-25
INV/2025-26/025680,STU0440,Exam Fee,500,13-10-2025,28-09-2025,2025-26
INV/2025-26/019404,STU0092,Tuition Fee,3000,08-09-2025,29-08-2025,2025-26
INV/2024-25/016113,STU0387,Tuition Fee,4000,09-08-2024,30-07-2024,2024-25
INV/2025-26/024054,STU0350,Tuition Fee,4000,07-03-2026,25-02-2026,2025-26
INV/2024-25/011041,STU0105,Tuition Fee,3000,07-12-2024,27-11-2024,2024-25
INV/2023-24/004506,STU0257,Exam Fee,375,13-10-2023,28-09-2023,2023-24
INV/2024-25/011022,STU0104,Tuition Fee,3000,07-11-2024,28-10-2024,2024-25
INV/2024-25/009962,STU0043,Tuition Fee,2000,07-11-2024,28-10-2024,2024-25
INV/2023-24/004278,STU0245,Tuition Fee,3000,08-09-2023,29-08-2023,2023-24
INV/2023-24/003281,STU0189,Exam Fee,375,16-04-2023,01-04-2023,2023-24
INV/2024-25/015087,STU0330,Tuition Fee,4000,09-08-2024,30-07-2024,2024-25
INV/2023-24/002961,STU0172,Tuition Fee,3000,10-06-2023,31-05-2023,2023-24
INV/2025-26/025051,STU0406,Tuition Fee,4000,11-04-2025,01-04-2025,2025-26
INV/2025-26/019781,STU0113,Tuition Fee,3000,09-08-2025,30-07-2025,2025-26
INV/2023-24/003901,STU0224,Tuition Fee,3000,08-10-2023,28-09-2023,2023-24
INV/2024-25/013615,STU0248,Tuition Fee,3000,07-12-2024,27-11-2024,2024-25
INV/2024-25/017229,STU0449,Tuition Fee,4000,09-08-2024,30-07-2024,2024-25
INV/2023-24/008741,STU0493,Tuition Fee,4000,09-08-2023,30-07-2023,2023-24
INV/2025-26/023301,STU0308,Library Fee,1000,16-04-2025,01-04-2025,2025-26
INV/2025-26/019835,STU0116,Tuition Fee,3000,09-08-2025,30-07-2025,2025-26
INV/2025-26/022866,STU0284,Tuition Fee,4000,07-03-2026,25-02-2026,2025-26
INV/2024-25/010910,STU0098,Tuition Fee,3000,10-07-2024,30-06-2024,2024-25
INV/2025-26/018639,STU0049,Library Fee,500,16-04-2025,01-04-2025,2025-26
INV/2025-26/018245,STU0027,Tuition Fee,2000,10-06-2025,31-05-2025,2025-26
INV/2023-24/005605,STU0319,Tuition Fee,3000,11-04-2023,01-04-2023,2023-24
INV/2025-26/024467,STU0373,Tuition Fee,4000,05-02-2026,26-01-2026,2025-26
INV/2024-25/012387,STU0180,Tuition Fee,3000,09-08-2024,30-07-2024,2024-25
INV/2023-24/007140,STU0404,Tuition Fee,4000,08-09-2023,29-08-2023,2023-24
INV/2025-26/025511,STU0431,Tuition Fee,4000,05-02-2026,26-01-2026,2025-26
INV/2024-25/010168,STU0055,Tuition Fee,2000,06-01-2025,27-12-2024,2024-25
INV/2025-26/022705,STU0275,Annual Fee,8000,16-04-2025,01-04-2025,2025-26
INV/2025-26/019165,STU0079,Tuition Fee,3000,11-04-2025,01-04-2025,2025-26
INV/2024-25/009631,STU0023,Exam Fee,250,13-10-2024,28-09-2024,2024-25
INV/2025-26/021396,STU0202,Exam Fee,375,13-10-2025,28-09-2025,2025-26
INV/2024-25/010260,STU0060,Exam Fee,250,13-10-2024,28-09-2024,2024-25
INV/2025-26/020117,STU0131,Exam Fee,375,16-04-2025,01-04-2025,2025-26
INV/2023-24/001389,STU0082,Tuition Fee,2000,06-03-2024,25-02-2024,2023-24
INV/2024-25/010676,STU0085,Tuition Fee,3000,10-07-2024,30-06-2024,2024-25
INV/2025-26/022830,STU0282,Tuition Fee,4000,07-03-2026,25-02-2026,2025-26
INV/2023-24/006919,STU0392,Tuition Fee,4000,11-04-2023,01-04-2023,2023-24
INV/2024-25/015232,STU0338,Tuition Fee,4000,08-09-2024,29-08-2024,2024-25
INV/2024-25/011964,STU0156,Lab Fee,1000,16-04-2024,01-04-2024,2024-25
INV/2025-26/025512,STU0431,Tuition Fee,4000,07-03-2026,25-02-2026,2025-26
INV/2025-26/021066,STU0184,Tuition Fee,3000,07-03-2026,25-02-2026,2025-26
INV/2025-26/022071,STU0240,Tuition Fee,3000,07-12-2025,27-11-2025,2025-26
INV/2025-26/021210,STU0192,Tuition Fee,3000,07-03-2026,25-02-2026,2025-26
INV/2023-24/008867,STU0500,Tuition Fee,4000,09-08-2023,30-07-2023,2023-24
INV/2025-26/018445,STU0038,Exam Fee,250,16-04-2025,01-04-2025,2025-26
INV/2025-26/019922,STU0121,Tuition Fee,3000,11-05-2025,01-05-2025,2025-26
INV/2023-24/001800,STU0106,Sports Fee,1000,16-04-2023,01-04-2023,2023-24
INV/2023-24/009029,STU0509,Tuition Fee,4000,09-08-2023,30-07-2023,2023-24
INV/2025-26/019830,STU0115,Exam Fee,375,13-10-2025,28-09-2025,2025-26
INV/2025-26/020712,STU0164,Exam Fee,375,13-10-2025,28-09-2025,2025-26
INV/2024-25/011024,STU0104,Tuition Fee,3000,06-01-2025,27-12-2024,2024-25
INV/2025-26/023077,STU0296,Tuition Fee,4000,08-10-2025,28-09-2025,2025-26
INV/2025-26/024981,STU0402,Tuition Fee,4000,10-06-2025,31-05-2025,2025-26
INV/2023-24/002166,STU0127,Exam Fee,375,13-10-2023,28-09-2023,2023-24
INV/2025-26/023281,STU0307,Annual Fee,8000,16-04-2025,01-04-2025,2025-26
INV/2023-24/008364,STU0472,Tuition Fee,4000,08-09-2023,29-08-2023,2023-24
INV/2023-24/003692,STU0212,Lab Fee,1000,16-04-2023,01-04-2023,2023-24
INV/2023-24/000340,STU0020,Exam Fee,250,13-10-2023,28-09-2023,2023-24
INV/2023-24/002577,STU0150,Library Fee,500,16-04-2023,01-04-2023,2023-24
INV/2023-24/000224,STU0014,Tuition Fee,2000,10-06-2023,31-05-2023,2023-24
INV/2025-26/018101,STU0018,Tuition Fee,2000,07-03-2026,25-02-2026,2025-26
INV/2025-26/020168,STU0134,Lab Fee,1000,16-04-2025,01-04-2025,2025-26
INV/2025-26/024038,STU0349,Lab Fee,2000,16-04-2025,01-04-2025,2025-26
INV/2024-25/017506,STU0464,Tuition Fee,4000,07-03-2025,25-02-2025,2024-25
INV/2024-25/015207,STU0336,Exam Fee,500,16-04-2024,01-04-2024,2024-25
INV/2025-26/021115,STU0187,Tuition Fee,3000,08-10-2025,28-09-2025,2025-26
INV/2023-24/005495,STU0312,Exam Fee,375,16-04-2023,01-04-2023,2023-24
INV/2024-25/012319,STU0176,Tuition Fee,3000,07-12-2024,27-11-2024,2024-25
INV/2025-26/018713,STU0053,Exam Fee,375,16-04-2025,01-04-2025,2025-26
INV/2025-26/022384,STU0257,Sports Fee,1500,16-04-2025,01-04-2025,2025-26
INV/2023-24/000568,STU0034,Tuition Fee,2000,08-10-2023,28-09-2023,2023-24
INV/2024-25/011505,STU0131,Tuition Fee,3000,09-08-2024,30-07-2024,2024-25
INV/2025-26/020233,STU0138,Tuition Fee,3000,08-10-2025,28-09-2025,2025-26
INV/2024-25/010075,STU0050,Tuition Fee,2000,11-05-2024,01-05-2024,2024-25
INV/2024-25/014734,STU0310,Tuition Fee,4000,07-03-2025,25-02-2025,2024-25
INV/2023-24/003184,STU0184,Tuition Fee,3000,06-01-2024,27-12-2023,2023-24
INV/2023-24/006567,STU0372,Tuition Fee,4000,07-12-2023,27-11-2023,2023-24
INV/2024-25/016171,STU0390,Tuition Fee,4000,07-12-2024,27-11-2024,2024-25
INV/2023-24/006306,STU0357,Exam Fee,500,13-10-2023,28-09-2023,2023-24
INV/2025-26/019396,STU0091,Sports Fee,1000,16-04-2025,01-04-2025,2025-26
INV/2023-24/004153,STU0238,Tuition Fee,3000,08-10-2023,28-09-2023,2023-24
INV/2024-25/012322,STU0176,Tuition Fee,3000,07-03-2025,25-02-2025,2024-25
INV/2025-26/022675,STU0274,Tuition Fee,4000,11-04-2025,01-04-2025,2025-26
INV/2024-25/012531,STU0188,Tuition Fee,3000,09-08-2024,30-07-2024,2024-25
INV/2024-25/013948,STU0266,Exam Fee,375,13-10-2024,28-09-2024,2024-25
INV/2025-26/019295,STU0086,Tuition Fee,3000,09-08-2025,30-07-2025,2025-26
INV/2024-25/012255,STU0172,Exam Fee,375,16-04-2024,01-04-2024,2024-25
INV/2025-26/025130,STU0410,Tuition Fee,4000,07-11-2025,28-10-2025,2025-26
INV/2025-26/022466,STU0262,Tuition Fee,4000,07-11-2025,28-10-2025,2025-26
INV/2025-26/023576,STU0324,Tuition Fee,4000,11-05-2025,01-05-2025,2025-26
INV/2025-26/020020,STU0126,Tuition Fee,3000,06-01-2026,27-12-2025,2025-26
INV/2024-25/016681,STU0418,Library Fee,1000,16-04-2024,01-04-2024,2024-25
INV/2023-24/002333,STU0137,Tuition Fee,3000,09-08-2023,30-07-2023,2023-24
INV/2025-26/021284,STU0196,Lab Fee,1000,16-04-2025,01-04-2025,2025-26
INV/2024-25/017366,STU0456,Sports Fee,1500,16-04-2024,01-04-2024,2024-25
INV/2023-24/006564,STU0372,Tuition Fee,4000,08-09-2023,29-08-2023,2023-24
INV/2025-26/025112,STU0409,Tuition Fee,4000,07-11-2025,28-10-2025,2025-26
INV/2024-25/015477,STU0351,Exam Fee,500,16-04-2024,01-04-2024,2024-25
INV/2025-26/023502,STU0319,Exam Fee,500,13-10-2025,28-09-2025,2025-26
INV/2023-24/000140,STU0009,Tuition Fee,2000,10-07-2023,30-06-2023,2023-24
INV/2023-24/006249,STU0354,Library Fee,1000,16-04-2023,01-04-2023,2023-24
INV/2025-26/018992,STU0069,Tuition Fee,3000,07-11-2025,28-10-2025,2025-26
INV/2023-24/008777,STU0495,Tuition Fee,4000,09-08-2023,30-07-2023,2023-24
INV/2024-25/016226,STU0393,Tuition Fee,4000,06-01-2025,27-12-2024,2024-25
INV/2025-26/024194,STU0358,Tuition Fee,4000,07-11-2025,28-10-2025,2025-26
INV/2023-24/007249,STU0410,Tuition Fee,4000,08-10-2023,28-09-2023,2023-24
INV/2025-26/023133,STU0299,Tuition Fee,4000,07-12-2025,27-11-2025,2025-26
INV/2023-24/003566,STU0205,Lab Fee,1000,16-04-2023,01-04-2023,2023-24
INV/2025-26/025392,STU0424,Exam Fee,500,13-10-2025,28-09-2025,2025-26
INV/2023-24/006074,STU0345,Tuition Fee,4000,11-05-2023,01-05-2023,2023-24
INV/2025-26/024626,STU0382,Tuition Fee,4000,07-11-2025,28-10-2025,2025-26
INV/2025-26/020509,STU0153,Annual Fee,6000,16-04-2025,01-04-2025,2025-26
INV/2024-25/010790,STU0091,Tuition Fee,3000,06-01-2025,27-12-2024,2024-25
INV/2023-24/009168,STU0516,Exam Fee,500,13-10-2023,28-09-2023,2023-24
INV/2025-26/020389,STU0147,Tuition Fee,3000,11-04-2025,01-04-2025,2025-26
INV/2024-25/016238,STU0394,Tuition Fee,4000,10-07-2024,30-06-2024,2024-25
INV/2023-24/001498,STU0089,Tuition Fee,2000,11-05-2023,01-05-2023,2023-24
INV/2024-25/016240,STU0394,Tuition Fee,4000,08-09-2024,29-08-2024,2024-25
INV/2024-25/011492,STU0130,Tuition Fee,3000,06-01-2025,27-12-2024,2024-25
INV/2023-24/003130,STU0181,Tuition Fee,3000,06-01-2024,27-12-2023,2023-24
INV/2024-25/009654,STU0025,Tuition Fee,2000,08-09-2024,29-08-2024,2024-25
INV/2025-26/018526,STU0043,Tuition Fee,3000,06-01-2026,27-12-2025,2025-26
INV/2025-26/020566,STU0156,Sports Fee,1000,16-04-2025,01-04-2025,2025-26
INV/2024-25/016201,STU0392,Tuition Fee,4000,10-06-2024,31-05-2024,2024-25
INV/2024-25/013744,STU0255,Tuition Fee,3000,07-03-2025,25-02-2025,2024-25
INV/2024-25/016227,STU0393,Tuition Fee,4000,05-02-2025,26-01-2025,2024-25
INV/2024-25/010151,STU0054,Tuition Fee,2000,06-01-2025,27-12-2024,2024-25
INV/2023-24/001968,STU0116,Annual Fee,5000,16-04-2023,01-04-2023,2023-24
INV/2023-24/001880,STU0111,Tuition Fee,2000,06-01-2024,27-12-2023,2023-24
INV/2023-24/005023,STU0286,Annual Fee,6000,16-04-2023,01-04-2023,2023-24
INV/2024-25/017468,STU0462,Tuition Fee,4000,06-01-2025,27-12-2024,2024-25
INV/2024-25/013287,STU0230,Tuition Fee,3000,09-08-2024,30-07-2024,2024-25
INV/2024-25/015908,STU0375,Sports Fee,1500,16-04-2024,01-04-2024,2024-25
INV/2025-26/023960,STU0345,Tuition Fee,4000,07-11-2025,28-10-2025,2025-26
INV/2023-24/003128,STU0181,Tuition Fee,3000,07-11-2023,28-10-2023,2023-24
INV/2024-25/013606,STU0247,Exam Fee,375,13-10-2024,28-09-2024,2024-25
INV/2023-24/000978,STU0058,Tuition Fee,2000,07-12-2023,27-11-2023,2023-24
INV/2024-25/014856,STU0317,Tuition Fee,4000,07-11-2024,28-10-2024,2024-25
INV/2023-24/007837,STU0443,Tuition Fee,4000,11-04-2023,01-04-2023,2023-24
INV/2025-26/024934,STU0399,Tuition Fee,4000,06-01-2026,27-12-2025,2025-26
INV/2023-24/002960,STU0172,Tuition Fee,3000,11-05-2023,01-05-2023,2023-24
INV/2025-26/019132,STU0077,Tuition Fee,3000,10-07-2025,30-06-2025,2025-26
INV/2024-25/017138,STU0444,Tuition Fee,4000,10-07-2024,30-06-2024,2024-25
INV/2024-25/011791,STU0147,Tuition Fee,3000,10-06-2024,31-05-2024,2024-25
INV/2023-24/001484,STU0088,Tuition Fee,2000,09-08-2023,30-07-2023,2023-24
INV/2023-24/008833,STU0498,Tuition Fee,4000,08-10-2023,28-09-2023,2023-24
INV/2024-25/015604,STU0358,Exam Fee,500,13-10-2024,28-09-2024,2024-25
INV/2024-25/017420,STU0459,Sports Fee,1500,16-04-2024,01-04-2024,2024-25
INV/2025-26/018370,STU0034,Tuition Fee,2000,07-12-2025,27-11-2025,2025-26
INV/2023-24/004605,STU0263,Tuition Fee,3000,07-12-2023,27-11-2023,2023-24
INV/2024-25/011879,STU0152,Tuition Fee,3000,11-04-2024,01-04-2024,2024-25
INV/2024-25/012631,STU0193,Library Fee,500,16-04-2024,01-04-2024,2024-25
INV/2025-26/022497,STU0264,Tuition Fee,4000,10-06-2025,31-05-2025,2025-26
INV/2024-25/013783,STU0257,Library Fee,500,16-04-2024,01-04-2024,2024-25
INV/2023-24/003436,STU0198,Tuition Fee,3000,06-01-2024,27-12-2023,2023-24
INV/2023-24/006065,STU0344,Tuition Fee,4000,05-02-2024,26-01-2024,2023-24
INV/2024-25/017715,STU0476,Tuition Fee,4000,09-08-2024,30-07-2024,2024-25
INV/2025-26/020608,STU0159,Tuition Fee,3000,10-07-2025,30-06-2025,2025-26
INV/2023-24/005451,STU0310,Tuition Fee,3000,07-12-2023,27-11-2023,2023-24
INV/2025-26/024848,STU0394,Lab Fee,2000,16-04-2025,01-04-2025,2025-26
INV/2024-25/009749,STU0030,Exam Fee,250,16-04-2024,01-04-2024,2024-25
INV/2023-24/001611,STU0095,Annual Fee,5000,16-04-2023,01-04-2023,2023-24
INV/2024-25/017053,STU0439,Tuition Fee,4000,07-12-2024,27-11-2024,2024-25
INV/2023-24/004876,STU0278,Tuition Fee,3000,06-01-2024,27-12-2023,2023-24
INV/2025-26/018181,STU0023,Tuition Fee,2000,08-10-2025,28-09-2025,2025-26
INV/2025-26/021948,STU0233,Tuition Fee,3000,07-03-2026,25-02-2026,2025-26
INV/2024-25/014810,STU0314,Sports Fee,1500,16-04-2024,01-04-2024,2024-25
INV/2025-26/023984,STU0346,Lab Fee,2000,16-04-2025,01-04-2025,2025-26
INV/2025-26/024733,STU0388,Tuition Fee,4000,08-10-2025,28-09-2025,2025-26
INV/2023-24/004349,STU0249,Tuition Fee,3000,09-08-2023,30-07-2023,2023-24
INV/2024-25/014477,STU0296,Tuition Fee,4000,08-10-2024,28-09-2024,2024-25
INV/2025-26/020927,STU0176,Exam Fee,375,16-04-2025,01-04-2025,2025-26
INV/2025-26/024949,STU0400,Tuition Fee,4000,08-10-2025,28-09-2025,2025-26
INV/2024-25/009501,STU0016,Tuition Fee,2000,08-09-2024,29-08-2024,2024-25
INV/2023-24/001239,STU0073,Sports Fee,1000,16-04-2023,01-04-2023,2023-24
INV/2024-25/012385,STU0180,Tuition Fee,3000,10-06-2024,31-05-2024,2024-25
INV/2024-25/010187,STU0056,Tuition Fee,2000,07-03-2025,25-02-2025,2024-25
INV/2024-25/016352,STU0400,Tuition Fee,4000,06-01-2025,27-12-2024,2024-25
INV/2023-24/001518,STU0090,Tuition Fee,2000,09-08-2023,30-07-2023,2023-24
INV/2024-25/017454,STU0461,Lab Fee,2000,16-04-2024,01-04-2024,2024-25
INV/2024-25/017238,STU0449,Lab Fee,2000,16-04-2024,01-04-2024,2024-25
INV/2024-25/014597,STU0303,Tuition Fee,4000,11-04-2024,01-04-2024,2024-25
INV/2023-24/001104,STU0065,Exam Fee,250,16-04-2023,01-04-2023,2023-24
INV/2023-24/008354,STU0471,Lab Fee,2000,16-04-2023,01-04-2023,2023-24
INV/2024-25/009533,STU0018,Tuition Fee,2000,10-07-2024,30-06-2024,2024-25
INV/2025-26/018760,STU0056,Tuition Fee,3000,06-01-2026,27-12-2025,2025-26
INV/2025-26/021150,STU0189,Tuition Fee,3000,08-09-2025,29-08-2025,2025-26
INV/2024-25/013340,STU0233,Tuition Fee,3000,10-07-2024,30-06-2024,2024-25
INV/2025-26/021781,STU0224,Tuition Fee,3000,08-10-2025,28-09-2025,2025-26
INV/2023-24/000767,STU0046,Tuition Fee,2000,11-05-2023,01-05-2023,2023-24
INV/2024-25/015795,STU0369,Tuition Fee,4000,05-02-2025,26-01-2025,2024-25
INV/2025-26/022997,STU0291,Exam Fee,500,16-04-2025,01-04-2025,2025-26
INV/2023-24/006254,STU0355,Tuition Fee,4000,11-05-2023,01-05-2023,2023-24
INV/2023-24/000570,STU0034,Tuition Fee,2000,07-12-2023,27-11-2023,2023-24
INV/2023-24/004933,STU0281,Annual Fee,6000,16-04-2023,01-04-2023,2023-24
INV/2024-25/015705,STU0364,Tuition Fee,4000,05-02-2025,26-01-2025,2024-25
INV/2025-26/022817,STU0281,Exam Fee,500,16-04-2025,01-04-2025,2025-26
INV/2024-25/011887,STU0152,Tuition Fee,3000,07-12-2024,27-11-2024,2024-25
INV/2025-26/021040,STU0183,Tuition Fee,3000,10-07-2025,30-06-2025,2025-26
INV/2024-25/017461,STU0462,Tuition Fee,4000,10-06-2024,31-05-2024,2024-25
INV/2025-26/019241,STU0083,Tuition Fee,3000,09-08-2025,30-07-2025,2025-26
INV/2023-24/008409,STU0474,Library Fee,1000,16-04-2023,01-04-2023,2023-24
INV/2023-24/006268,STU0355,Sports Fee,1500,16-04-2023,01-04-2023,2023-24
INV/2023-24/004683,STU0267,Library Fee,500,16-04-2023,01-04-2023,2023-24
INV/2025-26/024315,STU0365,Tuition Fee,4000,10-06-2025,31-05-2025,2025-26
INV/2023-24/000346,STU0021,Tuition Fee,2000,08-09-2023,29-08-2023,2023-24
INV/2024-25/011730,STU0143,Lab Fee,1000,16-04-2024,01-04-2024,2024-25
INV/2023-24/001522,STU0090,Tuition Fee,2000,07-12-2023,27-11-2023,2023-24
INV/2023-24/000995,STU0059,Tuition Fee,2000,07-12-2023,27-11-2023,2023-24
INV/2023-24/001275,STU0075,Exam Fee,250,13-10-2023,28-09-2023,2023-24
INV/2025-26/025522,STU0432,Tuition Fee,4000,10-07-2025,30-06-2025,2025-26
INV/2025-26/025220,STU0415,Tuition Fee,4000,07-11-2025,28-10-2025,2025-26
INV/2025-26/019470,STU0095,Exam Fee,375,13-10-2025,28-09-2025,2025-26
INV/2025-26/021806,STU0225,Lab Fee,1000,16-04-2025,01-04-2025,2025-26
INV/2023-24/008743,STU0493,Tuition Fee,4000,08-10-2023,28-09-2023,2023-24
INV/2025-26/021956,STU0234,Tuition Fee,3000,11-05-2025,01-05-2025,2025-26
INV/2023-24/007135,STU0404,Tuition Fee,4000,11-04-2023,01-04-2023,2023-24
INV/2024-25/012764,STU0201,Tuition Fee,3000,10-07-2024,30-06-2024,2024-25
INV/2024-25/011011,STU0103,Library Fee,500,16-04-2024,01-04-2024,2024-25
INV/2025-26/019580,STU0102,Tuition Fee,3000,11-05-2025,01-05-2025,2025-26
INV/2024-25/014033,STU0271,Annual Fee,6000,16-04-2024,01-04-2024,2024-25
INV/2025-26/024389,STU0369,Tuition Fee,4000,09-08-2025,30-07-2025,2025-26
INV/2023-24/000064,STU0004,Annual Fee,5000,16-04-2023,01-04-2023,2023-24
INV/2024-25/016024,STU0382,Tuition Fee,4000,08-09-2024,29-08-2024,2024-25
INV/2024-25/011054,STU0106,Tuition Fee,3000,10-07-2024,30-06-2024,2024-25
INV/2025-26/025468,STU0429,Tuition Fee,4000,10-07-2025,30-06-2025,2025-26
INV/2024-25/011307,STU0120,Tuition Fee,3000,09-08-2024,30-07-2024,2024-25
INV/2023-24/008638,STU0487,Tuition Fee,4000,06-01-2024,27-12-2023,2023-24
INV/2025-26/023415,STU0315,Tuition Fee,4000,10-06-2025,31-05-2025,2025-26
INV/2025-26/022370,STU0257,Tuition Fee,4000,11-05-2025,01-05-2025,2025-26
INV/2023-24/006123,STU0347,Library Fee,1000,16-04-2023,01-04-2023,2023-24
INV/2023-24/005693,STU0323,Exam Fee,500,16-04-2023,01-04-2023,2023-24
INV/2023-24/006929,STU0392,Tuition Fee,4000,05-02-2024,26-01-2024,2023-24
INV/2023-24/006947,STU0393,Tuition Fee,4000,05-02-2024,26-01-2024,2023-24
INV/2024-25/014329,STU0288,Tuition Fee,4000,10-06-2024,31-05-2024,2024-25
INV/2023-24/000280,STU0017,Tuition Fee,2000,07-11-2023,28-10-2023,2023-24
INV/2024-25/013651,STU0250,Tuition Fee,3000,07-12-2024,27-11-2024,2024-25
INV/2025-26/025121,STU0409,Exam Fee,500,16-04-2025,01-04-2025,2025-26
INV/2025-26/022915,STU0287,Tuition Fee,4000,08-10-2025,28-09-2025,2025-26
INV/2025-26/019414,STU0092,Sports Fee,1000,16-04-2025,01-04-2025,2025-26
INV/2023-24/008207,STU0463,Tuition Fee,4000,05-02-2024,26-01-2024,2023-24
INV/2023-24/006309,STU0358,Tuition Fee,4000,10-06-2023,31-05-2023,2023-24
INV/2025-26/025442,STU0427,Lab Fee,2000,16-04-2025,01-04-2025,2025-26
INV/2024-25/009755,STU0031,Tuition Fee,2000,09-08-2024,30-07-2024,2024-25
INV/2024-25/014530,STU0299,Tuition Fee,4000,08-09-2024,29-08-2024,2024-25
INV/2023-24/004388,STU0251,Tuition Fee,3000,07-11-2023,28-10-2023,2023-24
INV/2025-26/022167,STU0245,Library Fee,1000,16-04-2025,01-04-2025,2025-26
INV/2024-25/013991,STU0269,Tuition Fee,3000,08-10-2024,28-09-2024,2024-25
INV/2025-26/018986,STU0069,Tuition Fee,3000,11-05-2025,01-05-2025,2025-26
INV/2025-26/022534,STU0266,Tuition Fee,4000,10-07-2025,30-06-2025,2025-26
INV/2025-26/021695,STU0219,Tuition Fee,3000,05-02-2026,26-01-2026,2025-26
INV/2023-24/007169,STU0405,Exam Fee,500,16-04-2023,01-04-2023,2023-24
INV/2023-24/005160,STU0294,Tuition Fee,3000,08-09-2023,29-08-2023,2023-24
INV/2023-24/003399,STU0196,Tuition Fee,3000,07-12-2023,27-11-2023,2023-24
INV/2024-25/010816,STU0092,Exam Fee,375,13-10-2024,28-09-2024,2024-25
INV/2023-24/004256,STU0244,Tuition Fee,3000,11-05-2023,01-05-2023,2023-24
INV/2025-26/018812,STU0059,Tuition Fee,3000,07-11-2025,28-10-2025,2025-26
INV/2025-26/023018,STU0293,Tuition Fee,4000,11-05-2025,01-05-2025,2025-26
INV/2025-26/018959,STU0067,Tuition Fee,3000,05-02-2026,26-01-2026,2025-26
INV/2024-25/011823,STU0148,Exam Fee,375,16-04-2024,01-04-2024,2024-25
INV/2025-26/018795,STU0058,Tuition Fee,3000,07-12-2025,27-11-2025,2025-26
INV/2024-25/012990,STU0213,Lab Fee,1000,16-04-2024,01-04-2024,2024-25
INV/2023-24/002588,STU0151,Tuition Fee,3000,07-11-2023,28-10-2023,2023-24
INV/2025-26/024382,STU0368,Sports Fee,1500,16-04-2025,01-04-2025,2025-26
INV/2024-25/014798,STU0314,Tuition Fee,4000,10-07-2024,30-06-2024,2024-25
INV/2025-26/020522,STU0154,Tuition Fee,3000,07-11-2025,28-10-2025,2025-26
INV/2023-24/001153,STU0068,Library Fee,500,16-04-2023,01-04-2023,2023-24
INV/2024-25/016663,STU0417,Library Fee,1000,16-04-2024,01-04-2024,2024-25
INV/2024-25/017162,STU0445,Tuition Fee,4000,06-01-2025,27-12-2024,2024-25
INV/2024-25/011745,STU0144,Tuition Fee,3000,05-02-2025,26-01-2025,2024-25
INV/2023-24/008778,STU0495,Tuition Fee,4000,08-09-2023,29-08-2023,2023-24
INV/2025-26/017807,STU0001,Tuition Fee,2000,08-10-2025,28-09-2025,2025-26
INV/2025-26/024100,STU0353,Tuition Fee,4000,10-07-2025,30-06-2025,2025-26
INV/2025-26/023303,STU0308,Exam Fee,500,16-04-2025,01-04-2025,2025-26
INV/2023-24/003695,STU0212,Exam Fee,375,16-04-2023,01-04-2023,2023-24
INV/2025-26/018343,STU0032,Exam Fee,250,16-04-2025,01-04-2025,2025-26
INV/2024-25/016741,STU0422,Tuition Fee,4000,10-06-2024,31-05-2024,2024-25
INV/2023-24/004538,STU0259,Lab Fee,1000,16-04-2023,01-04-2023,2023-24
INV/2024-25/014161,STU0278,Library Fee,500,16-04-2024,01-04-2024,2024-25
INV/2023-24/008739,STU0493,Tuition Fee,4000,10-06-2023,31-05-2023,2023-24
INV/2025-26/019783,STU0113,Tuition Fee,3000,08-10-2025,28-09-2025,2025-26
INV/2025-26/021663,STU0217,Library Fee,500,16-04-2025,01-04-2025,2025-26
INV/2025-26/023991,STU0347,Tuition Fee,4000,10-06-2025,31-05-2025,2025-26
INV/2025-26/020666,STU0162,Tuition Fee,3000,07-11-2025,28-10-2025,2025-26
INV/2023-24/000472,STU0028,Annual Fee,5000,16-04-2023,01-04-2023,2023-24
INV/2025-26/022238,STU0249,Lab Fee,2000,16-04-2025,01-04-2025,2025-26
INV/2025-26/019322,STU0087,Lab Fee,1000,16-04-2025,01-04-2025,2025-26
INV/2023-24/008213,STU0463,Exam Fee,500,16-04-2023,01-04-2023,2023-24
INV/2023-24/002761,STU0161,Tuition Fee,3000,11-04-2023,01-04-2023,2023-24
INV/2025-26/023039,STU0294,Tuition Fee,4000,09-08-2025,30-07-2025,2025-26
INV/2023-24/006014,STU0341,Lab Fee,2000,16-04-2023,01-04-2023,2023-24
INV/2024-25/012159,STU0167,Tuition Fee,3000,05-02-2025,26-01-2025,2024-25
INV/2024-25/010068,STU0049,Tuition Fee,2000,07-03-2025,25-02-2025,2024-25
INV/2024-25/015852,STU0372,Lab Fee,2000,16-04-2024,01-04-2024,2024-25
INV/2023-24/004552,STU0260,Tuition Fee,3000,06-01-2024,27-12-2023,2023-24
INV/2024-25/009768,STU0032,Tuition Fee,2000,11-04-2024,01-04-2024,2024-25
INV/2024-25/013936,STU0266,Tuition Fee,3000,08-09-2024,29-08-2024,2024-25
INV/2023-24/006687,STU0379,Tuition Fee,4000,10-06-2023,31-05-2023,2023-24
INV/2023-24/007015,STU0397,Tuition Fee,4000,08-10-2023,28-09-2023,2023-24
INV/2023-24/001099,STU0065,Tuition Fee,2000,05-02-2024,26-01-2024,2023-24
INV/2025-26/024873,STU0396,Tuition Fee,4000,10-06-2025,31-05-2025,2025-26
INV/2023-24/006461,STU0366,Tuition Fee,4000,05-02-2024,26-01-2024,2023-24
INV/2024-25/009913,STU0040,Tuition Fee,2000,06-01-2025,27-12-2024,2024-25
INV/2024-25/011125,STU0110,Tuition Fee,3000,10-06-2024,31-05-2024,2024-25
INV/2024-25/017645,STU0472,Tuition Fee,4000,08-10-2024,28-09-2024,2024-25
INV/2025-26/022713,STU0276,Tuition Fee,4000,10-06-2025,31-05-2025,2025-26
INV/2025-26/023879,STU0340,Exam Fee,500,16-04-2025,01-04-2025,2025-26
INV/2024-25/009350,STU0007,Tuition Fee,2000,07-11-2024,28-10-2024,2024-25
INV/2025-26/019235,STU0082,Exam Fee,375,16-04-2025,01-04-2025,2025-26
INV/2025-26/021557,STU0211,Exam Fee,375,16-04-2025,01-04-2025,2025-26
INV/2025-26/024188,STU0358,Tuition Fee,4000,11-05-2025,01-05-2025,2025-26
INV/2023-24/009018,STU0508,Tuition Fee,4000,06-03-2024,25-02-2024,2023-24
INV/2023-24/006275,STU0356,Tuition Fee,4000,09-08-2023,30-07-2023,2023-24
INV/2023-24/001372,STU0081,Tuition Fee,2000,06-03-2024,25-02-2024,2023-24
INV/2024-25/016593,STU0413,Exam Fee,500,16-04-2024,01-04-2024,2024-25
INV/2025-26/018695,STU0052,Exam Fee,375,16-04-2025,01-04-2025,2025-26
INV/2023-24/008091,STU0457,Tuition Fee,4000,10-06-2023,31-05-2023,2023-24
INV/2025-26/020966,STU0179,Tuition Fee,3000,11-05-2025,01-05-2025,2025-26
INV/2025-26/024516,STU0376,Tuition Fee,4000,08-09-2025,29-08-2025,2025-26
INV/2024-25/014273,STU0285,Tuition Fee,4000,11-04-2024,01-04-2024,2024-25
INV/2024-25/013468,STU0240,Tuition Fee,3000,08-09-2024,29-08-2024,2024-25
INV/2024-25/013769,STU0257,Tuition Fee,3000,11-04-2024,01-04-2024,2024-25
INV/2025-26/023262,STU0306,Tuition Fee,4000,07-03-2026,25-02-2026,2025-26
INV/2024-25/009707,STU0028,Tuition Fee,2000,07-11-2024,28-10-2024,2024-25
INV/2024-25/016156,STU0389,Tuition Fee,4000,07-03-2025,25-02-2025,2024-25
INV/2025-26/022034,STU0238,Tuition Fee,3000,07-11-2025,28-10-2025,2025-26
INV/2023-24/001277,STU0076,Tuition Fee,2000,11-05-2023,01-05-2023,2023-24
INV/2024-25/010904,STU0097,Sports Fee,1000,16-04-2024,01-04-2024,2024-25
INV/2024-25/010145,STU0054,Tuition Fee,2000,10-07-2024,30-06-2024,2024-25
INV/2025-26/022476,STU0262,Exam Fee,500,13-10-2025,28-09-2025,2025-26
INV/2024-25/015496,STU0352,Exam Fee,500,13-10-2024,28-09-2024,2024-25
INV/2023-24/003189,STU0184,Library Fee,500,16-04-2023,01-04-2023,2023-24
INV/2025-26/018997,STU0069,Annual Fee,6000,16-04-2025,01-04-2025,2025-26
INV/2025-26/018714,STU0053,Exam Fee,375,13-10-2025,28-09-2025,2025-26
INV/2024-25/013080,STU0218,Lab Fee,1000,16-04-2024,01-04-2024,2024-25
INV/2023-24/003861,STU0222,Tuition Fee,3000,10-06-2023,31-05-2023,2023-24
INV/2023-24/007370,STU0417,Tuition Fee,4000,11-05-2023,01-05-2023,2023-24
INV/2025-26/024586,STU0380,Tuition Fee,4000,10-07-2025,30-06-2025,2025-26
INV/2025-26/022648,STU0272,Tuition Fee,4000,06-01-2026,27-12-2025,2025-26
INV/2025-26/022303,STU0253,Tuition Fee,4000,08-10-2025,28-09-2025,2025-26
INV/2025-26/022054,STU0239,Tuition Fee,3000,06-01-2026,27-12-2025,2025-26
INV/2023-24/001517,STU0090,Tuition Fee,2000,10-07-2023,30-06-2023,2023-24
INV/2024-25/014309,STU0287,Tuition Fee,4000,11-04-2024,01-04-2024,2024-25
INV/2025-26/019538,STU0099,Lab Fee,1000,16-04-2025,01-04-2025,2025-26
INV/2024-25/011817,STU0148,Tuition Fee,3000,05-02-2025,26-01-2025,2024-25
INV/2024-25/015756,STU0367,Tuition Fee,4000,07-11-2024,28-10-2024,2024-25
INV/2025-26/022720,STU0276,Tuition Fee,4000,06-01-2026,27-12-2025,2025-26
INV/2023-24/001671,STU0099,Tuition Fee,2000,09-08-2023,30-07-2023,2023-24
INV/2024-25/015445,STU0350,Tuition Fee,4000,10-06-2024,31-05-2024,2024-25
INV/2023-24/004055,STU0232,Exam Fee,375,16-04-2023,01-04-2023,2023-24
INV/2023-24/007304,STU0413,Tuition Fee,4000,07-11-2023,28-10-2023,2023-24
INV/2023-24/000622,STU0037,Tuition Fee,2000,06-01-2024,27-12-2023,2023-24
INV/2025-26/024446,STU0372,Tuition Fee,4000,07-11-2025,28-10-2025,2025-26
INV/2024-25/016478,STU0407,Tuition Fee,4000,06-01-2025,27-12-2024,2024-25
INV/2023-24/000959,STU0057,Tuition Fee,2000,08-10-2023,28-09-2023,2023-24
INV/2023-24/005068,STU0289,Tuition Fee,3000,10-07-2023,30-06-2023,2023-24
INV/2025-26/021593,STU0213,Exam Fee,375,16-04-2025,01-04-2025,2025-26
INV/2025-26/021436,STU0205,Tuition Fee,3000,10-07-2025,30-06-2025,2025-26
INV/2024-25/016662,STU0417,Lab Fee,2000,16-04-2024,01-04-2024,2024-25
INV/2024-25/015686,STU0363,Tuition Fee,4000,06-01-2025,27-12-2024,2024-25
INV/2024-25/017403,STU0458,Exam Fee,500,16-04-2024,01-04-2024,2024-25
INV/2024-25/010490,STU0074,Tuition Fee,2000,07-12-2024,27-11-2024,2024-25
INV/2023-24/005230,STU0298,Tuition Fee,3000,10-07-2023,30-06-2023,2023-24
INV/2024-25/016162,STU0389,Exam Fee,500,13-10-2024,28-09-2024,2024-25
INV/2025-26/022741,STU0277,Annual Fee,8000,16-04-2025,01-04-2025,2025-26
INV/2023-24/004372,STU0250,Tuition Fee,3000,06-01-2024,27-12-2023,2023-24
INV/2025-26/023724,STU0332,Tuition Fee,4000,08-09-2025,29-08-2025,2025-26
INV/2023-24/008746,STU0493,Tuition Fee,4000,06-01-2024,27-12-2023,2023-24
INV/2024-25/010179,STU0056,Tuition Fee,2000,10-07-2024,30-06-2024,2024-25
INV/2023-24/001024,STU0061,Tuition Fee,2000,10-07-2023,30-06-2023,2023-24
INV/2024-25/013648,STU0250,Tuition Fee,3000,08-09-2024,29-08-2024,2024-25
INV/2025-26/018482,STU0041,Tuition Fee,3000,11-05-2025,01-05-2025,2025-26
INV/2024-25/011061,STU0106,Tuition Fee,3000,05-02-2025,26-01-2025,2024-25
INV/2023-24/006280,STU0356,Tuition Fee,4000,06-01-2024,27-12-2023,2023-24
INV/2024-25/012158,STU0167,Tuition Fee,3000,06-01-2025,27-12-2024,2024-25
INV/2025-26/023286,STU0307,Exam Fee,500,13-10-2025,28-09-2025,2025-26
INV/2023-24/002403,STU0141,Tuition Fee,3000,10-06-2023,31-05-2023,2023-24
INV/2024-25/016325,STU0399,Tuition Fee,4000,11-04-2024,01-04-2024,2024-25
INV/2023-24/002630,STU0153,Lab Fee,1000,16-04-2023,01-04-2023,2023-24
INV/2024-25/015244,STU0338,Exam Fee,500,13-10-2024,28-09-2024,2024-25
INV/2023-24/004086,STU0234,Tuition Fee,3000,06-03-2024,25-02-2024,2023-24
INV/2023-24/003961,STU0227,Annual Fee,6000,16-04-2023,01-04-2023,2023-24
INV/2025-26/018155,STU0021,Sports Fee,1000,16-04-2025,01-04-2025,2025-26
INV/2024-25/016691,STU0419,Tuition Fee,4000,08-10-2024,28-09-2024,2024-25
INV/2023-24/004182,STU0239,Exam Fee,375,13-10-2023,28-09-2023,2023-24
INV/2023-24/004686,STU0267,Exam Fee,375,13-10-2023,28-09-2023,2023-24
INV/2023-24/002542,STU0148,Sports Fee,1000,16-04-2023,01-04-2023,2023-24
INV/2023-24/008122,STU0458,Sports Fee,1500,16-04-2023,01-04-2023,2023-24
INV/2023-24/003930,STU0225,Exam Fee,375,13-10-2023,28-09-2023,2023-24
INV/2024-25/014542,STU0299,Exam Fee,500,13-10-2024,28-09-2024,2024-25
INV/2023-24/004761,STU0272,Tuition Fee,3000,10-06-2023,31-05-2023,2023-24
INV/2023-24/007587,STU0429,Tuition Fee,4000,10-06-2023,31-05-2023,2023-24
INV/2024-25/012303,STU0175,Tuition Fee,3000,05-02-2025,26-01-2025,2024-25
INV/2025-26/023681,STU0329,Exam Fee,500,16-04-2025,01-04-2025,2025-26
INV/2023-24/002303,STU0135,Tuition Fee,3000,05-02-2024,26-01-2024,2023-24
INV/2023-24/006692,STU0379,Tuition Fee,4000,07-11-2023,28-10-2023,2023-24
INV/2023-24/004119,STU0236,Tuition Fee,3000,07-12-2023,27-11-2023,2023-24
INV/2025-26/021219,STU0193,Tuition Fee,3000,10-06-2025,31-05-2025,2025-26
INV/2025-26/025346,STU0422,Tuition Fee,4000,07-11-2025,28-10-2025,2025-26
INV/2025-26/024737,STU0388,Tuition Fee,4000,05-02-2026,26-01-2026,2025-26
INV/2025-26/017841,STU0003,Tuition Fee,2000,08-10-2025,28-09-2025,2025-26
INV/2023-24/001241,STU0073,Exam Fee,250,13-10-2023,28-09-2023,2023-24
INV/2023-24/000697,STU0041,Exam Fee,250,13-10-2023,28-09-2023,2023-24
INV/2023-24/001499,STU0089,Tuition Fee,2000,10-06-2023,31-05-2023,2023-24
INV/2025-26/025036,STU0405,Tuition Fee,4000,10-07-2025,30-06-2025,2025-26
INV/2023-24/003437,STU0198,Tuition Fee,3000,05-02-2024,26-01-2024,2023-24
INV/2025-26/019663,STU0106,Annual Fee,6000,16-04-2025,01-04-2025,2025-26
INV/2024-25/010948,STU0100,Tuition Fee,3000,08-09-2024,29-08-2024,2024-25
INV/2025-26/019921,STU0121,Tuition Fee,3000,11-04-2025,01-04-2025,2025-26
INV/2024-25/009800,STU0033,Exam Fee,250,16-04-2024,01-04-2024,2024-25
INV/2024-25/017103,STU0442,Tuition Fee,4000,09-08-2024,30-07-2024,2024-25
INV/2025-26/020920,STU0176,Tuition Fee,3000,06-01-2026,27-12-2025,2025-26
INV/2024-25/015525,STU0354,Tuition Fee,4000,05-02-2025,26-01-2025,2024-25
INV/2023-24/008281,STU0467,Annual Fee,8000,16-04-2023,01-04-2023,2023-24
INV/2025-26/020346,STU0144,Tuition Fee,3000,07-03-2026,25-02-2026,2025-26
INV/2024-25/011621,STU0137,Annual Fee,6000,16-04-2024,01-04-2024,2024-25
INV/2023-24/001002,STU0059,Exam Fee,250,16-04-2023,01-04-2023,2023-24
INV/2023-24/006667,STU0378,Tuition Fee,4000,11-04-2023,01-04-2023,2023-24
INV/2023-24/008329,STU0470,Tuition Fee,4000,08-10-2023,28-09-2023,2023-24
INV/2024-25/013525,STU0243,Tuition Fee,3000,07-12-2024,27-11-2024,2024-25
INV/2024-25/014544,STU0300,Tuition Fee,4000,11-05-2024,01-05-2024,2024-25
INV/2023-24/000954,STU0057,Tuition Fee,2000,11-05-2023,01-05-2023,2023-24
INV/2024-25/012051,STU0161,Tuition Fee,3000,05-02-2025,26-01-2025,2024-25
INV/2024-25/015032,STU0327,Tuition Fee,4000,10-07-2024,30-06-2024,2024-25
INV/2024-25/014707,STU0309,Tuition Fee,4000,10-06-2024,31-05-2024,2024-25
INV/2023-24/006604,STU0374,Tuition Fee,4000,06-01-2024,27-12-2023,2023-24
INV/2024-25/012880,STU0207,Tuition Fee,3000,07-03-2025,25-02-2025,2024-25
INV/2025-26/021955,STU0234,Tuition Fee,3000,11-04-2025,01-04-2025,2025-26
INV/2024-25/009273,STU0002,Exam Fee,250,16-04-2024,01-04-2024,2024-25
INV/2023-24/001972,STU0116,Exam Fee,250,13-10-2023,28-09-2023,2023-24
INV/2023-24/005740,STU0326,Tuition Fee,4000,06-01-2024,27-12-2023,2023-24
INV/2023-24/006004,STU0341,Tuition Fee,4000,10-07-2023,30-06-2023,2023-24
INV/2024-25/012710,STU0198,Tuition Fee,3000,10-07-2024,30-06-2024,2024-25
INV/2025-26/019794,STU0113,Exam Fee,375,13-10-2025,28-09-2025,2025-26
INV/2024-25/011414,STU0126,Tuition Fee,3000,10-07-2024,30-06-2024,2024-25
INV/2024-25/013906,STU0264,Tuition Fee,3000,07-03-2025,25-02-2025,2024-25
INV/2023-24/005756,STU0327,Tuition Fee,4000,07-11-2023,28-10-2023,2023-24
INV/2025-26/024391,STU0369,Tuition Fee,4000,08-10-2025,28-09-2025,2025-26
INV/2023-24/000158,STU0010,Tuition Fee,2000,09-08-2023,30-07-2023,2023-24
INV/2025-26/020467,STU0151,Tuition Fee,3000,08-10-2025,28-09-2025,2025-26
INV/2023-24/008902,STU0502,Tuition Fee,4000,10-07-2023,30-06-2023,2023-24
INV/2024-25/016704,STU0420,Tuition Fee,4000,11-05-2024,01-05-2024,2024-25
INV/2024-25/009324,STU0005,Exam Fee,250,16-04-2024,01-04-2024,2024-25
INV/2025-26/023096,STU0297,Tuition Fee,4000,07-11-2025,28-10-2025,2025-26
INV/2025-26/020998,STU0180,Sports Fee,1000,16-04-2025,01-04-2025,2025-26
INV/2024-25/012857,STU0206,Tuition Fee,3000,08-10-2024,28-09-2024,2024-25
INV/2023-24/002621,STU0153,Tuition Fee,3000,09-08-2023,30-07-2023,2023-24
INV/2025-26/025192,STU0413,Sports Fee,1500,16-04-2025,01-04-2025,2025-26
INV/2025-26/023901,STU0342,Tuition Fee,4000,10-06-2025,31-05-2025,2025-26
INV/2025-26/018266,STU0028,Tuition Fee,2000,08-10-2025,28-09-2025,2025-26
INV/2023-24/001840,STU0109,Tuition Fee,2000,10-07-2023,30-06-2023,2023-24
INV/2023-24/004868,STU0278,Tuition Fee,3000,11-05-2023,01-05-2023,2023-24
INV/2024-25/017243,STU0450,Tuition Fee,4000,11-04-2024,01-04-2024,2024-25
INV/2024-25/016723,STU0421,Tuition Fee,4000,10-06-2024,31-05-2024,2024-25
INV/2023-24/007127,STU0403,Tuition Fee,4000,05-02-2024,26-01-2024,2023-24
INV/2025-26/018450,STU0039,Tuition Fee,2000,10-07-2025,30-06-2025,2025-26
INV/2024-25/016444,STU0405,Tuition Fee,4000,07-03-2025,25-02-2025,2024-25
INV/2024-25/017667,STU0473,Tuition Fee,4000,05-02-2025,26-01-2025,2024-25
INV/2024-25/009573,STU0020,Tuition Fee,2000,06-01-2025,27-12-2024,2024-25
INV/2023-24/006335,STU0359,Tuition Fee,4000,05-02-2024,26-01-2024,2023-24
INV/2024-25/015382,STU0346,Tuition Fee,4000,07-03-2025,25-02-2025,2024-25
INV/2023-24/004111,STU0236,Tuition Fee,3000,11-04-2023,01-04-2023,2023-24
INV/2023-24/003403,STU0196,Annual Fee,6000,16-04-2023,01-04-2023,2023-24
INV/2023-24/002412,STU0141,Tuition Fee,3000,06-03-2024,25-02-2024,2023-24
INV/2024-25/016758,STU0423,Tuition Fee,4000,11-05-2024,01-05-2024,2024-25
INV/2023-24/006699,STU0379,Library Fee,1000,16-04-2023,01-04-2023,2023-24
INV/2025-26/021153,STU0189,Tuition Fee,3000,07-12-2025,27-11-2025,2025-26
INV/2023-24/002296,STU0135,Tuition Fee,3000,10-07-2023,30-06-2023,2023-24
INV/2025-26/018183,STU0023,Tuition Fee,2000,07-12-2025,27-11-2025,2025-26
INV/2025-26/022723,STU0276,Annual Fee,8000,16-04-2025,01-04-2025,2025-26
INV/2024-25/011249,STU0117,Tuition Fee,3000,11-04-2024,01-04-2024,2024-25
INV/2023-24/002798,STU0163,Tuition Fee,3000,11-05-2023,01-05-2023,2023-24
INV/2025-26/023035,STU0294,Tuition Fee,4000,11-04-2025,01-04-2025,2025-26
INV/2024-25/015779,STU0368,Annual Fee,8000,16-04-2024,01-04-2024,2024-25
INV/2024-25/010264,STU0061,Tuition Fee,2000,10-07-2024,30-06-2024,2024-25
INV/2025-26/021424,STU0204,Tuition Fee,3000,06-01-2026,27-12-2025,2025-26
INV/2023-24/007894,STU0446,Tuition Fee,4000,10-07-2023,30-06-2023,2023-24
INV/2023-24/001093,STU0065,Tuition Fee,2000,09-08-2023,30-07-2023,2023-24
INV/2025-26/020356,STU0145,Tuition Fee,3000,10-07-2025,30-06-2025,2025-26
INV/2025-26/021044,STU0183,Tuition Fee,3000,07-11-2025,28-10-2025,2025-26
INV/2024-25/015691,STU0363,Library Fee,1000,16-04-2024,01-04-2024,2024-25
INV/2023-24/005425,STU0309,Tuition Fee,3000,11-04-2023,01-04-2023,2023-24
INV/2025-26/022456,STU0261,Sports Fee,1500,16-04-2025,01-04-2025,2025-26
INV/2023-24/000590,STU0035,Tuition Fee,2000,06-03-2024,25-02-2024,2023-24
INV/2023-24/008480,STU0478,Lab Fee,2000,16-04-2023,01-04-2023,2023-24
INV/2024-25/016394,STU0402,Sports Fee,1500,16-04-2024,01-04-2024,2024-25
INV/2025-26/023179,STU0302,Tuition Fee,4000,11-04-2025,01-04-2025,2025-26
INV/2024-25/013279,STU0229,Library Fee,500,16-04-2024,01-04-2024,2024-25
INV/2024-25/017646,STU0472,Tuition Fee,4000,07-11-2024,28-10-2024,2024-25
INV/2023-24/003215,STU0186,Tuition Fee,3000,09-08-2023,30-07-2023,2023-24
INV/2025-26/017953,STU0009,Exam Fee,250,13-10-2025,28-09-2025,2025-26
INV/2023-24/004865,STU0277,Exam Fee,375,16-04-2023,01-04-2023,2023-24
INV/2023-24/001752,STU0104,Tuition Fee,2000,11-04-2023,01-04-2023,2023-24
INV/2025-26/025124,STU0410,Tuition Fee,4000,11-05-2025,01-05-2025,2025-26
INV/2023-24/009213,STU0519,Tuition Fee,4000,07-12-2023,27-11-2023,2023-24
INV/2023-24/002322,STU0136,Tuition Fee,3000,06-03-2024,25-02-2024,2023-24
INV/2023-24/004097,STU0235,Tuition Fee,3000,09-08-2023,30-07-2023,2023-24
INV/2025-26/024964,STU0401,Tuition Fee,4000,10-07-2025,30-06-2025,2025-26
INV/2025-26/019530,STU0099,Tuition Fee,3000,08-09-2025,29-08-2025,2025-26
INV/2023-24/004546,STU0260,Tuition Fee,3000,10-07-2023,30-06-2023,2023-24
INV/2024-25/010822,STU0093,Tuition Fee,3000,08-09-2024,29-08-2024,2024-25
INV/2023-24/001327,STU0079,Tuition Fee,2000,11-04-2023,01-04-2023,2023-24
INV/2024-25/013601,STU0247,Annual Fee,6000,16-04-2024,01-04-2024,2024-25
INV/2025-26/019221,STU0082,Tuition Fee,3000,10-06-2025,31-05-2025,2025-26
INV/2025-26/018213,STU0025,Tuition Fee,2000,09-08-2025,30-07-2025,2025-26
INV/2025-26/021133,STU0188,Tuition Fee,3000,08-10-2025,28-09-2025,2025-26
INV/2023-24/007781,STU0439,Exam Fee,500,16-04-2023,01-04-2023,2023-24
INV/2023-24/005825,STU0331,Tuition Fee,4000,09-08-2023,30-07-2023,2023-24
INV/2023-24/002096,STU0124,Tuition Fee,3000,11-05-2023,01-05-2023,2023-24
INV/2023-24/008376,STU0472,Exam Fee,500,13-10-2023,28-09-2023,2023-24
INV/2025-26/023014,STU0292,Sports Fee,1500,16-04-2025,01-04-2025,2025-26
INV/2025-26/021124,STU0187,Sports Fee,1000,16-04-2025,01-04-2025,2025-26
INV/2025-26/022813,STU0281,Annual Fee,8000,16-04-2025,01-04-2025,2025-26
INV/2023-24/009025,STU0509,Tuition Fee,4000,11-04-2023,01-04-2023,2023-24
INV/2024-25/011971,STU0157,Tuition Fee,3000,10-06-2024,31-05-2024,2024-25
INV/2025-26/021654,STU0217,Tuition Fee,3000,08-09-2025,29-08-2025,2025-26
INV/2025-26/020598,STU0158,Tuition Fee,3000,07-03-2026,25-02-2026,2025-26
INV/2024-25/013751,STU0256,Tuition Fee,3000,11-04-2024,01-04-2024,2024-25
INV/2025-26/020663,STU0162,Tuition Fee,3000,09-08-2025,30-07-2025,2025-26
INV/2025-26/018297,STU0030,Tuition Fee,2000,10-07-2025,30-06-2025,2025-26
INV/2025-26/021000,STU0180,Exam Fee,375,13-10-2025,28-09-2025,2025-26
INV/2025-26/025079,STU0407,Tuition Fee,4000,05-02-2026,26-01-2026,2025-26
INV/2024-25/013827,STU0260,Tuition Fee,3000,09-08-2024,30-07-2024,2024-25
INV/2023-24/007062,STU0399,Exam Fee,500,13-10-2023,28-09-2023,2023-24
INV/2023-24/002703,STU0157,Library Fee,500,16-04-2023,01-04-2023,2023-24
INV/2024-25/010144,STU0054,Tuition Fee,2000,10-06-2024,31-05-2024,2024-25
INV/2024-25/013420,STU0237,Tuition Fee,3000,07-03-2025,25-02-2025,2024-25
INV/2025-26/018179,STU0023,Tuition Fee,2000,09-08-2025,30-07-2025,2025-26
INV/2024-25/015988,STU0380,Tuition Fee,4000,08-09-2024,29-08-2024,2024-25
INV/2025-26/025123,STU0410,Tuition Fee,4000,11-04-2025,01-04-2025,2025-26
INV/2023-24/000201,STU0012,Library Fee,500,16-04-2023,01-04-2023,2023-24
INV/2023-24/009045,STU0510,Tuition Fee,4000,10-06-2023,31-05-2023,2023-24
INV/2025-26/024326,STU0365,Lab Fee,2000,16-04-2025,01-04-2025,2025-26
INV/2023-24/002563,STU0150,Tuition Fee,3000,11-04-2023,01-04-2023,2023-24
INV/2023-24/003194,STU0185,Tuition Fee,3000,11-05-2023,01-05-2023,2023-24
INV/2024-25/011908,STU0153,Tuition Fee,3000,07-03-2025,25-02-2025,2024-25
INV/2024-25/013735,STU0255,Tuition Fee,3000,10-06-2024,31-05-2024,2024-25
INV/2025-26/023134,STU0299,Tuition Fee,4000,06-01-2026,27-12-2025,2025-26
INV/2024-25/013726,STU0254,Tuition Fee,3000,07-03-2025,25-02-2025,2024-25
INV/2025-26/019130,STU0077,Tuition Fee,3000,11-05-2025,01-05-2025,2025-26
INV/2024-25/011080,STU0107,Tuition Fee,3000,07-03-2025,25-02-2025,2024-25
INV/2024-25/010279,STU0062,Tuition Fee,2000,11-05-2024,01-05-2024,2024-25
INV/2023-24/006527,STU0370,Tuition Fee,4000,09-08-2023,30-07-2023,2023-24
INV/2025-26/019986,STU0124,Tuition Fee,3000,07-03-2026,25-02-2026,2025-26
INV/2023-24/004452,STU0254,Exam Fee,375,13-10-2023,28-09-2023,2023-24
INV/2025-26/025197,STU0414,Tuition Fee,4000,10-06-2025,31-05-2025,2025-26
INV/2023-24/002813,STU0163,Exam Fee,375,16-04-2023,01-04-2023,2023-24
INV/2024-25/017541,STU0466,Tuition Fee,4000,05-02-2025,26-01-2025,2024-25
INV/2023-24/003233,STU0187,Tuition Fee,3000,09-08-2023,30-07-2023,2023-24
INV/2025-26/022643,STU0272,Tuition Fee,4000,09-08-2025,30-07-2025,2025-26
INV/2023-24/003539,STU0204,Tuition Fee,3000,09-08-2023,30-07-2023,2023-24
INV/2025-26/022258,STU0250,Sports Fee,1500,16-04-2025,01-04-2025,2025-26
INV/2023-24/004430,STU0253,Lab Fee,1000,16-04-2023,01-04-2023,2023-24
INV/2024-25/009430,STU0012,Tuition Fee,2000,10-06-2024,31-05-2024,2024-25
INV/2023-24/008209,STU0463,Annual Fee,8000,16-04-2023,01-04-2023,2023-24
INV/2025-26/021529,STU0210,Tuition Fee,3000,08-10-2025,28-09-2025,2025-26
INV/2024-25/017133,STU0443,Exam Fee,500,16-04-2024,01-04-2024,2024-25
INV/2025-26/021604,STU0214,Tuition Fee,3000,06-01-2026,27-12-2025,2025-26
INV/2025-26/018209,STU0025,Tuition Fee,2000,11-04-2025,01-04-2025,2025-26
INV/2023-24/001550,STU0092,Tuition Fee,2000,10-06-2023,31-05-2023,2023-24
INV/2024-25/014749,STU0311,Tuition Fee,4000,07-12-2024,27-11-2024,2024-25
INV/2024-25/017651,STU0472,Annual Fee,8000,16-04-2024,01-04-2024,2024-25
INV/2024-25/017609,STU0470,Tuition Fee,4000,08-10-2024,28-09-2024,2024-25
INV/2025-26/019649,STU0105,Exam Fee,375,16-04-2025,01-04-2025,2025-26
INV/2025-26/020451,STU0150,Tuition Fee,3000,07-12-2025,27-11-2025,2025-26
INV/2023-24/001638,STU0097,Tuition Fee,2000,08-09-2023,29-08-2023,2023-24
INV/2024-25/016367,STU0401,Tuition Fee,4000,08-10-2024,28-09-2024,2024-25
INV/2023-24/001753,STU0104,Tuition Fee,2000,11-05-2023,01-05-2023,2023-24
INV/2024-25/015218,STU0337,Tuition Fee,4000,06-01-2025,27-12-2024,2024-25
INV/2024-25/016140,STU0388,Lab Fee,2000,16-04-2024,01-04-2024,2024-25
INV/2023-24/007694,STU0435,Tuition Fee,4000,11-05-2023,01-05-2023,2023-24
INV/2023-24/000718,STU0043,Tuition Fee,2000,10-07-2023,30-06-2023,2023-24
INV/2025-26/018932,STU0066,Tuition Fee,3000,11-05-2025,01-05-2025,2025-26
INV/2025-26/018402,STU0036,Tuition Fee,2000,08-10-2025,28-09-2025,2025-26
INV/2023-24/007788,STU0440,Tuition Fee,4000,08-09-2023,29-08-2023,2023-24
INV/2025-26/020273,STU0140,Tuition Fee,3000,05-02-2026,26-01-2026,2025-26
INV/2023-24/005456,STU0310,Lab Fee,1000,16-04-2023,01-04-2023,2023-24
INV/2023-24/005820,STU0330,Exam Fee,500,13-10-2023,28-09-2023,2023-24
INV/2023-24/005905,STU0335,Annual Fee,8000,16-04-2023,01-04-2023,2023-24
INV/2024-25/017252,STU0450,Tuition Fee,4000,06-01-2025,27-12-2024,2024-25
INV/2023-24/004767,STU0272,Tuition Fee,3000,07-12-2023,27-11-2023,2023-24
INV/2025-26/020816,STU0170,Lab Fee,1000,16-04-2025,01-04-2025,2025-26
INV/2023-24/000209,STU0013,Tuition Fee,2000,09-08-2023,30-07-2023,2023-24
INV/2023-24/004525,STU0259,Tuition Fee,3000,11-04-2023,01-04-2023,2023-24
INV/2023-24/003851,STU0221,Tuition Fee,3000,05-02-2024,26-01-2024,2023-24
INV/2024-25/011481,STU0129,Exam Fee,375,16-04-2024,01-04-2024,2024-25
INV/2023-24/004922,STU0281,Tuition Fee,3000,11-05-2023,01-05-2023,2023-24
INV/2023-24/006420,STU0364,Tuition Fee,4000,08-09-2023,29-08-2023,2023-24
INV/2023-24/008822,STU0497,Lab Fee,2000,16-04-2023,01-04-2023,2023-24
INV/2025-26/022477,STU0263,Tuition Fee,4000,11-04-2025,01-04-2025,2025-26
INV/2024-25/017237,STU0449,Annual Fee,8000,16-04-2024,01-04-2024,2024-25
INV/2024-25/009985,STU0044,Library Fee,500,16-04-2024,01-04-2024,2024-25
INV/2023-24/004002,STU0229,Exam Fee,375,13-10-2023,28-09-2023,2023-24
INV/2024-25/015000,STU0325,Tuition Fee,4000,07-11-2024,28-10-2024,2024-25
INV/2025-26/023268,STU0306,Exam Fee,500,13-10-2025,28-09-2025,2025-26
INV/2025-26/023056,STU0295,Tuition Fee,4000,10-07-2025,30-06-2025,2025-26
INV/2023-24/003572,STU0206,Tuition Fee,3000,11-05-2023,01-05-2023,2023-24
INV/2025-26/018555,STU0045,Tuition Fee,3000,10-06-2025,31-05-2025,2025-26
INV/2023-24/007733,STU0437,Tuition Fee,4000,09-08-2023,30-07-2023,2023-24
INV/2023-24/004102,STU0235,Tuition Fee,3000,06-01-2024,27-12-2023,2023-24
INV/2023-24/005339,STU0304,Tuition Fee,3000,09-08-2023,30-07-2023,2023-24
INV/2024-25/010851,STU0094,Exam Fee,375,16-04-2024,01-04-2024,2024-25
INV/2024-25/014669,STU0307,Tuition Fee,4000,11-04-2024,01-04-2024,2024-25
INV/2023-24/002966,STU0172,Tuition Fee,3000,07-11-2023,28-10-2023,2023-24
INV/2024-25/014391,STU0291,Tuition Fee,4000,05-02-2025,26-01-2025,2024-25
INV/2024-25/014847,STU0316,Exam Fee,500,16-04-2024,01-04-2024,2024-25
INV/2025-26/019660,STU0106,Tuition Fee,3000,06-01-2026,27-12-2025,2025-26
INV/2023-24/003042,STU0176,Tuition Fee,3000,06-03-2024,25-02-2024,2023-24
INV/2024-25/016873,STU0429,Tuition Fee,4000,07-12-2024,27-11-2024,2024-25
INV/2024-25/011631,STU0138,Tuition Fee,3000,09-08-2024,30-07-2024,2024-25
INV/2023-24/001399,STU0083,Tuition Fee,2000,09-08-2023,30-07-2023,2023-24
INV/2024-25/013101,STU0219,Exam Fee,375,16-04-2024,01-04-2024,2024-25
INV/2024-25/010035,STU0047,Annual Fee,5000,16-04-2024,01-04-2024,2024-25
INV/2023-24/003582,STU0206,Tuition Fee,3000,06-03-2024,25-02-2024,2023-24
INV/2025-26/019469,STU0095,Exam Fee,375,16-04-2025,01-04-2025,2025-26
INV/2024-25/014907,STU0320,Tuition Fee,4000,09-08-2024,30-07-2024,2024-25
INV/2025-26/022803,STU0281,Tuition Fee,4000,10-06-2025,31-05-2025,2025-26
INV/2024-25/016305,STU0397,Exam Fee,500,16-04-2024,01-04-2024,2024-25
INV/2023-24/007380,STU0417,Tuition Fee,4000,06-03-2024,25-02-2024,2023-24
INV/2023-24/004275,STU0245,Tuition Fee,3000,10-06-2023,31-05-2023,2023-24
INV/2023-24/000791,STU0047,Tuition Fee,2000,07-12-2023,27-11-2023,2023-24
INV/2023-24/007112,STU0402,Lab Fee,2000,16-04-2023,01-04-2023,2023-24
INV/2024-25/012948,STU0211,Tuition Fee,3000,07-11-2024,28-10-2024,2024-25
INV/2023-24/000416,STU0025,Tuition Fee,2000,07-11-2023,28-10-2023,2023-24
INV/2024-25/015715,STU0365,Tuition Fee,4000,10-06-2024,31-05-2024,2024-25
INV/2023-24/003840,STU0220,Exam Fee,375,13-10-2023,28-09-2023,2023-24
INV/2024-25/009528,STU0017,Exam Fee,250,16-04-2024,01-04-2024,2024-25
INV/2025-26/018948,STU0066,Exam Fee,375,13-10-2025,28-09-2025,2025-26
INV/2025-26/023209,STU0303,Annual Fee,8000,16-04-2025,01-04-2025,2025-26
INV/2024-25/017134,STU0443,Exam Fee,500,13-10-2024,28-09-2024,2024-25
INV/2024-25/014873,STU0318,Tuition Fee,4000,08-10-2024,28-09-2024,2024-25
INV/2023-24/001237,STU0073,Annual Fee,5000,16-04-2023,01-04-2023,2023-24
INV/2023-24/006665,STU0377,Exam Fee,500,16-04-2023,01-04-2023,2023-24
INV/2024-25/014826,STU0315,Lab Fee,2000,16-04-2024,01-04-2024,2024-25
INV/2024-25/017347,STU0455,Library Fee,1000,16-04-2024,01-04-2024,2024-25
INV/2025-26/023550,STU0322,Tuition Fee,4000,07-03-2026,25-02-2026,2025-26
INV/2023-24/008659,STU0488,Annual Fee,8000,16-04-2023,01-04-2023,2023-24
INV/2025-26/025464,STU0428,Exam Fee,500,13-10-2025,28-09-2025,2025-26
INV/2023-24/009106,STU0513,Tuition Fee,4000,06-01-2024,27-12-2023,2023-24
INV/2024-25/012241,STU0172,Tuition Fee,3000,10-06-2024,31-05-2024,2024-25
INV/2024-25/015529,STU0354,Library Fee,1000,16-04-2024,01-04-2024,2024-25
INV/2025-26/020863,STU0173,Tuition Fee,3000,08-10-2025,28-09-2025,2025-26
INV/2025-26/023608,STU0325,Sports Fee,1500,16-04-2025,01-04-2025,2025-26
INV/2024-25/013326,STU0232,Tuition Fee,3000,07-11-2024,28-10-2024,2024-25
INV/2025-26/021774,STU0223,Exam Fee,375,13-10-2025,28-09-2025,2025-26
INV/2024-25/015276,STU0340,Lab Fee,2000,16-04-2024,01-04-2024,2024-25
INV/2024-25/014217,STU0281,Exam Fee,500,16-04-2024,01-04-2024,2024-25
INV/2025-26/022188,STU0246,Exam Fee,500,13-10-2025,28-09-2025,2025-26
INV/2023-24/007039,STU0398,Annual Fee,8000,16-04-2023,01-04-2023,2023-24
INV/2023-24/003887,STU0223,Tuition Fee,3000,05-02-2024,26-01-2024,2023-24
INV/2025-26/024524,STU0376,Lab Fee,2000,16-04-2025,01-04-2025,2025-26
INV/2024-25/009255,STU0001,Sports Fee,1000,16-04-2024,01-04-2024,2024-25
INV/2023-24/003944,STU0226,Lab Fee,1000,16-04-2023,01-04-2023,2023-24
INV/2023-24/006836,STU0387,Tuition Fee,4000,07-11-2023,28-10-2023,2023-24
INV/2025-26/022099,STU0242,Tuition Fee,4000,11-04-2025,01-04-2025,2025-26
INV/2023-24/003291,STU0190,Tuition Fee,3000,07-12-2023,27-11-2023,2023-24
INV/2025-26/023350,STU0311,Tuition Fee,4000,06-01-2026,27-12-2025,2025-26
INV/2025-26/019984,STU0124,Tuition Fee,3000,06-01-2026,27-12-2025,2025-26
INV/2023-24/005645,STU0321,Tuition Fee,4000,09-08-2023,30-07-2023,2023-24
INV/2025-26/020225,STU0137,Exam Fee,375,16-04-2025,01-04-2025,2025-26
INV/2025-26/019821,STU0115,Tuition Fee,3000,07-12-2025,27-11-2025,2025-26
INV/2023-24/006872,STU0389,Tuition Fee,4000,07-11-2023,28-10-2023,2023-24
INV/2023-24/006104,STU0346,Lab Fee,2000,16-04-2023,01-04-2023,2023-24
INV/2023-24/005817,STU0330,Library Fee,1000,16-04-2023,01-04-2023,2023-24
INV/2025-26/023962,STU0345,Tuition Fee,4000,06-01-2026,27-12-2025,2025-26
INV/2023-24/007455,STU0421,Library Fee,1000,16-04-2023,01-04-2023,2023-24
INV/2025-26/019174,STU0079,Tuition Fee,3000,06-01-2026,27-12-2025,2025-26
INV/2024-25/009823,STU0035,Tuition Fee,2000,09-08-2024,30-07-2024,2024-25
INV/2025-26/024538,STU0377,Tuition Fee,4000,06-01-2026,27-12-2025,2025-26
INV/2024-25/016130,STU0388,Tuition Fee,4000,10-07-2024,30-06-2024,2024-25
INV/2025-26/025534,STU0432,Sports Fee,1500,16-04-2025,01-04-2025,2025-26
INV/2025-26/021821,STU0226,Tuition Fee,3000,05-02-2026,26-01-2026,2025-26
INV/2024-25/017490,STU0463,Lab Fee,2000,16-04-2024,01-04-2024,2024-25
INV/2023-24/001180,STU0070,Tuition Fee,2000,08-10-2023,28-09-2023,2023-24
INV/2023-24/001346,STU0080,Tuition Fee,2000,10-06-2023,31-05-2023,2023-24
INV/2023-24/001619,STU0096,Tuition Fee,2000,10-07-2023,30-06-2023,2023-24
INV/2024-25/011549,STU0133,Annual Fee,6000,16-04-2024,01-04-2024,2024-25
INV/2023-24/000990,STU0059,Tuition Fee,2000,10-07-2023,30-06-2023,2023-24
INV/2025-26/025096,STU0408,Tuition Fee,4000,06-01-2026,27-12-2025,2025-26
INV/2024-25/014022,STU0271,Tuition Fee,3000,11-05-2024,01-05-2024,2024-25
INV/2024-25/014339,STU0288,Annual Fee,8000,16-04-2024,01-04-2024,2024-25
INV/2023-24/003771,STU0217,Tuition Fee,3000,10-06-2023,31-05-2023,2023-24
INV/2024-25/011827,STU0149,Tuition Fee,3000,10-06-2024,31-05-2024,2024-25
INV/2024-25/012306,STU0175,Lab Fee,1000,16-04-2024,01-04-2024,2024-25
INV/2025-26/021573,STU0212,Library Fee,500,16-04-2025,01-04-2025,2025-26
INV/2024-25/013255,STU0228,Tuition Fee,3000,07-12-2024,27-11-2024,2024-25
INV/2023-24/006886,STU0390,Tuition Fee,4000,10-07-2023,30-06-2023,2023-24
INV/2024-25/012603,STU0192,Tuition Fee,3000,09-08-2024,30-07-2024,2024-25
INV/2024-25/017452,STU0461,Tuition Fee,4000,07-03-2025,25-02-2025,2024-25
INV/2025-26/022836,STU0282,Exam Fee,500,13-10-2025,28-09-2025,2025-26
INV/2024-25/010699,STU0086,Tuition Fee,3000,07-12-2024,27-11-2024,2024-25
INV/2024-25/014103,STU0275,Tuition Fee,3000,05-02-2025,26-01-2025,2024-25
INV/2024-25/016954,STU0433,Exam Fee,500,13-10-2024,28-09-2024,2024-25
INV/2025-26/021770,STU0223,Lab Fee,1000,16-04-2025,01-04-2025,2025-26
INV/2023-24/002017,STU0119,Tuition Fee,2000,05-02-2024,26-01-2024,2023-24
INV/2023-24/002070,STU0122,Tuition Fee,3000,06-03-2024,25-02-2024,2023-24
INV/2023-24/001160,STU0069,Tuition Fee,2000,10-07-2023,30-06-2023,2023-24
INV/2025-26/018966,STU0067,Exam Fee,375,13-10-2025,28-09-2025,2025-26
INV/2025-26/020674,STU0162,Sports Fee,1000,16-04-2025,01-04-2025,2025-26
INV/2025-26/019871,STU0118,Tuition Fee,3000,09-08-2025,30-07-2025,2025-26
INV/2025-26/019607,STU0103,Tuition Fee,3000,05-02-2026,26-01-2026,2025-26
INV/2024-25/016119,STU0387,Tuition Fee,4000,05-02-2025,26-01-2025,2024-25
INV/2025-26/025420,STU0426,Tuition Fee,4000,06-01-2026,27-12-2025,2025-26
INV/2023-24/006725,STU0381,Tuition Fee,4000,09-08-2023,30-07-2023,2023-24
INV/2023-24/008625,STU0486,Library Fee,1000,16-04-2023,01-04-2023,2023-24
INV/2024-25/017505,STU0464,Tuition Fee,4000,05-02-2025,26-01-2025,2024-25
INV/2025-26/022126,STU0243,Tuition Fee,4000,06-01-2026,27-12-2025,2025-26
INV/2023-24/006081,STU0345,Tuition Fee,4000,07-12-2023,27-11-2023,2023-24
INV/2025-26/020296,STU0141,Sports Fee,1000,16-04-2025,01-04-2025,2025-26
INV/2023-24/001555,STU0092,Tuition Fee,2000,07-11-2023,28-10-2023,2023-24
INV/2023-24/009082,STU0512,Tuition Fee,4000,10-07-2023,30-06-2023,2023-24
INV/2024-25/011809,STU0148,Tuition Fee,3000,10-06-2024,31-05-2024,2024-25
INV/2023-24/000351,STU0021,Tuition Fee,2000,05-02-2024,26-01-2024,2023-24
INV/2024-25/011815,STU0148,Tuition Fee,3000,07-12-2024,27-11-2024,2024-25
INV/2024-25/016129,STU0388,Tuition Fee,4000,10-06-2024,31-05-2024,2024-25
INV/2023-24/006915,STU0391,Library Fee,1000,16-04-2023,01-04-2023,2023-24
INV/2023-24/004185,STU0240,Tuition Fee,3000,10-06-2023,31-05-2023,2023-24
INV/2024-25/013399,STU0236,Tuition Fee,3000,07-12-2024,27-11-2024,2024-25
INV/2025-26/020768,STU0168,Tuition Fee,3000,11-05-2025,01-05-2025,2025-26
INV/2023-24/006505,STU0369,Tuition Fee,4000,11-04-2023,01-04-2023,2023-24
INV/2023-24/001921,STU0113,Exam Fee,250,13-10-2023,28-09-2023,2023-24
INV/2024-25/011746,STU0144,Tuition Fee,3000,07-03-2025,25-02-2025,2024-25
INV/2024-25/013623,STU0248,Exam Fee,375,16-04-2024,01-04-2024,2024-25
INV/2025-26/022443,STU0261,Tuition Fee,4000,10-06-2025,31-05-2025,2025-26
INV/2024-25/011687,STU0141,Tuition Fee,3000,08-10-2024,28-09-2024,2024-25
INV/2025-26/024565,STU0379,Tuition Fee,4000,11-04-2025,01-04-2025,2025-26
INV/2025-26/019441,STU0094,Tuition Fee,3000,08-10-2025,28-09-2025,2025-26
INV/2024-25/014506,STU0297,Exam Fee,500,13-10-2024,28-09-2024,2024-25
INV/2023-24/004844,STU0276,Lab Fee,1000,16-04-2023,01-04-2023,2023-24
INV/2023-24/004251,STU0243,Library Fee,500,16-04-2023,01-04-2023,2023-24
INV/2023-24/006681,STU0378,Library Fee,1000,16-04-2023,01-04-2023,2023-24
INV/2024-25/015633,STU0360,Tuition Fee,4000,05-02-2025,26-01-2025,2024-25
INV/2023-24/000796,STU0047,Library Fee,500,16-04-2023,01-04-2023,2023-24
INV/2025-26/019009,STU0070,Tuition Fee,3000,08-10-2025,28-09-2025,2025-26
INV/2025-26/025521,STU0432,Tuition Fee,4000,10-06-2025,31-05-2025,2025-26
INV/2023-24/003084,STU0178,Exam Fee,375,13-10-2023,28-09-2023,2023-24
INV/2023-24/008829,STU0498,Tuition Fee,4000,10-06-2023,31-05-2023,2023-24
INV/2024-25/010186,STU0056,Tuition Fee,2000,05-02-2025,26-01-2025,2024-25
INV/2023-24/005239,STU0298,Annual Fee,6000,16-04-2023,01-04-2023,2023-24
INV/2025-26/021759,STU0223,Tuition Fee,3000,10-06-2025,31-05-2025,2025-26
INV/2025-26/021306,STU0197,Exam Fee,375,13-10-2025,28-09-2025,2025-26
INV/2024-25/017585,STU0469,Tuition Fee,4000,11-04-2024,01-04-2024,2024-25
INV/2024-25/016906,STU0431,Tuition Fee,4000,08-09-2024,29-08-2024,2024-25
INV/2023-24/008220,STU0464,Tuition Fee,4000,08-09-2023,29-08-2023,2023-24
INV/2024-25/011026,STU0104,Tuition Fee,3000,07-03-2025,25-02-2025,2024-25
INV/2024-25/017737,STU0477,Tuition Fee,4000,07-12-2024,27-11-2024,2024-25
INV/2023-24/006922,STU0392,Tuition Fee,4000,10-07-2023,30-06-2023,2023-24
INV/2023-24/003060,STU0177,Tuition Fee,3000,06-03-2024,25-02-2024,2023-24
INV/2025-26/022427,STU0260,Tuition Fee,4000,09-08-2025,30-07-2025,2025-26
INV/2025-26/024994,STU0402,Sports Fee,1500,16-04-2025,01-04-2025,2025-26
INV/2024-25/014047,STU0272,Tuition Fee,3000,07-12-2024,27-11-2024,2024-25
INV/2023-24/000240,STU0015,Tuition Fee,2000,11-05-2023,01-05-2023,2023-24
INV/2024-25/009463,STU0014,Tuition Fee,2000,11-05-2024,01-05-2024,2024-25
INV/2025-26/019627,STU0104,Annual Fee,6000,16-04-2025,01-04-2025,2025-26
INV/2025-26/024911,STU0398,Tuition Fee,4000,09-08-2025,30-07-2025,2025-26
INV/2025-26/021643,STU0216,Annual Fee,6000,16-04-2025,01-04-2025,2025-26
INV/2025-26/024727,STU0388,Tuition Fee,4000,11-04-2025,01-04-2025,2025-26
INV/2023-24/001305,STU0077,Annual Fee,5000,16-04-2023,01-04-2023,2023-24
INV/2025-26/020456,STU0150,Lab Fee,1000,16-04-2025,01-04-2025,2025-26
INV/2023-24/003554,STU0205,Tuition Fee,3000,11-05-2023,01-05-2023,2023-24
INV/2023-24/006149,STU0349,Tuition Fee,4000,09-08-2023,30-07-2023,2023-24
INV/2023-24/006691,STU0379,Tuition Fee,4000,08-10-2023,28-09-2023,2023-24
INV/2023-24/000275,STU0017,Tuition Fee,2000,10-06-2023,31-05-2023,2023-24
INV/2024-25/016213,STU0392,Library Fee,1000,16-04-2024,01-04-2024,2024-25
INV/2024-25/015151,STU0333,Library Fee,1000,16-04-2024,01-04-2024,2024-25
INV/2023-24/005613,STU0319,Tuition Fee,3000,07-12-2023,27-11-2023,2023-24
INV/2024-25/012803,STU0203,Tuition Fee,3000,08-10-2024,28-09-2024,2024-25
INV/2025-26/024079,STU0352,Tuition Fee,4000,11-04-2025,01-04-2025,2025-26
INV/2023-24/004512,STU0258,Tuition Fee,3000,08-09-2023,29-08-2023,2023-24
INV/2025-26/019519,STU0098,Annual Fee,6000,16-04-2025,01-04-2025,2025-26
INV/2023-24/004814,STU0275,Tuition Fee,3000,11-05-2023,01-05-2023,2023-24
INV/2024-25/016558,STU0411,Exam Fee,500,13-10-2024,28-09-2024,2024-25
INV/2024-25/014968,STU0323,Tuition Fee,4000,07-03-2025,25-02-2025,2024-25
INV/2024-25/011412,STU0126,Tuition Fee,3000,11-05-2024,01-05-2024,2024-25
INV/2023-24/001790,STU0106,Tuition Fee,2000,09-08-2023,30-07-2023,2023-24
INV/2024-25/009692,STU0027,Tuition Fee,2000,06-01-2025,27-12-2024,2024-25
INV/2024-25/011731,STU0143,Library Fee,500,16-04-2024,01-04-2024,2024-25
INV/2023-24/007624,STU0431,Tuition Fee,4000,10-07-2023,30-06-2023,2023-24
INV/2025-26/025059,STU0406,Tuition Fee,4000,07-12-2025,27-11-2025,2025-26
INV/2025-26/023089,STU0297,Tuition Fee,4000,11-04-2025,01-04-2025,2025-26
INV/2025-26/022471,STU0262,Annual Fee,8000,16-04-2025,01-04-2025,2025-26
INV/2023-24/004802,STU0274,Tuition Fee,3000,07-11-2023,28-10-2023,2023-24
INV/2025-26/022739,STU0277,Tuition Fee,4000,05-02-2026,26-01-2026,2025-26
INV/2024-25/017351,STU0456,Tuition Fee,4000,11-04-2024,01-04-2024,2024-25
INV/2024-25/009908,STU0040,Tuition Fee,2000,09-08-2024,30-07-2024,2024-25
INV/2024-25/017763,STU0478,Exam Fee,500,16-04-2024,01-04-2024,2024-25
INV/2024-25/012156,STU0167,Tuition Fee,3000,07-11-2024,28-10-2024,2024-25
INV/2025-26/022156,STU0245,Tuition Fee,4000,10-07-2025,30-06-2025,2025-26
INV/2025-26/023432,STU0316,Tuition Fee,4000,11-05-2025,01-05-2025,2025-26
INV/2024-25/016771,STU0423,Library Fee,1000,16-04-2024,01-04-2024,2024-25
INV/2023-24/002022,STU0119,Exam Fee,250,16-04-2023,01-04-2023,2023-24
INV/2023-24/004573,STU0261,Annual Fee,6000,16-04-2023,01-04-2023,2023-24
INV/2025-26/023484,STU0318,Exam Fee,500,13-10-2025,28-09-2025,2025-26
INV/2024-25/010712,STU0087,Tuition Fee,3000,10-07-2024,30-06-2024,2024-25
INV/2024-25/015051,STU0328,Tuition Fee,4000,09-08-2024,30-07-2024,2024-25
INV/2024-25/013254,STU0228,Tuition Fee,3000,07-11-2024,28-10-2024,2024-25
INV/2025-26/020436,STU0149,Tuition Fee,3000,07-03-2026,25-02-2026,2025-26
INV/2025-26/019077,STU0074,Tuition Fee,3000,10-06-2025,31-05-2025,2025-26
INV/2025-26/022742,STU0277,Lab Fee,2000,16-04-2025,01-04-2025,2025-26
INV/2024-25/012279,STU0174,Tuition Fee,3000,09-08-2024,30-07-2024,2024-25
INV/2024-25/016799,STU0425,Tuition Fee,4000,08-10-2024,28-09-2024,2024-25
INV/2025-26/019175,STU0079,Tuition Fee,3000,05-02-2026,26-01-2026,2025-26
INV/2023-24/006302,STU0357,Lab Fee,2000,16-04-2023,01-04-2023,2023-24
INV/2025-26/019752,STU0111,Tuition Fee,3000,07-03-2026,25-02-2026,2025-26
INV/2024-25/015618,STU0359,Lab Fee,2000,16-04-2024,01-04-2024,2024-25
INV/2023-24/005074,STU0289,Tuition Fee,3000,06-01-2024,27-12-2023,2023-24
INV/2024-25/011345,STU0122,Tuition Fee,3000,08-10-2024,28-09-2024,2024-25
INV/2023-24/003355,STU0194,Tuition Fee,3000,11-04-2023,01-04-2023,2023-24
INV/2025-26/024856,STU0395,Tuition Fee,4000,10-07-2025,30-06-2025,2025-26
INV/2024-25/017559,STU0467,Tuition Fee,4000,05-02-2025,26-01-2025,2024-25
INV/2025-26/019596,STU0102,Exam Fee,375,13-10-2025,28-09-2025,2025-26
INV/2024-25/013794,STU0258,Tuition Fee,3000,07-11-2024,28-10-2024,2024-25
INV/2024-25/014334,STU0288,Tuition Fee,4000,07-11-2024,28-10-2024,2024-25
INV/2024-25/009742,STU0030,Tuition Fee,2000,07-12-2024,27-11-2024,2024-25
INV/2023-24/002817,STU0164,Tuition Fee,3000,10-06-2023,31-05-2023,2023-24
INV/2024-25/015213,STU0337,Tuition Fee,4000,09-08-2024,30-07-2024,2024-25
INV/2023-24/005565,STU0316,Library Fee,500,16-04-2023,01-04-2023,2023-24
INV/2025-26/017902,STU0006,Exam Fee,250,13-10-2025,28-09-2025,2025-26
INV/2025-26/022833,STU0282,Library Fee,1000,16-04-2025,01-04-2025,2025-26
INV/2025-26/017972,STU0011,Tuition Fee,2000,11-05-2025,01-05-2025,2025-26
INV/2024-25/010573,STU0079,Tuition Fee,2000,08-10-2024,28-09-2024,2024-25
INV/2025-26/022450,STU0261,Tuition Fee,4000,06-01-2026,27-12-2025,2025-26
INV/2024-25/012104,STU0164,Tuition Fee,3000,06-01-2025,27-12-2024,2024-25
INV/2023-24/002999,STU0174,Tuition Fee,3000,09-08-2023,30-07-2023,2023-24
INV/2025-26/018497,STU0041,Exam Fee,375,16-04-2025,01-04-2025,2025-26
INV/2024-25/012039,STU0160,Exam Fee,375,16-04-2024,01-04-2024,2024-25
INV/2025-26/021413,STU0203,Exam Fee,375,16-04-2025,01-04-2025,2025-26
INV/2024-25/010724,STU0087,Sports Fee,1000,16-04-2024,01-04-2024,2024-25
INV/2023-24/007548,STU0426,Exam Fee,500,13-10-2023,28-09-2023,2023-24
INV/2023-24/009186,STU0517,Exam Fee,500,13-10-2023,28-09-2023,2023-24
INV/2024-25/011350,STU0122,Tuition Fee,3000,07-03-2025,25-02-2025,2024-25
INV/2023-24/006652,STU0377,Tuition Fee,4000,10-07-2023,30-06-2023,2023-24
INV/2023-24/009071,STU0511,Tuition Fee,4000,05-02-2024,26-01-2024,2023-24
INV/2024-25/011348,STU0122,Tuition Fee,3000,06-01-2025,27-12-2024,2024-25
INV/2023-24/005513,STU0313,Exam Fee,375,16-04-2023,01-04-2023,2023-24
INV/2023-24/006795,STU0385,Tuition Fee,4000,10-06-2023,31-05-2023,2023-24
INV/2024-25/017200,STU0447,Tuition Fee,4000,07-03-2025,25-02-2025,2024-25
INV/2025-26/024267,STU0362,Tuition Fee,4000,07-12-2025,27-11-2025,2025-26
INV/2024-25/011980,STU0157,Tuition Fee,3000,07-03-2025,25-02-2025,2024-25
INV/2023-24/005546,STU0315,Lab Fee,1000,16-04-2023,01-04-2023,2023-24
INV/2023-24/003601,STU0207,Annual Fee,6000,16-04-2023,01-04-2023,2023-24
INV/2024-25/009604,STU0022,Tuition Fee,2000,08-10-2024,28-09-2024,2024-25
INV/2024-25/013458,STU0239,Lab Fee,1000,16-04-2024,01-04-2024,2024-25
INV/2023-24/004075,STU0234,Tuition Fee,3000,11-04-2023,01-04-2023,2023-24
INV/2023-24/002527,STU0148,Tuition Fee,3000,11-04-2023,01-04-2023,2023-24
INV/2025-26/023422,STU0315,Tuition Fee,4000,06-01-2026,27-12-2025,2025-26
INV/2023-24/001901,STU0112,Library Fee,500,16-04-2023,01-04-2023,2023-24
INV/2025-26/023634,STU0327,Tuition Fee,4000,08-09-2025,29-08-2025,2025-26
INV/2024-25/012076,STU0162,Exam Fee,375,13-10-2024,28-09-2024,2024-25
INV/2024-25/011368,STU0123,Tuition Fee,3000,07-03-2025,25-02-2025,2024-25
INV/2025-26/019489,STU0097,Tuition Fee,3000,11-04-2025,01-04-2025,2025-26
INV/2025-26/023489,STU0319,Tuition Fee,4000,09-08-2025,30-07-2025,2025-26
INV/2024-25/015152,STU0333,Sports Fee,1500,16-04-2024,01-04-2024,2024-25
INV/2025-26/024125,STU0354,Tuition Fee,4000,05-02-2026,26-01-2026,2025-26
INV/2025-26/018625,STU0049,Tuition Fee,3000,11-04-2025,01-04-2025,2025-26
INV/2025-26/024419,STU0370,Exam Fee,500,16-04-2025,01-04-2025,2025-26
INV/2025-26/023389,STU0313,Annual Fee,8000,16-04-2025,01-04-2025,2025-26
INV/2023-24/009216,STU0519,Tuition Fee,4000,06-03-2024,25-02-2024,2023-24
INV/2023-24/006054,STU0343,Exam Fee,500,13-10-2023,28-09-2023,2023-24
INV/2023-24/005604,STU0318,Exam Fee,375,13-10-2023,28-09-2023,2023-24
INV/2025-26/024576,STU0379,Tuition Fee,4000,07-03-2026,25-02-2026,2025-26
INV/2023-24/008074,STU0456,Tuition Fee,4000,10-07-2023,30-06-2023,2023-24
INV/2023-24/009043,STU0510,Tuition Fee,4000,11-04-2023,01-04-2023,2023-24
INV/2023-24/003418,STU0197,Tuition Fee,3000,06-01-2024,27-12-2023,2023-24
INV/2023-24/008058,STU0455,Tuition Fee,4000,08-09-2023,29-08-2023,2023-24
INV/2023-24/004784,STU0273,Tuition Fee,3000,07-11-2023,28-10-2023,2023-24
INV/2024-25/010031,STU0047,Tuition Fee,2000,07-12-2024,27-11-2024,2024-25
INV/2023-24/005291,STU0301,Tuition Fee,3000,05-02-2024,26-01-2024,2023-24
INV/2024-25/013562,STU0245,Tuition Fee,3000,06-01-2025,27-12-2024,2024-25
INV/2025-26/022645,STU0272,Tuition Fee,4000,08-10-2025,28-09-2025,2025-26
INV/2023-24/005383,STU0306,Annual Fee,6000,16-04-2023,01-04-2023,2023-24
INV/2024-25/016654,STU0417,Tuition Fee,4000,08-09-2024,29-08-2024,2024-25
INV/2025-26/020144,STU0133,Tuition Fee,3000,07-11-2025,28-10-2025,2025-26
INV/2025-26/024049,STU0350,Tuition Fee,4000,08-10-2025,28-09-2025,2025-26
INV/2025-26/019756,STU0111,Sports Fee,1000,16-04-2025,01-04-2025,2025-26
INV/2025-26/024374,STU0368,Tuition Fee,4000,07-11-2025,28-10-2025,2025-26
INV/2023-24/006959,STU0394,Tuition Fee,4000,09-08-2023,30-07-2023,2023-24
INV/2024-25/012317,STU0176,Tuition Fee,3000,08-10-2024,28-09-2024,2024-25
INV/2024-25/010405,STU0069,Tuition Fee,2000,07-12-2024,27-11-2024,2024-25
INV/2023-24/003769,STU0217,Tuition Fee,3000,11-04-2023,01-04-2023,2023-24
INV/2025-26/020161,STU0134,Tuition Fee,3000,08-10-2025,28-09-2025,2025-26
INV/2024-25/011443,STU0127,Library Fee,500,16-04-2024,01-04-2024,2024-25
INV/2024-25/013514,STU0242,Sports Fee,1000,16-04-2024,01-04-2024,2024-25
INV/2024-25/010580,STU0079,Library Fee,500,16-04-2024,01-04-2024,2024-25
INV/2025-26/023488,STU0319,Tuition Fee,4000,10-07-2025,30-06-2025,2025-26
INV/2024-25/011709,STU0142,Tuition Fee,3000,05-02-2025,26-01-2025,2024-25
INV/2025-26/022663,STU0273,Tuition Fee,4000,08-10-2025,28-09-2025,2025-26
INV/2025-26/024746,STU0389,Tuition Fee,4000,11-05-2025,01-05-2025,2025-26
INV/2024-25/013349,STU0233,Annual Fee,6000,16-04-2024,01-04-2024,2024-25
INV/2023-24/000231,STU0014,Tuition Fee,2000,06-01-2024,27-12-2023,2023-24
INV/2023-24/007406,STU0419,Tuition Fee,4000,11-05-2023,01-05-2023,2023-24
INV/2024-25/011447,STU0128,Tuition Fee,3000,11-04-2024,01-04-2024,2024-25
INV/2024-25/013237,STU0227,Tuition Fee,3000,07-12-2024,27-11-2024,2024-25
INV/2024-25/012519,STU0187,Tuition Fee,3000,05-02-2025,26-01-2025,2024-25
INV/2023-24/004013,STU0230,Tuition Fee,3000,05-02-2024,26-01-2024,2023-24
INV/2025-26/020360,STU0145,Tuition Fee,3000,07-11-2025,28-10-2025,2025-26
INV/2024-25/016152,STU0389,Tuition Fee,4000,07-11-2024,28-10-2024,2024-25
INV/2023-24/006329,STU0359,Tuition Fee,4000,09-08-2023,30-07-2023,2023-24
INV/2025-26/018872,STU0062,Lab Fee,1000,16-04-2025,01-04-2025,2025-26
INV/2025-26/023900,STU0342,Tuition Fee,4000,11-05-2025,01-05-2025,2025-26
INV/2025-26/020403,STU0147,Library Fee,500,16-04-2025,01-04-2025,2025-26
INV/2024-25/012331,STU0177,Tuition Fee,3000,10-06-2024,31-05-2024,2024-25
INV/2023-24/008547,STU0482,Tuition Fee,4000,07-12-2023,27-11-2023,2023-24
INV/2023-24/002108,STU0124,Lab Fee,1000,16-04-2023,01-04-2023,2023-24
INV/2024-25/015682,STU0363,Tuition Fee,4000,08-09-2024,29-08-2024,2024-25
INV/2025-26/024637,STU0383,Tuition Fee,4000,11-04-2025,01-04-2025,2025-26
INV/2024-25/012949,STU0211,Tuition Fee,3000,07-12-2024,27-11-2024,2024-25
INV/2025-26/021527,STU0210,Tuition Fee,3000,09-08-2025,30-07-2025,2025-26
INV/2025-26/020514,STU0153,Exam Fee,375,13-10-2025,28-09-2025,2025-26
INV/2025-26/024006,STU0347,Exam Fee,500,13-10-2025,28-09-2025,2025-26
INV/2025-26/021777,STU0224,Tuition Fee,3000,10-06-2025,31-05-2025,2025-26
INV/2024-25/011104,STU0108,Exam Fee,375,13-10-2024,28-09-2024,2024-25
INV/2024-25/015318,STU0343,Tuition Fee,4000,11-05-2024,01-05-2024,2024-25
INV/2023-24/000130,STU0008,Tuition Fee,2000,05-02-2024,26-01-2024,2023-24
INV/2024-25/015848,STU0372,Tuition Fee,4000,06-01-2025,27-12-2024,2024-25
INV/2024-25/014717,STU0309,Annual Fee,8000,16-04-2024,01-04-2024,2024-25
INV/2025-26/019475,STU0096,Tuition Fee,3000,09-08-2025,30-07-2025,2025-26
INV/2023-24/008702,STU0491,Tuition Fee,4000,11-05-2023,01-05-2023,2023-24
INV/2025-26/019067,STU0073,Tuition Fee,3000,05-02-2026,26-01-2026,2025-26
INV/2023-24/003158,STU0183,Tuition Fee,3000,11-05-2023,01-05-2023,2023-24
INV/2023-24/005637,STU0320,Library Fee,500,16-04-2023,01-04-2023,2023-24
INV/2023-24/000084,STU0005,Exam Fee,250,16-04-2023,01-04-2023,2023-24
INV/2023-24/001634,STU0097,Tuition Fee,2000,11-05-2023,01-05-2023,2023-24
INV/2023-24/006234,STU0353,Exam Fee,500,13-10-2023,28-09-2023,2023-24
INV/2023-24/004258,STU0244,Tuition Fee,3000,10-07-2023,30-06-2023,2023-24
INV/2024-25/012054,STU0161,Lab Fee,1000,16-04-2024,01-04-2024,2024-25
INV/2024-25/016785,STU0424,Tuition Fee,4000,05-02-2025,26-01-2025,2024-25
INV/2025-26/021410,STU0203,Lab Fee,1000,16-04-2025,01-04-2025,2025-26
INV/2024-25/012469,STU0184,Library Fee,500,16-04-2024,01-04-2024,2024-25
INV/2024-25/012332,STU0177,Tuition Fee,3000,10-07-2024,30-06-2024,2024-25
INV/2023-24/006372,STU0361,Tuition Fee,4000,06-03-2024,25-02-2024,2023-24
INV/2024-25/015854,STU0372,Sports Fee,1500,16-04-2024,01-04-2024,2024-25
INV/2023-24/001019,STU0060,Exam Fee,250,16-04-2023,01-04-2023,2023-24
INV/2023-24/005791,STU0329,Tuition Fee,4000,08-10-2023,28-09-2023,2023-24
INV/2023-24/002602,STU0152,Tuition Fee,3000,10-07-2023,30-06-2023,2023-24
INV/2024-25/013504,STU0242,Tuition Fee,3000,08-09-2024,29-08-2024,2024-25
INV/2025-26/025204,STU0414,Tuition Fee,4000,06-01-2026,27-12-2025,2025-26
INV/2025-26/023551,STU0322,Annual Fee,8000,16-04-2025,01-04-2025,2025-26
INV/2024-25/016988,STU0435,Sports Fee,1500,16-04-2024,01-04-2024,2024-25
INV/2024-25/015615,STU0359,Tuition Fee,4000,05-02-2025,26-01-2025,2024-25
INV/2023-24/000903,STU0054,Tuition Fee,2000,11-05-2023,01-05-2023,2023-24
INV/2025-26/018447,STU0039,Tuition Fee,2000,11-04-2025,01-04-2025,2025-26
INV/2023-24/002142,STU0126,Tuition Fee,3000,06-03-2024,25-02-2024,2023-24
INV/2023-24/004934,STU0281,Lab Fee,1000,16-04-2023,01-04-2023,2023-24
INV/2025-26/023107,STU0298,Tuition Fee,4000,11-04-2025,01-04-2025,2025-26
INV/2024-25/014269,STU0284,Library Fee,1000,16-04-2024,01-04-2024,2024-25
INV/2024-25/013681,STU0252,Tuition Fee,3000,10-06-2024,31-05-2024,2024-25
INV/2025-26/022929,STU0288,Tuition Fee,4000,10-06-2025,31-05-2025,2025-26
INV/2024-25/015167,STU0334,Annual Fee,8000,16-04-2024,01-04-2024,2024-25
INV/2023-24/003595,STU0207,Tuition Fee,3000,08-10-2023,28-09-2023,2023-24
INV/2024-25/015532,STU0354,Exam Fee,500,13-10-2024,28-09-2024,2024-25
INV/2025-26/018137,STU0020,Library Fee,500,16-04-2025,01-04-2025,2025-26
INV/2023-24/004462,STU0255,Tuition Fee,3000,06-01-2024,27-12-2023,2023-24
INV/2023-24/007043,STU0398,Exam Fee,500,16-04-2023,01-04-2023,2023-24
INV/2023-24/006721,STU0381,Tuition Fee,4000,11-04-2023,01-04-2023,2023-24
INV/2024-25/015439,STU0349,Library Fee,1000,16-04-2024,01-04-2024,2024-25
INV/2025-26/019802,STU0114,Tuition Fee,3000,07-11-2025,28-10-2025,2025-26
INV/2024-25/016082,STU0385,Tuition Fee,4000,06-01-2025,27-12-2024,2024-25
INV/2023-24/003152,STU0182,Lab Fee,1000,16-04-2023,01-04-2023,2023-24
INV/2023-24/007002,STU0396,Tuition Fee,4000,06-03-2024,25-02-2024,2023-24
INV/2023-24/000788,STU0047,Tuition Fee,2000,08-09-2023,29-08-2023,2023-24
INV/2025-26/025648,STU0439,Tuition Fee,4000,10-07-2025,30-06-2025,2025-26
INV/2023-24/005231,STU0298,Tuition Fee,3000,09-08-2023,30-07-2023,2023-24
INV/2025-26/020742,STU0166,Tuition Fee,3000,07-03-2026,25-02-2026,2025-26
INV/2024-25/015808,STU0370,Tuition Fee,4000,08-09-2024,29-08-2024,2024-25
INV/2023-24/002321,STU0136,Tuition Fee,3000,05-02-2024,26-01-2024,2023-24
INV/2025-26/021809,STU0225,Exam Fee,375,16-04-2025,01-04-2025,2025-26
INV/2024-25/011586,STU0135,Lab Fee,1000,16-04-2024,01-04-2024,2024-25
INV/2023-24/002893,STU0168,Tuition Fee,3000,08-10-2023,28-09-2023,2023-24
INV/2023-24/007092,STU0401,Tuition Fee,4000,06-03-2024,25-02-2024,2023-24
INV/2023-24/004777,STU0273,Tuition Fee,3000,11-04-2023,01-04-2023,2023-24
INV/2024-25/014150,STU0278,Tuition Fee,3000,10-07-2024,30-06-2024,2024-25
INV/2025-26/019196,STU0080,Lab Fee,1000,16-04-2025,01-04-2025,2025-26
INV/2023-24/001311,STU0078,Tuition Fee,2000,11-05-2023,01-05-2023,2023-24
INV/2023-24/003032,STU0176,Tuition Fee,3000,11-05-2023,01-05-2023,2023-24
INV/2024-25/017799,STU0480,Exam Fee,500,16-04-2024,01-04-2024,2024-25
INV/2024-25/016025,STU0382,Tuition Fee,4000,08-10-2024,28-09-2024,2024-25
INV/2025-26/020563,STU0156,Annual Fee,6000,16-04-2025,01-04-2025,2025-26
INV/2023-24/006244,STU0354,Tuition Fee,4000,06-01-2024,27-12-2023,2023-24
INV/2025-26/025631,STU0438,Tuition Fee,4000,09-08-2025,30-07-2025,2025-26
INV/2024-25/013774,STU0257,Tuition Fee,3000,08-09-2024,29-08-2024,2024-25
INV/2023-24/008047,STU0454,Annual Fee,8000,16-04-2023,01-04-2023,2023-24
INV/2024-25/016315,STU0398,Tuition Fee,4000,07-12-2024,27-11-2024,2024-25
INV/2024-25/012290,STU0174,Sports Fee,1000,16-04-2024,01-04-2024,2024-25
INV/2023-24/005858,STU0333,Tuition Fee,4000,11-05-2023,01-05-2023,2023-24
INV/2024-25/015787,STU0369,Tuition Fee,4000,10-06-2024,31-05-2024,2024-25
INV/2025-26/025177,STU0413,Tuition Fee,4000,11-04-2025,01-04-2025,2025-26
INV/2024-25/009781,STU0032,Library Fee,500,16-04-2024,01-04-2024,2024-25
INV/2023-24/005267,STU0300,Tuition Fee,3000,09-08-2023,30-07-2023,2023-24
INV/2024-25/017687,STU0474,Annual Fee,8000,16-04-2024,01-04-2024,2024-25
INV/2025-26/024271,STU0362,Annual Fee,8000,16-04-2025,01-04-2025,2025-26
INV/2024-25/013107,STU0220,Tuition Fee,3000,09-08-2024,30-07-2024,2024-25
INV/2023-24/001576,STU0093,Tuition Fee,2000,06-03-2024,25-02-2024,2023-24
INV/2023-24/001231,STU0073,Tuition Fee,2000,08-10-2023,28-09-2023,2023-24
INV/2023-24/005849,STU0332,Tuition Fee,4000,05-02-2024,26-01-2024,2023-24
INV/2023-24/003329,STU0192,Tuition Fee,3000,05-02-2024,26-01-2024,2023-24
INV/2025-26/020416,STU0148,Tuition Fee,3000,06-01-2026,27-12-2025,2025-26
INV/2023-24/003632,STU0209,Tuition Fee,3000,07-11-2023,28-10-2023,2023-24
INV/2023-24/004974,STU0283,Exam Fee,375,13-10-2023,28-09-2023,2023-24
INV/2025-26/022366,STU0256,Sports Fee,1500,16-04-2025,01-04-2025,2025-26
INV/2024-25/009836,STU0036,Tuition Fee,2000,11-04-2024,01-04-2024,2024-25
INV/2023-24/002539,STU0148,Annual Fee,6000,16-04-2023,01-04-2023,2023-24
INV/2024-25/013245,STU0227,Exam Fee,375,16-04-2024,01-04-2024,2024-25
INV/2025-26/021092,STU0186,Tuition Fee,3000,11-05-2025,01-05-2025,2025-26
INV/2024-25/009323,STU0005,Sports Fee,1000,16-04-2024,01-04-2024,2024-25
INV/2023-24/008884,STU0501,Tuition Fee,4000,10-07-2023,30-06-2023,2023-24
INV/2025-26/021183,STU0191,Tuition Fee,3000,10-06-2025,31-05-2025,2025-26
INV/2024-25/014943,STU0322,Tuition Fee,4000,09-08-2024,30-07-2024,2024-25
INV/2025-26/020269,STU0140,Tuition Fee,3000,08-10-2025,28-09-2025,2025-26
INV/2024-25/013385,STU0235,Annual Fee,6000,16-04-2024,01-04-2024,2024-25
INV/2024-25/017061,STU0439,Exam Fee,500,16-04-2024,01-04-2024,2024-25
INV/2024-25/017616,STU0470,Lab Fee,2000,16-04-2024,01-04-2024,2024-25
INV/2023-24/005147,STU0293,Tuition Fee,3000,05-02-2024,26-01-2024,2023-24
INV/2023-24/008387,STU0473,Tuition Fee,4000,05-02-2024,26-01-2024,2023-24
INV/2025-26/017868,STU0004,Exam Fee,250,13-10-2025,28-09-2025,2025-26
INV/2025-26/019668,STU0106,Exam Fee,375,13-10-2025,28-09-2025,2025-26
INV/2023-24/004345,STU0249,Tuition Fee,3000,11-04-2023,01-04-2023,2023-24
INV/2023-24/006451,STU0366,Tuition Fee,4000,11-04-2023,01-04-2023,2023-24
INV/2025-26/020741,STU0166,Tuition Fee,3000,05-02-2026,26-01-2026,2025-26
INV/2023-24/002674,STU0156,Tuition Fee,3000,10-07-2023,30-06-2023,2023-24
INV/2024-25/014659,STU0306,Tuition Fee,4000,07-12-2024,27-11-2024,2024-25
INV/2025-26/020597,STU0158,Tuition Fee,3000,05-02-2026,26-01-2026,2025-26
INV/2023-24/008535,STU0481,Library Fee,1000,16-04-2023,01-04-2023,2023-24
INV/2024-25/017674,STU0473,Exam Fee,500,13-10-2024,28-09-2024,2024-25
INV/2025-26/023144,STU0300,Tuition Fee,4000,11-05-2025,01-05-2025,2025-26
INV/2024-25/009879,STU0038,Tuition Fee,2000,06-01-2025,27-12-2024,2024-25
INV/2025-26/022373,STU0257,Tuition Fee,4000,09-08-2025,30-07-2025,2025-26
INV/2024-25/016539,STU0410,Exam Fee,500,16-04-2024,01-04-2024,2024-25
INV/2024-25/015422,STU0348,Sports Fee,1500,16-04-2024,01-04-2024,2024-25
INV/2025-26/023623,STU0326,Annual Fee,8000,16-04-2025,01-04-2025,2025-26
INV/2023-24/008629,STU0487,Tuition Fee,4000,11-04-2023,01-04-2023,2023-24
INV/2023-24/003696,STU0212,Exam Fee,375,13-10-2023,28-09-2023,2023-24
INV/2024-25/012282,STU0174,Tuition Fee,3000,07-11-2024,28-10-2024,2024-25
INV/2023-24/004693,STU0268,Tuition Fee,3000,08-10-2023,28-09-2023,2023-24
INV/2023-24/000429,STU0026,Tuition Fee,2000,10-07-2023,30-06-2023,2023-24
INV/2024-25/015225,STU0337,Exam Fee,500,16-04-2024,01-04-2024,2024-25
INV/2024-25/012256,STU0172,Exam Fee,375,13-10-2024,28-09-2024,2024-25
INV/2024-25/010123,STU0052,Exam Fee,250,16-04-2024,01-04-2024,2024-25
INV/2025-26/022212,STU0248,Tuition Fee,4000,08-09-2025,29-08-2025,2025-26
INV/2024-25/016952,STU0433,Sports Fee,1500,16-04-2024,01-04-2024,2024-25
INV/2025-26/024432,STU0371,Tuition Fee,4000,07-03-2026,25-02-2026,2025-26
INV/2024-25/017132,STU0443,Sports Fee,1500,16-04-2024,01-04-2024,2024-25
INV/2023-24/000807,STU0048,Tuition Fee,2000,07-11-2023,28-10-2023,2023-24
INV/2024-25/012431,STU0182,Annual Fee,6000,16-04-2024,01-04-2024,2024-25
INV/2023-24/002794,STU0162,Sports Fee,1000,16-04-2023,01-04-2023,2023-24
INV/2024-25/015433,STU0349,Tuition Fee,4000,07-12-2024,27-11-2024,2024-25
INV/2024-25/009974,STU0044,Tuition Fee,2000,10-06-2024,31-05-2024,2024-25
INV/2024-25/016033,STU0382,Library Fee,1000,16-04-2024,01-04-2024,2024-25
INV/2023-24/008046,STU0454,Tuition Fee,4000,06-03-2024,25-02-2024,2023-24
INV/2024-25/016858,STU0428,Tuition Fee,4000,07-03-2025,25-02-2025,2024-25
INV/2023-24/007827,STU0442,Tuition Fee,4000,07-12-2023,27-11-2023,2023-24
INV/2025-26/024142,STU0355,Tuition Fee,4000,06-01-2026,27-12-2025,2025-26
INV/2024-25/012936,STU0210,Lab Fee,1000,16-04-2024,01-04-2024,2024-25
INV/2024-25/013911,STU0264,Exam Fee,375,16-04-2024,01-04-2024,2024-25
INV/2024-25/009328,STU0006,Tuition Fee,2000,10-06-2024,31-05-2024,2024-25
INV/2024-25/015995,STU0380,Annual Fee,8000,16-04-2024,01-04-2024,2024-25
INV/2024-25/016838,STU0427,Tuition Fee,4000,06-01-2025,27-12-2024,2024-25
INV/2023-24/006857,STU0388,Tuition Fee,4000,05-02-2024,26-01-2024,2023-24
INV/2024-25/009325,STU0005,Exam Fee,250,13-10-2024,28-09-2024,2024-25
INV/2023-24/009204,STU0518,Exam Fee,500,13-10-2023,28-09-2023,2023-24
INV/2025-26/020180,STU0135,Tuition Fee,3000,07-11-2025,28-10-2025,2025-26
INV/2025-26/020052,STU0128,Tuition Fee,3000,08-09-2025,29-08-2025,2025-26
INV/2024-25/017353,STU0456,Tuition Fee,4000,10-06-2024,31-05-2024,2024-25
INV/2024-25/011575,STU0135,Tuition Fee,3000,10-06-2024,31-05-2024,2024-25
INV/2024-25/012537,STU0188,Tuition Fee,3000,05-02-2025,26-01-2025,2024-25
INV/2024-25/009638,STU0024,Tuition Fee,2000,08-10-2024,28-09-2024,2024-25
INV/2024-25/015191,STU0336,Tuition Fee,4000,11-04-2024,01-04-2024,2024-25
INV/2023-24/005063,STU0288,Exam Fee,375,16-04-2023,01-04-2023,2023-24
INV/2024-25/011620,STU0137,Tuition Fee,3000,07-03-2025,25-02-2025,2024-25
INV/2024-25/012029,STU0160,Tuition Fee,3000,08-10-2024,28-09-2024,2024-25
INV/2023-24/008072,STU0456,Tuition Fee,4000,11-05-2023,01-05-2023,2023-24
INV/2025-26/023860,STU0339,Sports Fee,1500,16-04-2025,01-04-2025,2025-26
INV/2024-25/013904,STU0264,Tuition Fee,3000,06-01-2025,27-12-2024,2024-25
INV/2024-25/010354,STU0066,Tuition Fee,2000,07-12-2024,27-11-2024,2024-25
INV/2025-26/022413,STU0259,Tuition Fee,4000,07-12-2025,27-11-2025,2025-26
INV/2025-26/023540,STU0322,Tuition Fee,4000,11-05-2025,01-05-2025,2025-26
INV/2025-26/022442,STU0261,Tuition Fee,4000,11-05-2025,01-05-2025,2025-26
INV/2024-25/012071,STU0162,Annual Fee,6000,16-04-2024,01-04-2024,2024-25
INV/2024-25/010290,STU0062,Annual Fee,5000,16-04-2024,01-04-2024,2024-25
INV/2024-25/012808,STU0203,Tuition Fee,3000,07-03-2025,25-02-2025,2024-25
INV/2023-24/000177,STU0011,Tuition Fee,2000,08-10-2023,28-09-2023,2023-24
INV/2024-25/011168,STU0112,Tuition Fee,3000,06-01-2025,27-12-2024,2024-25
INV/2025-26/024711,STU0387,Tuition Fee,4000,10-06-2025,31-05-2025,2025-26
INV/2023-24/005819,STU0330,Exam Fee,500,16-04-2023,01-04-2023,2023-24
INV/2023-24/006210,STU0352,Tuition Fee,4000,06-03-2024,25-02-2024,2023-24
INV/2023-24/006606,STU0374,Tuition Fee,4000,06-03-2024,25-02-2024,2023-24
INV/2024-25/016965,STU0434,Tuition Fee,4000,05-02-2025,26-01-2025,2024-25
INV/2025-26/019016,STU0070,Lab Fee,1000,16-04-2025,01-04-2025,2025-26
INV/2023-24/004530,STU0259,Tuition Fee,3000,08-09-2023,29-08-2023,2023-24
INV/2024-25/010485,STU0074,Tuition Fee,2000,10-07-2024,30-06-2024,2024-25
INV/2023-24/003522,STU0203,Tuition Fee,3000,08-09-2023,29-08-2023,2023-24
INV/2024-25/013749,STU0255,Exam Fee,375,16-04-2024,01-04-2024,2024-25
INV/2025-26/024999,STU0403,Tuition Fee,4000,10-06-2025,31-05-2025,2025-26
INV/2025-26/019150,STU0078,Tuition Fee,3000,10-07-2025,30-06-2025,2025-26
INV/2023-24/004016,STU0230,Lab Fee,1000,16-04-2023,01-04-2023,2023-24
INV/2023-24/007457,STU0421,Exam Fee,500,16-04-2023,01-04-2023,2023-24
INV/2025-26/023064,STU0295,Tuition Fee,4000,07-03-2026,25-02-2026,2025-26
INV/2025-26/020627,STU0160,Tuition Fee,3000,09-08-2025,30-07-2025,2025-26
INV/2023-24/000817,STU0049,Tuition Fee,2000,11-04-2023,01-04-2023,2023-24
INV/2024-25/013639,STU0249,Library Fee,500,16-04-2024,01-04-2024,2024-25
INV/2024-25/017775,STU0479,Tuition Fee,4000,05-02-2025,26-01-2025,2024-25
INV/2023-24/007396,STU0418,Tuition Fee,4000,06-01-2024,27-12-2023,2023-24
INV/2023-24/003370,STU0194,Sports Fee,1000,16-04-2023,01-04-2023,2023-24
INV/2025-26/023531,STU0321,Tuition Fee,4000,05-02-2026,26-01-2026,2025-26
INV/2025-26/020715,STU0165,Tuition Fee,3000,10-06-2025,31-05-2025,2025-26
INV/2023-24/005977,STU0339,Annual Fee,8000,16-04-2023,01-04-2023,2023-24
INV/2023-24/004594,STU0262,Sports Fee,1000,16-04-2023,01-04-2023,2023-24
INV/2024-25/017199,STU0447,Tuition Fee,4000,05-02-2025,26-01-2025,2024-25
INV/2024-25/011225,STU0115,Annual Fee,6000,16-04-2024,01-04-2024,2024-25
INV/2023-24/001135,STU0067,Annual Fee,5000,16-04-2023,01-04-2023,2023-24
INV/2023-24/007823,STU0442,Tuition Fee,4000,09-08-2023,30-07-2023,2023-24
INV/2023-24/008374,STU0472,Sports Fee,1500,16-04-2023,01-04-2023,2023-24
INV/2023-24/002809,STU0163,Annual Fee,6000,16-04-2023,01-04-2023,2023-24
INV/2023-24/006317,STU0358,Tuition Fee,4000,05-02-2024,26-01-2024,2023-24
INV/2024-25/010763,STU0090,Tuition Fee,3000,11-04-2024,01-04-2024,2024-25
INV/2025-26/020159,STU0134,Tuition Fee,3000,09-08-2025,30-07-2025,2025-26
INV/2023-24/001201,STU0071,Tuition Fee,2000,05-02-2024,26-01-2024,2023-24
INV/2024-25/016376,STU0401,Sports Fee,1500,16-04-2024,01-04-2024,2024-25
INV/2025-26/024447,STU0372,Tuition Fee,4000,07-12-2025,27-11-2025,2025-26
INV/2023-24/001482,STU0088,Tuition Fee,2000,10-06-2023,31-05-2023,2023-24
INV/2024-25/012814,STU0203,Exam Fee,375,13-10-2024,28-09-2024,2024-25
INV/2024-25/015236,STU0338,Tuition Fee,4000,06-01-2025,27-12-2024,2024-25
INV/2023-24/002838,STU0165,Tuition Fee,3000,08-09-2023,29-08-2023,2023-24
INV/2024-25/011680,STU0140,Exam Fee,375,13-10-2024,28-09-2024,2024-25
INV/2023-24/002863,STU0166,Annual Fee,6000,16-04-2023,01-04-2023,2023-24
INV/2024-25/010459,STU0072,Tuition Fee,2000,07-03-2025,25-02-2025,2024-25
INV/2023-24/005176,STU0295,Tuition Fee,3000,10-07-2023,30-06-2023,2023-24
INV/2024-25/011968,STU0156,Exam Fee,375,13-10-2024,28-09-2024,2024-25
INV/2025-26/023050,STU0294,Sports Fee,1500,16-04-2025,01-04-2025,2025-26
INV/2025-26/023278,STU0307,Tuition Fee,4000,06-01-2026,27-12-2025,2025-26
INV/2025-26/025113,STU0409,Tuition Fee,4000,07-12-2025,27-11-2025,2025-26
INV/2025-26/018010,STU0013,Tuition Fee,2000,08-09-2025,29-08-2025,2025-26
INV/2025-26/024011,STU0348,Tuition Fee,4000,09-08-2025,30-07-2025,2025-26
INV/2023-24/005959,STU0338,Annual Fee,8000,16-04-2023,01-04-2023,2023-24
INV/2023-24/003709,STU0213,Annual Fee,6000,16-04-2023,01-04-2023,2023-24
INV/2024-25/016027,STU0382,Tuition Fee,4000,07-12-2024,27-11-2024,2024-25
INV/2023-24/001266,STU0075,Tuition Fee,2000,07-11-2023,28-10-2023,2023-24
INV/2023-24/000487,STU0029,Tuition Fee,2000,05-02-2024,26-01-2024,2023-24
INV/2024-25/016570,STU0412,Tuition Fee,4000,07-03-2025,25-02-2025,2024-25
INV/2024-25/015376,STU0346,Tuition Fee,4000,08-09-2024,29-08-2024,2024-25
INV/2025-26/025263,STU0417,Library Fee,1000,16-04-2025,01-04-2025,2025-26
INV/2024-25/016615,STU0415,Tuition Fee,4000,10-06-2024,31-05-2024,2024-25
INV/2023-24/002217,STU0130,Library Fee,500,16-04-2023,01-04-2023,2023-24
INV/2023-24/006363,STU0361,Tuition Fee,4000,10-06-2023,31-05-2023,2023-24
INV/2025-26/024173,STU0357,Tuition Fee,4000,09-08-2025,30-07-2025,2025-26
INV/2023-24/005726,STU0325,Lab Fee,2000,16-04-2023,01-04-2023,2023-24
INV/2025-26/020057,STU0128,Tuition Fee,3000,05-02-2026,26-01-2026,2025-26
INV/2025-26/019192,STU0080,Tuition Fee,3000,06-01-2026,27-12-2025,2025-26
INV/2023-24/002603,STU0152,Tuition Fee,3000,09-08-2023,30-07-2023,2023-24
INV/2023-24/003079,STU0178,Annual Fee,6000,16-04-2023,01-04-2023,2023-24
INV/2023-24/003596,STU0207,Tuition Fee,3000,07-11-2023,28-10-2023,2023-24
INV/2023-24/003700,STU0213,Tuition Fee,3000,10-07-2023,30-06-2023,2023-24
INV/2025-26/025489,STU0430,Tuition Fee,4000,08-10-2025,28-09-2025,2025-26
INV/2024-25/017533,STU0466,Tuition Fee,4000,10-06-2024,31-05-2024,2024-25
INV/2025-26/022734,STU0277,Tuition Fee,4000,08-09-2025,29-08-2025,2025-26
INV/2023-24/005855,STU0332,Exam Fee,500,16-04-2023,01-04-2023,2023-24
INV/2025-26/021031,STU0182,Annual Fee,6000,16-04-2025,01-04-2025,2025-26
INV/2024-25/015096,STU0330,Lab Fee,2000,16-04-2024,01-04-2024,2024-25
INV/2025-26/019852,STU0117,Tuition Fee,3000,10-07-2025,30-06-2025,2025-26
INV/2025-26/017839,STU0003,Tuition Fee,2000,09-08-2025,30-07-2025,2025-26
INV/2025-26/023500,STU0319,Sports Fee,1500,16-04-2025,01-04-2025,2025-26
INV/2024-25/009958,STU0043,Tuition Fee,2000,10-07-2024,30-06-2024,2024-25
INV/2023-24/002009,STU0119,Tuition Fee,2000,10-06-2023,31-05-2023,2023-24
INV/2024-25/012035,STU0160,Annual Fee,6000,16-04-2024,01-04-2024,2024-25
INV/2025-26/021206,STU0192,Tuition Fee,3000,07-11-2025,28-10-2025,2025-26
INV/2024-25/016431,STU0404,Exam Fee,500,16-04-2024,01-04-2024,2024-25
INV/2023-24/004585,STU0262,Tuition Fee,3000,08-10-2023,28-09-2023,2023-24
INV/2024-25/016123,STU0387,Library Fee,1000,16-04-2024,01-04-2024,2024-25
INV/2023-24/007675,STU0434,Tuition Fee,4000,11-04-2023,01-04-2023,2023-24
INV/2023-24/009166,STU0516,Sports Fee,1500,16-04-2023,01-04-2023,2023-24
INV/2025-26/024937,STU0399,Annual Fee,8000,16-04-2025,01-04-2025,2025-26
INV/2024-25/012025,STU0160,Tuition Fee,3000,10-06-2024,31-05-2024,2024-25
INV/2025-26/019735,STU0110,Annual Fee,6000,16-04-2025,01-04-2025,2025-26
INV/2025-26/019991,STU0124,Exam Fee,375,16-04-2025,01-04-2025,2025-26
INV/2024-25/017150,STU0444,Sports Fee,1500,16-04-2024,01-04-2024,2024-25
INV/2024-25/012598,STU0191,Exam Fee,375,13-10-2024,28-09-2024,2024-25
INV/2024-25/011622,STU0137,Lab Fee,1000,16-04-2024,01-04-2024,2024-25
INV/2025-26/023230,STU0304,Sports Fee,1500,16-04-2025,01-04-2025,2025-26
INV/2025-26/020372,STU0146,Tuition Fee,3000,11-05-2025,01-05-2025,2025-26
INV/2025-26/017984,STU0011,Library Fee,500,16-04-2025,01-04-2025,2025-26
INV/2025-26/019133,STU0077,Tuition Fee,3000,09-08-2025,30-07-2025,2025-26
INV/2024-25/017493,STU0463,Exam Fee,500,16-04-2024,01-04-2024,2024-25
INV/2025-26/024470,STU0373,Lab Fee,2000,16-04-2025,01-04-2025,2025-26
INV/2025-26/024028,STU0349,Tuition Fee,4000,10-07-2025,30-06-2025,2025-26
INV/2025-26/024003,STU0347,Library Fee,1000,16-04-2025,01-04-2025,2025-26
INV/2025-26/019122,STU0076,Tuition Fee,3000,07-03-2026,25-02-2026,2025-26
INV/2023-24/005831,STU0331,Tuition Fee,4000,05-02-2024,26-01-2024,2023-24
INV/2025-26/022021,STU0237,Annual Fee,6000,16-04-2025,01-04-2025,2025-26
INV/2023-24/001899,STU0112,Tuition Fee,2000,06-03-2024,25-02-2024,2023-24
INV/2024-25/011669,STU0140,Tuition Fee,3000,08-10-2024,28-09-2024,2024-25
INV/2024-25/017178,STU0446,Tuition Fee,4000,07-11-2024,28-10-2024,2024-25
INV/2023-24/005924,STU0336,Lab Fee,2000,16-04-2023,01-04-2023,2023-24
INV/2023-24/008787,STU0495,Library Fee,1000,16-04-2023,01-04-2023,2023-24
INV/2025-26/024938,STU0399,Lab Fee,2000,16-04-2025,01-04-2025,2025-26
INV/2024-25/010406,STU0069,Tuition Fee,2000,06-01-2025,27-12-2024,2024-25
INV/2024-25/010892,STU0097,Tuition Fee,3000,10-07-2024,30-06-2024,2024-25
INV/2023-24/000473,STU0028,Library Fee,500,16-04-2023,01-04-2023,2023-24
INV/2023-24/006175,STU0350,Annual Fee,8000,16-04-2023,01-04-2023,2023-24
INV/2025-26/020524,STU0154,Tuition Fee,3000,06-01-2026,27-12-2025,2025-26
INV/2023-24/003096,STU0179,Tuition Fee,3000,06-03-2024,25-02-2024,2023-24
INV/2024-25/014138,STU0277,Tuition Fee,3000,06-01-2025,27-12-2024,2024-25
INV/2023-24/007759,STU0438,Annual Fee,8000,16-04-2023,01-04-2023,2023-24
INV/2023-24/001453,STU0086,Tuition Fee,2000,07-11-2023,28-10-2023,2023-24
INV/2024-25/015862,STU0373,Tuition Fee,4000,08-09-2024,29-08-2024,2024-25
INV/2025-26/023592,STU0324,Exam Fee,500,13-10-2025,28-09-2025,2025-26
INV/2023-24/006801,STU0385,Tuition Fee,4000,07-12-2023,27-11-2023,2023-24
INV/2025-26/019464,STU0095,Tuition Fee,3000,07-03-2026,25-02-2026,2025-26
INV/2025-26/024397,STU0369,Annual Fee,8000,16-04-2025,01-04-2025,2025-26
INV/2025-26/019245,STU0083,Tuition Fee,3000,07-12-2025,27-11-2025,2025-26
INV/2024-25/017684,STU0474,Tuition Fee,4000,06-01-2025,27-12-2024,2024-25
INV/2024-25/010604,STU0081,Tuition Fee,3000,10-07-2024,30-06-2024,2024-25
INV/2024-25/014882,STU0318,Sports Fee,1500,16-04-2024,01-04-2024,2024-25
INV/2024-25/011341,STU0122,Tuition Fee,3000,10-06-2024,31-05-2024,2024-25
INV/2023-24/002370,STU0139,Tuition Fee,3000,08-09-2023,29-08-2023,2023-24
INV/2023-24/004336,STU0248,Tuition Fee,3000,06-01-2024,27-12-2023,2023-24
INV/2025-26/023544,STU0322,Tuition Fee,4000,08-09-2025,29-08-2025,2025-26
INV/2025-26/024089,STU0352,Tuition Fee,4000,05-02-2026,26-01-2026,2025-26
INV/2023-24/005792,STU0329,Tuition Fee,4000,07-11-2023,28-10-2023,2023-24
INV/2025-26/023596,STU0325,Tuition Fee,4000,10-07-2025,30-06-2025,2025-26
INV/2024-25/011440,STU0127,Tuition Fee,3000,07-03-2025,25-02-2025,2024-25
INV/2023-24/006635,STU0376,Tuition Fee,4000,09-08-2023,30-07-2023,2023-24
INV/2024-25/016199,STU0392,Tuition Fee,4000,11-04-2024,01-04-2024,2024-25
INV/2024-25/013731,STU0254,Exam Fee,375,16-04-2024,01-04-2024,2024-25
INV/2025-26/021047,STU0183,Tuition Fee,3000,05-02-2026,26-01-2026,2025-26
INV/2025-26/019215,STU0081,Library Fee,500,16-04-2025,01-04-2025,2025-26
INV/2024-25/016905,STU0431,Tuition Fee,4000,09-08-2024,30-07-2024,2024-25
INV/2024-25/010158,STU0054,Exam Fee,250,13-10-2024,28-09-2024,2024-25
INV/2024-25/017115,STU0442,Exam Fee,500,16-04-2024,01-04-2024,2024-25
INV/2025-26/018019,STU0013,Sports Fee,1000,16-04-2025,01-04-2025,2025-26
INV/2023-24/004762,STU0272,Tuition Fee,3000,10-07-2023,30-06-2023,2023-24
INV/2025-26/022020,STU0237,Tuition Fee,3000,07-03-2026,25-02-2026,2025-26
INV/2023-24/008544,STU0482,Tuition Fee,4000,08-09-2023,29-08-2023,2023-24
INV/2023-24/002971,STU0172,Annual Fee,6000,16-04-2023,01-04-2023,2023-24
INV/2023-24/002031,STU0120,Tuition Fee,2000,07-11-2023,28-10-2023,2023-24
INV/2025-26/022814,STU0281,Lab Fee,2000,16-04-2025,01-04-2025,2025-26
INV/2023-24/008948,STU0504,Lab Fee,2000,16-04-2023,01-04-2023,2023-24
INV/2023-24/004297,STU0246,Tuition Fee,3000,08-10-2023,28-09-2023,2023-24
INV/2023-24/000540,STU0032,Annual Fee,5000,16-04-2023,01-04-2023,2023-24
INV/2025-26/021603,STU0214,Tuition Fee,3000,07-12-2025,27-11-2025,2025-26
INV/2024-25/014648,STU0305,Sports Fee,1500,16-04-2024,01-04-2024,2024-25
INV/2023-24/003011,STU0174,Exam Fee,375,16-04-2023,01-04-2023,2023-24
INV/2025-26/021179,STU0190,Exam Fee,375,16-04-2025,01-04-2025,2025-26
INV/2023-24/001281,STU0076,Tuition Fee,2000,08-09-2023,29-08-2023,2023-24
INV/2023-24/002877,STU0167,Tuition Fee,3000,07-12-2023,27-11-2023,2023-24
INV/2025-26/024485,STU0374,Tuition Fee,4000,05-02-2026,26-01-2026,2025-26
INV/2025-26/020528,STU0154,Lab Fee,1000,16-04-2025,01-04-2025,2025-26
INV/2024-25/011353,STU0122,Library Fee,500,16-04-2024,01-04-2024,2024-25
INV/2024-25/013727,STU0254,Annual Fee,6000,16-04-2024,01-04-2024,2024-25
INV/2023-24/007264,STU0411,Tuition Fee,4000,10-07-2023,30-06-2023,2023-24
INV/2023-24/007271,STU0411,Tuition Fee,4000,05-02-2024,26-01-2024,2023-24
INV/2025-26/019031,STU0071,Tuition Fee,3000,05-02-2026,26-01-2026,2025-26
INV/2025-26/020696,STU0164,Tuition Fee,3000,11-05-2025,01-05-2025,2025-26
INV/2024-25/015489,STU0352,Tuition Fee,4000,05-02-2025,26-01-2025,2024-25
INV/2024-25/011405,STU0125,Annual Fee,6000,16-04-2024,01-04-2024,2024-25
INV/2025-26/022968,STU0290,Tuition Fee,4000,08-09-2025,29-08-2025,2025-26
INV/2025-26/020517,STU0154,Tuition Fee,3000,10-06-2025,31-05-2025,2025-26
INV/2024-25/012503,STU0186,Annual Fee,6000,16-04-2024,01-04-2024,2024-25
INV/2025-26/020337,STU0144,Tuition Fee,3000,10-06-2025,31-05-2025,2025-26
INV/2025-26/021727,STU0221,Tuition Fee,3000,08-10-2025,28-09-2025,2025-26
INV/2023-24/005663,STU0322,Tuition Fee,4000,09-08-2023,30-07-2023,2023-24
INV/2023-24/004789,STU0273,Annual Fee,6000,16-04-2023,01-04-2023,2023-24
INV/2025-26/018894,STU0063,Exam Fee,375,13-10-2025,28-09-2025,2025-26
INV/2023-24/006424,STU0364,Tuition Fee,4000,06-01-2024,27-12-2023,2023-24
INV/2023-24/006164,STU0350,Tuition Fee,4000,11-05-2023,01-05-2023,2023-24
INV/2023-24/001080,STU0064,Tuition Fee,2000,07-12-2023,27-11-2023,2023-24
INV/2025-26/021807,STU0225,Library Fee,500,16-04-2025,01-04-2025,2025-26
INV/2024-25/016371,STU0401,Tuition Fee,4000,05-02-2025,26-01-2025,2024-25
INV/2024-25/010132,STU0053,Tuition Fee,2000,07-11-2024,28-10-2024,2024-25
INV/2023-24/005324,STU0303,Tuition Fee,3000,07-11-2023,28-10-2023,2023-24
INV/2023-24/006260,STU0355,Tuition Fee,4000,07-11-2023,28-10-2023,2023-24
INV/2023-24/004882,STU0278,Sports Fee,1000,16-04-2023,01-04-2023,2023-24
INV/2025-26/018002,STU0012,Sports Fee,1000,16-04-2025,01-04-2025,2025-26
INV/2025-26/019814,STU0115,Tuition Fee,3000,11-05-2025,01-05-2025,2025-26
INV/2023-24/008008,STU0452,Tuition Fee,4000,06-01-2024,27-12-2023,2023-24
INV/2023-24/002920,STU0169,Sports Fee,1000,16-04-2023,01-04-2023,2023-24
INV/2025-26/025339,STU0422,Tuition Fee,4000,11-04-2025,01-04-2025,2025-26
INV/2025-26/022860,STU0284,Tuition Fee,4000,08-09-2025,29-08-2025,2025-26
INV/2023-24/001285,STU0076,Tuition Fee,2000,06-01-2024,27-12-2023,2023-24
INV/2025-26/018811,STU0059,Tuition Fee,3000,08-10-2025,28-09-2025,2025-26
INV/2025-26/025014,STU0403,Exam Fee,500,13-10-2025,28-09-2025,2025-26
INV/2025-26/018385,STU0035,Tuition Fee,2000,08-10-2025,28-09-2025,2025-26
INV/2023-24/001729,STU0102,Tuition Fee,2000,06-03-2024,25-02-2024,2023-24
INV/2024-25/013741,STU0255,Tuition Fee,3000,07-12-2024,27-11-2024,2024-25
INV/2024-25/009780,STU0032,Annual Fee,5000,16-04-2024,01-04-2024,2024-25
INV/2023-24/008865,STU0500,Tuition Fee,4000,10-06-2023,31-05-2023,2023-24
INV/2023-24/001215,STU0072,Tuition Fee,2000,07-11-2023,28-10-2023,2023-24
INV/2024-25/013347,STU0233,Tuition Fee,3000,05-02-2025,26-01-2025,2024-25
INV/2023-24/006607,STU0374,Annual Fee,8000,16-04-2023,01-04-2023,2023-24
INV/2024-25/015107,STU0331,Tuition Fee,4000,08-10-2024,28-09-2024,2024-25
INV/2023-24/004533,STU0259,Tuition Fee,3000,07-12-2023,27-11-2023,2023-24
INV/2023-24/002536,STU0148,Tuition Fee,3000,06-01-2024,27-12-2023,2023-24
INV/2025-26/021720,STU0220,Exam Fee,375,13-10-2025,28-09-2025,2025-26
INV/2023-24/006924,STU0392,Tuition Fee,4000,08-09-2023,29-08-2023,2023-24
INV/2024-25/014164,STU0278,Exam Fee,375,13-10-2024,28-09-2024,2024-25
INV/2024-25/014100,STU0275,Tuition Fee,3000,07-11-2024,28-10-2024,2024-25
INV/2025-26/024988,STU0402,Tuition Fee,4000,06-01-2026,27-12-2025,2025-26
INV/2025-26/023325,STU0310,Tuition Fee,4000,10-06-2025,31-05-2025,2025-26
INV/2025-26/023606,STU0325,Lab Fee,2000,16-04-2025,01-04-2025,2025-26
INV/2025-26/023331,STU0310,Tuition Fee,4000,07-12-2025,27-11-2025,2025-26
INV/2023-24/003852,STU0221,Tuition Fee,3000,06-03-2024,25-02-2024,2023-24
INV/2025-26/024190,STU0358,Tuition Fee,4000,10-07-2025,30-06-2025,2025-26
INV/2024-25/012179,STU0168,Annual Fee,6000,16-04-2024,01-04-2024,2024-25
INV/2025-26/019847,STU0116,Exam Fee,375,16-04-2025,01-04-2025,2025-26
INV/2023-24/005683,STU0323,Tuition Fee,4000,08-10-2023,28-09-2023,2023-24
INV/2025-26/018427,STU0037,Sports Fee,1000,16-04-2025,01-04-2025,2025-26
INV/2023-24/005936,STU0337,Tuition Fee,4000,07-11-2023,28-10-2023,2023-24
INV/2025-26/019294,STU0086,Tuition Fee,3000,10-07-2025,30-06-2025,2025-26
INV/2024-25/014198,STU0280,Sports Fee,1000,16-04-2024,01-04-2024,2024-25
INV/2023-24/008048,STU0454,Lab Fee,2000,16-04-2023,01-04-2023,2023-24
INV/2024-25/017101,STU0442,Tuition Fee,4000,10-06-2024,31-05-2024,2024-25
INV/2023-24/005306,STU0302,Tuition Fee,3000,07-11-2023,28-10-2023,2023-24
INV/2024-25/012019,STU0159,Library Fee,500,16-04-2024,01-04-2024,2024-25
INV/2024-25/012367,STU0179,Tuition Fee,3000,10-06-2024,31-05-2024,2024-25
INV/2025-26/019658,STU0106,Tuition Fee,3000,07-11-2025,28-10-2025,2025-26
INV/2024-25/014453,STU0295,Tuition Fee,4000,11-04-2024,01-04-2024,2024-25
INV/2023-24/003120,STU0180,Exam Fee,375,13-10-2023,28-09-2023,2023-24
INV/2024-25/013688,STU0252,Tuition Fee,3000,06-01-2025,27-12-2024,2024-25
INV/2025-26/019684,STU0107,Sports Fee,1000,16-04-2025,01-04-2025,2025-26
INV/2023-24/002576,STU0150,Lab Fee,1000,16-04-2023,01-04-2023,2023-24
INV/2024-25/014860,STU0317,Tuition Fee,4000,07-03-2025,25-02-2025,2024-25
INV/2024-25/010424,STU0070,Tuition Fee,2000,05-02-2025,26-01-2025,2024-25
INV/2024-25/012040,STU0160,Exam Fee,375,13-10-2024,28-09-2024,2024-25
INV/2025-26/021960,STU0234,Tuition Fee,3000,08-09-2025,29-08-2025,2025-26
INV/2024-25/009554,STU0019,Tuition Fee,2000,07-11-2024,28-10-2024,2024-25
INV/2023-24/002940,STU0170,Exam Fee,375,13-10-2023,28-09-2023,2023-24
INV/2023-24/007944,STU0448,Exam Fee,500,13-10-2023,28-09-2023,2023-24
INV/2023-24/001047,STU0062,Tuition Fee,2000,06-01-2024,27-12-2023,2023-24
INV/2024-25/016861,STU0428,Library Fee,1000,16-04-2024,01-04-2024,2024-25
INV/2024-25/012094,STU0163,Exam Fee,375,13-10-2024,28-09-2024,2024-25
INV/2025-26/022158,STU0245,Tuition Fee,4000,08-09-2025,29-08-2025,2025-26
INV/2023-24/002211,STU0130,Tuition Fee,3000,07-12-2023,27-11-2023,2023-24
INV/2023-24/002269,STU0133,Annual Fee,6000,16-04-2023,01-04-2023,2023-24
INV/2025-26/021253,STU0195,Tuition Fee,3000,11-04-2025,01-04-2025,2025-26
INV/2023-24/007465,STU0422,Tuition Fee,4000,08-10-2023,28-09-2023,2023-24
INV/2023-24/001012,STU0060,Tuition Fee,2000,07-12-2023,27-11-2023,2023-24
INV/2023-24/001256,STU0074,Sports Fee,1000,16-04-2023,01-04-2023,2023-24
INV/2023-24/002629,STU0153,Annual Fee,6000,16-04-2023,01-04-2023,2023-24
INV/2023-24/001319,STU0078,Tuition Fee,2000,06-01-2024,27-12-2023,2023-24
INV/2025-26/024342,STU0366,Tuition Fee,4000,07-03-2026,25-02-2026,2025-26
INV/2024-25/010905,STU0097,Exam Fee,375,16-04-2024,01-04-2024,2024-25
INV/2025-26/018084,STU0017,Tuition Fee,2000,07-03-2026,25-02-2026,2025-26
INV/2025-26/020615,STU0159,Tuition Fee,3000,05-02-2026,26-01-2026,2025-26
INV/2025-26/019248,STU0083,Tuition Fee,3000,07-03-2026,25-02-2026,2025-26
INV/2025-26/023921,STU0343,Tuition Fee,4000,09-08-2025,30-07-2025,2025-26
INV/2025-26/019635,STU0105,Tuition Fee,3000,10-06-2025,31-05-2025,2025-26
INV/2025-26/024261,STU0362,Tuition Fee,4000,10-06-2025,31-05-2025,2025-26
INV/2023-24/003684,STU0212,Tuition Fee,3000,08-09-2023,29-08-2023,2023-24
INV/2023-24/003529,STU0203,Annual Fee,6000,16-04-2023,01-04-2023,2023-24
INV/2023-24/008310,STU0469,Tuition Fee,4000,08-09-2023,29-08-2023,2023-24
INV/2023-24/008379,STU0473,Tuition Fee,4000,10-06-2023,31-05-2023,2023-24
INV/2023-24/007220,STU0408,Lab Fee,2000,16-04-2023,01-04-2023,2023-24
INV/2024-25/009806,STU0034,Tuition Fee,2000,09-08-2024,30-07-2024,2024-25
INV/2025-26/024791,STU0391,Tuition Fee,4000,05-02-2026,26-01-2026,2025-26
INV/2025-26/020983,STU0180,Tuition Fee,3000,11-04-2025,01-04-2025,2025-26
INV/2025-26/023638,STU0327,Tuition Fee,4000,06-01-2026,27-12-2025,2025-26
INV/2023-24/004499,STU0257,Tuition Fee,3000,05-02-2024,26-01-2024,2023-24
INV/2023-24/008226,STU0464,Tuition Fee,4000,06-03-2024,25-02-2024,2023-24
INV/2025-26/018860,STU0062,Tuition Fee,3000,11-05-2025,01-05-2025,2025-26
INV/2025-26/021728,STU0221,Tuition Fee,3000,07-11-2025,28-10-2025,2025-26
INV/2023-24/008898,STU0501,Exam Fee,500,13-10-2023,28-09-2023,2023-24
INV/2023-24/002221,STU0131,Tuition Fee,3000,11-04-2023,01-04-2023,2023-24
INV/2024-25/011053,STU0106,Tuition Fee,3000,10-06-2024,31-05-2024,2024-25
INV/2025-26/024137,STU0355,Tuition Fee,4000,09-08-2025,30-07-2025,2025-26
INV/2024-25/012686,STU0196,Sports Fee,1000,16-04-2024,01-04-2024,2024-25
INV/2023-24/004044,STU0232,Tuition Fee,3000,08-09-2023,29-08-2023,2023-24
INV/2023-24/006333,STU0359,Tuition Fee,4000,07-12-2023,27-11-2023,2023-24
INV/2024-25/011840,STU0149,Sports Fee,1000,16-04-2024,01-04-2024,2024-25
INV/2024-25/010105,STU0051,Sports Fee,1000,16-04-2024,01-04-2024,2024-25
INV/2024-25/012593,STU0191,Annual Fee,6000,16-04-2024,01-04-2024,2024-25
INV/2024-25/012347,STU0178,Tuition Fee,3000,11-04-2024,01-04-2024,2024-25
INV/2023-24/006456,STU0366,Tuition Fee,4000,08-09-2023,29-08-2023,2023-24
INV/2025-26/018435,STU0038,Tuition Fee,2000,08-09-2025,29-08-2025,2025-26
INV/2023-24/000532,STU0032,Tuition Fee,2000,09-08-2023,30-07-2023,2023-24
INV/2024-25/014456,STU0295,Tuition Fee,4000,10-07-2024,30-06-2024,2024-25
INV/2023-24/006397,STU0363,Tuition Fee,4000,11-04-2023,01-04-2023,2023-24
INV/2024-25/016668,STU0418,Tuition Fee,4000,11-05-2024,01-05-2024,2024-25
INV/2024-25/015075,STU0329,Tuition Fee,4000,05-02-2025,26-01-2025,2024-25
INV/2024-25/011021,STU0104,Tuition Fee,3000,08-10-2024,28-09-2024,2024-25
INV/2024-25/014270,STU0284,Sports Fee,1500,16-04-2024,01-04-2024,2024-25
INV/2024-25/010277,STU0061,Exam Fee,250,13-10-2024,28-09-2024,2024-25
INV/2025-26/022162,STU0245,Tuition Fee,4000,06-01-2026,27-12-2025,2025-26
INV/2023-24/003965,STU0227,Exam Fee,375,16-04-2023,01-04-2023,2023-24
INV/2025-26/018489,STU0041,Tuition Fee,3000,07-12-2025,27-11-2025,2025-26
INV/2023-24/003053,STU0177,Tuition Fee,3000,09-08-2023,30-07-2023,2023-24
INV/2025-26/025604,STU0436,Lab Fee,2000,16-04-2025,01-04-2025,2025-26
INV/2023-24/005646,STU0321,Tuition Fee,4000,08-09-2023,29-08-2023,2023-24
INV/2025-26/019881,STU0118,Library Fee,500,16-04-2025,01-04-2025,2025-26
INV/2024-25/009653,STU0025,Tuition Fee,2000,09-08-2024,30-07-2024,2024-25
INV/2025-26/021236,STU0194,Tuition Fee,3000,11-05-2025,01-05-2025,2025-26
INV/2025-26/020685,STU0163,Tuition Fee,3000,07-12-2025,27-11-2025,2025-26
INV/2025-26/023370,STU0312,Tuition Fee,4000,07-03-2026,25-02-2026,2025-26
INV/2025-26/018903,STU0064,Tuition Fee,3000,07-12-2025,27-11-2025,2025-26
INV/2023-24/000163,STU0010,Tuition Fee,2000,06-01-2024,27-12-2023,2023-24
INV/2025-26/024523,STU0376,Annual Fee,8000,16-04-2025,01-04-2025,2025-26
INV/2023-24/001379,STU0082,Tuition Fee,2000,11-05-2023,01-05-2023,2023-24
INV/2023-24/002353,STU0138,Tuition Fee,3000,08-10-2023,28-09-2023,2023-24
INV/2023-24/004718,STU0269,Lab Fee,1000,16-04-2023,01-04-2023,2023-24
INV/2023-24/004498,STU0257,Tuition Fee,3000,06-01-2024,27-12-2023,2023-24
INV/2024-25/010022,STU0046,Exam Fee,250,13-10-2024,28-09-2024,2024-25
INV/2025-26/022460,STU0262,Tuition Fee,4000,11-05-2025,01-05-2025,2025-26
INV/2023-24/003679,STU0212,Tuition Fee,3000,11-04-2023,01-04-2023,2023-24
INV/2025-26/020100,STU0130,Exam Fee,375,13-10-2025,28-09-2025,2025-26
INV/2025-26/025475,STU0429,Tuition Fee,4000,05-02-2026,26-01-2026,2025-26
INV/2024-25/016186,STU0391,Tuition Fee,4000,08-09-2024,29-08-2024,2024-25
INV/2024-25/011573,STU0135,Tuition Fee,3000,11-04-2024,01-04-2024,2024-25
INV/2023-24/000973,STU0058,Tuition Fee,2000,10-07-2023,30-06-2023,2023-24
INV/2023-24/004972,STU0283,Sports Fee,1000,16-04-2023,01-04-2023,2023-24
INV/2024-25/016673,STU0418,Tuition Fee,4000,08-10-2024,28-09-2024,2024-25
INV/2025-26/018235,STU0026,Tuition Fee,2000,06-01-2026,27-12-2025,2025-26
INV/2025-26/022079,STU0240,Exam Fee,375,16-04-2025,01-04-2025,2025-26
INV/2024-25/014993,STU0325,Tuition Fee,4000,11-04-2024,01-04-2024,2024-25
INV/2023-24/006490,STU0368,Tuition Fee,4000,10-07-2023,30-06-2023,2023-24
INV/2023-24/007997,STU0451,Exam Fee,500,16-04-2023,01-04-2023,2023-24
INV/2025-26/018143,STU0021,Tuition Fee,2000,10-06-2025,31-05-2025,2025-26
INV/2023-24/002147,STU0126,Exam Fee,375,16-04-2023,01-04-2023,2023-24
INV/2024-25/014564,STU0301,Tuition Fee,4000,10-07-2024,30-06-2024,2024-25
INV/2023-24/008584,STU0484,Tuition Fee,4000,06-01-2024,27-12-2023,2023-24
INV/2024-25/011453,STU0128,Tuition Fee,3000,08-10-2024,28-09-2024,2024-25
INV/2024-25/009965,STU0043,Tuition Fee,2000,05-02-2025,26-01-2025,2024-25
INV/2025-26/020207,STU0136,Exam Fee,375,16-04-2025,01-04-2025,2025-26
INV/2024-25/017580,STU0468,Lab Fee,2000,16-04-2024,01-04-2024,2024-25
INV/2025-26/022959,STU0289,Library Fee,1000,16-04-2025,01-04-2025,2025-26
INV/2024-25/011600,STU0136,Tuition Fee,3000,06-01-2025,27-12-2024,2024-25
INV/2024-25/013546,STU0244,Tuition Fee,3000,07-03-2025,25-02-2025,2024-25
INV/2023-24/005918,STU0336,Tuition Fee,4000,07-11-2023,28-10-2023,2023-24
INV/2024-25/011695,STU0141,Library Fee,500,16-04-2024,01-04-2024,2024-25
INV/2024-25/014436,STU0294,Tuition Fee,4000,11-05-2024,01-05-2024,2024-25
INV/2024-25/015541,STU0355,Tuition Fee,4000,07-12-2024,27-11-2024,2024-25
INV/2024-25/014779,STU0313,Tuition Fee,4000,10-06-2024,31-05-2024,2024-25
INV/2025-26/021826,STU0226,Sports Fee,1000,16-04-2025,01-04-2025,2025-26
INV/2024-25/015202,STU0336,Tuition Fee,4000,07-03-2025,25-02-2025,2024-25
INV/2025-26/018123,STU0019,Exam Fee,250,13-10-2025,28-09-2025,2025-26
INV/2025-26/024900,STU0397,Tuition Fee,4000,07-03-2026,25-02-2026,2025-26
INV/2023-24/006441,STU0365,Tuition Fee,4000,07-12-2023,27-11-2023,2023-24
INV/2023-24/005506,STU0313,Tuition Fee,3000,06-01-2024,27-12-2023,2023-24
INV/2023-24/002368,STU0139,Tuition Fee,3000,10-07-2023,30-06-2023,2023-24
INV/2025-26/020918,STU0176,Tuition Fee,3000,07-11-2025,28-10-2025,2025-26
INV/2025-26/024121,STU0354,Tuition Fee,4000,08-10-2025,28-09-2025,2025-26
INV/2024-25/017273,STU0451,Annual Fee,8000,16-04-2024,01-04-2024,2024-25
INV/2025-26/024379,STU0368,Annual Fee,8000,16-04-2025,01-04-2025,2025-26
INV/2024-25/012658,STU0195,Tuition Fee,3000,08-09-2024,29-08-2024,2024-25
INV/2024-25/014839,STU0316,Tuition Fee,4000,07-12-2024,27-11-2024,2024-25
INV/2023-24/006677,STU0378,Tuition Fee,4000,05-02-2024,26-01-2024,2023-24
INV/2023-24/006720,STU0380,Exam Fee,500,13-10-2023,28-09-2023,2023-24
INV/2024-25/014545,STU0300,Tuition Fee,4000,10-06-2024,31-05-2024,2024-25
INV/2023-24/004863,STU0277,Library Fee,500,16-04-2023,01-04-2023,2023-24
INV/2024-25/012445,STU0183,Tuition Fee,3000,07-12-2024,27-11-2024,2024-25
INV/2024-25/010357,STU0066,Tuition Fee,2000,07-03-2025,25-02-2025,2024-25
INV/2024-25/014154,STU0278,Tuition Fee,3000,07-11-2024,28-10-2024,2024-25
INV/2025-26/022409,STU0259,Tuition Fee,4000,09-08-2025,30-07-2025,2025-26
INV/2024-25/017253,STU0450,Tuition Fee,4000,05-02-2025,26-01-2025,2024-25
INV/2023-24/006561,STU0372,Tuition Fee,4000,10-06-2023,31-05-2023,2023-24
INV/2024-25/014800,STU0314,Tuition Fee,4000,08-09-2024,29-08-2024,2024-25
INV/2023-24/005563,STU0316,Annual Fee,6000,16-04-2023,01-04-2023,2023-24
INV/2023-24/001784,STU0105,Exam Fee,250,16-04-2023,01-04-2023,2023-24
INV/2023-24/001995,STU0118,Tuition Fee,2000,08-09-2023,29-08-2023,2023-24
INV/2024-25/009468,STU0014,Tuition Fee,2000,08-10-2024,28-09-2024,2024-25
INV/2024-25/010310,STU0063,Exam Fee,250,16-04-2024,01-04-2024,2024-25
INV/2023-24/002130,STU0125,Exam Fee,375,13-10-2023,28-09-2023,2023-24
INV/2024-25/012902,STU0208,Sports Fee,1000,16-04-2024,01-04-2024,2024-25
INV/2025-26/025439,STU0427,Tuition Fee,4000,05-02-2026,26-01-2026,2025-26
INV/2024-25/012097,STU0164,Tuition Fee,3000,10-06-2024,31-05-2024,2024-25
INV/2024-25/011682,STU0141,Tuition Fee,3000,11-05-2024,01-05-2024,2024-25
INV/2025-26/020034,STU0127,Tuition Fee,3000,08-09-2025,29-08-2025,2025-26
INV/2023-24/002098,STU0124,Tuition Fee,3000,10-07-2023,30-06-2023,2023-24
INV/2024-25/010746,STU0089,Tuition Fee,3000,11-05-2024,01-05-2024,2024-25
INV/2023-24/002272,STU0133,Sports Fee,1000,16-04-2023,01-04-2023,2023-24
INV/2024-25/015362,STU0345,Tuition Fee,4000,06-01-2025,27-12-2024,2024-25
INV/2025-26/022248,STU0250,Tuition Fee,4000,08-09-2025,29-08-2025,2025-26
INV/2024-25/017749,STU0478,Tuition Fee,4000,10-06-2024,31-05-2024,2024-25
INV/2025-26/025026,STU0404,Tuition Fee,4000,07-03-2026,25-02-2026,2025-26
INV/2025-26/023643,STU0327,Library Fee,1000,16-04-2025,01-04-2025,2025-26
INV/2023-24/004779,STU0273,Tuition Fee,3000,10-06-2023,31-05-2023,2023-24
INV/2024-25/014408,STU0292,Tuition Fee,4000,06-01-2025,27-12-2024,2024-25
INV/2023-24/007599,STU0429,Library Fee,1000,16-04-2023,01-04-2023,2023-24
INV/2025-26/022642,STU0272,Tuition Fee,4000,10-07-2025,30-06-2025,2025-26
INV/2024-25/011112,STU0109,Tuition Fee,3000,07-11-2024,28-10-2024,2024-25
INV/2023-24/001749,STU0103,Sports Fee,1000,16-04-2023,01-04-2023,2023-24
INV/2023-24/006143,STU0348,Exam Fee,500,16-04-2023,01-04-2023,2023-24
INV/2023-24/003725,STU0214,Tuition Fee,3000,05-02-2024,26-01-2024,2023-24
INV/2023-24/005362,STU0305,Tuition Fee,3000,06-01-2024,27-12-2023,2023-24
INV/2023-24/003269,STU0189,Tuition Fee,3000,09-08-2023,30-07-2023,2023-24
INV/2024-25/015873,STU0373,Exam Fee,500,16-04-2024,01-04-2024,2024-25
INV/2023-24/004406,STU0252,Tuition Fee,3000,07-11-2023,28-10-2023,2023-24
INV/2023-24/002868,STU0166,Exam Fee,375,13-10-2023,28-09-2023,2023-24
INV/2025-26/020206,STU0136,Sports Fee,1000,16-04-2025,01-04-2025,2025-26
INV/2025-26/019477,STU0096,Tuition Fee,3000,08-10-2025,28-09-2025,2025-26
INV/2024-25/017109,STU0442,Tuition Fee,4000,05-02-2025,26-01-2025,2024-25
INV/2025-26/019609,STU0103,Annual Fee,6000,16-04-2025,01-04-2025,2025-26
INV/2024-25/017113,STU0442,Library Fee,1000,16-04-2024,01-04-2024,2024-25
INV/2023-24/004264,STU0244,Tuition Fee,3000,06-01-2024,27-12-2023,2023-24
INV/2023-24/007202,STU0407,Lab Fee,2000,16-04-2023,01-04-2023,2023-24
INV/2024-25/014503,STU0297,Library Fee,1000,16-04-2024,01-04-2024,2024-25
INV/2023-24/004486,STU0256,Sports Fee,1000,16-04-2023,01-04-2023,2023-24
INV/2023-24/004979,STU0284,Tuition Fee,3000,09-08-2023,30-07-2023,2023-24
INV/2023-24/008390,STU0473,Lab Fee,2000,16-04-2023,01-04-2023,2023-24
INV/2023-24/004333,STU0248,Tuition Fee,3000,08-10-2023,28-09-2023,2023-24
INV/2024-25/016740,STU0422,Tuition Fee,4000,11-05-2024,01-05-2024,2024-25
INV/2023-24/004657,STU0266,Tuition Fee,3000,08-10-2023,28-09-2023,2023-24
INV/2023-24/006442,STU0365,Tuition Fee,4000,06-01-2024,27-12-2023,2023-24
INV/2024-25/009605,STU0022,Tuition Fee,2000,07-11-2024,28-10-2024,2024-25
INV/2023-24/008420,STU0475,Tuition Fee,4000,07-11-2023,28-10-2023,2023-24
INV/2025-26/024197,STU0358,Tuition Fee,4000,05-02-2026,26-01-2026,2025-26
INV/2023-24/004669,STU0267,Tuition Fee,3000,11-04-2023,01-04-2023,2023-24
INV/2025-26/020384,STU0146,Lab Fee,1000,16-04-2025,01-04-2025,2025-26
INV/2025-26/022309,STU0253,Annual Fee,8000,16-04-2025,01-04-2025,2025-26
INV/2023-24/001868,STU0110,Sports Fee,1000,16-04-2023,01-04-2023,2023-24
INV/2024-25/014385,STU0291,Tuition Fee,4000,09-08-2024,30-07-2024,2024-25
INV/2023-24/003956,STU0227,Tuition Fee,3000,07-11-2023,28-10-2023,2023-24
INV/2023-24/005713,STU0325,Tuition Fee,4000,11-04-2023,01-04-2023,2023-24
INV/2023-24/004754,STU0271,Lab Fee,1000,16-04-2023,01-04-2023,2023-24
INV/2025-26/023929,STU0343,Annual Fee,8000,16-04-2025,01-04-2025,2025-26
INV/2023-24/007815,STU0441,Library Fee,1000,16-04-2023,01-04-2023,2023-24
INV/2023-24/001008,STU0060,Tuition Fee,2000,09-08-2023,30-07-2023,2023-24
INV/2023-24/005149,STU0293,Annual Fee,6000,16-04-2023,01-04-2023,2023-24
INV/2025-26/025575,STU0435,Tuition Fee,4000,10-06-2025,31-05-2025,2025-26
INV/2024-25/011086,STU0107,Exam Fee,375,13-10-2024,28-09-2024,2024-25
INV/2025-26/021925,STU0232,Tuition Fee,3000,08-10-2025,28-09-2025,2025-26
INV/2023-24/000392,STU0024,Tuition Fee,2000,11-04-2023,01-04-2023,2023-24
INV/2023-24/000124,STU0008,Tuition Fee,2000,09-08-2023,30-07-2023,2023-24
INV/2024-25/015378,STU0346,Tuition Fee,4000,07-11-2024,28-10-2024,2024-25
INV/2023-24/004994,STU0285,Tuition Fee,3000,11-05-2023,01-05-2023,2023-24
INV/2023-24/004827,STU0275,Library Fee,500,16-04-2023,01-04-2023,2023-24
INV/2024-25/009332,STU0006,Tuition Fee,2000,08-10-2024,28-09-2024,2024-25
INV/2025-26/017915,STU0007,Annual Fee,5000,16-04-2025,01-04-2025,2025-26
INV/2025-26/020961,STU0178,Library Fee,500,16-04-2025,01-04-2025,2025-26
INV/2023-24/008970,STU0505,Exam Fee,500,13-10-2023,28-09-2023,2023-24
INV/2023-24/008819,STU0497,Tuition Fee,4000,05-02-2024,26-01-2024,2023-24
INV/2023-24/008446,STU0476,Sports Fee,1500,16-04-2023,01-04-2023,2023-24
INV/2023-24/009114,STU0513,Exam Fee,500,13-10-2023,28-09-2023,2023-24
INV/2023-24/001975,STU0117,Tuition Fee,2000,10-06-2023,31-05-2023,2023-24
INV/2024-25/011115,STU0109,Tuition Fee,3000,05-02-2025,26-01-2025,2024-25
INV/2023-24/003328,STU0192,Tuition Fee,3000,06-01-2024,27-12-2023,2023-24
INV/2023-24/006484,STU0367,Sports Fee,1500,16-04-2023,01-04-2023,2023-24
INV/2025-26/021700,STU0219,Sports Fee,1000,16-04-2025,01-04-2025,2025-26
INV/2024-25/014679,STU0307,Tuition Fee,4000,05-02-2025,26-01-2025,2024-25
INV/2025-26/020730,STU0165,Exam Fee,375,13-10-2025,28-09-2025,2025-26
INV/2025-26/017826,STU0002,Tuition Fee,2000,07-12-2025,27-11-2025,2025-26
INV/2024-25/017658,STU0473,Tuition Fee,4000,11-05-2024,01-05-2024,2024-25
INV/2024-25/014681,STU0307,Annual Fee,8000,16-04-2024,01-04-2024,2024-25
INV/2023-24/001832,STU0108,Annual Fee,5000,16-04-2023,01-04-2023,2023-24
INV/2024-25/011721,STU0143,Tuition Fee,3000,09-08-2024,30-07-2024,2024-25
INV/2024-25/011065,STU0106,Library Fee,500,16-04-2024,01-04-2024,2024-25
INV/2023-24/008355,STU0471,Library Fee,1000,16-04-2023,01-04-2023,2023-24
INV/2024-25/017321,STU0454,Tuition Fee,4000,08-10-2024,28-09-2024,2024-25
INV/2023-24/000394,STU0024,Tuition Fee,2000,10-06-2023,31-05-2023,2023-24
INV/2023-24/001489,STU0088,Tuition Fee,2000,06-01-2024,27-12-2023,2023-24
INV/2024-25/011717,STU0143,Tuition Fee,3000,11-04-2024,01-04-2024,2024-25
INV/2024-25/015343,STU0344,Tuition Fee,4000,07-12-2024,27-11-2024,2024-25
INV/2025-26/024299,STU0364,Tuition Fee,4000,09-08-2025,30-07-2025,2025-26
INV/2023-24/005891,STU0334,Exam Fee,500,16-04-2023,01-04-2023,2023-24
INV/2024-25/010784,STU0091,Tuition Fee,3000,10-07-2024,30-06-2024,2024-25
INV/2025-26/025087,STU0408,Tuition Fee,4000,11-04-2025,01-04-2025,2025-26
INV/2023-24/005028,STU0286,Exam Fee,375,13-10-2023,28-09-2023,2023-24
INV/2025-26/018818,STU0059,Lab Fee,1000,16-04-2025,01-04-2025,2025-26
INV/2025-26/021263,STU0195,Tuition Fee,3000,05-02-2026,26-01-2026,2025-26
INV/2023-24/008316,STU0469,Tuition Fee,4000,06-03-2024,25-02-2024,2023-24
INV/2024-25/010039,STU0047,Exam Fee,250,13-10-2024,28-09-2024,2024-25
INV/2025-26/020181,STU0135,Tuition Fee,3000,07-12-2025,27-11-2025,2025-26
INV/2023-24/007531,STU0426,Tuition Fee,4000,11-04-2023,01-04-2023,2023-24
INV/2023-24/001725,STU0102,Tuition Fee,2000,07-11-2023,28-10-2023,2023-24
INV/2025-26/018729,STU0054,Library Fee,500,16-04-2025,01-04-2025,2025-26
INV/2025-26/023005,STU0292,Tuition Fee,4000,08-10-2025,28-09-2025,2025-26
INV/2025-26/018666,STU0051,Tuition Fee,3000,08-09-2025,29-08-2025,2025-26
INV/2024-25/017007,STU0436,Exam Fee,500,16-04-2024,01-04-2024,2024-25
INV/2025-26/023028,STU0293,Tuition Fee,4000,07-03-2026,25-02-2026,2025-26
INV/2023-24/005301,STU0302,Tuition Fee,3000,10-06-2023,31-05-2023,2023-24
INV/2023-24/006526,STU0370,Tuition Fee,4000,10-07-2023,30-06-2023,2023-24
INV/2023-24/006453,STU0366,Tuition Fee,4000,10-06-2023,31-05-2023,2023-24
INV/2025-26/023930,STU0343,Lab Fee,2000,16-04-2025,01-04-2025,2025-26
INV/2023-24/004600,STU0263,Tuition Fee,3000,10-07-2023,30-06-2023,2023-24
INV/2024-25/011452,STU0128,Tuition Fee,3000,08-09-2024,29-08-2024,2024-25
INV/2023-24/006758,STU0383,Tuition Fee,4000,11-05-2023,01-05-2023,2023-24
INV/2025-26/021818,STU0226,Tuition Fee,3000,07-11-2025,28-10-2025,2025-26
INV/2023-24/005490,STU0312,Tuition Fee,3000,06-03-2024,25-02-2024,2023-24
INV/2024-25/016974,STU0435,Tuition Fee,4000,11-05-2024,01-05-2024,2024-25
INV/2023-24/005996,STU0340,Lab Fee,2000,16-04-2023,01-04-2023,2023-24
INV/2025-26/025411,STU0426,Tuition Fee,4000,11-04-2025,01-04-2025,2025-26
INV/2023-24/007073,STU0400,Tuition Fee,4000,05-02-2024,26-01-2024,2023-24
INV/2023-24/007977,STU0450,Library Fee,1000,16-04-2023,01-04-2023,2023-24
INV/2023-24/004984,STU0284,Tuition Fee,3000,06-01-2024,27-12-2023,2023-24
INV/2025-26/025622,STU0437,Lab Fee,2000,16-04-2025,01-04-2025,2025-26
INV/2023-24/001597,STU0094,Exam Fee,250,16-04-2023,01-04-2023,2023-24
INV/2023-24/002767,STU0161,Tuition Fee,3000,08-10-2023,28-09-2023,2023-24
INV/2024-25/016560,STU0412,Tuition Fee,4000,11-05-2024,01-05-2024,2024-25
INV/2024-25/013612,STU0248,Tuition Fee,3000,08-09-2024,29-08-2024,2024-25
INV/2025-26/023343,STU0311,Tuition Fee,4000,10-06-2025,31-05-2025,2025-26
INV/2023-24/003536,STU0204,Tuition Fee,3000,11-05-2023,01-05-2023,2023-24
INV/2025-26/024708,STU0386,Exam Fee,500,13-10-2025,28-09-2025,2025-26
INV/2024-25/012292,STU0174,Exam Fee,375,13-10-2024,28-09-2024,2024-25
INV/2023-24/005631,STU0320,Tuition Fee,3000,07-12-2023,27-11-2023,2023-24
INV/2024-25/012967,STU0212,Tuition Fee,3000,07-12-2024,27-11-2024,2024-25
INV/2025-26/020932,STU0177,Tuition Fee,3000,10-07-2025,30-06-2025,2025-26
INV/2024-25/009393,STU0009,Exam Fee,250,13-10-2024,28-09-2024,2024-25
INV/2024-25/012668,STU0195,Sports Fee,1000,16-04-2024,01-04-2024,2024-25
INV/2023-24/001780,STU0105,Tuition Fee,2000,06-03-2024,25-02-2024,2023-24
INV/2025-26/019209,STU0081,Tuition Fee,3000,07-12-2025,27-11-2025,2025-26
INV/2024-25/016859,STU0428,Annual Fee,8000,16-04-2024,01-04-2024,2024-25
INV/2023-24/001394,STU0082,Exam Fee,250,13-10-2023,28-09-2023,2023-24
INV/2024-25/017083,STU0441,Tuition Fee,4000,10-06-2024,31-05-2024,2024-25
INV/2024-25/014457,STU0295,Tuition Fee,4000,09-08-2024,30-07-2024,2024-25
INV/2023-24/004159,STU0238,Annual Fee,6000,16-04-2023,01-04-2023,2023-24
INV/2025-26/021339,STU0199,Library Fee,500,16-04-2025,01-04-2025,2025-26
INV/2023-24/002901,STU0168,Library Fee,500,16-04-2023,01-04-2023,2023-24
INV/2023-24/007323,STU0414,Tuition Fee,4000,07-12-2023,27-11-2023,2023-24
INV/2025-26/021491,STU0208,Tuition Fee,3000,09-08-2025,30-07-2025,2025-26
INV/2025-26/025424,STU0426,Lab Fee,2000,16-04-2025,01-04-2025,2025-26
INV/2025-26/018160,STU0022,Tuition Fee,2000,10-06-2025,31-05-2025,2025-26
INV/2024-25/009918,STU0040,Sports Fee,1000,16-04-2024,01-04-2024,2024-25
INV/2024-25/015935,STU0377,Tuition Fee,4000,08-10-2024,28-09-2024,2024-25
INV/2025-26/020791,STU0169,Tuition Fee,3000,08-10-2025,28-09-2025,2025-26
INV/2023-24/002013,STU0119,Tuition Fee,2000,08-10-2023,28-09-2023,2023-24
INV/2024-25/010064,STU0049,Tuition Fee,2000,07-11-2024,28-10-2024,2024-25
INV/2023-24/001782,STU0105,Library Fee,500,16-04-2023,01-04-2023,2023-24
INV/2023-24/005965,STU0339,Tuition Fee,4000,11-04-2023,01-04-2023,2023-24
INV/2023-24/005492,STU0312,Lab Fee,1000,16-04-2023,01-04-2023,2023-24
INV/2024-25/015994,STU0380,Tuition Fee,4000,07-03-2025,25-02-2025,2024-25
INV/2023-24/008580,STU0484,Tuition Fee,4000,08-09-2023,29-08-2023,2023-24
INV/2025-26/020297,STU0141,Exam Fee,375,16-04-2025,01-04-2025,2025-26
INV/2023-24/006454,STU0366,Tuition Fee,4000,10-07-2023,30-06-2023,2023-24
INV/2023-24/000302,STU0018,Annual Fee,5000,16-04-2023,01-04-2023,2023-24
INV/2025-26/022410,STU0259,Tuition Fee,4000,08-09-2025,29-08-2025,2025-26
INV/2023-24/001736,STU0103,Tuition Fee,2000,11-05-2023,01-05-2023,2023-24
INV/2025-26/024541,STU0377,Annual Fee,8000,16-04-2025,01-04-2025,2025-26
INV/2025-26/022555,STU0267,Tuition Fee,4000,08-10-2025,28-09-2025,2025-26
INV/2023-24/007506,STU0424,Tuition Fee,4000,06-03-2024,25-02-2024,2023-24
INV/2024-25/016823,STU0426,Annual Fee,8000,16-04-2024,01-04-2024,2024-25
INV/2025-26/021772,STU0223,Sports Fee,1000,16-04-2025,01-04-2025,2025-26
INV/2023-24/005367,STU0305,Library Fee,500,16-04-2023,01-04-2023,2023-24
INV/2025-26/020211,STU0137,Tuition Fee,3000,10-06-2025,31-05-2025,2025-26
INV/2025-26/023575,STU0324,Tuition Fee,4000,11-04-2025,01-04-2025,2025-26
INV/2024-25/012090,STU0163,Lab Fee,1000,16-04-2024,01-04-2024,2024-25
INV/2024-25/012063,STU0162,Tuition Fee,3000,09-08-2024,30-07-2024,2024-25
INV/2023-24/007420,STU0419,Sports Fee,1500,16-04-2023,01-04-2023,2023-24
INV/2024-25/012510,STU0187,Tuition Fee,3000,11-05-2024,01-05-2024,2024-25
INV/2025-26/021324,STU0198,Exam Fee,375,13-10-2025,28-09-2025,2025-26
INV/2023-24/007390,STU0418,Tuition Fee,4000,10-07-2023,30-06-2023,2023-24
INV/2023-24/002609,STU0152,Tuition Fee,3000,05-02-2024,26-01-2024,2023-24
INV/2024-25/011384,STU0124,Tuition Fee,3000,06-01-2025,27-12-2024,2024-25
INV/2025-26/023718,STU0331,Exam Fee,500,13-10-2025,28-09-2025,2025-26
INV/2024-25/015154,STU0333,Exam Fee,500,13-10-2024,28-09-2024,2024-25
INV/2025-26/021037,STU0183,Tuition Fee,3000,11-04-2025,01-04-2025,2025-26
INV/2023-24/007723,STU0436,Annual Fee,8000,16-04-2023,01-04-2023,2023-24
INV/2024-25/014941,STU0322,Tuition Fee,4000,10-06-2024,31-05-2024,2024-25
INV/2023-24/001419,STU0084,Tuition Fee,2000,07-11-2023,28-10-2023,2023-24
INV/2023-24/007295,STU0412,Exam Fee,500,16-04-2023,01-04-2023,2023-24
INV/2025-26/018215,STU0025,Tuition Fee,2000,08-10-2025,28-09-2025,2025-26
INV/2025-26/023401,STU0314,Tuition Fee,4000,08-10-2025,28-09-2025,2025-26
INV/2024-25/017552,STU0467,Tuition Fee,4000,10-07-2024,30-06-2024,2024-25
INV/2024-25/014774,STU0312,Sports Fee,1500,16-04-2024,01-04-2024,2024-25
INV/2024-25/014468,STU0295,Sports Fee,1500,16-04-2024,01-04-2024,2024-25
INV/2023-24/004211,STU0241,Tuition Fee,3000,05-02-2024,26-01-2024,2023-24
INV/2025-26/021476,STU0207,Tuition Fee,3000,07-11-2025,28-10-2025,2025-26
INV/2024-25/013638,STU0249,Lab Fee,1000,16-04-2024,01-04-2024,2024-25
INV/2023-24/000128,STU0008,Tuition Fee,2000,07-12-2023,27-11-2023,2023-24
INV/2025-26/025201,STU0414,Tuition Fee,4000,08-10-2025,28-09-2025,2025-26
INV/2023-24/006690,STU0379,Tuition Fee,4000,08-09-2023,29-08-2023,2023-24
INV/2023-24/006183,STU0351,Tuition Fee,4000,10-06-2023,31-05-2023,2023-24
INV/2024-25/012343,STU0177,Library Fee,500,16-04-2024,01-04-2024,2024-25
INV/2025-26/025554,STU0433,Exam Fee,500,13-10-2025,28-09-2025,2025-26
INV/2023-24/000883,STU0052,Exam Fee,250,16-04-2023,01-04-2023,2023-24
INV/2024-25/013859,STU0262,Tuition Fee,3000,11-04-2024,01-04-2024,2024-25
INV/2023-24/006353,STU0360,Tuition Fee,4000,05-02-2024,26-01-2024,2023-24
INV/2024-25/011299,STU0119,Library Fee,500,16-04-2024,01-04-2024,2024-25
INV/2025-26/018930,STU0065,Exam Fee,375,13-10-2025,28-09-2025,2025-26
INV/2025-26/018493,STU0041,Annual Fee,6000,16-04-2025,01-04-2025,2025-26
INV/2025-26/020559,STU0156,Tuition Fee,3000,07-12-2025,27-11-2025,2025-26
INV/2025-26/019422,STU0093,Tuition Fee,3000,08-09-2025,29-08-2025,2025-26
INV/2025-26/019831,STU0116,Tuition Fee,3000,11-04-2025,01-04-2025,2025-26
INV/2023-24/000900,STU0053,Exam Fee,250,16-04-2023,01-04-2023,2023-24
INV/2024-25/012546,STU0189,Tuition Fee,3000,11-05-2024,01-05-2024,2024-25
INV/2024-25/014362,STU0289,Exam Fee,500,13-10-2024,28-09-2024,2024-25
INV/2025-26/020942,STU0177,Lab Fee,1000,16-04-2025,01-04-2025,2025-26
INV/2023-24/000470,STU0028,Tuition Fee,2000,05-02-2024,26-01-2024,2023-24
INV/2023-24/004477,STU0256,Tuition Fee,3000,08-10-2023,28-09-2023,2023-24
INV/2023-24/007230,STU0409,Tuition Fee,4000,08-09-2023,29-08-2023,2023-24
INV/2025-26/024555,STU0378,Tuition Fee,4000,07-12-2025,27-11-2025,2025-26
INV/2023-24/003321,STU0192,Tuition Fee,3000,10-06-2023,31-05-2023,2023-24
INV/2024-25/014990,STU0324,Sports Fee,1500,16-04-2024,01-04-2024,2024-25
INV/2025-26/025173,STU0412,Library Fee,1000,16-04-2025,01-04-2025,2025-26
INV/2024-25/010836,STU0094,Tuition Fee,3000,11-05-2024,01-05-2024,2024-25
INV/2023-24/001473,STU0087,Tuition Fee,2000,05-02-2024,26-01-2024,2023-24
INV/2024-25/017275,STU0451,Library Fee,1000,16-04-2024,01-04-2024,2024-25
INV/2023-24/003244,STU0187,Sports Fee,1000,16-04-2023,01-04-2023,2023-24
INV/2023-24/000538,STU0032,Tuition Fee,2000,05-02-2024,26-01-2024,2023-24
INV/2024-25/010505,STU0075,Tuition Fee,2000,08-10-2024,28-09-2024,2024-25
INV/2023-24/008001,STU0452,Tuition Fee,4000,10-06-2023,31-05-2023,2023-24
INV/2023-24/004435,STU0254,Tuition Fee,3000,11-04-2023,01-04-2023,2023-24
INV/2023-24/003396,STU0196,Tuition Fee,3000,08-09-2023,29-08-2023,2023-24
INV/2024-25/014231,STU0282,Annual Fee,8000,16-04-2024,01-04-2024,2024-25
INV/2023-24/005818,STU0330,Sports Fee,1500,16-04-2023,01-04-2023,2023-24
INV/2023-24/004200,STU0240,Exam Fee,375,13-10-2023,28-09-2023,2023-24
INV/2025-26/018890,STU0063,Lab Fee,1000,16-04-2025,01-04-2025,2025-26
INV/2024-25/013368,STU0234,Lab Fee,1000,16-04-2024,01-04-2024,2024-25
INV/2024-25/011712,STU0142,Lab Fee,1000,16-04-2024,01-04-2024,2024-25
INV/2023-24/004325,STU0247,Exam Fee,375,16-04-2023,01-04-2023,2023-24
INV/2023-24/005166,STU0294,Tuition Fee,3000,06-03-2024,25-02-2024,2023-24
INV/2023-24/003408,STU0196,Exam Fee,375,13-10-2023,28-09-2023,2023-24
INV/2023-24/003597,STU0207,Tuition Fee,3000,07-12-2023,27-11-2023,2023-24
INV/2025-26/018808,STU0059,Tuition Fee,3000,10-07-2025,30-06-2025,2025-26
INV/2024-25/017295,STU0452,Exam Fee,500,16-04-2024,01-04-2024,2024-25
INV/2025-26/023715,STU0331,Library Fee,1000,16-04-2025,01-04-2025,2025-26
INV/2024-25/013697,STU0253,Tuition Fee,3000,11-04-2024,01-04-2024,2024-25
INV/2024-25/010238,STU0059,Tuition Fee,2000,07-03-2025,25-02-2025,2024-25
INV/2025-26/024078,STU0351,Exam Fee,500,13-10-2025,28-09-2025,2025-26
INV/2023-24/008896,STU0501,Sports Fee,1500,16-04-2023,01-04-2023,2023-24
INV/2024-25/015560,STU0356,Tuition Fee,4000,06-01-2025,27-12-2024,2024-25
INV/2023-24/002740,STU0159,Sports Fee,1000,16-04-2023,01-04-2023,2023-24
INV/2023-24/006337,STU0359,Annual Fee,8000,16-04-2023,01-04-2023,2023-24
INV/2023-24/007484,STU0423,Tuition Fee,4000,07-11-2023,28-10-2023,2023-24
INV/2023-24/009100,STU0513,Tuition Fee,4000,10-07-2023,30-06-2023,2023-24
INV/2023-24/002780,STU0162,Tuition Fee,3000,11-05-2023,01-05-2023,2023-24
INV/2024-25/017023,STU0437,Library Fee,1000,16-04-2024,01-04-2024,2024-25
INV/2023-24/003574,STU0206,Tuition Fee,3000,10-07-2023,30-06-2023,2023-24
INV/2023-24/005219,STU0297,Tuition Fee,3000,05-02-2024,26-01-2024,2023-24
INV/2025-26/019651,STU0106,Tuition Fee,3000,11-04-2025,01-04-2025,2025-26
INV/2023-24/003245,STU0187,Exam Fee,375,16-04-2023,01-04-2023,2023-24
INV/2025-26/022954,STU0289,Tuition Fee,4000,06-01-2026,27-12-2025,2025-26
INV/2025-26/023091,STU0297,Tuition Fee,4000,10-06-2025,31-05-2025,2025-26
INV/2024-25/012324,STU0176,Lab Fee,1000,16-04-2024,01-04-2024,2024-25
INV/2025-26/024871,STU0396,Tuition Fee,4000,11-04-2025,01-04-2025,2025-26
INV/2024-25/017746,STU0477,Exam Fee,500,13-10-2024,28-09-2024,2024-25
INV/2024-25/013164,STU0223,Tuition Fee,3000,07-11-2024,28-10-2024,2024-25
INV/2023-24/001666,STU0098,Exam Fee,250,13-10-2023,28-09-2023,2023-24
INV/2024-25/012399,STU0180,Exam Fee,375,16-04-2024,01-04-2024,2024-25
INV/2023-24/005930,STU0337,Tuition Fee,4000,11-05-2023,01-05-2023,2023-24
INV/2024-25/010656,STU0084,Tuition Fee,3000,11-05-2024,01-05-2024,2024-25
INV/2023-24/007010,STU0397,Tuition Fee,4000,11-05-2023,01-05-2023,2023-24
INV/2024-25/013667,STU0251,Tuition Fee,3000,08-10-2024,28-09-2024,2024-25
INV/2025-26/023887,STU0341,Tuition Fee,4000,08-10-2025,28-09-2025,2025-26
INV/2023-24/002343,STU0137,Library Fee,500,16-04-2023,01-04-2023,2023-24
INV/2023-24/006760,STU0383,Tuition Fee,4000,10-07-2023,30-06-2023,2023-24
INV/2025-26/021735,STU0221,Library Fee,500,16-04-2025,01-04-2025,2025-26
INV/2024-25/017012,STU0437,Tuition Fee,4000,10-07-2024,30-06-2024,2024-25
INV/2023-24/003140,STU0182,Tuition Fee,3000,11-05-2023,01-05-2023,2023-24
INV/2024-25/017002,STU0436,Tuition Fee,4000,07-03-2025,25-02-2025,2024-25
INV/2023-24/008858,STU0499,Lab Fee,2000,16-04-2023,01-04-2023,2023-24
INV/2024-25/016843,STU0427,Library Fee,1000,16-04-2024,01-04-2024,2024-25
INV/2024-25/014836,STU0316,Tuition Fee,4000,08-09-2024,29-08-2024,2024-25
INV/2024-25/017225,STU0449,Tuition Fee,4000,11-04-2024,01-04-2024,2024-25
INV/2024-25/012446,STU0183,Tuition Fee,3000,06-01-2025,27-12-2024,2024-25
INV/2024-25/016366,STU0401,Tuition Fee,4000,08-09-2024,29-08-2024,2024-25
INV/2024-25/015408,STU0348,Tuition Fee,4000,11-05-2024,01-05-2024,2024-25
INV/2024-25/015227,STU0338,Tuition Fee,4000,11-04-2024,01-04-2024,2024-25
INV/2023-24/002414,STU0141,Lab Fee,1000,16-04-2023,01-04-2023,2023-24
INV/2023-24/002439,STU0143,Tuition Fee,3000,10-06-2023,31-05-2023,2023-24
INV/2025-26/019050,STU0072,Tuition Fee,3000,07-03-2026,25-02-2026,2025-26
INV/2023-24/001468,STU0087,Tuition Fee,2000,08-09-2023,29-08-2023,2023-24
INV/2025-26/022298,STU0253,Tuition Fee,4000,11-05-2025,01-05-2025,2025-26
INV/2025-26/019188,STU0080,Tuition Fee,3000,08-09-2025,29-08-2025,2025-26
INV/2023-24/007948,STU0449,Tuition Fee,4000,10-07-2023,30-06-2023,2023-24
INV/2025-26/021395,STU0202,Exam Fee,375,16-04-2025,01-04-2025,2025-26
INV/2025-26/024502,STU0375,Tuition Fee,4000,06-01-2026,27-12-2025,2025-26
INV/2025-26/024782,STU0391,Tuition Fee,4000,11-05-2025,01-05-2025,2025-26
INV/2023-24/005299,STU0302,Tuition Fee,3000,11-04-2023,01-04-2023,2023-24
INV/2023-24/000348,STU0021,Tuition Fee,2000,07-11-2023,28-10-2023,2023-24
INV/2024-25/014846,STU0316,Sports Fee,1500,16-04-2024,01-04-2024,2024-25
INV/2025-26/020554,STU0156,Tuition Fee,3000,10-07-2025,30-06-2025,2025-26
INV/2024-25/013038,STU0216,Tuition Fee,3000,07-11-2024,28-10-2024,2024-25
INV/2023-24/005910,STU0335,Exam Fee,500,13-10-2023,28-09-2023,2023-24
INV/2024-25/011934,STU0155,Tuition Fee,3000,11-05-2024,01-05-2024,2024-25
INV/2024-25/015777,STU0368,Tuition Fee,4000,05-02-2025,26-01-2025,2024-25
INV/2023-24/006977,STU0395,Tuition Fee,4000,09-08-2023,30-07-2023,2023-24
INV/2023-24/002833,STU0165,Tuition Fee,3000,11-04-2023,01-04-2023,2023-24
INV/2024-25/012650,STU0194,Sports Fee,1000,16-04-2024,01-04-2024,2024-25
INV/2025-26/019785,STU0113,Tuition Fee,3000,07-12-2025,27-11-2025,2025-26
INV/2024-25/012148,STU0166,Exam Fee,375,13-10-2024,28-09-2024,2024-25
INV/2024-25/014087,STU0274,Annual Fee,6000,16-04-2024,01-04-2024,2024-25
INV/2023-24/004935,STU0281,Library Fee,500,16-04-2023,01-04-2023,2023-24
INV/2025-26/018148,STU0021,Tuition Fee,2000,07-11-2025,28-10-2025,2025-26
INV/2024-25/010539,STU0077,Tuition Fee,2000,08-10-2024,28-09-2024,2024-25
INV/2025-26/018442,STU0038,Annual Fee,5000,16-04-2025,01-04-2025,2025-26
INV/2025-26/021638,STU0216,Tuition Fee,3000,07-11-2025,28-10-2025,2025-26
INV/2025-26/022793,STU0280,Tuition Fee,4000,05-02-2026,26-01-2026,2025-26
INV/2023-24/002748,STU0160,Tuition Fee,3000,08-09-2023,29-08-2023,2023-24
INV/2024-25/013303,STU0231,Tuition Fee,3000,10-06-2024,31-05-2024,2024-25
INV/2025-26/020094,STU0130,Tuition Fee,3000,07-03-2026,25-02-2026,2025-26
INV/2023-24/002270,STU0133,Lab Fee,1000,16-04-2023,01-04-2023,2023-24
INV/2024-25/011747,STU0144,Annual Fee,6000,16-04-2024,01-04-2024,2024-25
INV/2025-26/017816,STU0001,Exam Fee,250,16-04-2025,01-04-2025,2025-26
INV/2025-26/021459,STU0206,Tuition Fee,3000,07-12-2025,27-11-2025,2025-26
INV/2023-24/004941,STU0282,Tuition Fee,3000,10-06-2023,31-05-2023,2023-24
INV/2023-24/000876,STU0052,Tuition Fee,2000,07-12-2023,27-11-2023,2023-24
INV/2025-26/020331,STU0143,Library Fee,500,16-04-2025,01-04-2025,2025-26
INV/2023-24/003009,STU0174,Library Fee,500,16-04-2023,01-04-2023,2023-24
INV/2023-24/000553,STU0033,Tuition Fee,2000,07-12-2023,27-11-2023,2023-24
INV/2023-24/000367,STU0022,Tuition Fee,2000,06-01-2024,27-12-2023,2023-24
INV/2023-24/007716,STU0436,Tuition Fee,4000,08-09-2023,29-08-2023,2023-24
INV/2024-25/014034,STU0271,Lab Fee,1000,16-04-2024,01-04-2024,2024-25
INV/2024-25/014156,STU0278,Tuition Fee,3000,06-01-2025,27-12-2024,2024-25
INV/2024-25/015324,STU0343,Tuition Fee,4000,07-11-2024,28-10-2024,2024-25
INV/2024-25/010727,STU0088,Tuition Fee,3000,11-04-2024,01-04-2024,2024-25
INV/2023-24/001331,STU0079,Tuition Fee,2000,09-08-2023,30-07-2023,2023-24
INV/2025-26/020782,STU0168,Sports Fee,1000,16-04-2025,01-04-2025,2025-26
INV/2024-25/017770,STU0479,Tuition Fee,4000,08-09-2024,29-08-2024,2024-25
INV/2023-24/005928,STU0336,Exam Fee,500,13-10-2023,28-09-2023,2023-24
INV/2024-25/015659,STU0362,Tuition Fee,4000,11-04-2024,01-04-2024,2024-25
INV/2023-24/007528,STU0425,Sports Fee,1500,16-04-2023,01-04-2023,2023-24
INV/2024-25/016043,STU0383,Tuition Fee,4000,08-10-2024,28-09-2024,2024-25
INV/2024-25/014927,STU0321,Tuition Fee,4000,08-10-2024,28-09-2024,2024-25
INV/2025-26/019509,STU0098,Tuition Fee,3000,10-06-2025,31-05-2025,2025-26
INV/2025-26/020008,STU0125,Sports Fee,1000,16-04-2025,01-04-2025,2025-26
INV/2025-26/025430,STU0427,Tuition Fee,4000,11-05-2025,01-05-2025,2025-26
INV/2024-25/014757,STU0311,Exam Fee,500,16-04-2024,01-04-2024,2024-25
INV/2025-26/025505,STU0431,Tuition Fee,4000,09-08-2025,30-07-2025,2025-26
INV/2025-26/022436,STU0260,Lab Fee,2000,16-04-2025,01-04-2025,2025-26
INV/2025-26/020220,STU0137,Tuition Fee,3000,07-03-2026,25-02-2026,2025-26
INV/2025-26/025288,STU0419,Tuition Fee,4000,10-07-2025,30-06-2025,2025-26
INV/2025-26/024375,STU0368,Tuition Fee,4000,07-12-2025,27-11-2025,2025-26
INV/2023-24/006695,STU0379,Tuition Fee,4000,05-02-2024,26-01-2024,2023-24
INV/2023-24/002309,STU0135,Exam Fee,375,16-04-2023,01-04-2023,2023-24
INV/2025-26/023054,STU0295,Tuition Fee,4000,11-05-2025,01-05-2025,2025-26
INV/2024-25/011360,STU0123,Tuition Fee,3000,10-07-2024,30-06-2024,2024-25
INV/2024-25/017058,STU0439,Lab Fee,2000,16-04-2024,01-04-2024,2024-25
INV/2025-26/020196,STU0136,Tuition Fee,3000,08-09-2025,29-08-2025,2025-26
INV/2023-24/006224,STU0353,Tuition Fee,4000,07-11-2023,28-10-2023,2023-24
INV/2024-25/013301,STU0231,Tuition Fee,3000,11-04-2024,01-04-2024,2024-25
INV/2024-25/010630,STU0082,Tuition Fee,3000,07-03-2025,25-02-2025,2024-25
INV/2024-25/015483,STU0352,Tuition Fee,4000,09-08-2024,30-07-2024,2024-25
INV/2025-26/021035,STU0182,Exam Fee,375,16-04-2025,01-04-2025,2025-26
INV/2024-25/016943,STU0433,Tuition Fee,4000,08-10-2024,28-09-2024,2024-25
INV/2024-25/011025,STU0104,Tuition Fee,3000,05-02-2025,26-01-2025,2024-25
INV/2024-25/016800,STU0425,Tuition Fee,4000,07-11-2024,28-10-2024,2024-25
INV/2024-25/013251,STU0228,Tuition Fee,3000,09-08-2024,30-07-2024,2024-25
INV/2024-25/017075,STU0440,Annual Fee,8000,16-04-2024,01-04-2024,2024-25
INV/2024-25/011130,STU0110,Tuition Fee,3000,07-11-2024,28-10-2024,2024-25
INV/2024-25/017721,STU0476,Tuition Fee,4000,05-02-2025,26-01-2025,2024-25
INV/2024-25/015438,STU0349,Lab Fee,2000,16-04-2024,01-04-2024,2024-25
INV/2025-26/022947,STU0289,Tuition Fee,4000,10-06-2025,31-05-2025,2025-26
INV/2023-24/007476,STU0422,Exam Fee,500,13-10-2023,28-09-2023,2023-24
INV/2025-26/021461,STU0206,Tuition Fee,3000,05-02-2026,26-01-2026,2025-26
INV/2023-24/006066,STU0344,Tuition Fee,4000,06-03-2024,25-02-2024,2023-24
INV/2024-25/015602,STU0358,Sports Fee,1500,16-04-2024,01-04-2024,2024-25
INV/2024-25/009674,STU0026,Tuition Fee,2000,07-12-2024,27-11-2024,2024-25
INV/2024-25/010161,STU0055,Tuition Fee,2000,10-06-2024,31-05-2024,2024-25
INV/2023-24/007540,STU0426,Tuition Fee,4000,06-01-2024,27-12-2023,2023-24
INV/2023-24/007290,STU0412,Tuition Fee,4000,06-03-2024,25-02-2024,2023-24
INV/2024-25/017612,STU0470,Tuition Fee,4000,06-01-2025,27-12-2024,2024-25
INV/2024-25/015332,STU0343,Sports Fee,1500,16-04-2024,01-04-2024,2024-25
INV/2025-26/022857,STU0284,Tuition Fee,4000,10-06-2025,31-05-2025,2025-26
INV/2023-24/005077,STU0289,Annual Fee,6000,16-04-2023,01-04-2023,2023-24
INV/2023-24/006218,STU0353,Tuition Fee,4000,11-05-2023,01-05-2023,2023-24
INV/2023-24/008254,STU0466,Tuition Fee,4000,10-07-2023,30-06-2023,2023-24
INV/2025-26/024854,STU0395,Tuition Fee,4000,11-05-2025,01-05-2025,2025-26
INV/2023-24/008302,STU0468,Sports Fee,1500,16-04-2023,01-04-2023,2023-24
INV/2023-24/004817,STU0275,Tuition Fee,3000,09-08-2023,30-07-2023,2023-24
INV/2025-26/019450,STU0094,Sports Fee,1000,16-04-2025,01-04-2025,2025-26
INV/2023-24/007070,STU0400,Tuition Fee,4000,07-11-2023,28-10-2023,2023-24
INV/2025-26/018911,STU0064,Exam Fee,375,16-04-2025,01-04-2025,2025-26
INV/2025-26/020110,STU0131,Tuition Fee,3000,06-01-2026,27-12-2025,2025-26
INV/2025-26/021950,STU0233,Lab Fee,1000,16-04-2025,01-04-2025,2025-26
INV/2023-24/003571,STU0206,Tuition Fee,3000,11-04-2023,01-04-2023,2023-24
INV/2025-26/018755,STU0056,Tuition Fee,3000,09-08-2025,30-07-2025,2025-26
INV/2025-26/023409,STU0314,Library Fee,1000,16-04-2025,01-04-2025,2025-26
INV/2024-25/013808,STU0259,Tuition Fee,3000,10-07-2024,30-06-2024,2024-25
INV/2025-26/023928,STU0343,Tuition Fee,4000,07-03-2026,25-02-2026,2025-26
INV/2025-26/025570,STU0434,Sports Fee,1500,16-04-2025,01-04-2025,2025-26
INV/2024-25/016440,STU0405,Tuition Fee,4000,07-11-2024,28-10-2024,2024-25
INV/2025-26/023421,STU0315,Tuition Fee,4000,07-12-2025,27-11-2025,2025-26
INV/2023-24/006110,STU0347,Tuition Fee,4000,11-05-2023,01-05-2023,2023-24
INV/2023-24/003697,STU0213,Tuition Fee,3000,11-04-2023,01-04-2023,2023-24
INV/2023-24/003161,STU0183,Tuition Fee,3000,09-08-2023,30-07-2023,2023-24
INV/2023-24/007806,STU0441,Tuition Fee,4000,08-09-2023,29-08-2023,2023-24
INV/2024-25/011933,STU0155,Tuition Fee,3000,11-04-2024,01-04-2024,2024-25
INV/2025-26/019792,STU0113,Sports Fee,1000,16-04-2025,01-04-2025,2025-26
INV/2024-25/014041,STU0272,Tuition Fee,3000,10-06-2024,31-05-2024,2024-25
INV/2023-24/009239,STU0520,Exam Fee,500,16-04-2023,01-04-2023,2023-24
INV/2024-25/016403,STU0403,Tuition Fee,4000,08-10-2024,28-09-2024,2024-25
INV/2024-25/017685,STU0474,Tuition Fee,4000,05-02-2025,26-01-2025,2024-25
INV/2024-25/014816,STU0315,Tuition Fee,4000,10-07-2024,30-06-2024,2024-25
INV/2025-26/024540,STU0377,Tuition Fee,4000,07-03-2026,25-02-2026,2025-26
INV/2023-24/005733,STU0326,Tuition Fee,4000,10-06-2023,31-05-2023,2023-24
INV/2023-24/001105,STU0065,Exam Fee,250,13-10-2023,28-09-2023,2023-24
INV/2024-25/012359,STU0178,Annual Fee,6000,16-04-2024,01-04-2024,2024-25
INV/2024-25/016266,STU0395,Lab Fee,2000,16-04-2024,01-04-2024,2024-25
INV/2025-26/019884,STU0118,Exam Fee,375,13-10-2025,28-09-2025,2025-26
INV/2024-25/015256,STU0339,Tuition Fee,4000,07-03-2025,25-02-2025,2024-25
INV/2023-24/005496,STU0312,Exam Fee,375,13-10-2023,28-09-2023,2023-24
INV/2023-24/006542,STU0371,Tuition Fee,4000,11-05-2023,01-05-2023,2023-24
INV/2025-26/018411,STU0036,Exam Fee,250,16-04-2025,01-04-2025,2025-26
INV/2023-24/009223,STU0520,Tuition Fee,4000,11-04-2023,01-04-2023,2023-24
INV/2024-25/016790,STU0424,Sports Fee,1500,16-04-2024,01-04-2024,2024-25
INV/2025-26/025237,STU0416,Tuition Fee,4000,08-10-2025,28-09-2025,2025-26
INV/2023-24/002662,STU0155,Tuition Fee,3000,06-01-2024,27-12-2023,2023-24
INV/2024-25/016825,STU0426,Library Fee,1000,16-04-2024,01-04-2024,2024-25
INV/2023-24/005675,STU0322,Exam Fee,500,16-04-2023,01-04-2023,2023-24
INV/2024-25/013013,STU0215,Tuition Fee,3000,11-04-2024,01-04-2024,2024-25
INV/2025-26/019318,STU0087,Tuition Fee,3000,06-01-2026,27-12-2025,2025-26
INV/2025-26/021194,STU0191,Lab Fee,1000,16-04-2025,01-04-2025,2025-26
INV/2024-25/011940,STU0155,Tuition Fee,3000,07-11-2024,28-10-2024,2024-25
INV/2025-26/022045,STU0239,Tuition Fee,3000,11-04-2025,01-04-2025,2025-26
INV/2024-25/009470,STU0014,Tuition Fee,2000,07-12-2024,27-11-2024,2024-25
INV/2025-26/019037,STU0071,Exam Fee,375,16-04-2025,01-04-2025,2025-26
INV/2023-24/000637,STU0038,Tuition Fee,2000,07-11-2023,28-10-2023,2023-24
INV/2023-24/001988,STU0117,Exam Fee,250,16-04-2023,01-04-2023,2023-24
INV/2023-24/002440,STU0143,Tuition Fee,3000,10-07-2023,30-06-2023,2023-24
INV/2025-26/024304,STU0364,Tuition Fee,4000,06-01-2026,27-12-2025,2025-26
INV/2023-24/000937,STU0056,Tuition Fee,2000,11-05-2023,01-05-2023,2023-24
INV/2023-24/007385,STU0417,Exam Fee,500,16-04-2023,01-04-2023,2023-24
INV/2024-25/017183,STU0446,Annual Fee,8000,16-04-2024,01-04-2024,2024-25
INV/2023-24/000456,STU0027,Library Fee,500,16-04-2023,01-04-2023,2023-24
INV/2023-24/003279,STU0189,Library Fee,500,16-04-2023,01-04-2023,2023-24
INV/2023-24/005881,STU0334,Tuition Fee,4000,08-10-2023,28-09-2023,2023-24
INV/2023-24/003124,STU0181,Tuition Fee,3000,10-07-2023,30-06-2023,2023-24
INV/2025-26/018457,STU0039,Tuition Fee,2000,05-02-2026,26-01-2026,2025-26
INV/2023-24/004423,STU0253,Tuition Fee,3000,08-10-2023,28-09-2023,2023-24
INV/2023-24/008426,STU0475,Lab Fee,2000,16-04-2023,01-04-2023,2023-24
INV/2024-25/009499,STU0016,Tuition Fee,2000,10-07-2024,30-06-2024,2024-25
INV/2024-25/013220,STU0226,Tuition Fee,3000,06-01-2025,27-12-2024,2024-25
INV/2025-26/024528,STU0376,Exam Fee,500,13-10-2025,28-09-2025,2025-26
INV/2023-24/006846,STU0387,Exam Fee,500,13-10-2023,28-09-2023,2023-24
INV/2023-24/006529,STU0370,Tuition Fee,4000,08-10-2023,28-09-2023,2023-24
INV/2023-24/001936,STU0114,Sports Fee,1000,16-04-2023,01-04-2023,2023-24
INV/2023-24/005561,STU0316,Tuition Fee,3000,05-02-2024,26-01-2024,2023-24
INV/2025-26/018747,STU0055,Library Fee,500,16-04-2025,01-04-2025,2025-26
INV/2024-25/014610,STU0303,Lab Fee,2000,16-04-2024,01-04-2024,2024-25
INV/2025-26/018745,STU0055,Annual Fee,6000,16-04-2025,01-04-2025,2025-26
INV/2024-25/011170,STU0112,Tuition Fee,3000,07-03-2025,25-02-2025,2024-25
INV/2025-26/019216,STU0081,Sports Fee,1000,16-04-2025,01-04-2025,2025-26
INV/2025-26/018871,STU0062,Annual Fee,6000,16-04-2025,01-04-2025,2025-26
INV/2025-26/020582,STU0157,Lab Fee,1000,16-04-2025,01-04-2025,2025-26
INV/2025-26/023011,STU0292,Annual Fee,8000,16-04-2025,01-04-2025,2025-26
INV/2023-24/005040,STU0287,Tuition Fee,3000,06-03-2024,25-02-2024,2023-24
INV/2024-25/016055,STU0384,Tuition Fee,4000,11-04-2024,01-04-2024,2024-25
INV/2025-26/024543,STU0377,Library Fee,1000,16-04-2025,01-04-2025,2025-26
INV/2024-25/009990,STU0045,Tuition Fee,2000,11-05-2024,01-05-2024,2024-25
INV/2023-24/001531,STU0091,Tuition Fee,2000,11-04-2023,01-04-2023,2023-24
INV/2023-24/006588,STU0373,Tuition Fee,4000,06-03-2024,25-02-2024,2023-24
INV/2023-24/007451,STU0421,Tuition Fee,4000,05-02-2024,26-01-2024,2023-24
INV/2023-24/005213,STU0297,Tuition Fee,3000,09-08-2023,30-07-2023,2023-24
INV/2025-26/025462,STU0428,Sports Fee,1500,16-04-2025,01-04-2025,2025-26
INV/2023-24/002369,STU0139,Tuition Fee,3000,09-08-2023,30-07-2023,2023-24
INV/2023-24/007640,STU0432,Tuition Fee,4000,11-05-2023,01-05-2023,2023-24
INV/2023-24/004966,STU0283,Tuition Fee,3000,06-01-2024,27-12-2023,2023-24
INV/2024-25/017279,STU0452,Tuition Fee,4000,11-04-2024,01-04-2024,2024-25
INV/2023-24/006819,STU0386,Tuition Fee,4000,07-12-2023,27-11-2023,2023-24
INV/2025-26/019914,STU0120,Tuition Fee,3000,07-03-2026,25-02-2026,2025-26
INV/2025-26/022082,STU0241,Tuition Fee,4000,11-05-2025,01-05-2025,2025-26
INV/2025-26/025097,STU0408,Tuition Fee,4000,05-02-2026,26-01-2026,2025-26
INV/2023-24/001383,STU0082,Tuition Fee,2000,08-09-2023,29-08-2023,2023-24
INV/2024-25/013443,STU0238,Exam Fee,375,16-04-2024,01-04-2024,2024-25
INV/2025-26/022891,STU0286,Tuition Fee,4000,11-04-2025,01-04-2025,2025-26
INV/2025-26/024368,STU0368,Tuition Fee,4000,11-05-2025,01-05-2025,2025-26
INV/2024-25/017422,STU0459,Exam Fee,500,13-10-2024,28-09-2024,2024-25
INV/2023-24/008562,STU0483,Tuition Fee,4000,08-09-2023,29-08-2023,2023-24
INV/2023-24/001289,STU0076,Library Fee,500,16-04-2023,01-04-2023,2023-24
INV/2023-24/001864,STU0110,Tuition Fee,2000,05-02-2024,26-01-2024,2023-24
INV/2025-26/024577,STU0379,Annual Fee,8000,16-04-2025,01-04-2025,2025-26
INV/2024-25/010439,STU0071,Tuition Fee,2000,07-12-2024,27-11-2024,2024-25
INV/2023-24/002997,STU0174,Tuition Fee,3000,10-06-2023,31-05-2023,2023-24
INV/2024-25/010705,STU0086,Library Fee,500,16-04-2024,01-04-2024,2024-25
INV/2024-25/012618,STU0193,Tuition Fee,3000,11-05-2024,01-05-2024,2024-25
INV/2023-24/006709,STU0380,Tuition Fee,4000,08-10-2023,28-09-2023,2023-24
INV/2025-26/018715,STU0054,Tuition Fee,3000,11-04-2025,01-04-2025,2025-26
INV/2023-24/007189,STU0407,Tuition Fee,4000,11-04-2023,01-04-2023,2023-24
INV/2024-25/011996,STU0158,Tuition Fee,3000,06-01-2025,27-12-2024,2024-25
INV/2023-24/004070,STU0233,Lab Fee,1000,16-04-2023,01-04-2023,2023-24
INV/2023-24/007751,STU0438,Tuition Fee,4000,09-08-2023,30-07-2023,2023-24
INV/2023-24/000042,STU0003,Tuition Fee,2000,07-11-2023,28-10-2023,2023-24
INV/2023-24/007645,STU0432,Tuition Fee,4000,08-10-2023,28-09-2023,2023-24
INV/2025-26/019936,STU0121,Sports Fee,1000,16-04-2025,01-04-2025,2025-26
INV/2025-26/019761,STU0112,Tuition Fee,3000,10-06-2025,31-05-2025,2025-26
INV/2024-25/010043,STU0048,Tuition Fee,2000,10-07-2024,30-06-2024,2024-25
INV/2025-26/018670,STU0051,Tuition Fee,3000,06-01-2026,27-12-2025,2025-26
INV/2023-24/004547,STU0260,Tuition Fee,3000,09-08-2023,30-07-2023,2023-24
INV/2025-26/024061,STU0351,Tuition Fee,4000,11-04-2025,01-04-2025,2025-26
INV/2023-24/001398,STU0083,Tuition Fee,2000,10-07-2023,30-06-2023,2023-24
INV/2025-26/022952,STU0289,Tuition Fee,4000,07-11-2025,28-10-2025,2025-26
INV/2023-24/002207,STU0130,Tuition Fee,3000,09-08-2023,30-07-2023,2023-24
INV/2023-24/006209,STU0352,Tuition Fee,4000,05-02-2024,26-01-2024,2023-24
INV/2025-26/025213,STU0415,Tuition Fee,4000,11-04-2025,01-04-2025,2025-26
INV/2023-24/006168,STU0350,Tuition Fee,4000,08-09-2023,29-08-2023,2023-24
INV/2025-26/021423,STU0204,Tuition Fee,3000,07-12-2025,27-11-2025,2025-26
INV/2023-24/001642,STU0097,Tuition Fee,2000,06-01-2024,27-12-2023,2023-24
INV/2023-24/006706,STU0380,Tuition Fee,4000,10-07-2023,30-06-2023,2023-24
INV/2024-25/010154,STU0054,Annual Fee,5000,16-04-2024,01-04-2024,2024-25
INV/2023-24/004899,STU0279,Library Fee,500,16-04-2023,01-04-2023,2023-24
INV/2023-24/005562,STU0316,Tuition Fee,3000,06-03-2024,25-02-2024,2023-24
INV/2024-25/017786,STU0480,Tuition Fee,4000,10-07-2024,30-06-2024,2024-25
INV/2025-26/018800,STU0058,Lab Fee,1000,16-04-2025,01-04-2025,2025-26
INV/2025-26/018842,STU0061,Tuition Fee,3000,11-05-2025,01-05-2025,2025-26
INV/2024-25/010968,STU0101,Tuition Fee,3000,07-11-2024,28-10-2024,2024-25
INV/2025-26/022982,STU0291,Tuition Fee,4000,11-05-2025,01-05-2025,2025-26
INV/2023-24/003101,STU0179,Exam Fee,375,16-04-2023,01-04-2023,2023-24
INV/2025-26/018132,STU0020,Tuition Fee,2000,07-12-2025,27-11-2025,2025-26
INV/2025-26/021682,STU0218,Sports Fee,1000,16-04-2025,01-04-2025,2025-26
INV/2025-26/024468,STU0373,Tuition Fee,4000,07-03-2026,25-02-2026,2025-26
INV/2023-24/005354,STU0305,Tuition Fee,3000,11-05-2023,01-05-2023,2023-24
INV/2024-25/009489,STU0015,Tuition Fee,2000,05-02-2025,26-01-2025,2024-25
INV/2023-24/007360,STU0416,Tuition Fee,4000,06-01-2024,27-12-2023,2023-24
INV/2023-24/004127,STU0236,Exam Fee,375,16-04-2023,01-04-2023,2023-24
INV/2024-25/012118,STU0165,Tuition Fee,3000,08-09-2024,29-08-2024,2024-25
INV/2024-25/012591,STU0191,Tuition Fee,3000,05-02-2025,26-01-2025,2024-25
INV/2024-25/011117,STU0109,Annual Fee,6000,16-04-2024,01-04-2024,2024-25
INV/2023-24/000497,STU0030,Tuition Fee,2000,10-07-2023,30-06-2023,2023-24
INV/2025-26/023267,STU0306,Exam Fee,500,16-04-2025,01-04-2025,2025-26
INV/2025-26/018823,STU0060,Tuition Fee,3000,11-04-2025,01-04-2025,2025-26
INV/2024-25/009345,STU0007,Tuition Fee,2000,10-06-2024,31-05-2024,2024-25
INV/2025-26/023023,STU0293,Tuition Fee,4000,08-10-2025,28-09-2025,2025-26
INV/2025-26/017996,STU0012,Tuition Fee,2000,07-12-2025,27-11-2025,2025-26
INV/2024-25/013416,STU0237,Tuition Fee,3000,07-11-2024,28-10-2024,2024-25
INV/2025-26/022936,STU0288,Tuition Fee,4000,06-01-2026,27-12-2025,2025-26
INV/2025-26/021854,STU0228,Tuition Fee,3000,07-11-2025,28-10-2025,2025-26
INV/2024-25/009630,STU0023,Exam Fee,250,16-04-2024,01-04-2024,2024-25
INV/2025-26/025134,STU0410,Tuition Fee,4000,07-03-2026,25-02-2026,2025-26
INV/2025-26/024715,STU0387,Tuition Fee,4000,08-10-2025,28-09-2025,2025-26
INV/2024-25/011793,STU0147,Tuition Fee,3000,09-08-2024,30-07-2024,2024-25
INV/2024-25/011819,STU0148,Annual Fee,6000,16-04-2024,01-04-2024,2024-25
INV/2024-25/013807,STU0259,Tuition Fee,3000,10-06-2024,31-05-2024,2024-25
INV/2025-26/019438,STU0094,Tuition Fee,3000,10-07-2025,30-06-2025,2025-26
INV/2025-26/019372,STU0090,Tuition Fee,3000,06-01-2026,27-12-2025,2025-26
INV/2025-26/023392,STU0313,Sports Fee,1500,16-04-2025,01-04-2025,2025-26
INV/2023-24/000227,STU0014,Tuition Fee,2000,08-09-2023,29-08-2023,2023-24
INV/2023-24/006386,STU0362,Tuition Fee,4000,07-11-2023,28-10-2023,2023-24
INV/2024-25/013067,STU0218,Tuition Fee,3000,11-04-2024,01-04-2024,2024-25
INV/2024-25/011504,STU0131,Tuition Fee,3000,10-07-2024,30-06-2024,2024-25
INV/2024-25/010413,STU0069,Exam Fee,250,13-10-2024,28-09-2024,2024-25
INV/2023-24/008033,STU0453,Exam Fee,500,16-04-2023,01-04-2023,2023-24
INV/2023-24/004082,STU0234,Tuition Fee,3000,07-11-2023,28-10-2023,2023-24
INV/2025-26/020882,STU0174,Tuition Fee,3000,07-11-2025,28-10-2025,2025-26
INV/2024-25/011196,STU0114,Tuition Fee,3000,11-05-2024,01-05-2024,2024-25
INV/2024-25/015664,STU0362,Tuition Fee,4000,08-09-2024,29-08-2024,2024-25
INV/2024-25/010060,STU0049,Tuition Fee,2000,10-07-2024,30-06-2024,2024-25
INV/2023-24/008053,STU0455,Tuition Fee,4000,11-04-2023,01-04-2023,2023-24
INV/2024-25/009852,STU0036,Exam Fee,250,13-10-2024,28-09-2024,2024-25
INV/2024-25/015351,STU0344,Exam Fee,500,16-04-2024,01-04-2024,2024-25
INV/2025-26/019384,STU0091,Tuition Fee,3000,10-07-2025,30-06-2025,2025-26
INV/2024-25/015721,STU0365,Tuition Fee,4000,07-12-2024,27-11-2024,2024-25
INV/2024-25/012142,STU0166,Tuition Fee,3000,07-03-2025,25-02-2025,2024-25
INV/2024-25/009641,STU0024,Tuition Fee,2000,06-01-2025,27-12-2024,2024-25
INV/2025-26/020835,STU0171,Library Fee,500,16-04-2025,01-04-2025,2025-26
INV/2023-24/005072,STU0289,Tuition Fee,3000,07-11-2023,28-10-2023,2023-24
INV/2024-25/015555,STU0356,Tuition Fee,4000,09-08-2024,30-07-2024,2024-25
INV/2023-24/006463,STU0366,Annual Fee,8000,16-04-2023,01-04-2023,2023-24
INV/2023-24/005053,STU0288,Tuition Fee,3000,08-10-2023,28-09-2023,2023-24
INV/2025-26/019134,STU0077,Tuition Fee,3000,08-09-2025,29-08-2025,2025-26
INV/2025-26/020217,STU0137,Tuition Fee,3000,07-12-2025,27-11-2025,2025-26
INV/2025-26/019585,STU0102,Tuition Fee,3000,08-10-2025,28-09-2025,2025-26
INV/2024-25/012428,STU0182,Tuition Fee,3000,06-01-2025,27-12-2024,2024-25
INV/2023-24/001795,STU0106,Tuition Fee,2000,06-01-2024,27-12-2023,2023-24
INV/2023-24/009104,STU0513,Tuition Fee,4000,07-11-2023,28-10-2023,2023-24
INV/2023-24/007879,STU0445,Tuition Fee,4000,08-10-2023,28-09-2023,2023-24
INV/2023-24/005658,STU0321,Exam Fee,500,13-10-2023,28-09-2023,2023-24
INV/2023-24/001977,STU0117,Tuition Fee,2000,09-08-2023,30-07-2023,2023-24
INV/2025-26/021225,STU0193,Tuition Fee,3000,07-12-2025,27-11-2025,2025-26
INV/2024-25/013881,STU0263,Tuition Fee,3000,09-08-2024,30-07-2024,2024-25
INV/2023-24/003866,STU0222,Tuition Fee,3000,07-11-2023,28-10-2023,2023-24
INV/2023-24/002965,STU0172,Tuition Fee,3000,08-10-2023,28-09-2023,2023-24
INV/2023-24/005037,STU0287,Tuition Fee,3000,07-12-2023,27-11-2023,2023-24
INV/2023-24/003942,STU0226,Tuition Fee,3000,06-03-2024,25-02-2024,2023-24
INV/2025-26/025633,STU0438,Tuition Fee,4000,08-10-2025,28-09-2025,2025-26
INV/2024-25/014905,STU0320,Tuition Fee,4000,10-06-2024,31-05-2024,2024-25
INV/2025-26/023561,STU0323,Tuition Fee,4000,09-08-2025,30-07-2025,2025-26
INV/2023-24/000297,STU0018,Tuition Fee,2000,07-11-2023,28-10-2023,2023-24
INV/2023-24/008870,STU0500,Tuition Fee,4000,07-11-2023,28-10-2023,2023-24
INV/2023-24/006987,STU0395,Library Fee,1000,16-04-2023,01-04-2023,2023-24
INV/2025-26/018809,STU0059,Tuition Fee,3000,09-08-2025,30-07-2025,2025-26
INV/2024-25/011470,STU0129,Tuition Fee,3000,08-09-2024,29-08-2024,2024-25
INV/2023-24/000843,STU0050,Tuition Fee,2000,06-01-2024,27-12-2023,2023-24
INV/2025-26/018299,STU0030,Tuition Fee,2000,08-09-2025,29-08-2025,2025-26
INV/2023-24/009240,STU0520,Exam Fee,500,13-10-2023,28-09-2023,2023-24
INV/2023-24/006560,STU0372,Tuition Fee,4000,11-05-2023,01-05-2023,2023-24
INV/2023-24/006197,STU0351,Exam Fee,500,16-04-2023,01-04-2023,2023-24
INV/2025-26/025292,STU0419,Tuition Fee,4000,07-11-2025,28-10-2025,2025-26
INV/2024-25/015143,STU0333,Tuition Fee,4000,08-10-2024,28-09-2024,2024-25
INV/2023-24/004311,STU0247,Tuition Fee,3000,10-06-2023,31-05-2023,2023-24
INV/2023-24/008208,STU0463,Tuition Fee,4000,06-03-2024,25-02-2024,2023-24
INV/2023-24/003520,STU0203,Tuition Fee,3000,10-07-2023,30-06-2023,2023-24
INV/2025-26/021288,STU0196,Exam Fee,375,13-10-2025,28-09-2025,2025-26
INV/2024-25/014788,STU0313,Tuition Fee,4000,07-03-2025,25-02-2025,2024-25
INV/2024-25/010079,STU0050,Tuition Fee,2000,08-09-2024,29-08-2024,2024-25
INV/2025-26/019271,STU0084,Exam Fee,375,16-04-2025,01-04-2025,2025-26
INV/2023-24/001435,STU0085,Tuition Fee,2000,08-10-2023,28-09-2023,2023-24
INV/2025-26/020102,STU0131,Tuition Fee,3000,11-05-2025,01-05-2025,2025-26
INV/2024-25/014463,STU0295,Tuition Fee,4000,05-02-2025,26-01-2025,2024-25
INV/2025-26/018025,STU0014,Tuition Fee,2000,10-07-2025,30-06-2025,2025-26
INV/2023-24/005331,STU0303,Library Fee,500,16-04-2023,01-04-2023,2023-24
INV/2024-25/015870,STU0373,Lab Fee,2000,16-04-2024,01-04-2024,2024-25
INV/2024-25/013495,STU0241,Library Fee,500,16-04-2024,01-04-2024,2024-25
INV/2025-26/019906,STU0120,Tuition Fee,3000,10-07-2025,30-06-2025,2025-26
INV/2025-26/017825,STU0002,Tuition Fee,2000,07-11-2025,28-10-2025,2025-26
INV/2023-24/003262,STU0188,Sports Fee,1000,16-04-2023,01-04-2023,2023-24
INV/2024-25/015753,STU0367,Tuition Fee,4000,09-08-2024,30-07-2024,2024-25
INV/2025-26/022517,STU0265,Tuition Fee,4000,09-08-2025,30-07-2025,2025-26
INV/2023-24/003660,STU0210,Exam Fee,375,13-10-2023,28-09-2023,2023-24
INV/2025-26/021523,STU0210,Tuition Fee,3000,11-04-2025,01-04-2025,2025-26
INV/2024-25/009409,STU0010,Exam Fee,250,16-04-2024,01-04-2024,2024-25
INV/2023-24/004753,STU0271,Annual Fee,6000,16-04-2023,01-04-2023,2023-24
INV/2023-24/001778,STU0105,Tuition Fee,2000,06-01-2024,27-12-2023,2023-24
INV/2025-26/021453,STU0206,Tuition Fee,3000,10-06-2025,31-05-2025,2025-26
INV/2025-26/023692,STU0330,Tuition Fee,4000,06-01-2026,27-12-2025,2025-26
INV/2025-26/024354,STU0367,Tuition Fee,4000,08-09-2025,29-08-2025,2025-26
INV/2024-25/015916,STU0376,Tuition Fee,4000,08-09-2024,29-08-2024,2024-25
INV/2023-24/008280,STU0467,Tuition Fee,4000,06-03-2024,25-02-2024,2023-24
INV/2023-24/007403,STU0418,Exam Fee,500,16-04-2023,01-04-2023,2023-24
INV/2024-25/015352,STU0344,Exam Fee,500,13-10-2024,28-09-2024,2024-25
INV/2024-25/010341,STU0065,Annual Fee,5000,16-04-2024,01-04-2024,2024-25
INV/2025-26/022337,STU0255,Tuition Fee,4000,09-08-2025,30-07-2025,2025-26
INV/2023-24/002383,STU0140,Tuition Fee,3000,11-04-2023,01-04-2023,2023-24
INV/2025-26/021987,STU0235,Library Fee,500,16-04-2025,01-04-2025,2025-26
INV/2024-25/015084,STU0330,Tuition Fee,4000,11-05-2024,01-05-2024,2024-25
INV/2024-25/015568,STU0356,Exam Fee,500,13-10-2024,28-09-2024,2024-25
INV/2024-25/016083,STU0385,Tuition Fee,4000,05-02-2025,26-01-2025,2024-25
INV/2024-25/016692,STU0419,Tuition Fee,4000,07-11-2024,28-10-2024,2024-25
INV/2023-24/004344,STU0248,Exam Fee,375,13-10-2023,28-09-2023,2023-24
INV/2024-25/011984,STU0157,Sports Fee,1000,16-04-2024,01-04-2024,2024-25
INV/2023-24/003855,STU0221,Library Fee,500,16-04-2023,01-04-2023,2023-24
INV/2023-24/001449,STU0086,Tuition Fee,2000,10-07-2023,30-06-2023,2023-24
INV/2025-26/022932,STU0288,Tuition Fee,4000,08-09-2025,29-08-2025,2025-26
INV/2025-26/018323,STU0031,Annual Fee,5000,16-04-2025,01-04-2025,2025-26
INV/2023-24/002908,STU0169,Tuition Fee,3000,10-07-2023,30-06-2023,2023-24
INV/2024-25/014181,STU0279,Exam Fee,375,16-04-2024,01-04-2024,2024-25
INV/2025-26/021327,STU0199,Tuition Fee,3000,10-06-2025,31-05-2025,2025-26
INV/2024-25/016490,STU0408,Tuition Fee,4000,10-07-2024,30-06-2024,2024-25
INV/2025-26/017910,STU0007,Tuition Fee,2000,07-11-2025,28-10-2025,2025-26
INV/2024-25/015831,STU0371,Tuition Fee,4000,05-02-2025,26-01-2025,2024-25
INV/2024-25/014573,STU0301,Annual Fee,8000,16-04-2024,01-04-2024,2024-25
INV/2023-24/002513,STU0147,Tuition Fee,3000,09-08-2023,30-07-2023,2023-24
INV/2023-24/002203,STU0130,Tuition Fee,3000,11-04-2023,01-04-2023,2023-24
INV/2025-26/018719,STU0054,Tuition Fee,3000,09-08-2025,30-07-2025,2025-26
INV/2024-25/012910,STU0209,Tuition Fee,3000,08-09-2024,29-08-2024,2024-25
INV/2024-25/015630,STU0360,Tuition Fee,4000,07-11-2024,28-10-2024,2024-25
INV/2023-24/008516,STU0480,Lab Fee,2000,16-04-2023,01-04-2023,2023-24
INV/2025-26/021796,STU0225,Tuition Fee,3000,10-07-2025,30-06-2025,2025-26
INV/2024-25/016120,STU0387,Tuition Fee,4000,07-03-2025,25-02-2025,2024-25
INV/2024-25/014879,STU0318,Annual Fee,8000,16-04-2024,01-04-2024,2024-25
INV/2024-25/011175,STU0112,Exam Fee,375,16-04-2024,01-04-2024,2024-25
INV/2023-24/007101,STU0402,Tuition Fee,4000,10-06-2023,31-05-2023,2023-24
INV/2023-24/002585,STU0151,Tuition Fee,3000,09-08-2023,30-07-2023,2023-24
INV/2024-25/012547,STU0189,Tuition Fee,3000,10-06-2024,31-05-2024,2024-25
INV/2023-24/004839,STU0276,Tuition Fee,3000,07-12-2023,27-11-2023,2023-24
INV/2025-26/021756,STU0222,Exam Fee,375,13-10-2025,28-09-2025,2025-26
INV/2025-26/025607,STU0436,Exam Fee,500,16-04-2025,01-04-2025,2025-26
INV/2024-25/015315,STU0342,Exam Fee,500,16-04-2024,01-04-2024,2024-25
INV/2025-26/020099,STU0130,Exam Fee,375,16-04-2025,01-04-2025,2025-26
INV/2024-25/015743,STU0366,Annual Fee,8000,16-04-2024,01-04-2024,2024-25
INV/2023-24/001400,STU0083,Tuition Fee,2000,08-09-2023,29-08-2023,2023-24
INV/2024-25/014121,STU0276,Tuition Fee,3000,05-02-2025,26-01-2025,2024-25
INV/2025-26/024402,STU0369,Exam Fee,500,13-10-2025,28-09-2025,2025-26
INV/2024-25/012443,STU0183,Tuition Fee,3000,08-10-2024,28-09-2024,2024-25
INV/2025-26/018674,STU0051,Lab Fee,1000,16-04-2025,01-04-2025,2025-26
INV/2025-26/020185,STU0135,Annual Fee,6000,16-04-2025,01-04-2025,2025-26
INV/2025-26/019527,STU0099,Tuition Fee,3000,10-06-2025,31-05-2025,2025-26
INV/2025-26/023727,STU0332,Tuition Fee,4000,07-12-2025,27-11-2025,2025-26
INV/2024-25/012113,STU0165,Tuition Fee,3000,11-04-2024,01-04-2024,2024-25
INV/2023-24/002753,STU0160,Tuition Fee,3000,05-02-2024,26-01-2024,2023-24
INV/2024-25/011047,STU0105,Library Fee,500,16-04-2024,01-04-2024,2024-25
INV/2024-25/009363,STU0008,Tuition Fee,2000,10-07-2024,30-06-2024,2024-25
INV/2023-24/001955,STU0115,Exam Fee,250,13-10-2023,28-09-2023,2023-24
INV/2023-24/008110,STU0458,Tuition Fee,4000,10-07-2023,30-06-2023,2023-24
INV/2023-24/004956,STU0282,Exam Fee,375,13-10-2023,28-09-2023,2023-24
INV/2025-26/018055,STU0015,Exam Fee,250,13-10-2025,28-09-2025,2025-26
INV/2023-24/004881,STU0278,Library Fee,500,16-04-2023,01-04-2023,2023-24
INV/2024-25/014245,STU0283,Tuition Fee,4000,07-12-2024,27-11-2024,2024-25
INV/2023-24/004907,STU0280,Tuition Fee,3000,09-08-2023,30-07-2023,2023-24
INV/2024-25/009541,STU0018,Tuition Fee,2000,07-03-2025,25-02-2025,2024-25
INV/2024-25/014870,STU0318,Tuition Fee,4000,10-07-2024,30-06-2024,2024-25
INV/2024-25/010898,STU0097,Tuition Fee,3000,06-01-2025,27-12-2024,2024-25
INV/2023-24/007895,STU0446,Tuition Fee,4000,09-08-2023,30-07-2023,2023-24
INV/2024-25/013316,STU0231,Sports Fee,1000,16-04-2024,01-04-2024,2024-25
INV/2024-25/013455,STU0239,Tuition Fee,3000,05-02-2025,26-01-2025,2024-25
INV/2024-25/013302,STU0231,Tuition Fee,3000,11-05-2024,01-05-2024,2024-25
INV/2025-26/018360,STU0033,Exam Fee,250,16-04-2025,01-04-2025,2025-26
INV/2025-26/022209,STU0248,Tuition Fee,4000,10-06-2025,31-05-2025,2025-26
INV/2023-24/000259,STU0016,Tuition Fee,2000,10-07-2023,30-06-2023,2023-24
INV/2023-24/005334,STU0303,Exam Fee,375,13-10-2023,28-09-2023,2023-24
INV/2025-26/018242,STU0026,Exam Fee,250,13-10-2025,28-09-2025,2025-26
INV/2025-26/020381,STU0146,Tuition Fee,3000,05-02-2026,26-01-2026,2025-26
INV/2024-25/010049,STU0048,Tuition Fee,2000,06-01-2025,27-12-2024,2024-25
INV/2024-25/013422,STU0237,Lab Fee,1000,16-04-2024,01-04-2024,2024-25
INV/2023-24/003304,STU0191,Tuition Fee,3000,10-07-2023,30-06-2023,2023-24
INV/2025-26/022711,STU0276,Tuition Fee,4000,11-04-2025,01-04-2025,2025-26
INV/2024-25/009435,STU0012,Tuition Fee,2000,07-11-2024,28-10-2024,2024-25
INV/2024-25/012010,STU0159,Tuition Fee,3000,08-09-2024,29-08-2024,2024-25
INV/2024-25/010386,STU0068,Tuition Fee,2000,08-10-2024,28-09-2024,2024-25
INV/2023-24/008936,STU0504,Tuition Fee,4000,11-05-2023,01-05-2023,2023-24
INV/2024-25/012163,STU0167,Library Fee,500,16-04-2024,01-04-2024,2024-25
INV/2023-24/002413,STU0141,Annual Fee,6000,16-04-2023,01-04-2023,2023-24
INV/2025-26/024045,STU0350,Tuition Fee,4000,10-06-2025,31-05-2025,2025-26
INV/2024-25/015945,STU0377,Exam Fee,500,16-04-2024,01-04-2024,2024-25
INV/2025-26/025157,STU0411,Exam Fee,500,16-04-2025,01-04-2025,2025-26
INV/2024-25/011248,STU0116,Exam Fee,375,13-10-2024,28-09-2024,2024-25
INV/2025-26/025542,STU0433,Tuition Fee,4000,08-09-2025,29-08-2025,2025-26
INV/2025-26/019072,STU0073,Sports Fee,1000,16-04-2025,01-04-2025,2025-26
INV/2024-25/012058,STU0161,Exam Fee,375,13-10-2024,28-09-2024,2024-25
INV/2024-25/016888,STU0430,Tuition Fee,4000,08-09-2024,29-08-2024,2024-25
INV/2023-24/007099,STU0402,Tuition Fee,4000,11-04-2023,01-04-2023,2023-24
INV/2025-26/018756,STU0056,Tuition Fee,3000,08-09-2025,29-08-2025,2025-26
INV/2025-26/021820,STU0226,Tuition Fee,3000,06-01-2026,27-12-2025,2025-26
INV/2024-25/017288,STU0452,Tuition Fee,4000,06-01-2025,27-12-2024,2024-25
INV/2023-24/004971,STU0283,Library Fee,500,16-04-2023,01-04-2023,2023-24
INV/2024-25/011432,STU0127,Tuition Fee,3000,10-07-2024,30-06-2024,2024-25
INV/2024-25/014426,STU0293,Tuition Fee,4000,06-01-2025,27-12-2024,2024-25
INV/2023-24/000523,STU0031,Annual Fee,5000,16-04-2023,01-04-2023,2023-24
INV/2025-26/019411,STU0092,Annual Fee,6000,16-04-2025,01-04-2025,2025-26
INV/2024-25/011831,STU0149,Tuition Fee,3000,08-10-2024,28-09-2024,2024-25
INV/2025-26/020928,STU0176,Exam Fee,375,13-10-2025,28-09-2025,2025-26
INV/2024-25/013799,STU0258,Annual Fee,6000,16-04-2024,01-04-2024,2024-25
INV/2024-25/010045,STU0048,Tuition Fee,2000,08-09-2024,29-08-2024,2024-25
INV/2024-25/012517,STU0187,Tuition Fee,3000,07-12-2024,27-11-2024,2024-25
INV/2023-24/004528,STU0259,Tuition Fee,3000,10-07-2023,30-06-2023,2023-24
INV/2025-26/023113,STU0298,Tuition Fee,4000,08-10-2025,28-09-2025,2025-26
INV/2025-26/019877,STU0118,Tuition Fee,3000,05-02-2026,26-01-2026,2025-26
INV/2024-25/011629,STU0138,Tuition Fee,3000,10-06-2024,31-05-2024,2024-25
INV/2024-25/013204,STU0225,Tuition Fee,3000,07-03-2025,25-02-2025,2024-25
INV/2024-25/014395,STU0291,Library Fee,1000,16-04-2024,01-04-2024,2024-25
INV/2023-24/006039,STU0343,Tuition Fee,4000,10-06-2023,31-05-2023,2023-24
INV/2023-24/007032,STU0398,Tuition Fee,4000,08-09-2023,29-08-2023,2023-24
INV/2023-24/000112,STU0007,Tuition Fee,2000,06-01-2024,27-12-2023,2023-24
INV/2024-25/016602,STU0414,Tuition Fee,4000,07-11-2024,28-10-2024,2024-25
INV/2024-25/010737,STU0088,Tuition Fee,3000,05-02-2025,26-01-2025,2024-25
INV/2024-25/010535,STU0077,Tuition Fee,2000,10-06-2024,31-05-2024,2024-25
INV/2023-24/009037,STU0509,Annual Fee,8000,16-04-2023,01-04-2023,2023-24
INV/2023-24/007219,STU0408,Annual Fee,8000,16-04-2023,01-04-2023,2023-24
INV/2025-26/024056,STU0350,Lab Fee,2000,16-04-2025,01-04-2025,2025-26
INV/2024-25/013488,STU0241,Tuition Fee,3000,07-11-2024,28-10-2024,2024-25
INV/2025-26/025353,STU0422,Library Fee,1000,16-04-2025,01-04-2025,2025-26
INV/2025-26/024764,STU0390,Tuition Fee,4000,11-05-2025,01-05-2025,2025-26
INV/2024-25/009824,STU0035,Tuition Fee,2000,08-09-2024,29-08-2024,2024-25
INV/2023-24/009196,STU0518,Tuition Fee,4000,06-01-2024,27-12-2023,2023-24
INV/2025-26/019110,STU0075,Exam Fee,375,13-10-2025,28-09-2025,2025-26
INV/2023-24/007407,STU0419,Tuition Fee,4000,10-06-2023,31-05-2023,2023-24
INV/2024-25/015636,STU0360,Lab Fee,2000,16-04-2024,01-04-2024,2024-25
INV/2024-25/010018,STU0046,Annual Fee,5000,16-04-2024,01-04-2024,2024-25
INV/2025-26/024962,STU0401,Tuition Fee,4000,11-05-2025,01-05-2025,2025-26
INV/2023-24/000404,STU0024,Annual Fee,5000,16-04-2023,01-04-2023,2023-24
INV/2025-26/022716,STU0276,Tuition Fee,4000,08-09-2025,29-08-2025,2025-26
INV/2025-26/018246,STU0027,Tuition Fee,2000,10-07-2025,30-06-2025,2025-26
INV/2024-25/016553,STU0411,Annual Fee,8000,16-04-2024,01-04-2024,2024-25
INV/2024-25/015528,STU0354,Lab Fee,2000,16-04-2024,01-04-2024,2024-25
INV/2025-26/024356,STU0367,Tuition Fee,4000,07-11-2025,28-10-2025,2025-26
INV/2025-26/023352,STU0311,Tuition Fee,4000,07-03-2026,25-02-2026,2025-26
INV/2024-25/014080,STU0274,Tuition Fee,3000,08-09-2024,29-08-2024,2024-25
INV/2024-25/017726,STU0476,Sports Fee,1500,16-04-2024,01-04-2024,2024-25
INV/2025-26/017957,STU0010,Tuition Fee,2000,10-07-2025,30-06-2025,2025-26
INV/2023-24/006657,STU0377,Tuition Fee,4000,07-12-2023,27-11-2023,2023-24
INV/2024-25/016827,STU0426,Exam Fee,500,16-04-2024,01-04-2024,2024-25
INV/2025-26/024828,STU0393,Tuition Fee,4000,07-03-2026,25-02-2026,2025-26
INV/2025-26/021994,STU0236,Tuition Fee,3000,10-07-2025,30-06-2025,2025-26
INV/2025-26/023669,STU0329,Tuition Fee,4000,09-08-2025,30-07-2025,2025-26
INV/2023-24/008864,STU0500,Tuition Fee,4000,11-05-2023,01-05-2023,2023-24
INV/2025-26/019064,STU0073,Tuition Fee,3000,07-11-2025,28-10-2025,2025-26
INV/2023-24/003220,STU0186,Tuition Fee,3000,06-01-2024,27-12-2023,2023-24
INV/2024-25/014058,STU0273,Tuition Fee,3000,11-05-2024,01-05-2024,2024-25
INV/2025-26/019035,STU0071,Library Fee,500,16-04-2025,01-04-2025,2025-26
INV/2024-25/015907,STU0375,Library Fee,1000,16-04-2024,01-04-2024,2024-25
INV/2023-24/003958,STU0227,Tuition Fee,3000,06-01-2024,27-12-2023,2023-24
INV/2025-26/024335,STU0366,Tuition Fee,4000,09-08-2025,30-07-2025,2025-26
INV/2024-25/011985,STU0157,Exam Fee,375,16-04-2024,01-04-2024,2024-25
INV/2024-25/014337,STU0288,Tuition Fee,4000,05-02-2025,26-01-2025,2024-25
INV/2025-26/023009,STU0292,Tuition Fee,4000,05-02-2026,26-01-2026,2025-26
INV/2024-25/013002,STU0214,Tuition Fee,3000,07-11-2024,28-10-2024,2024-25
INV/2025-26/024415,STU0370,Annual Fee,8000,16-04-2025,01-04-2025,2025-26
INV/2025-26/022960,STU0289,Sports Fee,1500,16-04-2025,01-04-2025,2025-26
INV/2023-24/004727,STU0270,Tuition Fee,3000,09-08-2023,30-07-2023,2023-24
INV/2025-26/018386,STU0035,Tuition Fee,2000,07-11-2025,28-10-2025,2025-26
INV/2025-26/019339,STU0088,Annual Fee,6000,16-04-2025,01-04-2025,2025-26
INV/2023-24/000966,STU0057,Library Fee,500,16-04-2023,01-04-2023,2023-24
INV/2024-25/013044,STU0216,Lab Fee,1000,16-04-2024,01-04-2024,2024-25
INV/2025-26/024801,STU0392,Tuition Fee,4000,10-06-2025,31-05-2025,2025-26
INV/2023-24/008182,STU0462,Tuition Fee,4000,10-07-2023,30-06-2023,2023-24
INV/2023-24/007084,STU0401,Tuition Fee,4000,10-07-2023,30-06-2023,2023-24
INV/2024-25/011029,STU0104,Library Fee,500,16-04-2024,01-04-2024,2024-25
INV/2025-26/023822,STU0337,Lab Fee,2000,16-04-2025,01-04-2025,2025-26
INV/2025-26/022489,STU0263,Annual Fee,8000,16-04-2025,01-04-2025,2025-26
INV/2023-24/002902,STU0168,Sports Fee,1000,16-04-2023,01-04-2023,2023-24
INV/2025-26/025449,STU0428,Tuition Fee,4000,10-06-2025,31-05-2025,2025-26
INV/2024-25/017212,STU0448,Tuition Fee,4000,08-09-2024,29-08-2024,2024-25
INV/2024-25/013790,STU0258,Tuition Fee,3000,10-07-2024,30-06-2024,2024-25
INV/2023-24/004627,STU0264,Annual Fee,6000,16-04-2023,01-04-2023,2023-24
INV/2025-26/023408,STU0314,Lab Fee,2000,16-04-2025,01-04-2025,2025-26
INV/2024-25/013259,STU0228,Annual Fee,6000,16-04-2024,01-04-2024,2024-25
INV/2023-24/008478,STU0478,Tuition Fee,4000,06-03-2024,25-02-2024,2023-24
INV/2024-25/015346,STU0344,Tuition Fee,4000,07-03-2025,25-02-2025,2024-25
INV/2024-25/016051,STU0383,Library Fee,1000,16-04-2024,01-04-2024,2024-25
INV/2025-26/018347,STU0033,Tuition Fee,2000,10-06-2025,31-05-2025,2025-26
INV/2025-26/017993,STU0012,Tuition Fee,2000,08-09-2025,29-08-2025,2025-26
INV/2023-24/001743,STU0103,Tuition Fee,2000,07-12-2023,27-11-2023,2023-24
INV/2025-26/018822,STU0059,Exam Fee,375,13-10-2025,28-09-2025,2025-26
INV/2023-24/006723,STU0381,Tuition Fee,4000,10-06-2023,31-05-2023,2023-24
INV/2025-26/023295,STU0308,Tuition Fee,4000,07-12-2025,27-11-2025,2025-26
INV/2024-25/014272,STU0284,Exam Fee,500,13-10-2024,28-09-2024,2024-25
INV/2024-25/012523,STU0187,Library Fee,500,16-04-2024,01-04-2024,2024-25
INV/2024-25/013696,STU0252,Exam Fee,375,13-10-2024,28-09-2024,2024-25
INV/2023-24/003412,STU0197,Tuition Fee,3000,10-07-2023,30-06-2023,2023-24
INV/2024-25/014981,STU0324,Tuition Fee,4000,08-10-2024,28-09-2024,2024-25
INV/2024-25/014970,STU0323,Lab Fee,2000,16-04-2024,01-04-2024,2024-25
INV/2023-24/005702,STU0324,Tuition Fee,4000,07-11-2023,28-10-2023,2023-24
INV/2023-24/001991,STU0118,Tuition Fee,2000,11-05-2023,01-05-2023,2023-24
INV/2025-26/020618,STU0159,Lab Fee,1000,16-04-2025,01-04-2025,2025-26
INV/2025-26/020879,STU0174,Tuition Fee,3000,09-08-2025,30-07-2025,2025-26
INV/2023-24/000777,STU0046,Tuition Fee,2000,06-03-2024,25-02-2024,2023-24
INV/2023-24/005454,STU0310,Tuition Fee,3000,06-03-2024,25-02-2024,2023-24
INV/2023-24/007440,STU0420,Exam Fee,500,13-10-2023,28-09-2023,2023-24
INV/2025-26/022630,STU0271,Tuition Fee,4000,06-01-2026,27-12-2025,2025-26
INV/2023-24/003668,STU0211,Tuition Fee,3000,07-11-2023,28-10-2023,2023-24
INV/2025-26/020240,STU0138,Lab Fee,1000,16-04-2025,01-04-2025,2025-26
INV/2023-24/007731,STU0437,Tuition Fee,4000,10-06-2023,31-05-2023,2023-24
INV/2025-26/019798,STU0114,Tuition Fee,3000,10-07-2025,30-06-2025,2025-26
INV/2023-24/005277,STU0300,Library Fee,500,16-04-2023,01-04-2023,2023-24
INV/2023-24/001632,STU0096,Exam Fee,250,13-10-2023,28-09-2023,2023-24
INV/2023-24/000719,STU0043,Tuition Fee,2000,09-08-2023,30-07-2023,2023-24
INV/2023-24/002982,STU0173,Tuition Fee,3000,08-09-2023,29-08-2023,2023-24
INV/2025-26/025154,STU0411,Lab Fee,2000,16-04-2025,01-04-2025,2025-26
INV/2023-24/009122,STU0514,Tuition Fee,4000,07-11-2023,28-10-2023,2023-24
INV/2024-25/010365,STU0067,Tuition Fee,2000,10-06-2024,31-05-2024,2024-25
INV/2023-24/001027,STU0061,Tuition Fee,2000,08-10-2023,28-09-2023,2023-24
INV/2023-24/002546,STU0149,Tuition Fee,3000,11-05-2023,01-05-2023,2023-24
INV/2025-26/024907,STU0398,Tuition Fee,4000,11-04-2025,01-04-2025,2025-26
INV/2023-24/004438,STU0254,Tuition Fee,3000,10-07-2023,30-06-2023,2023-24
INV/2024-25/009251,STU0001,Tuition Fee,2000,05-02-2025,26-01-2025,2024-25
INV/2024-25/009736,STU0030,Tuition Fee,2000,10-06-2024,31-05-2024,2024-25
INV/2024-25/010103,STU0051,Annual Fee,5000,16-04-2024,01-04-2024,2024-25
INV/2023-24/000004,STU0001,Tuition Fee,2000,10-07-2023,30-06-2023,2023-24
INV/2023-24/000880,STU0052,Annual Fee,5000,16-04-2023,01-04-2023,2023-24
INV/2025-26/020227,STU0138,Tuition Fee,3000,11-04-2025,01-04-2025,2025-26
INV/2023-24/001040,STU0062,Tuition Fee,2000,10-06-2023,31-05-2023,2023-24
INV/2023-24/007471,STU0422,Annual Fee,8000,16-04-2023,01-04-2023,2023-24
INV/2023-24/004191,STU0240,Tuition Fee,3000,07-12-2023,27-11-2023,2023-24
INV/2023-24/004260,STU0244,Tuition Fee,3000,08-09-2023,29-08-2023,2023-24
INV/2024-25/009937,STU0041,Exam Fee,250,13-10-2024,28-09-2024,2024-25
INV/2024-25/015020,STU0326,Tuition Fee,4000,06-01-2025,27-12-2024,2024-25
INV/2023-24/005283,STU0301,Tuition Fee,3000,10-06-2023,31-05-2023,2023-24
INV/2024-25/009914,STU0040,Tuition Fee,2000,05-02-2025,26-01-2025,2024-25
INV/2023-24/004926,STU0281,Tuition Fee,3000,08-09-2023,29-08-2023,2023-24
INV/2024-25/009945,STU0042,Tuition Fee,2000,07-11-2024,28-10-2024,2024-25
INV/2023-24/007356,STU0416,Tuition Fee,4000,08-09-2023,29-08-2023,2023-24
INV/2023-24/001748,STU0103,Library Fee,500,16-04-2023,01-04-2023,2023-24
INV/2024-25/011538,STU0133,Tuition Fee,3000,11-05-2024,01-05-2024,2024-25
INV/2024-25/013109,STU0220,Tuition Fee,3000,08-10-2024,28-09-2024,2024-25
INV/2025-26/022465,STU0262,Tuition Fee,4000,08-10-2025,28-09-2025,2025-26
INV/2025-26/021572,STU0212,Lab Fee,1000,16-04-2025,01-04-2025,2025-26
INV/2023-24/000647,STU0039,Tuition Fee,2000,11-04-2023,01-04-2023,2023-24
INV/2024-25/010446,STU0071,Exam Fee,250,16-04-2024,01-04-2024,2024-25
INV/2025-26/021158,STU0189,Lab Fee,1000,16-04-2025,01-04-2025,2025-26
INV/2024-25/017640,STU0472,Tuition Fee,4000,11-05-2024,01-05-2024,2024-25
INV/2023-24/002025,STU0120,Tuition Fee,2000,11-05-2023,01-05-2023,2023-24
INV/2025-26/018399,STU0036,Tuition Fee,2000,10-07-2025,30-06-2025,2025-26
INV/2023-24/004672,STU0267,Tuition Fee,3000,10-07-2023,30-06-2023,2023-24
INV/2023-24/006611,STU0374,Exam Fee,500,16-04-2023,01-04-2023,2023-24
INV/2023-24/001915,STU0113,Tuition Fee,2000,05-02-2024,26-01-2024,2023-24
INV/2023-24/000952,STU0056,Exam Fee,250,13-10-2023,28-09-2023,2023-24
INV/2024-25/013057,STU0217,Tuition Fee,3000,07-12-2024,27-11-2024,2024-25
INV/2024-25/015249,STU0339,Tuition Fee,4000,09-08-2024,30-07-2024,2024-25
INV/2025-26/018623,STU0048,Exam Fee,375,16-04-2025,01-04-2025,2025-26
INV/2025-26/019743,STU0111,Tuition Fee,3000,10-06-2025,31-05-2025,2025-26
INV/2023-24/005661,STU0322,Tuition Fee,4000,10-06-2023,31-05-2023,2023-24
INV/2025-26/022338,STU0255,Tuition Fee,4000,08-09-2025,29-08-2025,2025-26
INV/2024-25/016470,STU0407,Tuition Fee,4000,11-05-2024,01-05-2024,2024-25
INV/2024-25/009347,STU0007,Tuition Fee,2000,09-08-2024,30-07-2024,2024-25
INV/2024-25/012870,STU0207,Tuition Fee,3000,11-05-2024,01-05-2024,2024-25
INV/2023-24/006572,STU0372,Lab Fee,2000,16-04-2023,01-04-2023,2023-24
INV/2025-26/018985,STU0069,Tuition Fee,3000,11-04-2025,01-04-2025,2025-26
INV/2024-25/010830,STU0093,Lab Fee,1000,16-04-2024,01-04-2024,2024-25
INV/2024-25/011191,STU0113,Library Fee,500,16-04-2024,01-04-2024,2024-25
INV/2023-24/008298,STU0468,Tuition Fee,4000,06-03-2024,25-02-2024,2023-24
INV/2023-24/004751,STU0271,Tuition Fee,3000,05-02-2024,26-01-2024,2023-24
INV/2024-25/012817,STU0204,Tuition Fee,3000,10-06-2024,31-05-2024,2024-25
INV/2023-24/000046,STU0003,Tuition Fee,2000,06-03-2024,25-02-2024,2023-24
INV/2024-25/017446,STU0461,Tuition Fee,4000,08-09-2024,29-08-2024,2024-25
INV/2023-24/003765,STU0216,Library Fee,500,16-04-2023,01-04-2023,2023-24
INV/2024-25/014660,STU0306,Tuition Fee,4000,06-01-2025,27-12-2024,2024-25
INV/2024-25/012157,STU0167,Tuition Fee,3000,07-12-2024,27-11-2024,2024-25
INV/2025-26/019697,STU0108,Tuition Fee,3000,05-02-2026,26-01-2026,2025-26
INV/2024-25/015136,STU0332,Exam Fee,500,13-10-2024,28-09-2024,2024-25
INV/2025-26/023030,STU0293,Lab Fee,2000,16-04-2025,01-04-2025,2025-26
INV/2023-24/000122,STU0008,Tuition Fee,2000,10-06-2023,31-05-2023,2023-24
INV/2025-26/021534,STU0210,Tuition Fee,3000,07-03-2026,25-02-2026,2025-26
INV/2023-24/003017,STU0175,Tuition Fee,3000,09-08-2023,30-07-2023,2023-24
INV/2025-26/018757,STU0056,Tuition Fee,3000,08-10-2025,28-09-2025,2025-26
INV/2023-24/000135,STU0008,Exam Fee,250,16-04-2023,01-04-2023,2023-24
INV/2024-25/016559,STU0412,Tuition Fee,4000,11-04-2024,01-04-2024,2024-25
INV/2023-24/001381,STU0082,Tuition Fee,2000,10-07-2023,30-06-2023,2023-24
INV/2023-24/009182,STU0517,Lab Fee,2000,16-04-2023,01-04-2023,2023-24
INV/2024-25/014984,STU0324,Tuition Fee,4000,06-01-2025,27-12-2024,2024-25
INV/2025-26/019657,STU0106,Tuition Fee,3000,08-10-2025,28-09-2025,2025-26
INV/2025-26/023995,STU0347,Tuition Fee,4000,08-10-2025,28-09-2025,2025-26
INV/2024-25/009799,STU0033,Sports Fee,1000,16-04-2024,01-04-2024,2024-25
INV/2025-26/019027,STU0071,Tuition Fee,3000,08-10-2025,28-09-2025,2025-26
INV/2025-26/025129,STU0410,Tuition Fee,4000,08-10-2025,28-09-2025,2025-26
INV/2025-26/021036,STU0182,Exam Fee,375,13-10-2025,28-09-2025,2025-26
INV/2024-25/011633,STU0138,Tuition Fee,3000,08-10-2024,28-09-2024,2024-25
INV/2023-24/002857,STU0166,Tuition Fee,3000,08-10-2023,28-09-2023,2023-24
INV/2024-25/012215,STU0170,Annual Fee,6000,16-04-2024,01-04-2024,2024-25
INV/2024-25/017050,STU0439,Tuition Fee,4000,08-09-2024,29-08-2024,2024-25
INV/2024-25/009249,STU0001,Tuition Fee,2000,07-12-2024,27-11-2024,2024-25
INV/2024-25/017131,STU0443,Library Fee,1000,16-04-2024,01-04-2024,2024-25
INV/2024-25/016622,STU0415,Tuition Fee,4000,06-01-2025,27-12-2024,2024-25
INV/2024-25/012222,STU0171,Tuition Fee,3000,11-05-2024,01-05-2024,2024-25
INV/2024-25/016600,STU0414,Tuition Fee,4000,08-09-2024,29-08-2024,2024-25
INV/2023-24/002258,STU0133,Tuition Fee,3000,11-05-2023,01-05-2023,2023-24
INV/2023-24/006061,STU0344,Tuition Fee,4000,08-10-2023,28-09-2023,2023-24
INV/2025-26/025152,STU0411,Tuition Fee,4000,07-03-2026,25-02-2026,2025-26
INV/2025-26/024456,STU0372,Exam Fee,500,13-10-2025,28-09-2025,2025-26
INV/2023-24/001878,STU0111,Tuition Fee,2000,07-11-2023,28-10-2023,2023-24
INV/2025-26/021331,STU0199,Tuition Fee,3000,08-10-2025,28-09-2025,2025-26
INV/2025-26/021623,STU0215,Tuition Fee,3000,05-02-2026,26-01-2026,2025-26
INV/2025-26/021443,STU0205,Tuition Fee,3000,05-02-2026,26-01-2026,2025-26
INV/2024-25/015311,STU0342,Annual Fee,8000,16-04-2024,01-04-2024,2024-25
INV/2023-24/005366,STU0305,Lab Fee,1000,16-04-2023,01-04-2023,2023-24
INV/2024-25/010718,STU0087,Tuition Fee,3000,06-01-2025,27-12-2024,2024-25
INV/2025-26/024583,STU0380,Tuition Fee,4000,11-04-2025,01-04-2025,2025-26
INV/2024-25/016614,STU0415,Tuition Fee,4000,11-05-2024,01-05-2024,2024-25
INV/2025-26/021102,STU0186,Tuition Fee,3000,07-03-2026,25-02-2026,2025-26
INV/2023-24/002384,STU0140,Tuition Fee,3000,11-05-2023,01-05-2023,2023-24
INV/2023-24/009060,STU0510,Exam Fee,500,13-10-2023,28-09-2023,2023-24
INV/2023-24/003474,STU0200,Tuition Fee,3000,06-03-2024,25-02-2024,2023-24
INV/2024-25/014084,STU0274,Tuition Fee,3000,06-01-2025,27-12-2024,2024-25
INV/2024-25/016856,STU0428,Tuition Fee,4000,06-01-2025,27-12-2024,2024-25
INV/2025-26/018556,STU0045,Tuition Fee,3000,10-07-2025,30-06-2025,2025-26
INV/2024-25/011141,STU0111,Tuition Fee,3000,11-04-2024,01-04-2024,2024-25
INV/2023-24/001218,STU0072,Tuition Fee,2000,05-02-2024,26-01-2024,2023-24
INV/2025-26/025137,STU0410,Library Fee,1000,16-04-2025,01-04-2025,2025-26
INV/2024-25/013215,STU0226,Tuition Fee,3000,09-08-2024,30-07-2024,2024-25
INV/2024-25/011468,STU0129,Tuition Fee,3000,10-07-2024,30-06-2024,2024-25
INV/2024-25/014509,STU0298,Tuition Fee,4000,10-06-2024,31-05-2024,2024-25
INV/2023-24/003532,STU0203,Sports Fee,1000,16-04-2023,01-04-2023,2023-24
INV/2023-24/007523,STU0425,Tuition Fee,4000,05-02-2024,26-01-2024,2023-24
INV/2023-24/005689,STU0323,Annual Fee,8000,16-04-2023,01-04-2023,2023-24
INV/2024-25/017625,STU0471,Tuition Fee,4000,09-08-2024,30-07-2024,2024-25
INV/2024-25/011135,STU0110,Annual Fee,6000,16-04-2024,01-04-2024,2024-25
INV/2023-24/002900,STU0168,Lab Fee,1000,16-04-2023,01-04-2023,2023-24
INV/2024-25/010778,STU0090,Sports Fee,1000,16-04-2024,01-04-2024,2024-25
INV/2023-24/004535,STU0259,Tuition Fee,3000,05-02-2024,26-01-2024,2023-24
INV/2025-26/018490,STU0041,Tuition Fee,3000,06-01-2026,27-12-2025,2025-26
INV/2024-25/015251,STU0339,Tuition Fee,4000,08-10-2024,28-09-2024,2024-25
INV/2023-24/008681,STU0489,Exam Fee,500,16-04-2023,01-04-2023,2023-24
INV/2023-24/004312,STU0247,Tuition Fee,3000,10-07-2023,30-06-2023,2023-24
INV/2024-25/017052,STU0439,Tuition Fee,4000,07-11-2024,28-10-2024,2024-25
INV/2024-25/013473,STU0240,Tuition Fee,3000,05-02-2025,26-01-2025,2024-25
INV/2024-25/015572,STU0357,Tuition Fee,4000,10-07-2024,30-06-2024,2024-25
INV/2024-25/015342,STU0344,Tuition Fee,4000,07-11-2024,28-10-2024,2024-25
INV/2023-24/003825,STU0220,Tuition Fee,3000,10-06-2023,31-05-2023,2023-24
INV/2025-26/019775,STU0112,Exam Fee,375,16-04-2025,01-04-2025,2025-26
INV/2023-24/006167,STU0350,Tuition Fee,4000,09-08-2023,30-07-2023,2023-24
INV/2024-25/012411,STU0181,Tuition Fee,3000,05-02-2025,26-01-2025,2024-25
INV/2025-26/018366,STU0034,Tuition Fee,2000,09-08-2025,30-07-2025,2025-26
INV/2025-26/018096,STU0018,Tuition Fee,2000,08-10-2025,28-09-2025,2025-26
INV/2025-26/025616,STU0437,Tuition Fee,4000,07-11-2025,28-10-2025,2025-26
INV/2024-25/014628,STU0304,Lab Fee,2000,16-04-2024,01-04-2024,2024-25
INV/2024-25/017380,STU0457,Tuition Fee,4000,07-03-2025,25-02-2025,2024-25
INV/2023-24/002030,STU0120,Tuition Fee,2000,08-10-2023,28-09-2023,2023-24
INV/2025-26/023155,STU0300,Annual Fee,8000,16-04-2025,01-04-2025,2025-26
INV/2025-26/018615,STU0048,Tuition Fee,3000,07-12-2025,27-11-2025,2025-26
INV/2024-25/015072,STU0329,Tuition Fee,4000,07-11-2024,28-10-2024,2024-25
INV/2024-25/016313,STU0398,Tuition Fee,4000,08-10-2024,28-09-2024,2024-25
INV/2025-26/020867,STU0173,Tuition Fee,3000,05-02-2026,26-01-2026,2025-26
INV/2025-26/019093,STU0075,Tuition Fee,3000,11-04-2025,01-04-2025,2025-26
INV/2024-25/010134,STU0053,Tuition Fee,2000,06-01-2025,27-12-2024,2024-25
INV/2024-25/016100,STU0386,Tuition Fee,4000,06-01-2025,27-12-2024,2024-25
INV/2023-24/005153,STU0293,Exam Fee,375,16-04-2023,01-04-2023,2023-24
INV/2023-24/001768,STU0104,Exam Fee,250,13-10-2023,28-09-2023,2023-24
INV/2024-25/011241,STU0116,Tuition Fee,3000,05-02-2025,26-01-2025,2024-25
INV/2023-24/004353,STU0249,Tuition Fee,3000,07-12-2023,27-11-2023,2023-24
INV/2023-24/002927,STU0170,Tuition Fee,3000,09-08-2023,30-07-2023,2023-24
INV/2025-26/024012,STU0348,Tuition Fee,4000,08-09-2025,29-08-2025,2025-26
INV/2024-25/016198,STU0391,Exam Fee,500,13-10-2024,28-09-2024,2024-25
INV/2024-25/015195,STU0336,Tuition Fee,4000,09-08-2024,30-07-2024,2024-25
INV/2025-26/020995,STU0180,Annual Fee,6000,16-04-2025,01-04-2025,2025-26
INV/2023-24/001108,STU0066,Tuition Fee,2000,10-06-2023,31-05-2023,2023-24
INV/2024-25/017669,STU0473,Annual Fee,8000,16-04-2024,01-04-2024,2024-25
INV/2025-26/020307,STU0142,Tuition Fee,3000,07-12-2025,27-11-2025,2025-26
INV/2023-24/004719,STU0269,Library Fee,500,16-04-2023,01-04-2023,2023-24
INV/2024-25/016300,STU0397,Tuition Fee,4000,07-03-2025,25-02-2025,2024-25
INV/2024-25/014978,STU0324,Tuition Fee,4000,10-07-2024,30-06-2024,2024-25
INV/2024-25/013047,STU0216,Exam Fee,375,16-04-2024,01-04-2024,2024-25
INV/2025-26/019341,STU0088,Library Fee,500,16-04-2025,01-04-2025,2025-26
INV/2025-26/018430,STU0038,Tuition Fee,2000,11-04-2025,01-04-2025,2025-26
INV/2023-24/008256,STU0466,Tuition Fee,4000,08-09-2023,29-08-2023,2023-24
INV/2025-26/023664,STU0328,Exam Fee,500,13-10-2025,28-09-2025,2025-26
INV/2023-24/006166,STU0350,Tuition Fee,4000,10-07-2023,30-06-2023,2023-24
INV/2023-24/004067,STU0233,Tuition Fee,3000,05-02-2024,26-01-2024,2023-24
INV/2023-24/003564,STU0205,Tuition Fee,3000,06-03-2024,25-02-2024,2023-24
INV/2023-24/005429,STU0309,Tuition Fee,3000,09-08-2023,30-07-2023,2023-24
INV/2024-25/009406,STU0010,Annual Fee,5000,16-04-2024,01-04-2024,2024-25
INV/2025-26/020722,STU0165,Tuition Fee,3000,06-01-2026,27-12-2025,2025-26
INV/2023-24/001512,STU0089,Exam Fee,250,16-04-2023,01-04-2023,2023-24
INV/2025-26/020039,STU0127,Tuition Fee,3000,05-02-2026,26-01-2026,2025-26
INV/2025-26/023507,STU0320,Tuition Fee,4000,09-08-2025,30-07-2025,2025-26
INV/2024-25/017788,STU0480,Tuition Fee,4000,08-09-2024,29-08-2024,2024-25
INV/2025-26/024355,STU0367,Tuition Fee,4000,08-10-2025,28-09-2025,2025-26
INV/2024-25/012676,STU0196,Tuition Fee,3000,08-09-2024,29-08-2024,2024-25
INV/2025-26/021993,STU0236,Tuition Fee,3000,10-06-2025,31-05-2025,2025-26
INV/2023-24/000192,STU0012,Tuition Fee,2000,09-08-2023,30-07-2023,2023-24
INV/2025-26/021378,STU0201,Exam Fee,375,13-10-2025,28-09-2025,2025-26
INV/2023-24/008228,STU0464,Lab Fee,2000,16-04-2023,01-04-2023,2023-24
INV/2024-25/013073,STU0218,Tuition Fee,3000,08-10-2024,28-09-2024,2024-25
INV/2024-25/013632,STU0249,Tuition Fee,3000,07-11-2024,28-10-2024,2024-25
INV/2024-25/017376,STU0457,Tuition Fee,4000,07-11-2024,28-10-2024,2024-25
INV/2025-26/019554,STU0100,Tuition Fee,3000,07-03-2026,25-02-2026,2025-26
INV/2025-26/018467,STU0040,Tuition Fee,2000,10-07-2025,30-06-2025,2025-26
INV/2024-25/010622,STU0082,Tuition Fee,3000,10-07-2024,30-06-2024,2024-25
INV/2024-25/016176,STU0390,Lab Fee,2000,16-04-2024,01-04-2024,2024-25
INV/2023-24/000638,STU0038,Tuition Fee,2000,07-12-2023,27-11-2023,2023-24
INV/2024-25/009308,STU0004,Exam Fee,250,13-10-2024,28-09-2024,2024-25
INV/2023-24/003818,STU0219,Lab Fee,1000,16-04-2023,01-04-2023,2023-24
INV/2023-24/003456,STU0199,Tuition Fee,3000,06-03-2024,25-02-2024,2023-24
INV/2024-25/016922,STU0432,Tuition Fee,4000,10-07-2024,30-06-2024,2024-25
INV/2024-25/012057,STU0161,Exam Fee,375,16-04-2024,01-04-2024,2024-25
INV/2023-24/007445,STU0421,Tuition Fee,4000,09-08-2023,30-07-2023,2023-24
INV/2024-25/010697,STU0086,Tuition Fee,3000,08-10-2024,28-09-2024,2024-25
INV/2024-25/013887,STU0263,Tuition Fee,3000,05-02-2025,26-01-2025,2024-25
INV/2023-24/008203,STU0463,Tuition Fee,4000,08-10-2023,28-09-2023,2023-24
INV/2023-24/004117,STU0236,Tuition Fee,3000,08-10-2023,28-09-2023,2023-24
INV/2024-25/012911,STU0209,Tuition Fee,3000,08-10-2024,28-09-2024,2024-25
INV/2023-24/008418,STU0475,Tuition Fee,4000,08-09-2023,29-08-2023,2023-24
INV/2023-24/005794,STU0329,Tuition Fee,4000,06-01-2024,27-12-2023,2023-24
INV/2025-26/022530,STU0265,Exam Fee,500,13-10-2025,28-09-2025,2025-26
INV/2025-26/025281,STU0418,Library Fee,1000,16-04-2025,01-04-2025,2025-26
INV/2023-24/004006,STU0230,Tuition Fee,3000,10-07-2023,30-06-2023,2023-24
INV/2024-25/014286,STU0285,Lab Fee,2000,16-04-2024,01-04-2024,2024-25
INV/2023-24/007951,STU0449,Tuition Fee,4000,08-10-2023,28-09-2023,2023-24
INV/2024-25/013043,STU0216,Annual Fee,6000,16-04-2024,01-04-2024,2024-25
INV/2025-26/022356,STU0256,Tuition Fee,4000,08-09-2025,29-08-2025,2025-26
INV/2025-26/024794,STU0391,Lab Fee,2000,16-04-2025,01-04-2025,2025-26
INV/2023-24/000317,STU0019,Tuition Fee,2000,05-02-2024,26-01-2024,2023-24
INV/2025-26/021882,STU0229,Exam Fee,375,13-10-2025,28-09-2025,2025-26
INV/2025-26/017858,STU0004,Tuition Fee,2000,08-10-2025,28-09-2025,2025-26
INV/2024-25/014642,STU0305,Tuition Fee,4000,06-01-2025,27-12-2024,2024-25
INV/2024-25/010467,STU0073,Tuition Fee,2000,10-06-2024,31-05-2024,2024-25
INV/2025-26/022472,STU0262,Lab Fee,2000,16-04-2025,01-04-2025,2025-26
INV/2025-26/018559,STU0045,Tuition Fee,3000,08-10-2025,28-09-2025,2025-26
INV/2024-25/012925,STU0210,Tuition Fee,3000,10-06-2024,31-05-2024,2024-25
INV/2023-24/000792,STU0047,Tuition Fee,2000,06-01-2024,27-12-2023,2023-24
INV/2024-25/014596,STU0302,Exam Fee,500,13-10-2024,28-09-2024,2024-25
INV/2024-25/017600,STU0469,Sports Fee,1500,16-04-2024,01-04-2024,2024-25
INV/2025-26/025655,STU0439,Tuition Fee,4000,05-02-2026,26-01-2026,2025-26
INV/2023-24/007760,STU0438,Lab Fee,2000,16-04-2023,01-04-2023,2023-24
INV/2024-25/017783,STU0480,Tuition Fee,4000,11-04-2024,01-04-2024,2024-25
INV/2023-24/002792,STU0162,Lab Fee,1000,16-04-2023,01-04-2023,2023-24
INV/2024-25/009281,STU0003,Tuition Fee,2000,08-10-2024,28-09-2024,2024-25
INV/2024-25/010498,STU0074,Exam Fee,250,13-10-2024,28-09-2024,2024-25
INV/2024-25/015728,STU0365,Sports Fee,1500,16-04-2024,01-04-2024,2024-25
INV/2025-26/023369,STU0312,Tuition Fee,4000,05-02-2026,26-01-2026,2025-26
INV/2025-26/022041,STU0238,Library Fee,500,16-04-2025,01-04-2025,2025-26
INV/2025-26/019186,STU0080,Tuition Fee,3000,10-07-2025,30-06-2025,2025-26
INV/2023-24/005021,STU0286,Tuition Fee,3000,05-02-2024,26-01-2024,2023-24
INV/2024-25/012636,STU0194,Tuition Fee,3000,11-05-2024,01-05-2024,2024-25
INV/2025-26/018062,STU0016,Tuition Fee,2000,08-10-2025,28-09-2025,2025-26
INV/2025-26/022628,STU0271,Tuition Fee,4000,07-11-2025,28-10-2025,2025-26
INV/2025-26/024754,STU0389,Tuition Fee,4000,06-01-2026,27-12-2025,2025-26
INV/2025-26/021934,STU0232,Sports Fee,1000,16-04-2025,01-04-2025,2025-26
INV/2025-26/023360,STU0312,Tuition Fee,4000,11-05-2025,01-05-2025,2025-26
INV/2023-24/008821,STU0497,Annual Fee,8000,16-04-2023,01-04-2023,2023-24
INV/2024-25/016671,STU0418,Tuition Fee,4000,09-08-2024,30-07-2024,2024-25
INV/2023-24/007766,STU0439,Tuition Fee,4000,11-05-2023,01-05-2023,2023-24
INV/2023-24/002864,STU0166,Lab Fee,1000,16-04-2023,01-04-2023,2023-24
INV/2024-25/013032,STU0216,Tuition Fee,3000,11-05-2024,01-05-2024,2024-25
INV/2023-24/001711,STU0101,Tuition Fee,2000,05-02-2024,26-01-2024,2023-24
INV/2024-25/012927,STU0210,Tuition Fee,3000,09-08-2024,30-07-2024,2024-25
INV/2025-26/023149,STU0300,Tuition Fee,4000,08-10-2025,28-09-2025,2025-26
INV/2023-24/002156,STU0127,Tuition Fee,3000,07-11-2023,28-10-2023,2023-24
INV/2024-25/009383,STU0009,Tuition Fee,2000,08-10-2024,28-09-2024,2024-25
INV/2025-26/021556,STU0211,Sports Fee,1000,16-04-2025,01-04-2025,2025-26
INV/2023-24/006956,STU0394,Tuition Fee,4000,11-05-2023,01-05-2023,2023-24
INV/2024-25/010739,STU0088,Annual Fee,6000,16-04-2024,01-04-2024,2024-25
INV/2023-24/002684,STU0156,Lab Fee,1000,16-04-2023,01-04-2023,2023-24
INV/2025-26/022387,STU0258,Tuition Fee,4000,11-04-2025,01-04-2025,2025-26
INV/2024-25/011487,STU0130,Tuition Fee,3000,09-08-2024,30-07-2024,2024-25
INV/2024-25/014772,STU0312,Lab Fee,2000,16-04-2024,01-04-2024,2024-25
INV/2023-24/007269,STU0411,Tuition Fee,4000,07-12-2023,27-11-2023,2023-24
INV/2023-24/001235,STU0073,Tuition Fee,2000,05-02-2024,26-01-2024,2023-24
INV/2023-24/000030,STU0002,Annual Fee,5000,16-04-2023,01-04-2023,2023-24
INV/2024-25/015523,STU0354,Tuition Fee,4000,07-12-2024,27-11-2024,2024-25
INV/2024-25/009587,STU0021,Tuition Fee,2000,08-10-2024,28-09-2024,2024-25
INV/2024-25/013496,STU0241,Sports Fee,1000,16-04-2024,01-04-2024,2024-25
INV/2024-25/011912,STU0153,Sports Fee,1000,16-04-2024,01-04-2024,2024-25
INV/2023-24/004350,STU0249,Tuition Fee,3000,08-09-2023,29-08-2023,2023-24
INV/2023-24/009134,STU0515,Tuition Fee,4000,11-05-2023,01-05-2023,2023-24
INV/2023-24/007601,STU0429,Exam Fee,500,16-04-2023,01-04-2023,2023-24
INV/2024-25/017734,STU0477,Tuition Fee,4000,08-09-2024,29-08-2024,2024-25
INV/2023-24/006295,STU0357,Tuition Fee,4000,08-10-2023,28-09-2023,2023-24
INV/2025-26/021513,STU0209,Tuition Fee,3000,07-12-2025,27-11-2025,2025-26
INV/2023-24/002799,STU0163,Tuition Fee,3000,10-06-2023,31-05-2023,2023-24
INV/2023-24/002655,STU0155,Tuition Fee,3000,10-06-2023,31-05-2023,2023-24
INV/2024-25/010142,STU0054,Tuition Fee,2000,11-04-2024,01-04-2024,2024-25
INV/2023-24/000545,STU0033,Tuition Fee,2000,11-04-2023,01-04-2023,2023-24
INV/2024-25/013130,STU0221,Tuition Fee,3000,06-01-2025,27-12-2024,2024-25
INV/2024-25/010150,STU0054,Tuition Fee,2000,07-12-2024,27-11-2024,2024-25
INV/2024-25/010329,STU0065,Tuition Fee,2000,11-04-2024,01-04-2024,2024-25
INV/2023-24/007647,STU0432,Tuition Fee,4000,07-12-2023,27-11-2023,2023-24
INV/2023-24/006981,STU0395,Tuition Fee,4000,07-12-2023,27-11-2023,2023-24
INV/2024-25/009815,STU0034,Library Fee,500,16-04-2024,01-04-2024,2024-25
INV/2025-26/023087,STU0296,Exam Fee,500,16-04-2025,01-04-2025,2025-26
INV/2025-26/019482,STU0096,Tuition Fee,3000,07-03-2026,25-02-2026,2025-26
INV/2025-26/023580,STU0324,Tuition Fee,4000,08-09-2025,29-08-2025,2025-26
INV/2024-25/010741,STU0088,Library Fee,500,16-04-2024,01-04-2024,2024-25
INV/2024-25/013357,STU0234,Tuition Fee,3000,10-06-2024,31-05-2024,2024-25
INV/2025-26/019275,STU0085,Tuition Fee,3000,10-06-2025,31-05-2025,2025-26
INV/2023-24/004989,STU0284,Library Fee,500,16-04-2023,01-04-2023,2023-24
INV/2023-24/000421,STU0025,Annual Fee,5000,16-04-2023,01-04-2023,2023-24
INV/2023-24/007388,STU0418,Tuition Fee,4000,11-05-2023,01-05-2023,2023-24
INV/2024-25/016942,STU0433,Tuition Fee,4000,08-09-2024,29-08-2024,2024-25
INV/2024-25/011129,STU0110,Tuition Fee,3000,08-10-2024,28-09-2024,2024-25
INV/2025-26/019661,STU0106,Tuition Fee,3000,05-02-2026,26-01-2026,2025-26
INV/2025-26/018330,STU0032,Tuition Fee,2000,10-06-2025,31-05-2025,2025-26
INV/2024-25/014194,STU0280,Tuition Fee,3000,07-03-2025,25-02-2025,2024-25
INV/2023-24/008609,STU0485,Exam Fee,500,16-04-2023,01-04-2023,2023-24
INV/2024-25/013771,STU0257,Tuition Fee,3000,10-06-2024,31-05-2024,2024-25
INV/2024-25/017294,STU0452,Sports Fee,1500,16-04-2024,01-04-2024,2024-25
INV/2024-25/009379,STU0009,Tuition Fee,2000,10-06-2024,31-05-2024,2024-25
INV/2024-25/017070,STU0440,Tuition Fee,4000,07-11-2024,28-10-2024,2024-25
INV/2023-24/000423,STU0025,Sports Fee,1000,16-04-2023,01-04-2023,2023-24
INV/2024-25/016634,STU0416,Tuition Fee,4000,10-07-2024,30-06-2024,2024-25
INV/2025-26/024116,STU0354,Tuition Fee,4000,11-05-2025,01-05-2025,2025-26
INV/2025-26/023205,STU0303,Tuition Fee,4000,07-12-2025,27-11-2025,2025-26
INV/2024-25/011756,STU0145,Tuition Fee,3000,10-07-2024,30-06-2024,2024-25
INV/2023-24/004492,STU0257,Tuition Fee,3000,10-07-2023,30-06-2023,2023-24
INV/2025-26/017824,STU0002,Tuition Fee,2000,08-10-2025,28-09-2025,2025-26
INV/2023-24/005430,STU0309,Tuition Fee,3000,08-09-2023,29-08-2023,2023-24
INV/2024-25/009873,STU0038,Tuition Fee,2000,10-07-2024,30-06-2024,2024-25
INV/2024-25/016847,STU0428,Tuition Fee,4000,11-04-2024,01-04-2024,2024-25
INV/2024-25/009602,STU0022,Tuition Fee,2000,09-08-2024,30-07-2024,2024-25
INV/2025-26/020841,STU0172,Tuition Fee,3000,10-06-2025,31-05-2025,2025-26
INV/2023-24/006212,STU0352,Lab Fee,2000,16-04-2023,01-04-2023,2023-24
INV/2023-24/004660,STU0266,Tuition Fee,3000,06-01-2024,27-12-2023,2023-24
INV/2023-24/007344,STU0415,Tuition Fee,4000,06-03-2024,25-02-2024,2023-24
INV/2024-25/013510,STU0242,Tuition Fee,3000,07-03-2025,25-02-2025,2024-25
INV/2023-24/005414,STU0308,Tuition Fee,3000,07-11-2023,28-10-2023,2023-24
INV/2025-26/021376,STU0201,Sports Fee,1000,16-04-2025,01-04-2025,2025-26
INV/2025-26/020442,STU0149,Exam Fee,375,13-10-2025,28-09-2025,2025-26
INV/2024-25/016618,STU0415,Tuition Fee,4000,08-09-2024,29-08-2024,2024-25
INV/2023-24/005416,STU0308,Tuition Fee,3000,06-01-2024,27-12-2023,2023-24
INV/2024-25/010268,STU0061,Tuition Fee,2000,07-11-2024,28-10-2024,2024-25
INV/2025-26/019535,STU0099,Tuition Fee,3000,05-02-2026,26-01-2026,2025-26
INV/2024-25/010846,STU0094,Tuition Fee,3000,07-03-2025,25-02-2025,2024-25
INV/2025-26/021130,STU0188,Tuition Fee,3000,10-07-2025,30-06-2025,2025-26
INV/2024-25/010781,STU0091,Tuition Fee,3000,11-04-2024,01-04-2024,2024-25
INV/2023-24/009044,STU0510,Tuition Fee,4000,11-05-2023,01-05-2023,2023-24
INV/2025-26/023177,STU0301,Exam Fee,500,16-04-2025,01-04-2025,2025-26
INV/2023-24/001049,STU0062,Tuition Fee,2000,06-03-2024,25-02-2024,2023-24
INV/2024-25/012328,STU0176,Exam Fee,375,13-10-2024,28-09-2024,2024-25
INV/2024-25/017110,STU0442,Tuition Fee,4000,07-03-2025,25-02-2025,2024-25
INV/2025-26/023767,STU0334,Annual Fee,8000,16-04-2025,01-04-2025,2025-26
INV/2023-24/008938,STU0504,Tuition Fee,4000,10-07-2023,30-06-2023,2023-24
INV/2025-26/024648,STU0383,Tuition Fee,4000,07-03-2026,25-02-2026,2025-26
INV/2023-24/001722,STU0102,Tuition Fee,2000,09-08-2023,30-07-2023,2023-24
INV/2025-26/024897,STU0397,Tuition Fee,4000,07-12-2025,27-11-2025,2025-26
INV/2025-26/022260,STU0250,Exam Fee,500,13-10-2025,28-09-2025,2025-26
INV/2023-24/000154,STU0010,Tuition Fee,2000,11-04-2023,01-04-2023,2023-24
INV/2024-25/012794,STU0202,Sports Fee,1000,16-04-2024,01-04-2024,2024-25
INV/2024-25/015530,STU0354,Sports Fee,1500,16-04-2024,01-04-2024,2024-25
INV/2025-26/019577,STU0101,Exam Fee,375,16-04-2025,01-04-2025,2025-26
INV/2024-25/009330,STU0006,Tuition Fee,2000,09-08-2024,30-07-2024,2024-25
INV/2024-25/015298,STU0341,Exam Fee,500,13-10-2024,28-09-2024,2024-25
INV/2025-26/022854,STU0283,Exam Fee,500,13-10-2025,28-09-2025,2025-26
INV/2023-24/003135,STU0181,Library Fee,500,16-04-2023,01-04-2023,2023-24
INV/2025-26/018776,STU0057,Tuition Fee,3000,07-11-2025,28-10-2025,2025-26
INV/2025-26/019997,STU0125,Tuition Fee,3000,09-08-2025,30-07-2025,2025-26
INV/2023-24/004943,STU0282,Tuition Fee,3000,09-08-2023,30-07-2023,2023-24
INV/2023-24/001152,STU0068,Annual Fee,5000,16-04-2023,01-04-2023,2023-24
INV/2025-26/021752,STU0222,Lab Fee,1000,16-04-2025,01-04-2025,2025-26
INV/2023-24/003537,STU0204,Tuition Fee,3000,10-06-2023,31-05-2023,2023-24
INV/2025-26/024723,STU0387,Library Fee,1000,16-04-2025,01-04-2025,2025-26
INV/2024-25/014266,STU0284,Tuition Fee,4000,07-03-2025,25-02-2025,2024-25
INV/2025-26/022492,STU0263,Sports Fee,1500,16-04-2025,01-04-2025,2025-26
INV/2025-26/024346,STU0366,Sports Fee,1500,16-04-2025,01-04-2025,2025-26
INV/2023-24/004797,STU0274,Tuition Fee,3000,10-06-2023,31-05-2023,2023-24
INV/2024-25/017111,STU0442,Annual Fee,8000,16-04-2024,01-04-2024,2024-25
INV/2023-24/006125,STU0347,Exam Fee,500,16-04-2023,01-04-2023,2023-24
INV/2025-26/022646,STU0272,Tuition Fee,4000,07-11-2025,28-10-2025,2025-26
INV/2023-24/001538,STU0091,Tuition Fee,2000,07-11-2023,28-10-2023,2023-24
INV/2025-26/024101,STU0353,Tuition Fee,4000,09-08-2025,30-07-2025,2025-26
INV/2024-25/011410,STU0125,Exam Fee,375,13-10-2024,28-09-2024,2024-25
INV/2024-25/012165,STU0167,Exam Fee,375,16-04-2024,01-04-2024,2024-25
INV/2025-26/024214,STU0359,Tuition Fee,4000,06-01-2026,27-12-2025,2025-26
INV/2024-25/012820,STU0204,Tuition Fee,3000,08-09-2024,29-08-2024,2024-25
INV/2023-24/009201,STU0518,Library Fee,1000,16-04-2023,01-04-2023,2023-24
INV/2023-24/003798,STU0218,Tuition Fee,3000,06-03-2024,25-02-2024,2023-24
INV/2025-26/019460,STU0095,Tuition Fee,3000,07-11-2025,28-10-2025,2025-26
INV/2025-26/023191,STU0302,Annual Fee,8000,16-04-2025,01-04-2025,2025-26
INV/2025-26/021502,STU0208,Sports Fee,1000,16-04-2025,01-04-2025,2025-26
INV/2023-24/000170,STU0010,Exam Fee,250,13-10-2023,28-09-2023,2023-24
INV/2025-26/021359,STU0200,Exam Fee,375,16-04-2025,01-04-2025,2025-26
INV/2025-26/021474,STU0207,Tuition Fee,3000,08-09-2025,29-08-2025,2025-26
INV/2025-26/022160,STU0245,Tuition Fee,4000,07-11-2025,28-10-2025,2025-26
INV/2025-26/022185,STU0246,Library Fee,1000,16-04-2025,01-04-2025,2025-26
INV/2024-25/014926,STU0321,Tuition Fee,4000,08-09-2024,29-08-2024,2024-25
INV/2023-24/000316,STU0019,Tuition Fee,2000,06-01-2024,27-12-2023,2023-24
INV/2025-26/024251,STU0361,Tuition Fee,4000,05-02-2026,26-01-2026,2025-26
INV/2025-26/024412,STU0370,Tuition Fee,4000,06-01-2026,27-12-2025,2025-26
INV/2025-26/020124,STU0132,Tuition Fee,3000,08-09-2025,29-08-2025,2025-26
INV/2024-25/015681,STU0363,Tuition Fee,4000,09-08-2024,30-07-2024,2024-25
INV/2025-26/024410,STU0370,Tuition Fee,4000,07-11-2025,28-10-2025,2025-26
INV/2025-26/025105,STU0409,Tuition Fee,4000,11-04-2025,01-04-2025,2025-26
INV/2023-24/001244,STU0074,Tuition Fee,2000,10-06-2023,31-05-2023,2023-24
INV/2025-26/020042,STU0127,Lab Fee,1000,16-04-2025,01-04-2025,2025-26
INV/2023-24/004628,STU0264,Lab Fee,1000,16-04-2023,01-04-2023,2023-24
INV/2023-24/003090,STU0179,Tuition Fee,3000,08-09-2023,29-08-2023,2023-24
INV/2024-25/010770,STU0090,Tuition Fee,3000,07-11-2024,28-10-2024,2024-25
INV/2023-24/002179,STU0128,Annual Fee,6000,16-04-2023,01-04-2023,2023-24
INV/2025-26/021505,STU0209,Tuition Fee,3000,11-04-2025,01-04-2025,2025-26
INV/2023-24/005280,STU0300,Exam Fee,375,13-10-2023,28-09-2023,2023-24
INV/2023-24/003290,STU0190,Tuition Fee,3000,07-11-2023,28-10-2023,2023-24
INV/2025-26/019552,STU0100,Tuition Fee,3000,06-01-2026,27-12-2025,2025-26
INV/2025-26/021983,STU0235,Tuition Fee,3000,05-02-2026,26-01-2026,2025-26
INV/2025-26/020823,STU0171,Tuition Fee,3000,10-06-2025,31-05-2025,2025-26
INV/2025-26/018946,STU0066,Sports Fee,1000,16-04-2025,01-04-2025,2025-26
INV/2024-25/015748,STU0366,Exam Fee,500,13-10-2024,28-09-2024,2024-25
INV/2025-26/022744,STU0277,Sports Fee,1500,16-04-2025,01-04-2025,2025-26
INV/2024-25/011430,STU0127,Tuition Fee,3000,11-05-2024,01-05-2024,2024-25
INV/2023-24/005445,STU0310,Tuition Fee,3000,10-06-2023,31-05-2023,2023-24
INV/2024-25/011901,STU0153,Tuition Fee,3000,09-08-2024,30-07-2024,2024-25
INV/2023-24/008216,STU0464,Tuition Fee,4000,11-05-2023,01-05-2023,2023-24
INV/2025-26/022004,STU0236,Lab Fee,1000,16-04-2025,01-04-2025,2025-26
INV/2023-24/002000,STU0118,Tuition Fee,2000,05-02-2024,26-01-2024,2023-24
INV/2024-25/014435,STU0294,Tuition Fee,4000,11-04-2024,01-04-2024,2024-25
INV/2024-25/017494,STU0463,Exam Fee,500,13-10-2024,28-09-2024,2024-25
INV/2024-25/017718,STU0476,Tuition Fee,4000,07-11-2024,28-10-2024,2024-25
INV/2023-24/006907,STU0391,Tuition Fee,4000,08-10-2023,28-09-2023,2023-24
INV/2025-26/019406,STU0092,Tuition Fee,3000,07-11-2025,28-10-2025,2025-26
INV/2024-25/009492,STU0015,Library Fee,500,16-04-2024,01-04-2024,2024-25
INV/2023-24/008919,STU0503,Tuition Fee,4000,10-06-2023,31-05-2023,2023-24
INV/2024-25/014893,STU0319,Tuition Fee,4000,07-12-2024,27-11-2024,2024-25
INV/2024-25/012207,STU0170,Tuition Fee,3000,09-08-2024,30-07-2024,2024-25
INV/2023-24/003227,STU0186,Exam Fee,375,16-04-2023,01-04-2023,2023-24
INV/2023-24/004306,STU0246,Sports Fee,1000,16-04-2023,01-04-2023,2023-24
INV/2025-26/022865,STU0284,Tuition Fee,4000,05-02-2026,26-01-2026,2025-26
INV/2023-24/003966,STU0227,Exam Fee,375,13-10-2023,28-09-2023,2023-24
INV/2023-24/000666,STU0040,Tuition Fee,2000,10-06-2023,31-05-2023,2023-24
INV/2025-26/018033,STU0014,Tuition Fee,2000,07-03-2026,25-02-2026,2025-26
INV/2024-25/013328,STU0232,Tuition Fee,3000,06-01-2025,27-12-2024,2024-25
INV/2025-26/020568,STU0156,Exam Fee,375,13-10-2025,28-09-2025,2025-26
INV/2025-26/022944,STU0288,Exam Fee,500,13-10-2025,28-09-2025,2025-26
INV/2024-25/010501,STU0075,Tuition Fee,2000,10-06-2024,31-05-2024,2024-25
INV/2023-24/000178,STU0011,Tuition Fee,2000,07-11-2023,28-10-2023,2023-24
INV/2025-26/019073,STU0073,Exam Fee,375,16-04-2025,01-04-2025,2025-26
INV/2025-26/018657,STU0050,Library Fee,500,16-04-2025,01-04-2025,2025-26
INV/2023-24/000450,STU0027,Tuition Fee,2000,07-11-2023,28-10-2023,2023-24
INV/2024-25/015685,STU0363,Tuition Fee,4000,07-12-2024,27-11-2024,2024-25
INV/2023-24/001261,STU0075,Tuition Fee,2000,10-06-2023,31-05-2023,2023-24
INV/2025-26/020203,STU0136,Annual Fee,6000,16-04-2025,01-04-2025,2025-26
INV/2024-25/012037,STU0160,Library Fee,500,16-04-2024,01-04-2024,2024-25
INV/2025-26/020592,STU0158,Tuition Fee,3000,08-09-2025,29-08-2025,2025-26
INV/2024-25/017781,STU0479,Exam Fee,500,16-04-2024,01-04-2024,2024-25
INV/2024-25/009932,STU0041,Tuition Fee,2000,07-03-2025,25-02-2025,2024-25
INV/2024-25/014588,STU0302,Tuition Fee,4000,06-01-2025,27-12-2024,2024-25
INV/2024-25/013123,STU0221,Tuition Fee,3000,10-06-2024,31-05-2024,2024-25
INV/2023-24/006997,STU0396,Tuition Fee,4000,08-10-2023,28-09-2023,2023-24
INV/2023-24/009092,STU0512,Lab Fee,2000,16-04-2023,01-04-2023,2023-24
INV/2023-24/008467,STU0478,Tuition Fee,4000,11-04-2023,01-04-2023,2023-24
INV/2023-24/003940,STU0226,Tuition Fee,3000,06-01-2024,27-12-2023,2023-24
INV/2024-25/010436,STU0071,Tuition Fee,2000,08-09-2024,29-08-2024,2024-25
INV/2023-24/003506,STU0202,Tuition Fee,3000,07-11-2023,28-10-2023,2023-24
INV/2023-24/007544,STU0426,Lab Fee,2000,16-04-2023,01-04-2023,2023-24
INV/2024-25/012727,STU0199,Tuition Fee,3000,10-06-2024,31-05-2024,2024-25
INV/2023-24/003175,STU0184,Tuition Fee,3000,11-04-2023,01-04-2023,2023-24
INV/2023-24/005067,STU0289,Tuition Fee,3000,10-06-2023,31-05-2023,2023-24
INV/2025-26/023653,STU0328,Tuition Fee,4000,08-10-2025,28-09-2025,2025-26
INV/2023-24/001087,STU0064,Exam Fee,250,16-04-2023,01-04-2023,2023-24
INV/2023-24/006631,STU0376,Tuition Fee,4000,11-04-2023,01-04-2023,2023-24
INV/2024-25/013938,STU0266,Tuition Fee,3000,07-11-2024,28-10-2024,2024-25
INV/2023-24/000855,STU0051,Tuition Fee,2000,09-08-2023,30-07-2023,2023-24
INV/2023-24/004045,STU0232,Tuition Fee,3000,08-10-2023,28-09-2023,2023-24
INV/2023-24/006114,STU0347,Tuition Fee,4000,08-09-2023,29-08-2023,2023-24
INV/2024-25/015393,STU0347,Tuition Fee,4000,09-08-2024,30-07-2024,2024-25
INV/2025-26/021238,STU0194,Tuition Fee,3000,10-07-2025,30-06-2025,2025-26
INV/2024-25/017274,STU0451,Lab Fee,2000,16-04-2024,01-04-2024,2024-25
INV/2023-24/005941,STU0337,Annual Fee,8000,16-04-2023,01-04-2023,2023-24
INV/2024-25/015012,STU0326,Tuition Fee,4000,11-05-2024,01-05-2024,2024-25
INV/2023-24/000180,STU0011,Tuition Fee,2000,06-01-2024,27-12-2023,2023-24
INV/2023-24/003363,STU0194,Tuition Fee,3000,07-12-2023,27-11-2023,2023-24
INV/2024-25/016086,STU0385,Lab Fee,2000,16-04-2024,01-04-2024,2024-25
INV/2024-25/013959,STU0267,Tuition Fee,3000,05-02-2025,26-01-2025,2024-25
INV/2023-24/001483,STU0088,Tuition Fee,2000,10-07-2023,30-06-2023,2023-24
INV/2023-24/005390,STU0307,Tuition Fee,3000,11-05-2023,01-05-2023,2023-24
INV/2025-26/022412,STU0259,Tuition Fee,4000,07-11-2025,28-10-2025,2025-26
INV/2023-24/008215,STU0464,Tuition Fee,4000,11-04-2023,01-04-2023,2023-24
INV/2023-24/000304,STU0018,Sports Fee,1000,16-04-2023,01-04-2023,2023-24
INV/2025-26/022563,STU0267,Library Fee,1000,16-04-2025,01-04-2025,2025-26
INV/2024-25/013199,STU0225,Tuition Fee,3000,08-10-2024,28-09-2024,2024-25
INV/2023-24/007740,STU0437,Tuition Fee,4000,06-03-2024,25-02-2024,2023-24
INV/2025-26/022691,STU0274,Exam Fee,500,16-04-2025,01-04-2025,2025-26
INV/2024-25/010591,STU0080,Tuition Fee,2000,07-11-2024,28-10-2024,2024-25
INV/2025-26/025211,STU0414,Exam Fee,500,16-04-2025,01-04-2025,2025-26
INV/2024-25/013848,STU0261,Tuition Fee,3000,07-11-2024,28-10-2024,2024-25
INV/2025-26/017988,STU0012,Tuition Fee,2000,11-04-2025,01-04-2025,2025-26
INV/2025-26/017817,STU0001,Exam Fee,250,13-10-2025,28-09-2025,2025-26
INV/2024-25/015059,STU0328,Annual Fee,8000,16-04-2024,01-04-2024,2024-25
INV/2025-26/019361,STU0089,Exam Fee,375,16-04-2025,01-04-2025,2025-26
INV/2024-25/012258,STU0173,Tuition Fee,3000,11-05-2024,01-05-2024,2024-25
INV/2024-25/011173,STU0112,Library Fee,500,16-04-2024,01-04-2024,2024-25
INV/2023-24/005196,STU0296,Tuition Fee,3000,08-09-2023,29-08-2023,2023-24
INV/2025-26/018816,STU0059,Tuition Fee,3000,07-03-2026,25-02-2026,2025-26
INV/2025-26/019217,STU0081,Exam Fee,375,16-04-2025,01-04-2025,2025-26
INV/2023-24/003092,STU0179,Tuition Fee,3000,07-11-2023,28-10-2023,2023-24
INV/2023-24/001081,STU0064,Tuition Fee,2000,06-01-2024,27-12-2023,2023-24
INV/2024-25/013153,STU0222,Library Fee,500,16-04-2024,01-04-2024,2024-25
INV/2023-24/004466,STU0255,Lab Fee,1000,16-04-2023,01-04-2023,2023-24
INV/2025-26/019583,STU0102,Tuition Fee,3000,09-08-2025,30-07-2025,2025-26
INV/2023-24/002196,STU0129,Tuition Fee,3000,06-03-2024,25-02-2024,2023-24
INV/2024-25/013888,STU0263,Tuition Fee,3000,07-03-2025,25-02-2025,2024-25
INV/2025-26/019665,STU0106,Library Fee,500,16-04-2025,01-04-2025,2025-26
INV/2024-25/014094,STU0275,Tuition Fee,3000,11-05-2024,01-05-2024,2024-25
INV/2024-25/015752,STU0367,Tuition Fee,4000,10-07-2024,30-06-2024,2024-25
INV/2023-24/001368,STU0081,Tuition Fee,2000,07-11-2023,28-10-2023,2023-24
INV/2023-24/006362,STU0361,Tuition Fee,4000,11-05-2023,01-05-2023,2023-24
INV/2023-24/004654,STU0266,Tuition Fee,3000,10-07-2023,30-06-2023,2023-24
INV/2023-24/007549,STU0427,Tuition Fee,4000,11-04-2023,01-04-2023,2023-24
INV/2024-25/017792,STU0480,Tuition Fee,4000,06-01-2025,27-12-2024,2024-25
INV/2025-26/018141,STU0021,Tuition Fee,2000,11-04-2025,01-04-2025,2025-26
INV/2023-24/004351,STU0249,Tuition Fee,3000,08-10-2023,28-09-2023,2023-24
INV/2024-25/011603,STU0136,Annual Fee,6000,16-04-2024,01-04-2024,2024-25
INV/2023-24/000221,STU0013,Exam Fee,250,13-10-2023,28-09-2023,2023-24
INV/2025-26/017946,STU0009,Tuition Fee,2000,06-01-2026,27-12-2025,2025-26
INV/2024-25/009703,STU0028,Tuition Fee,2000,10-07-2024,30-06-2024,2024-25
INV/2023-24/001077,STU0064,Tuition Fee,2000,08-09-2023,29-08-2023,2023-24
INV/2025-26/025373,STU0423,Exam Fee,500,16-04-2025,01-04-2025,2025-26
INV/2023-24/001548,STU0092,Tuition Fee,2000,11-04-2023,01-04-2023,2023-24
INV/2023-24/002783,STU0162,Tuition Fee,3000,09-08-2023,30-07-2023,2023-24
INV/2024-25/015367,STU0345,Library Fee,1000,16-04-2024,01-04-2024,2024-25
INV/2023-24/001533,STU0091,Tuition Fee,2000,10-06-2023,31-05-2023,2023-24
INV/2024-25/010146,STU0054,Tuition Fee,2000,09-08-2024,30-07-2024,2024-25
INV/2024-25/014689,STU0308,Tuition Fee,4000,10-06-2024,31-05-2024,2024-25
INV/2024-25/013143,STU0222,Tuition Fee,3000,09-08-2024,30-07-2024,2024-25
INV/2024-25/009403,STU0010,Tuition Fee,2000,06-01-2025,27-12-2024,2024-25
INV/2023-24/001378,STU0082,Tuition Fee,2000,11-04-2023,01-04-2023,2023-24
INV/2023-24/000399,STU0024,Tuition Fee,2000,07-11-2023,28-10-2023,2023-24
INV/2023-24/008163,STU0461,Tuition Fee,4000,10-06-2023,31-05-2023,2023-24
INV/2025-26/021323,STU0198,Exam Fee,375,16-04-2025,01-04-2025,2025-26
INV/2025-26/018368,STU0034,Tuition Fee,2000,08-10-2025,28-09-2025,2025-26
INV/2024-25/012307,STU0175,Library Fee,500,16-04-2024,01-04-2024,2024-25
INV/2023-24/001592,STU0094,Tuition Fee,2000,05-02-2024,26-01-2024,2023-24
INV/2024-25/012316,STU0176,Tuition Fee,3000,08-09-2024,29-08-2024,2024-25
INV/2023-24/000857,STU0051,Tuition Fee,2000,08-10-2023,28-09-2023,2023-24
INV/2023-24/006305,STU0357,Exam Fee,500,16-04-2023,01-04-2023,2023-24
INV/2023-24/004637,STU0265,Tuition Fee,3000,09-08-2023,30-07-2023,2023-24
INV/2024-25/013424,STU0237,Sports Fee,1000,16-04-2024,01-04-2024,2024-25
INV/2023-24/003000,STU0174,Tuition Fee,3000,08-09-2023,29-08-2023,2023-24
INV/2023-24/006136,STU0348,Tuition Fee,4000,06-01-2024,27-12-2023,2023-24
INV/2023-24/008307,STU0469,Tuition Fee,4000,10-06-2023,31-05-2023,2023-24
INV/2023-24/008545,STU0482,Tuition Fee,4000,08-10-2023,28-09-2023,2023-24
INV/2023-24/006378,STU0361,Exam Fee,500,13-10-2023,28-09-2023,2023-24
INV/2023-24/007333,STU0415,Tuition Fee,4000,11-04-2023,01-04-2023,2023-24
INV/2024-25/014733,STU0310,Tuition Fee,4000,05-02-2025,26-01-2025,2024-25
INV/2024-25/010102,STU0051,Tuition Fee,2000,07-03-2025,25-02-2025,2024-25
INV/2025-26/018663,STU0051,Tuition Fee,3000,10-06-2025,31-05-2025,2025-26
INV/2024-25/011342,STU0122,Tuition Fee,3000,10-07-2024,30-06-2024,2024-25
INV/2024-25/013754,STU0256,Tuition Fee,3000,10-07-2024,30-06-2024,2024-25
INV/2024-25/016589,STU0413,Annual Fee,8000,16-04-2024,01-04-2024,2024-25
INV/2024-25/016880,STU0429,Sports Fee,1500,16-04-2024,01-04-2024,2024-25
INV/2025-26/018672,STU0051,Tuition Fee,3000,07-03-2026,25-02-2026,2025-26
INV/2024-25/014148,STU0278,Tuition Fee,3000,11-05-2024,01-05-2024,2024-25
INV/2024-25/016582,STU0413,Tuition Fee,4000,08-09-2024,29-08-2024,2024-25
INV/2023-24/005410,STU0308,Tuition Fee,3000,10-07-2023,30-06-2023,2023-24
INV/2024-25/015770,STU0368,Tuition Fee,4000,10-07-2024,30-06-2024,2024-25
INV/2023-24/007410,STU0419,Tuition Fee,4000,08-09-2023,29-08-2023,2023-24
INV/2023-24/008332,STU0470,Tuition Fee,4000,06-01-2024,27-12-2023,2023-24
INV/2024-25/015816,STU0370,Lab Fee,2000,16-04-2024,01-04-2024,2024-25
INV/2023-24/001409,STU0083,Sports Fee,1000,16-04-2023,01-04-2023,2023-24
INV/2024-25/014531,STU0299,Tuition Fee,4000,08-10-2024,28-09-2024,2024-25
INV/2023-24/004565,STU0261,Tuition Fee,3000,09-08-2023,30-07-2023,2023-24
INV/2023-24/009228,STU0520,Tuition Fee,4000,08-09-2023,29-08-2023,2023-24
INV/2024-25/014191,STU0280,Tuition Fee,3000,07-12-2024,27-11-2024,2024-25
INV/2023-24/005980,STU0339,Sports Fee,1500,16-04-2023,01-04-2023,2023-24
INV/2024-25/010861,STU0095,Tuition Fee,3000,07-12-2024,27-11-2024,2024-25
INV/2025-26/019720,STU0109,Sports Fee,1000,16-04-2025,01-04-2025,2025-26
INV/2025-26/019085,STU0074,Tuition Fee,3000,05-02-2026,26-01-2026,2025-26
INV/2024-25/016128,STU0388,Tuition Fee,4000,11-05-2024,01-05-2024,2024-25
INV/2025-26/019158,STU0078,Tuition Fee,3000,07-03-2026,25-02-2026,2025-26
INV/2024-25/016957,STU0434,Tuition Fee,4000,10-06-2024,31-05-2024,2024-25
INV/2025-26/018521,STU0043,Tuition Fee,3000,09-08-2025,30-07-2025,2025-26
INV/2024-25/013989,STU0269,Tuition Fee,3000,09-08-2024,30-07-2024,2024-25
INV/2024-25/013765,STU0256,Library Fee,500,16-04-2024,01-04-2024,2024-25
INV/2023-24/004304,STU0246,Lab Fee,1000,16-04-2023,01-04-2023,2023-24
INV/2023-24/001937,STU0114,Exam Fee,250,16-04-2023,01-04-2023,2023-24
INV/2024-25/011040,STU0105,Tuition Fee,3000,07-11-2024,28-10-2024,2024-25
INV/2025-26/021661,STU0217,Annual Fee,6000,16-04-2025,01-04-2025,2025-26
INV/2024-25/012398,STU0180,Sports Fee,1000,16-04-2024,01-04-2024,2024-25
INV/2024-25/015850,STU0372,Tuition Fee,4000,07-03-2025,25-02-2025,2024-25
INV/2023-24/004589,STU0262,Tuition Fee,3000,05-02-2024,26-01-2024,2023-24
INV/2024-25/016722,STU0421,Tuition Fee,4000,11-05-2024,01-05-2024,2024-25
INV/2023-24/007564,STU0427,Sports Fee,1500,16-04-2023,01-04-2023,2023-24
INV/2024-25/012734,STU0199,Tuition Fee,3000,06-01-2025,27-12-2024,2024-25
INV/2023-24/000260,STU0016,Tuition Fee,2000,09-08-2023,30-07-2023,2023-24
INV/2024-25/017123,STU0443,Tuition Fee,4000,08-10-2024,28-09-2024,2024-25
INV/2023-24/007739,STU0437,Tuition Fee,4000,05-02-2024,26-01-2024,2023-24
INV/2024-25/011051,STU0106,Tuition Fee,3000,11-04-2024,01-04-2024,2024-25
INV/2023-24/005619,STU0319,Library Fee,500,16-04-2023,01-04-2023,2023-24
INV/2023-24/006232,STU0353,Sports Fee,1500,16-04-2023,01-04-2023,2023-24
INV/2025-26/019444,STU0094,Tuition Fee,3000,06-01-2026,27-12-2025,2025-26
INV/2025-26/019803,STU0114,Tuition Fee,3000,07-12-2025,27-11-2025,2025-26
INV/2024-25/016928,STU0432,Tuition Fee,4000,06-01-2025,27-12-2024,2024-25
INV/2024-25/013699,STU0253,Tuition Fee,3000,10-06-2024,31-05-2024,2024-25
INV/2025-26/021350,STU0200,Tuition Fee,3000,07-11-2025,28-10-2025,2025-26
INV/2025-26/022393,STU0258,Tuition Fee,4000,08-10-2025,28-09-2025,2025-26
INV/2024-25/015734,STU0366,Tuition Fee,4000,10-07-2024,30-06-2024,2024-25
INV/2025-26/023176,STU0301,Sports Fee,1500,16-04-2025,01-04-2025,2025-26
INV/2024-25/015725,STU0365,Annual Fee,8000,16-04-2024,01-04-2024,2024-25
INV/2025-26/025577,STU0435,Tuition Fee,4000,09-08-2025,30-07-2025,2025-26
INV/2025-26/023379,STU0313,Tuition Fee,4000,10-06-2025,31-05-2025,2025-26
INV/2023-24/001010,STU0060,Tuition Fee,2000,08-10-2023,28-09-2023,2023-24
INV/2023-24/004519,STU0258,Annual Fee,6000,16-04-2023,01-04-2023,2023-24
INV/2025-26/018218,STU0025,Tuition Fee,2000,06-01-2026,27-12-2025,2025-26
INV/2024-25/016225,STU0393,Tuition Fee,4000,07-12-2024,27-11-2024,2024-25
INV/2023-24/008345,STU0471,Tuition Fee,4000,09-08-2023,30-07-2023,2023-24
INV/2025-26/017973,STU0011,Tuition Fee,2000,10-06-2025,31-05-2025,2025-26
INV/2025-26/025164,STU0412,Tuition Fee,4000,08-09-2025,29-08-2025,2025-26
INV/2025-26/019181,STU0079,Exam Fee,375,16-04-2025,01-04-2025,2025-26
INV/2025-26/025041,STU0405,Tuition Fee,4000,07-12-2025,27-11-2025,2025-26
INV/2025-26/022890,STU0285,Exam Fee,500,13-10-2025,28-09-2025,2025-26
INV/2023-24/005696,STU0324,Tuition Fee,4000,11-05-2023,01-05-2023,2023-24
INV/2024-25/017660,STU0473,Tuition Fee,4000,10-07-2024,30-06-2024,2024-25
INV/2025-26/023207,STU0303,Tuition Fee,4000,05-02-2026,26-01-2026,2025-26
INV/2023-24/006106,STU0346,Sports Fee,1500,16-04-2023,01-04-2023,2023-24
INV/2023-24/007954,STU0449,Tuition Fee,4000,06-01-2024,27-12-2023,2023-24
INV/2025-26/025225,STU0415,Annual Fee,8000,16-04-2025,01-04-2025,2025-26
INV/2023-24/003421,STU0197,Annual Fee,6000,16-04-2023,01-04-2023,2023-24
INV/2023-24/006257,STU0355,Tuition Fee,4000,09-08-2023,30-07-2023,2023-24
INV/2023-24/002597,STU0151,Exam Fee,375,16-04-2023,01-04-2023,2023-24
INV/2025-26/022120,STU0243,Tuition Fee,4000,10-07-2025,30-06-2025,2025-26
INV/2025-26/019137,STU0077,Tuition Fee,3000,07-12-2025,27-11-2025,2025-26
INV/2024-25/015034,STU0327,Tuition Fee,4000,08-09-2024,29-08-2024,2024-25
INV/2025-26/018592,STU0047,Tuition Fee,3000,10-07-2025,30-06-2025,2025-26
INV/2025-26/020026,STU0126,Sports Fee,1000,16-04-2025,01-04-2025,2025-26
INV/2025-26/022847,STU0283,Tuition Fee,4000,05-02-2026,26-01-2026,2025-26
INV/2023-24/003108,STU0180,Tuition Fee,3000,08-09-2023,29-08-2023,2023-24
INV/2023-24/004510,STU0258,Tuition Fee,3000,10-07-2023,30-06-2023,2023-24
INV/2023-24/007878,STU0445,Tuition Fee,4000,08-09-2023,29-08-2023,2023-24
INV/2023-24/002036,STU0120,Annual Fee,5000,16-04-2023,01-04-2023,2023-24
INV/2024-25/014248,STU0283,Tuition Fee,4000,07-03-2025,25-02-2025,2024-25
INV/2025-26/020643,STU0161,Tuition Fee,3000,10-06-2025,31-05-2025,2025-26
INV/2024-25/011476,STU0129,Tuition Fee,3000,07-03-2025,25-02-2025,2024-25
INV/2025-26/023442,STU0316,Tuition Fee,4000,07-03-2026,25-02-2026,2025-26
INV/2024-25/011391,STU0124,Exam Fee,375,16-04-2024,01-04-2024,2024-25
INV/2023-24/006474,STU0367,Tuition Fee,4000,08-09-2023,29-08-2023,2023-24
INV/2024-25/011566,STU0134,Tuition Fee,3000,07-03-2025,25-02-2025,2024-25
INV/2023-24/003448,STU0199,Tuition Fee,3000,10-07-2023,30-06-2023,2023-24
INV/2024-25/014699,STU0308,Annual Fee,8000,16-04-2024,01-04-2024,2024-25
INV/2024-25/009811,STU0034,Tuition Fee,2000,06-01-2025,27-12-2024,2024-25
INV/2025-26/019124,STU0076,Lab Fee,1000,16-04-2025,01-04-2025,2025-26
INV/2024-25/012366,STU0179,Tuition Fee,3000,11-05-2024,01-05-2024,2024-25
INV/2025-26/022797,STU0280,Library Fee,1000,16-04-2025,01-04-2025,2025-26
INV/2024-25/009669,STU0026,Tuition Fee,2000,10-07-2024,30-06-2024,2024-25
INV/2024-25/012768,STU0201,Tuition Fee,3000,07-11-2024,28-10-2024,2024-25
INV/2024-25/017760,STU0478,Lab Fee,2000,16-04-2024,01-04-2024,2024-25
INV/2024-25/010133,STU0053,Tuition Fee,2000,07-12-2024,27-11-2024,2024-25
INV/2025-26/020614,STU0159,Tuition Fee,3000,06-01-2026,27-12-2025,2025-26
INV/2024-25/016093,STU0386,Tuition Fee,4000,10-06-2024,31-05-2024,2024-25
INV/2023-24/003431,STU0198,Tuition Fee,3000,09-08-2023,30-07-2023,2023-24
INV/2025-26/024308,STU0364,Lab Fee,2000,16-04-2025,01-04-2025,2025-26
INV/2025-26/019762,STU0112,Tuition Fee,3000,10-07-2025,30-06-2025,2025-26
INV/2024-25/009338,STU0006,Annual Fee,5000,16-04-2024,01-04-2024,2024-25
INV/2024-25/014920,STU0320,Exam Fee,500,13-10-2024,28-09-2024,2024-25
INV/2023-24/003398,STU0196,Tuition Fee,3000,07-11-2023,28-10-2023,2023-24
INV/2024-25/009957,STU0043,Tuition Fee,2000,10-06-2024,31-05-2024,2024-25
INV/2023-24/007429,STU0420,Tuition Fee,4000,08-10-2023,28-09-2023,2023-24
INV/2025-26/021599,STU0214,Tuition Fee,3000,09-08-2025,30-07-2025,2025-26
INV/2025-26/021658,STU0217,Tuition Fee,3000,06-01-2026,27-12-2025,2025-26
INV/2025-26/019990,STU0124,Sports Fee,1000,16-04-2025,01-04-2025,2025-26
INV/2024-25/012198,STU0169,Lab Fee,1000,16-04-2024,01-04-2024,2024-25
INV/2023-24/002980,STU0173,Tuition Fee,3000,10-07-2023,30-06-2023,2023-24
INV/2024-25/013674,STU0251,Lab Fee,1000,16-04-2024,01-04-2024,2024-25
INV/2023-24/003801,STU0218,Library Fee,500,16-04-2023,01-04-2023,2023-24
INV/2025-26/021273,STU0196,Tuition Fee,3000,10-06-2025,31-05-2025,2025-26
INV/2024-25/016042,STU0383,Tuition Fee,4000,08-09-2024,29-08-2024,2024-25
INV/2023-24/005524,STU0314,Tuition Fee,3000,06-01-2024,27-12-2023,2023-24
INV/2023-24/008730,STU0492,Tuition Fee,4000,06-03-2024,25-02-2024,2023-24
INV/2025-26/025275,STU0418,Tuition Fee,4000,07-12-2025,27-11-2025,2025-26
INV/2023-24/000146,STU0009,Tuition Fee,2000,06-01-2024,27-12-2023,2023-24
INV/2024-25/010355,STU0066,Tuition Fee,2000,06-01-2025,27-12-2024,2024-25
INV/2023-24/008005,STU0452,Tuition Fee,4000,08-10-2023,28-09-2023,2023-24
INV/2025-26/018910,STU0064,Sports Fee,1000,16-04-2025,01-04-2025,2025-26
INV/2023-24/008251,STU0466,Tuition Fee,4000,11-04-2023,01-04-2023,2023-24
INV/2024-25/014755,STU0311,Library Fee,1000,16-04-2024,01-04-2024,2024-25
INV/2023-24/004771,STU0272,Annual Fee,6000,16-04-2023,01-04-2023,2023-24
INV/2025-26/020878,STU0174,Tuition Fee,3000,10-07-2025,30-06-2025,2025-26
INV/2023-24/006340,STU0359,Sports Fee,1500,16-04-2023,01-04-2023,2023-24
INV/2023-24/002064,STU0122,Tuition Fee,3000,08-09-2023,29-08-2023,2023-24
INV/2023-24/007419,STU0419,Library Fee,1000,16-04-2023,01-04-2023,2023-24
INV/2023-24/007435,STU0420,Annual Fee,8000,16-04-2023,01-04-2023,2023-24
INV/2025-26/023425,STU0315,Annual Fee,8000,16-04-2025,01-04-2025,2025-26
INV/2025-26/025329,STU0421,Tuition Fee,4000,07-12-2025,27-11-2025,2025-26
INV/2023-24/006608,STU0374,Lab Fee,2000,16-04-2023,01-04-2023,2023-24
INV/2024-25/012304,STU0175,Tuition Fee,3000,07-03-2025,25-02-2025,2024-25
INV/2023-24/003239,STU0187,Tuition Fee,3000,05-02-2024,26-01-2024,2023-24
INV/2024-25/009293,STU0004,Tuition Fee,2000,11-05-2024,01-05-2024,2024-25
INV/2023-24/007083,STU0401,Tuition Fee,4000,10-06-2023,31-05-2023,2023-24
INV/2024-25/009494,STU0015,Exam Fee,250,16-04-2024,01-04-2024,2024-25
INV/2025-26/021060,STU0184,Tuition Fee,3000,08-09-2025,29-08-2025,2025-26
INV/2024-25/010409,STU0069,Annual Fee,5000,16-04-2024,01-04-2024,2024-25
INV/2024-25/014079,STU0274,Tuition Fee,3000,09-08-2024,30-07-2024,2024-25
INV/2024-25/009870,STU0038,Tuition Fee,2000,11-04-2024,01-04-2024,2024-25
INV/2024-25/017448,STU0461,Tuition Fee,4000,07-11-2024,28-10-2024,2024-25
INV/2025-26/024152,STU0356,Tuition Fee,4000,11-05-2025,01-05-2025,2025-26
INV/2024-25/016208,STU0392,Tuition Fee,4000,06-01-2025,27-12-2024,2024-25
INV/2023-24/002510,STU0147,Tuition Fee,3000,11-05-2023,01-05-2023,2023-24
INV/2025-26/021201,STU0192,Tuition Fee,3000,10-06-2025,31-05-2025,2025-26
INV/2023-24/003067,STU0178,Tuition Fee,3000,11-04-2023,01-04-2023,2023-24
INV/2024-25/011154,STU0111,Lab Fee,1000,16-04-2024,01-04-2024,2024-25
INV/2023-24/006147,STU0349,Tuition Fee,4000,10-06-2023,31-05-2023,2023-24
INV/2025-26/019370,STU0090,Tuition Fee,3000,07-11-2025,28-10-2025,2025-26
INV/2024-25/012211,STU0170,Tuition Fee,3000,07-12-2024,27-11-2024,2024-25
INV/2025-26/023472,STU0318,Tuition Fee,4000,08-09-2025,29-08-2025,2025-26
INV/2025-26/022976,STU0290,Lab Fee,2000,16-04-2025,01-04-2025,2025-26
INV/2023-24/006841,STU0387,Annual Fee,8000,16-04-2023,01-04-2023,2023-24
INV/2023-24/008413,STU0475,Tuition Fee,4000,11-04-2023,01-04-2023,2023-24
INV/2023-24/002117,STU0125,Tuition Fee,3000,09-08-2023,30-07-2023,2023-24
INV/2024-25/012479,STU0185,Tuition Fee,3000,08-10-2024,28-09-2024,2024-25
INV/2023-24/000374,STU0022,Exam Fee,250,13-10-2023,28-09-2023,2023-24
INV/2024-25/009941,STU0042,Tuition Fee,2000,10-07-2024,30-06-2024,2024-25
INV/2025-26/025276,STU0418,Tuition Fee,4000,06-01-2026,27-12-2025,2025-26
INV/2024-25/012666,STU0195,Lab Fee,1000,16-04-2024,01-04-2024,2024-25
INV/2023-24/005476,STU0311,Sports Fee,1000,16-04-2023,01-04-2023,2023-24
INV/2025-26/019104,STU0075,Tuition Fee,3000,07-03-2026,25-02-2026,2025-26
INV/2023-24/001660,STU0098,Tuition Fee,2000,05-02-2024,26-01-2024,2023-24
INV/2024-25/015788,STU0369,Tuition Fee,4000,10-07-2024,30-06-2024,2024-25
INV/2023-24/001103,STU0065,Sports Fee,1000,16-04-2023,01-04-2023,2023-24
INV/2023-24/001248,STU0074,Tuition Fee,2000,08-10-2023,28-09-2023,2023-24
INV/2023-24/002504,STU0146,Lab Fee,1000,16-04-2023,01-04-2023,2023-24
INV/2025-26/025019,STU0404,Tuition Fee,4000,09-08-2025,30-07-2025,2025-26
INV/2023-24/004570,STU0261,Tuition Fee,3000,06-01-2024,27-12-2023,2023-24
INV/2024-25/015625,STU0360,Tuition Fee,4000,10-06-2024,31-05-2024,2024-25
INV/2024-25/010358,STU0066,Annual Fee,5000,16-04-2024,01-04-2024,2024-25
INV/2024-25/011927,STU0154,Annual Fee,6000,16-04-2024,01-04-2024,2024-25
INV/2025-26/021029,STU0182,Tuition Fee,3000,05-02-2026,26-01-2026,2025-26
INV/2025-26/023906,STU0342,Tuition Fee,4000,07-11-2025,28-10-2025,2025-26
INV/2023-24/005576,STU0317,Tuition Fee,3000,07-11-2023,28-10-2023,2023-24
INV/2023-24/007681,STU0434,Tuition Fee,4000,08-10-2023,28-09-2023,2023-24
INV/2024-25/012013,STU0159,Tuition Fee,3000,07-12-2024,27-11-2024,2024-25
INV/2023-24/008551,STU0482,Annual Fee,8000,16-04-2023,01-04-2023,2023-24
INV/2023-24/001774,STU0105,Tuition Fee,2000,08-09-2023,29-08-2023,2023-24
INV/2025-26/025459,STU0428,Annual Fee,8000,16-04-2025,01-04-2025,2025-26
INV/2024-25/010890,STU0097,Tuition Fee,3000,11-05-2024,01-05-2024,2024-25
INV/2024-25/016318,STU0398,Tuition Fee,4000,07-03-2025,25-02-2025,2024-25
INV/2023-24/000948,STU0056,Annual Fee,5000,16-04-2023,01-04-2023,2023-24
INV/2023-24/002689,STU0157,Tuition Fee,3000,11-04-2023,01-04-2023,2023-24
INV/2025-26/023799,STU0336,Tuition Fee,4000,07-12-2025,27-11-2025,2025-26
INV/2025-26/024328,STU0365,Sports Fee,1500,16-04-2025,01-04-2025,2025-26
INV/2025-26/024917,STU0398,Tuition Fee,4000,05-02-2026,26-01-2026,2025-26
INV/2025-26/025558,STU0434,Tuition Fee,4000,10-07-2025,30-06-2025,2025-26
INV/2023-24/008137,STU0459,Annual Fee,8000,16-04-2023,01-04-2023,2023-24
INV/2024-25/013464,STU0240,Tuition Fee,3000,11-05-2024,01-05-2024,2024-25
INV/2023-24/008144,STU0460,Tuition Fee,4000,11-05-2023,01-05-2023,2023-24
INV/2023-24/005585,STU0317,Exam Fee,375,16-04-2023,01-04-2023,2023-24
INV/2023-24/008465,STU0477,Exam Fee,500,16-04-2023,01-04-2023,2023-24
INV/2025-26/019671,STU0107,Tuition Fee,3000,10-06-2025,31-05-2025,2025-26
INV/2024-25/017691,STU0474,Exam Fee,500,16-04-2024,01-04-2024,2024-25
INV/2025-26/020577,STU0157,Tuition Fee,3000,07-12-2025,27-11-2025,2025-26
INV/2025-26/021537,STU0210,Library Fee,500,16-04-2025,01-04-2025,2025-26
INV/2025-26/024272,STU0362,Lab Fee,2000,16-04-2025,01-04-2025,2025-26
INV/2023-24/008944,STU0504,Tuition Fee,4000,06-01-2024,27-12-2023,2023-24
INV/2025-26/022990,STU0291,Tuition Fee,4000,06-01-2026,27-12-2025,2025-26
INV/2024-25/015153,STU0333,Exam Fee,500,16-04-2024,01-04-2024,2024-25
INV/2023-24/002836,STU0165,Tuition Fee,3000,10-07-2023,30-06-2023,2023-24
INV/2024-25/012183,STU0168,Exam Fee,375,16-04-2024,01-04-2024,2024-25
INV/2025-26/019099,STU0075,Tuition Fee,3000,08-10-2025,28-09-2025,2025-26
INV/2024-25/013910,STU0264,Sports Fee,1000,16-04-2024,01-04-2024,2024-25
INV/2025-26/024815,STU0392,Exam Fee,500,16-04-2025,01-04-2025,2025-26
INV/2024-25/013478,STU0240,Sports Fee,1000,16-04-2024,01-04-2024,2024-25
INV/2025-26/022599,STU0269,Library Fee,1000,16-04-2025,01-04-2025,2025-26
INV/2025-26/018624,STU0048,Exam Fee,375,13-10-2025,28-09-2025,2025-26
INV/2025-26/019716,STU0109,Tuition Fee,3000,07-03-2026,25-02-2026,2025-26
INV/2023-24/002611,STU0152,Annual Fee,6000,16-04-2023,01-04-2023,2023-24
INV/2024-25/009556,STU0019,Tuition Fee,2000,06-01-2025,27-12-2024,2024-25
INV/2025-26/019228,STU0082,Tuition Fee,3000,06-01-2026,27-12-2025,2025-26
INV/2025-26/017994,STU0012,Tuition Fee,2000,08-10-2025,28-09-2025,2025-26
INV/2023-24/004329,STU0248,Tuition Fee,3000,10-06-2023,31-05-2023,2023-24
INV/2024-25/011194,STU0113,Exam Fee,375,13-10-2024,28-09-2024,2024-25
INV/2023-24/001886,STU0111,Exam Fee,250,16-04-2023,01-04-2023,2023-24
INV/2023-24/008565,STU0483,Tuition Fee,4000,07-12-2023,27-11-2023,2023-24
INV/2024-25/013329,STU0232,Tuition Fee,3000,05-02-2025,26-01-2025,2024-25
INV/2023-24/002610,STU0152,Tuition Fee,3000,06-03-2024,25-02-2024,2023-24
INV/2024-25/013131,STU0221,Tuition Fee,3000,05-02-2025,26-01-2025,2024-25
INV/2023-24/003475,STU0200,Annual Fee,6000,16-04-2023,01-04-2023,2023-24
INV/2024-25/015678,STU0363,Tuition Fee,4000,11-05-2024,01-05-2024,2024-25
INV/2023-24/002523,STU0147,Library Fee,500,16-04-2023,01-04-2023,2023-24
INV/2023-24/007066,STU0400,Tuition Fee,4000,10-07-2023,30-06-2023,2023-24
INV/2023-24/005991,STU0340,Tuition Fee,4000,07-12-2023,27-11-2023,2023-24
INV/2024-25/016126,STU0387,Exam Fee,500,13-10-2024,28-09-2024,2024-25
INV/2023-24/003704,STU0213,Tuition Fee,3000,07-11-2023,28-10-2023,2023-24
INV/2024-25/016109,STU0387,Tuition Fee,4000,11-04-2024,01-04-2024,2024-25
INV/2025-26/017840,STU0003,Tuition Fee,2000,08-09-2025,29-08-2025,2025-26
INV/2024-25/010483,STU0074,Tuition Fee,2000,11-05-2024,01-05-2024,2024-25
INV/2024-25/012755,STU0200,Annual Fee,6000,16-04-2024,01-04-2024,2024-25
INV/2023-24/007887,STU0445,Library Fee,1000,16-04-2023,01-04-2023,2023-24
INV/2025-26/023848,STU0339,Tuition Fee,4000,10-07-2025,30-06-2025,2025-26
INV/2023-24/000491,STU0029,Sports Fee,1000,16-04-2023,01-04-2023,2023-24
INV/2024-25/013362,STU0234,Tuition Fee,3000,07-11-2024,28-10-2024,2024-25
INV/2025-26/022800,STU0280,Exam Fee,500,13-10-2025,28-09-2025,2025-26
INV/2024-25/014250,STU0283,Lab Fee,2000,16-04-2024,01-04-2024,2024-25
INV/2023-24/002765,STU0161,Tuition Fee,3000,09-08-2023,30-07-2023,2023-24
INV/2023-24/006381,STU0362,Tuition Fee,4000,10-06-2023,31-05-2023,2023-24
INV/2023-24/003749,STU0215,Exam Fee,375,16-04-2023,01-04-2023,2023-24
INV/2023-24/004218,STU0241,Exam Fee,375,13-10-2023,28-09-2023,2023-24
INV/2025-26/018230,STU0026,Tuition Fee,2000,09-08-2025,30-07-2025,2025-26
INV/2024-25/015001,STU0325,Tuition Fee,4000,07-12-2024,27-11-2024,2024-25
INV/2023-24/008344,STU0471,Tuition Fee,4000,10-07-2023,30-06-2023,2023-24
INV/2025-26/020881,STU0174,Tuition Fee,3000,08-10-2025,28-09-2025,2025-26
INV/2024-25/012420,STU0182,Tuition Fee,3000,11-05-2024,01-05-2024,2024-25
INV/2024-25/016985,STU0435,Annual Fee,8000,16-04-2024,01-04-2024,2024-25
INV/2024-25/010574,STU0079,Tuition Fee,2000,07-11-2024,28-10-2024,2024-25
INV/2023-24/003350,STU0193,Lab Fee,1000,16-04-2023,01-04-2023,2023-24
INV/2025-26/024318,STU0365,Tuition Fee,4000,08-09-2025,29-08-2025,2025-26
INV/2023-24/002607,STU0152,Tuition Fee,3000,07-12-2023,27-11-2023,2023-24
INV/2023-24/004381,STU0251,Tuition Fee,3000,11-04-2023,01-04-2023,2023-24
INV/2025-26/023828,STU0338,Tuition Fee,4000,11-05-2025,01-05-2025,2025-26
INV/2024-25/009268,STU0002,Tuition Fee,2000,05-02-2025,26-01-2025,2024-25
INV/2024-25/014001,STU0269,Exam Fee,375,16-04-2024,01-04-2024,2024-25
INV/2025-26/023368,STU0312,Tuition Fee,4000,06-01-2026,27-12-2025,2025-26
INV/2023-24/003797,STU0218,Tuition Fee,3000,05-02-2024,26-01-2024,2023-24
INV/2023-24/002557,STU0149,Annual Fee,6000,16-04-2023,01-04-2023,2023-24
INV/2025-26/018844,STU0061,Tuition Fee,3000,10-07-2025,30-06-2025,2025-26
INV/2024-25/012871,STU0207,Tuition Fee,3000,10-06-2024,31-05-2024,2024-25
INV/2023-24/006702,STU0379,Exam Fee,500,13-10-2023,28-09-2023,2023-24
INV/2023-24/006741,STU0382,Tuition Fee,4000,10-06-2023,31-05-2023,2023-24
INV/2025-26/024872,STU0396,Tuition Fee,4000,11-05-2025,01-05-2025,2025-26
INV/2023-24/006294,STU0357,Tuition Fee,4000,08-09-2023,29-08-2023,2023-24
INV/2025-26/019047,STU0072,Tuition Fee,3000,07-12-2025,27-11-2025,2025-26
INV/2023-24/001270,STU0075,Tuition Fee,2000,06-03-2024,25-02-2024,2023-24
INV/2024-25/014184,STU0280,Tuition Fee,3000,11-05-2024,01-05-2024,2024-25
INV/2025-26/021433,STU0205,Tuition Fee,3000,11-04-2025,01-04-2025,2025-26
INV/2024-25/011383,STU0124,Tuition Fee,3000,07-12-2024,27-11-2024,2024-25
INV/2024-25/017055,STU0439,Tuition Fee,4000,05-02-2025,26-01-2025,2024-25
INV/2023-24/004975,STU0284,Tuition Fee,3000,11-04-2023,01-04-2023,2023-24
INV/2025-26/018397,STU0036,Tuition Fee,2000,11-05-2025,01-05-2025,2025-26
INV/2023-24/007517,STU0425,Tuition Fee,4000,09-08-2023,30-07-2023,2023-24
INV/2023-24/000143,STU0009,Tuition Fee,2000,08-10-2023,28-09-2023,2023-24
INV/2023-24/000211,STU0013,Tuition Fee,2000,08-10-2023,28-09-2023,2023-24
INV/2025-26/018893,STU0063,Exam Fee,375,16-04-2025,01-04-2025,2025-26
INV/2023-24/008832,STU0498,Tuition Fee,4000,08-09-2023,29-08-2023,2023-24
INV/2024-25/009920,STU0040,Exam Fee,250,13-10-2024,28-09-2024,2024-25
INV/2024-25/017396,STU0458,Tuition Fee,4000,06-01-2025,27-12-2024,2024-25
INV/2023-24/002675,STU0156,Tuition Fee,3000,09-08-2023,30-07-2023,2023-24
INV/2025-26/018136,STU0020,Annual Fee,5000,16-04-2025,01-04-2025,2025-26
INV/2025-26/019100,STU0075,Tuition Fee,3000,07-11-2025,28-10-2025,2025-26
INV/2024-25/011761,STU0145,Tuition Fee,3000,07-12-2024,27-11-2024,2024-25
INV/2025-26/019062,STU0073,Tuition Fee,3000,08-09-2025,29-08-2025,2025-26
INV/2025-26/021259,STU0195,Tuition Fee,3000,08-10-2025,28-09-2025,2025-26
INV/2024-25/013826,STU0260,Tuition Fee,3000,10-07-2024,30-06-2024,2024-25
INV/2023-24/002860,STU0166,Tuition Fee,3000,06-01-2024,27-12-2023,2023-24
INV/2024-25/014317,STU0287,Tuition Fee,4000,07-12-2024,27-11-2024,2024-25
INV/2025-26/022225,STU0249,Tuition Fee,4000,11-04-2025,01-04-2025,2025-26
INV/2025-26/022449,STU0261,Tuition Fee,4000,07-12-2025,27-11-2025,2025-26
INV/2025-26/019352,STU0089,Tuition Fee,3000,07-11-2025,28-10-2025,2025-26
INV/2023-24/002648,STU0154,Lab Fee,1000,16-04-2023,01-04-2023,2023-24
INV/2023-24/008721,STU0492,Tuition Fee,4000,10-06-2023,31-05-2023,2023-24
INV/2025-26/023880,STU0340,Exam Fee,500,13-10-2025,28-09-2025,2025-26
INV/2025-26/024976,STU0401,Sports Fee,1500,16-04-2025,01-04-2025,2025-26
INV/2025-26/018685,STU0052,Tuition Fee,3000,08-10-2025,28-09-2025,2025-26
INV/2023-24/001384,STU0082,Tuition Fee,2000,08-10-2023,28-09-2023,2023-24
INV/2025-26/022714,STU0276,Tuition Fee,4000,10-07-2025,30-06-2025,2025-26
INV/2025-26/018145,STU0021,Tuition Fee,2000,09-08-2025,30-07-2025,2025-26
INV/2025-26/019597,STU0103,Tuition Fee,3000,11-04-2025,01-04-2025,2025-26
INV/2025-26/020421,STU0148,Library Fee,500,16-04-2025,01-04-2025,2025-26
INV/2025-26/025333,STU0421,Annual Fee,8000,16-04-2025,01-04-2025,2025-26
INV/2023-24/004146,STU0237,Exam Fee,375,13-10-2023,28-09-2023,2023-24
INV/2023-24/002065,STU0122,Tuition Fee,3000,08-10-2023,28-09-2023,2023-24
INV/2023-24/005616,STU0319,Tuition Fee,3000,06-03-2024,25-02-2024,2023-24
INV/2023-24/000890,STU0053,Tuition Fee,2000,08-09-2023,29-08-2023,2023-24
INV/2023-24/006599,STU0374,Tuition Fee,4000,09-08-2023,30-07-2023,2023-24
INV/2025-26/024364,STU0367,Sports Fee,1500,16-04-2025,01-04-2025,2025-26
INV/2025-26/020562,STU0156,Tuition Fee,3000,07-03-2026,25-02-2026,2025-26
INV/2023-24/000412,STU0025,Tuition Fee,2000,10-07-2023,30-06-2023,2023-24
INV/2025-26/018172,STU0022,Sports Fee,1000,16-04-2025,01-04-2025,2025-26
INV/2025-26/023092,STU0297,Tuition Fee,4000,10-07-2025,30-06-2025,2025-26
INV/2023-24/005716,STU0325,Tuition Fee,4000,10-07-2023,30-06-2023,2023-24
INV/2025-26/022455,STU0261,Library Fee,1000,16-04-2025,01-04-2025,2025-26
INV/2024-25/015060,STU0328,Lab Fee,2000,16-04-2024,01-04-2024,2024-25
INV/2023-24/007136,STU0404,Tuition Fee,4000,11-05-2023,01-05-2023,2023-24
INV/2025-26/023863,STU0340,Tuition Fee,4000,11-04-2025,01-04-2025,2025-26
INV/2025-26/021499,STU0208,Annual Fee,6000,16-04-2025,01-04-2025,2025-26
INV/2024-25/012511,STU0187,Tuition Fee,3000,10-06-2024,31-05-2024,2024-25
INV/2024-25/011084,STU0107,Sports Fee,1000,16-04-2024,01-04-2024,2024-25
INV/2025-26/020853,STU0172,Library Fee,500,16-04-2025,01-04-2025,2025-26
INV/2024-25/013200,STU0225,Tuition Fee,3000,07-11-2024,28-10-2024,2024-25
INV/2025-26/019253,STU0083,Exam Fee,375,16-04-2025,01-04-2025,2025-26
INV/2024-25/012551,STU0189,Tuition Fee,3000,08-10-2024,28-09-2024,2024-25
INV/2024-25/011565,STU0134,Tuition Fee,3000,05-02-2025,26-01-2025,2024-25
INV/2023-24/008432,STU0476,Tuition Fee,4000,11-05-2023,01-05-2023,2023-24
INV/2023-24/005898,STU0335,Tuition Fee,4000,08-09-2023,29-08-2023,2023-24
INV/2023-24/001035,STU0061,Sports Fee,1000,16-04-2023,01-04-2023,2023-24
INV/2025-26/019412,STU0092,Lab Fee,1000,16-04-2025,01-04-2025,2025-26
INV/2024-25/010719,STU0087,Tuition Fee,3000,05-02-2025,26-01-2025,2024-25
INV/2025-26/018156,STU0021,Exam Fee,250,16-04-2025,01-04-2025,2025-26
INV/2023-24/005338,STU0304,Tuition Fee,3000,10-07-2023,30-06-2023,2023-24
INV/2024-25/014739,STU0310,Exam Fee,500,16-04-2024,01-04-2024,2024-25
INV/2025-26/021373,STU0201,Annual Fee,6000,16-04-2025,01-04-2025,2025-26
INV/2024-25/010411,STU0069,Sports Fee,1000,16-04-2024,01-04-2024,2024-25
INV/2023-24/000246,STU0015,Tuition Fee,2000,07-11-2023,28-10-2023,2023-24
INV/2024-25/009930,STU0041,Tuition Fee,2000,06-01-2025,27-12-2024,2024-25
INV/2024-25/009416,STU0011,Tuition Fee,2000,08-09-2024,29-08-2024,2024-25
INV/2024-25/013817,STU0259,Annual Fee,6000,16-04-2024,01-04-2024,2024-25
INV/2024-25/010524,STU0076,Tuition Fee,2000,07-12-2024,27-11-2024,2024-25
INV/2025-26/024405,STU0370,Tuition Fee,4000,10-06-2025,31-05-2025,2025-26
INV/2024-25/014744,STU0311,Tuition Fee,4000,10-07-2024,30-06-2024,2024-25
INV/2023-24/001102,STU0065,Library Fee,500,16-04-2023,01-04-2023,2023-24
INV/2023-24/003663,STU0211,Tuition Fee,3000,10-06-2023,31-05-2023,2023-24
INV/2025-26/022864,STU0284,Tuition Fee,4000,06-01-2026,27-12-2025,2025-26
INV/2024-25/013686,STU0252,Tuition Fee,3000,07-11-2024,28-10-2024,2024-25
INV/2025-26/025361,STU0423,Tuition Fee,4000,09-08-2025,30-07-2025,2025-26
INV/2023-24/004730,STU0270,Tuition Fee,3000,07-11-2023,28-10-2023,2023-24
INV/2025-26/021973,STU0235,Tuition Fee,3000,11-04-2025,01-04-2025,2025-26
INV/2025-26/020475,STU0151,Library Fee,500,16-04-2025,01-04-2025,2025-26
INV/2025-26/018060,STU0016,Tuition Fee,2000,09-08-2025,30-07-2025,2025-26
INV/2024-25/016493,STU0408,Tuition Fee,4000,08-10-2024,28-09-2024,2024-25
INV/2025-26/023233,STU0305,Tuition Fee,4000,11-04-2025,01-04-2025,2025-26
INV/2025-26/023337,STU0310,Library Fee,1000,16-04-2025,01-04-2025,2025-26
INV/2025-26/025294,STU0419,Tuition Fee,4000,06-01-2026,27-12-2025,2025-26
INV/2025-26/017856,STU0004,Tuition Fee,2000,09-08-2025,30-07-2025,2025-26
INV/2024-25/009973,STU0044,Tuition Fee,2000,11-05-2024,01-05-2024,2024-25
INV/2025-26/020182,STU0135,Tuition Fee,3000,06-01-2026,27-12-2025,2025-26
INV/2025-26/021864,STU0228,Exam Fee,375,13-10-2025,28-09-2025,2025-26
INV/2023-24/002361,STU0138,Library Fee,500,16-04-2023,01-04-2023,2023-24
INV/2024-25/013285,STU0230,Tuition Fee,3000,10-06-2024,31-05-2024,2024-25
INV/2024-25/011718,STU0143,Tuition Fee,3000,11-05-2024,01-05-2024,2024-25
INV/2024-25/009756,STU0031,Tuition Fee,2000,08-09-2024,29-08-2024,2024-25
INV/2025-26/019381,STU0091,Tuition Fee,3000,11-04-2025,01-04-2025,2025-26
INV/2024-25/009508,STU0016,Annual Fee,5000,16-04-2024,01-04-2024,2024-25
INV/2023-24/003711,STU0213,Library Fee,500,16-04-2023,01-04-2023,2023-24
INV/2024-25/012487,STU0185,Library Fee,500,16-04-2024,01-04-2024,2024-25
INV/2024-25/017249,STU0450,Tuition Fee,4000,08-10-2024,28-09-2024,2024-25
INV/2024-25/012430,STU0182,Tuition Fee,3000,07-03-2025,25-02-2025,2024-25
INV/2023-24/000596,STU0036,Tuition Fee,2000,11-04-2023,01-04-2023,2023-24
INV/2024-25/011355,STU0122,Exam Fee,375,16-04-2024,01-04-2024,2024-25
INV/2023-24/005943,STU0337,Library Fee,1000,16-04-2023,01-04-2023,2023-24
INV/2024-25/011624,STU0137,Sports Fee,1000,16-04-2024,01-04-2024,2024-25
INV/2025-26/021069,STU0184,Library Fee,500,16-04-2025,01-04-2025,2025-26
INV/2025-26/022076,STU0240,Lab Fee,1000,16-04-2025,01-04-2025,2025-26
INV/2023-24/009000,STU0507,Tuition Fee,4000,06-03-2024,25-02-2024,2023-24
INV/2025-26/019824,STU0115,Tuition Fee,3000,07-03-2026,25-02-2026,2025-26
INV/2025-26/018519,STU0043,Tuition Fee,3000,10-06-2025,31-05-2025,2025-26
INV/2025-26/024184,STU0357,Sports Fee,1500,16-04-2025,01-04-2025,2025-26
INV/2024-25/016719,STU0420,Exam Fee,500,16-04-2024,01-04-2024,2024-25
INV/2025-26/025498,STU0430,Sports Fee,1500,16-04-2025,01-04-2025,2025-26
INV/2024-25/011085,STU0107,Exam Fee,375,16-04-2024,01-04-2024,2024-25
INV/2023-24/000388,STU0023,Library Fee,500,16-04-2023,01-04-2023,2023-24
INV/2023-24/007063,STU0400,Tuition Fee,4000,11-04-2023,01-04-2023,2023-24
INV/2023-24/001340,STU0079,Library Fee,500,16-04-2023,01-04-2023,2023-24
INV/2024-25/017003,STU0436,Annual Fee,8000,16-04-2024,01-04-2024,2024-25
INV/2023-24/006782,STU0384,Tuition Fee,4000,07-11-2023,28-10-2023,2023-24
INV/2024-25/016514,STU0409,Tuition Fee,4000,06-01-2025,27-12-2024,2024-25
INV/2025-26/020431,STU0149,Tuition Fee,3000,08-10-2025,28-09-2025,2025-26
INV/2023-24/008530,STU0481,Tuition Fee,4000,06-01-2024,27-12-2023,2023-24
INV/2023-24/008828,STU0498,Tuition Fee,4000,11-05-2023,01-05-2023,2023-24
INV/2025-26/023241,STU0305,Tuition Fee,4000,07-12-2025,27-11-2025,2025-26
INV/2025-26/019030,STU0071,Tuition Fee,3000,06-01-2026,27-12-2025,2025-26
INV/2025-26/024205,STU0359,Tuition Fee,4000,11-04-2025,01-04-2025,2025-26
INV/2023-24/000274,STU0017,Tuition Fee,2000,11-05-2023,01-05-2023,2023-24
INV/2025-26/019625,STU0104,Tuition Fee,3000,05-02-2026,26-01-2026,2025-26
INV/2023-24/002146,STU0126,Sports Fee,1000,16-04-2023,01-04-2023,2023-24
INV/2024-25/010417,STU0070,Tuition Fee,2000,10-07-2024,30-06-2024,2024-25
INV/2025-26/023811,STU0337,Tuition Fee,4000,10-06-2025,31-05-2025,2025-26
INV/2023-24/005121,STU0292,Tuition Fee,3000,10-06-2023,31-05-2023,2023-24
INV/2023-24/005347,STU0304,Annual Fee,6000,16-04-2023,01-04-2023,2023-24
INV/2023-24/002680,STU0156,Tuition Fee,3000,06-01-2024,27-12-2023,2023-24
INV/2025-26/018319,STU0031,Tuition Fee,2000,07-12-2025,27-11-2025,2025-26
INV/2024-25/009889,STU0039,Tuition Fee,2000,10-06-2024,31-05-2024,2024-25
INV/2023-24/006471,STU0367,Tuition Fee,4000,10-06-2023,31-05-2023,2023-24
INV/2025-26/022703,STU0275,Tuition Fee,4000,05-02-2026,26-01-2026,2025-26
INV/2023-24/005235,STU0298,Tuition Fee,3000,07-12-2023,27-11-2023,2023-24
INV/2023-24/006909,STU0391,Tuition Fee,4000,07-12-2023,27-11-2023,2023-24
INV/2023-24/000141,STU0009,Tuition Fee,2000,09-08-2023,30-07-2023,2023-24
INV/2024-25/015441,STU0349,Exam Fee,500,16-04-2024,01-04-2024,2024-25
INV/2023-24/009019,STU0508,Annual Fee,8000,16-04-2023,01-04-2023,2023-24
INV/2024-25/016448,STU0405,Sports Fee,1500,16-04-2024,01-04-2024,2024-25
INV/2024-25/015177,STU0335,Tuition Fee,4000,09-08-2024,30-07-2024,2024-25
INV/2024-25/009438,STU0012,Tuition Fee,2000,05-02-2025,26-01-2025,2024-25
INV/2025-26/023165,STU0301,Tuition Fee,4000,09-08-2025,30-07-2025,2025-26
INV/2024-25/011514,STU0131,Lab Fee,1000,16-04-2024,01-04-2024,2024-25
INV/2023-24/006151,STU0349,Tuition Fee,4000,08-10-2023,28-09-2023,2023-24
INV/2023-24/008752,STU0493,Sports Fee,1500,16-04-2023,01-04-2023,2023-24
INV/2025-26/021725,STU0221,Tuition Fee,3000,09-08-2025,30-07-2025,2025-26
INV/2023-24/000230,STU0014,Tuition Fee,2000,07-12-2023,27-11-2023,2023-24
INV/2023-24/004038,STU0231,Exam Fee,375,13-10-2023,28-09-2023,2023-24
INV/2023-24/001810,STU0107,Tuition Fee,2000,07-11-2023,28-10-2023,2023-24
INV/2025-26/021912,STU0231,Tuition Fee,3000,07-03-2026,25-02-2026,2025-26
INV/2024-25/015233,STU0338,Tuition Fee,4000,08-10-2024,28-09-2024,2024-25
INV/2025-26/021278,STU0196,Tuition Fee,3000,07-11-2025,28-10-2025,2025-26
INV/2024-25/009502,STU0016,Tuition Fee,2000,08-10-2024,28-09-2024,2024-25
INV/2025-26/018656,STU0050,Lab Fee,1000,16-04-2025,01-04-2025,2025-26
INV/2025-26/020628,STU0160,Tuition Fee,3000,08-09-2025,29-08-2025,2025-26
INV/2023-24/001552,STU0092,Tuition Fee,2000,09-08-2023,30-07-2023,2023-24
INV/2023-24/004819,STU0275,Tuition Fee,3000,08-10-2023,28-09-2023,2023-24
INV/2025-26/024092,STU0352,Lab Fee,2000,16-04-2025,01-04-2025,2025-26
INV/2025-26/021077,STU0185,Tuition Fee,3000,09-08-2025,30-07-2025,2025-26
INV/2024-25/012208,STU0170,Tuition Fee,3000,08-09-2024,29-08-2024,2024-25
INV/2023-24/006233,STU0353,Exam Fee,500,16-04-2023,01-04-2023,2023-24
INV/2025-26/022794,STU0280,Tuition Fee,4000,07-03-2026,25-02-2026,2025-26
INV/2025-26/021621,STU0215,Tuition Fee,3000,07-12-2025,27-11-2025,2025-26
INV/2024-25/012288,STU0174,Lab Fee,1000,16-04-2024,01-04-2024,2024-25
INV/2025-26/019054,STU0072,Sports Fee,1000,16-04-2025,01-04-2025,2025-26
INV/2024-25/014989,STU0324,Library Fee,1000,16-04-2024,01-04-2024,2024-25
INV/2025-26/020545,STU0155,Annual Fee,6000,16-04-2025,01-04-2025,2025-26
INV/2023-24/005344,STU0304,Tuition Fee,3000,06-01-2024,27-12-2023,2023-24
INV/2024-25/017723,STU0476,Annual Fee,8000,16-04-2024,01-04-2024,2024-25
INV/2023-24/001942,STU0115,Tuition Fee,2000,10-07-2023,30-06-2023,2023-24
INV/2024-25/009901,STU0039,Sports Fee,1000,16-04-2024,01-04-2024,2024-25
INV/2024-25/012922,STU0209,Exam Fee,375,13-10-2024,28-09-2024,2024-25
INV/2024-25/013410,STU0237,Tuition Fee,3000,11-05-2024,01-05-2024,2024-25
INV/2024-25/014536,STU0299,Tuition Fee,4000,07-03-2025,25-02-2025,2024-25
INV/2024-25/009661,STU0025,Annual Fee,5000,16-04-2024,01-04-2024,2024-25
INV/2024-25/009665,STU0025,Exam Fee,250,13-10-2024,28-09-2024,2024-25
INV/2023-24/008180,STU0462,Tuition Fee,4000,11-05-2023,01-05-2023,2023-24
INV/2023-24/004404,STU0252,Tuition Fee,3000,08-09-2023,29-08-2023,2023-24
INV/2024-25/011689,STU0141,Tuition Fee,3000,07-12-2024,27-11-2024,2024-25
INV/2023-24/003568,STU0205,Sports Fee,1000,16-04-2023,01-04-2023,2023-24
INV/2024-25/012339,STU0177,Tuition Fee,3000,05-02-2025,26-01-2025,2024-25
INV/2024-25/010192,STU0056,Exam Fee,250,13-10-2024,28-09-2024,2024-25
INV/2025-26/019425,STU0093,Tuition Fee,3000,07-12-2025,27-11-2025,2025-26
INV/2025-26/020096,STU0130,Lab Fee,1000,16-04-2025,01-04-2025,2025-26
INV/2024-25/016753,STU0422,Library Fee,1000,16-04-2024,01-04-2024,2024-25
INV/2024-25/015836,STU0371,Sports Fee,1500,16-04-2024,01-04-2024,2024-25
INV/2023-24/008419,STU0475,Tuition Fee,4000,08-10-2023,28-09-2023,2023-24
INV/2023-24/006028,STU0342,Tuition Fee,4000,06-01-2024,27-12-2023,2023-24
INV/2024-25/016182,STU0391,Tuition Fee,4000,11-05-2024,01-05-2024,2024-25
INV/2025-26/021260,STU0195,Tuition Fee,3000,07-11-2025,28-10-2025,2025-26
INV/2023-24/000916,STU0054,Sports Fee,1000,16-04-2023,01-04-2023,2023-24
INV/2023-24/002424,STU0142,Tuition Fee,3000,08-09-2023,29-08-2023,2023-24
INV/2025-26/022940,STU0288,Lab Fee,2000,16-04-2025,01-04-2025,2025-26
INV/2024-25/016786,STU0424,Tuition Fee,4000,07-03-2025,25-02-2025,2024-25
INV/2025-26/020200,STU0136,Tuition Fee,3000,06-01-2026,27-12-2025,2025-26
INV/2025-26/024226,STU0360,Tuition Fee,4000,10-07-2025,30-06-2025,2025-26
INV/2023-24/005140,STU0293,Tuition Fee,3000,10-07-2023,30-06-2023,2023-24
INV/2023-24/007334,STU0415,Tuition Fee,4000,11-05-2023,01-05-2023,2023-24
INV/2025-26/019890,STU0119,Tuition Fee,3000,08-09-2025,29-08-2025,2025-26
INV/2024-25/016392,STU0402,Lab Fee,2000,16-04-2024,01-04-2024,2024-25
INV/2025-26/022430,STU0260,Tuition Fee,4000,07-11-2025,28-10-2025,2025-26
INV/2024-25/010871,STU0096,Tuition Fee,3000,11-04-2024,01-04-2024,2024-25
INV/2024-25/016946,STU0433,Tuition Fee,4000,06-01-2025,27-12-2024,2024-25
INV/2024-25/014942,STU0322,Tuition Fee,4000,10-07-2024,30-06-2024,2024-25
INV/2024-25/016896,STU0430,Lab Fee,2000,16-04-2024,01-04-2024,2024-25
INV/2023-24/001616,STU0096,Tuition Fee,2000,11-04-2023,01-04-2023,2023-24
INV/2024-25/013148,STU0222,Tuition Fee,3000,06-01-2025,27-12-2024,2024-25
INV/2024-25/014242,STU0283,Tuition Fee,4000,08-09-2024,29-08-2024,2024-25
INV/2024-25/013411,STU0237,Tuition Fee,3000,10-06-2024,31-05-2024,2024-25
INV/2024-25/011705,STU0142,Tuition Fee,3000,08-10-2024,28-09-2024,2024-25
INV/2024-25/010463,STU0072,Exam Fee,250,16-04-2024,01-04-2024,2024-25
INV/2023-24/004821,STU0275,Tuition Fee,3000,07-12-2023,27-11-2023,2023-24
INV/2024-25/016918,STU0431,Exam Fee,500,13-10-2024,28-09-2024,2024-25
INV/2025-26/018425,STU0037,Annual Fee,5000,16-04-2025,01-04-2025,2025-26
INV/2024-25/011813,STU0148,Tuition Fee,3000,08-10-2024,28-09-2024,2024-25
INV/2023-24/007319,STU0414,Tuition Fee,4000,09-08-2023,30-07-2023,2023-24
INV/2023-24/001050,STU0062,Annual Fee,5000,16-04-2023,01-04-2023,2023-24
INV/2023-24/008065,STU0455,Annual Fee,8000,16-04-2023,01-04-2023,2023-24
INV/2024-25/009285,STU0003,Tuition Fee,2000,05-02-2025,26-01-2025,2024-25
INV/2024-25/014010,STU0270,Tuition Fee,3000,07-11-2024,28-10-2024,2024-25
INV/2024-25/014014,STU0270,Tuition Fee,3000,07-03-2025,25-02-2025,2024-25
INV/2025-26/022562,STU0267,Lab Fee,2000,16-04-2025,01-04-2025,2025-26
INV/2024-25/014727,STU0310,Tuition Fee,4000,09-08-2024,30-07-2024,2024-25
INV/2023-24/006772,STU0383,Sports Fee,1500,16-04-2023,01-04-2023,2023-24
INV/2023-24/001738,STU0103,Tuition Fee,2000,10-07-2023,30-06-2023,2023-24
INV/2023-24/000249,STU0015,Tuition Fee,2000,05-02-2024,26-01-2024,2023-24
INV/2023-24/001704,STU0101,Tuition Fee,2000,10-07-2023,30-06-2023,2023-24
INV/2025-26/020453,STU0150,Tuition Fee,3000,05-02-2026,26-01-2026,2025-26
INV/2024-25/012160,STU0167,Tuition Fee,3000,07-03-2025,25-02-2025,2024-25
INV/2023-24/006926,STU0392,Tuition Fee,4000,07-11-2023,28-10-2023,2023-24
INV/2024-25/012294,STU0175,Tuition Fee,3000,11-05-2024,01-05-2024,2024-25
INV/2024-25/011404,STU0125,Tuition Fee,3000,07-03-2025,25-02-2025,2024-25
INV/2025-26/021177,STU0190,Library Fee,500,16-04-2025,01-04-2025,2025-26
INV/2024-25/014300,STU0286,Tuition Fee,4000,06-01-2025,27-12-2024,2024-25
INV/2024-25/015401,STU0347,Annual Fee,8000,16-04-2024,01-04-2024,2024-25
INV/2023-24/006532,STU0370,Tuition Fee,4000,06-01-2024,27-12-2023,2023-24
INV/2024-25/016334,STU0399,Tuition Fee,4000,06-01-2025,27-12-2024,2024-25
INV/2023-24/006139,STU0348,Annual Fee,8000,16-04-2023,01-04-2023,2023-24
INV/2025-26/019799,STU0114,Tuition Fee,3000,09-08-2025,30-07-2025,2025-26
INV/2023-24/005981,STU0339,Exam Fee,500,16-04-2023,01-04-2023,2023-24
INV/2024-25/013542,STU0244,Tuition Fee,3000,07-11-2024,28-10-2024,2024-25
INV/2024-25/016532,STU0410,Tuition Fee,4000,06-01-2025,27-12-2024,2024-25
INV/2025-26/025313,STU0420,Tuition Fee,4000,05-02-2026,26-01-2026,2025-26
INV/2023-24/002352,STU0138,Tuition Fee,3000,08-09-2023,29-08-2023,2023-24
INV/2023-24/004487,STU0256,Exam Fee,375,16-04-2023,01-04-2023,2023-24
INV/2025-26/025187,STU0413,Tuition Fee,4000,05-02-2026,26-01-2026,2025-26
INV/2024-25/016875,STU0429,Tuition Fee,4000,05-02-2025,26-01-2025,2024-25
INV/2023-24/008903,STU0502,Tuition Fee,4000,09-08-2023,30-07-2023,2023-24
INV/2023-24/003587,STU0206,Exam Fee,375,16-04-2023,01-04-2023,2023-24
INV/2024-25/010208,STU0057,Exam Fee,250,16-04-2024,01-04-2024,2024-25
INV/2023-24/004163,STU0238,Exam Fee,375,16-04-2023,01-04-2023,2023-24
INV/2024-25/012055,STU0161,Library Fee,500,16-04-2024,01-04-2024,2024-25
INV/2023-24/007561,STU0427,Annual Fee,8000,16-04-2023,01-04-2023,2023-24
INV/2025-26/021291,STU0197,Tuition Fee,3000,10-06-2025,31-05-2025,2025-26
INV/2023-24/007578,STU0428,Tuition Fee,4000,06-03-2024,25-02-2024,2023-24
INV/2024-25/013761,STU0256,Tuition Fee,3000,05-02-2025,26-01-2025,2024-25
INV/2023-24/000605,STU0036,Tuition Fee,2000,06-01-2024,27-12-2023,2023-24
INV/2023-24/005559,STU0316,Tuition Fee,3000,07-12-2023,27-11-2023,2023-24
INV/2025-26/019741,STU0111,Tuition Fee,3000,11-04-2025,01-04-2025,2025-26
INV/2023-24/000760,STU0045,Tuition Fee,2000,06-03-2024,25-02-2024,2023-24
INV/2025-26/023537,STU0321,Exam Fee,500,16-04-2025,01-04-2025,2025-26
INV/2025-26/018220,STU0025,Tuition Fee,2000,07-03-2026,25-02-2026,2025-26
INV/2024-25/016767,STU0423,Tuition Fee,4000,05-02-2025,26-01-2025,2024-25
INV/2024-25/016316,STU0398,Tuition Fee,4000,06-01-2025,27-12-2024,2024-25
INV/2024-25/010362,STU0066,Exam Fee,250,13-10-2024,28-09-2024,2024-25
INV/2024-25/016218,STU0393,Tuition Fee,4000,11-05-2024,01-05-2024,2024-25
INV/2024-25/015993,STU0380,Tuition Fee,4000,05-02-2025,26-01-2025,2024-25
INV/2023-24/006523,STU0370,Tuition Fee,4000,11-04-2023,01-04-2023,2023-24
INV/2025-26/019454,STU0095,Tuition Fee,3000,11-05-2025,01-05-2025,2025-26
INV/2023-24/008863,STU0500,Tuition Fee,4000,11-04-2023,01-04-2023,2023-24
INV/2024-25/009540,STU0018,Tuition Fee,2000,05-02-2025,26-01-2025,2024-25
INV/2024-25/013472,STU0240,Tuition Fee,3000,06-01-2025,27-12-2024,2024-25
INV/2023-24/007928,STU0448,Tuition Fee,4000,11-05-2023,01-05-2023,2023-24
INV/2023-24/008860,STU0499,Sports Fee,1500,16-04-2023,01-04-2023,2023-24
INV/2023-24/005710,STU0324,Sports Fee,1500,16-04-2023,01-04-2023,2023-24
INV/2024-25/016433,STU0405,Tuition Fee,4000,11-04-2024,01-04-2024,2024-25
INV/2025-26/021900,STU0230,Exam Fee,375,13-10-2025,28-09-2025,2025-26
INV/2024-25/012129,STU0165,Exam Fee,375,16-04-2024,01-04-2024,2024-25
INV/2024-25/015444,STU0350,Tuition Fee,4000,11-05-2024,01-05-2024,2024-25
INV/2024-25/010118,STU0052,Tuition Fee,2000,05-02-2025,26-01-2025,2024-25
INV/2025-26/025601,STU0436,Tuition Fee,4000,05-02-2026,26-01-2026,2025-26
INV/2024-25/013956,STU0267,Tuition Fee,3000,07-11-2024,28-10-2024,2024-25
INV/2023-24/005117,STU0291,Exam Fee,375,16-04-2023,01-04-2023,2023-24
INV/2023-24/001575,STU0093,Tuition Fee,2000,05-02-2024,26-01-2024,2023-24
INV/2024-25/013955,STU0267,Tuition Fee,3000,08-10-2024,28-09-2024,2024-25
INV/2024-25/013365,STU0234,Tuition Fee,3000,05-02-2025,26-01-2025,2024-25
INV/2024-25/011180,STU0113,Tuition Fee,3000,10-07-2024,30-06-2024,2024-25
INV/2023-24/005048,STU0288,Tuition Fee,3000,11-05-2023,01-05-2023,2023-24
INV/2024-25/016062,STU0384,Tuition Fee,4000,07-11-2024,28-10-2024,2024-25
INV/2023-24/007423,STU0420,Tuition Fee,4000,11-04-2023,01-04-2023,2023-24
INV/2024-25/010810,STU0092,Tuition Fee,3000,07-03-2025,25-02-2025,2024-25
INV/2025-26/023418,STU0315,Tuition Fee,4000,08-09-2025,29-08-2025,2025-26
INV/2025-26/019574,STU0101,Lab Fee,1000,16-04-2025,01-04-2025,2025-26
INV/2024-25/012458,STU0184,Tuition Fee,3000,10-07-2024,30-06-2024,2024-25
INV/2024-25/010600,STU0080,Exam Fee,250,13-10-2024,28-09-2024,2024-25
INV/2024-25/011671,STU0140,Tuition Fee,3000,07-12-2024,27-11-2024,2024-25
INV/2024-25/017368,STU0456,Exam Fee,500,13-10-2024,28-09-2024,2024-25
INV/2025-26/018517,STU0043,Tuition Fee,3000,11-04-2025,01-04-2025,2025-26
INV/2024-25/016697,STU0419,Annual Fee,8000,16-04-2024,01-04-2024,2024-25
INV/2025-26/025061,STU0406,Tuition Fee,4000,05-02-2026,26-01-2026,2025-26
INV/2023-24/001697,STU0100,Library Fee,500,16-04-2023,01-04-2023,2023-24
INV/2023-24/002616,STU0152,Exam Fee,375,13-10-2023,28-09-2023,2023-24
INV/2024-25/016345,STU0400,Tuition Fee,4000,10-06-2024,31-05-2024,2024-25
INV/2025-26/023193,STU0302,Library Fee,1000,16-04-2025,01-04-2025,2025-26
INV/2024-25/013134,STU0221,Lab Fee,1000,16-04-2024,01-04-2024,2024-25
INV/2025-26/019066,STU0073,Tuition Fee,3000,06-01-2026,27-12-2025,2025-26
INV/2024-25/012792,STU0202,Lab Fee,1000,16-04-2024,01-04-2024,2024-25
INV/2024-25/012898,STU0208,Tuition Fee,3000,07-03-2025,25-02-2025,2024-25
INV/2024-25/014045,STU0272,Tuition Fee,3000,08-10-2024,28-09-2024,2024-25
INV/2025-26/020626,STU0160,Tuition Fee,3000,10-07-2025,30-06-2025,2025-26
INV/2025-26/023244,STU0305,Tuition Fee,4000,07-03-2026,25-02-2026,2025-26
INV/2023-24/004083,STU0234,Tuition Fee,3000,07-12-2023,27-11-2023,2023-24
INV/2024-25/010511,STU0075,Annual Fee,5000,16-04-2024,01-04-2024,2024-25
INV/2024-25/013418,STU0237,Tuition Fee,3000,06-01-2025,27-12-2024,2024-25
INV/2025-26/022009,STU0237,Tuition Fee,3000,11-04-2025,01-04-2025,2025-26
INV/2025-26/020652,STU0161,Tuition Fee,3000,07-03-2026,25-02-2026,2025-26
INV/2023-24/006535,STU0370,Annual Fee,8000,16-04-2023,01-04-2023,2023-24
INV/2023-24/000609,STU0036,Library Fee,500,16-04-2023,01-04-2023,2023-24
INV/2025-26/020770,STU0168,Tuition Fee,3000,10-07-2025,30-06-2025,2025-26
INV/2025-26/024522,STU0376,Tuition Fee,4000,07-03-2026,25-02-2026,2025-26
INV/2024-25/014370,STU0290,Tuition Fee,4000,07-11-2024,28-10-2024,2024-25
INV/2025-26/024196,STU0358,Tuition Fee,4000,06-01-2026,27-12-2025,2025-26
INV/2024-25/011967,STU0156,Exam Fee,375,16-04-2024,01-04-2024,2024-25
INV/2025-26/018788,STU0058,Tuition Fee,3000,11-05-2025,01-05-2025,2025-26
INV/2023-24/004526,STU0259,Tuition Fee,3000,11-05-2023,01-05-2023,2023-24
INV/2024-25/014742,STU0311,Tuition Fee,4000,11-05-2024,01-05-2024,2024-25
INV/2025-26/020470,STU0151,Tuition Fee,3000,06-01-2026,27-12-2025,2025-26
INV/2024-25/015341,STU0344,Tuition Fee,4000,08-10-2024,28-09-2024,2024-25
INV/2024-25/012550,STU0189,Tuition Fee,3000,08-09-2024,29-08-2024,2024-25
INV/2024-25/012475,STU0185,Tuition Fee,3000,10-06-2024,31-05-2024,2024-25
INV/2025-26/018375,STU0034,Library Fee,500,16-04-2025,01-04-2025,2025-26
INV/2023-24/001600,STU0095,Tuition Fee,2000,11-05-2023,01-05-2023,2023-24
INV/2023-24/001109,STU0066,Tuition Fee,2000,10-07-2023,30-06-2023,2023-24
INV/2025-26/024589,STU0380,Tuition Fee,4000,08-10-2025,28-09-2025,2025-26
INV/2023-24/000631,STU0038,Tuition Fee,2000,11-05-2023,01-05-2023,2023-24
INV/2024-25/014694,STU0308,Tuition Fee,4000,07-11-2024,28-10-2024,2024-25
INV/2023-24/006810,STU0385,Exam Fee,500,13-10-2023,28-09-2023,2023-24
INV/2025-26/025267,STU0418,Tuition Fee,4000,11-04-2025,01-04-2025,2025-26
INV/2025-26/024581,STU0379,Exam Fee,500,16-04-2025,01-04-2025,2025-26
INV/2023-24/003112,STU0180,Tuition Fee,3000,06-01-2024,27-12-2023,2023-24
INV/2023-24/007836,STU0442,Exam Fee,500,13-10-2023,28-09-2023,2023-24
INV/2024-25/015242,STU0338,Sports Fee,1500,16-04-2024,01-04-2024,2024-25
INV/2023-24/004520,STU0258,Lab Fee,1000,16-04-2023,01-04-2023,2023-24
INV/2025-26/025076,STU0407,Tuition Fee,4000,07-11-2025,28-10-2025,2025-26
INV/2025-26/024703,STU0386,Annual Fee,8000,16-04-2025,01-04-2025,2025-26
INV/2024-25/010873,STU0096,Tuition Fee,3000,10-06-2024,31-05-2024,2024-25
INV/2023-24/002307,STU0135,Library Fee,500,16-04-2023,01-04-2023,2023-24
INV/2023-24/004412,STU0252,Lab Fee,1000,16-04-2023,01-04-2023,2023-24
INV/2024-25/010623,STU0082,Tuition Fee,3000,09-08-2024,30-07-2024,2024-25
INV/2024-25/010244,STU0060,Tuition Fee,2000,11-04-2024,01-04-2024,2024-25
INV/2025-26/018382,STU0035,Tuition Fee,2000,10-07-2025,30-06-2025,2025-26
INV/2024-25/011160,STU0112,Tuition Fee,3000,11-05-2024,01-05-2024,2024-25
INV/2024-25/015377,STU0346,Tuition Fee,4000,08-10-2024,28-09-2024,2024-25
INV/2025-26/020270,STU0140,Tuition Fee,3000,07-11-2025,28-10-2025,2025-26
INV/2025-26/018956,STU0067,Tuition Fee,3000,07-11-2025,28-10-2025,2025-26
INV/2023-24/004560,STU0260,Exam Fee,375,13-10-2023,28-09-2023,2023-24
INV/2024-25/012243,STU0172,Tuition Fee,3000,09-08-2024,30-07-2024,2024-25
INV/2023-24/008071,STU0456,Tuition Fee,4000,11-04-2023,01-04-2023,2023-24
INV/2023-24/008649,STU0488,Tuition Fee,4000,10-06-2023,31-05-2023,2023-24
INV/2025-26/020617,STU0159,Annual Fee,6000,16-04-2025,01-04-2025,2025-26
INV/2023-24/001567,STU0093,Tuition Fee,2000,10-06-2023,31-05-2023,2023-24
INV/2023-24/005945,STU0337,Exam Fee,500,16-04-2023,01-04-2023,2023-24
INV/2025-26/022623,STU0271,Tuition Fee,4000,10-06-2025,31-05-2025,2025-26
INV/2023-24/002771,STU0161,Tuition Fee,3000,05-02-2024,26-01-2024,2023-24
INV/2023-24/003952,STU0227,Tuition Fee,3000,10-07-2023,30-06-2023,2023-24
INV/2025-26/019725,STU0110,Tuition Fee,3000,10-06-2025,31-05-2025,2025-26
INV/2024-25/013121,STU0221,Tuition Fee,3000,11-04-2024,01-04-2024,2024-25
INV/2023-24/006895,STU0390,Annual Fee,8000,16-04-2023,01-04-2023,2023-24
INV/2024-25/013998,STU0269,Lab Fee,1000,16-04-2024,01-04-2024,2024-25
INV/2025-26/020471,STU0151,Tuition Fee,3000,05-02-2026,26-01-2026,2025-26
INV/2024-25/014394,STU0291,Lab Fee,2000,16-04-2024,01-04-2024,2024-25
INV/2024-25/015004,STU0325,Tuition Fee,4000,07-03-2025,25-02-2025,2024-25
INV/2025-26/024276,STU0362,Exam Fee,500,13-10-2025,28-09-2025,2025-26
INV/2025-26/018941,STU0066,Tuition Fee,3000,05-02-2026,26-01-2026,2025-26
INV/2024-25/009335,STU0006,Tuition Fee,2000,06-01-2025,27-12-2024,2024-25
INV/2024-25/014911,STU0320,Tuition Fee,4000,07-12-2024,27-11-2024,2024-25
INV/2024-25/015263,STU0340,Tuition Fee,4000,11-04-2024,01-04-2024,2024-25
INV/2024-25/009395,STU0010,Tuition Fee,2000,11-05-2024,01-05-2024,2024-25
INV/2023-24/005323,STU0303,Tuition Fee,3000,08-10-2023,28-09-2023,2023-24
INV/2025-26/021835,STU0227,Tuition Fee,3000,08-10-2025,28-09-2025,2025-26
INV/2023-24/001440,STU0085,Tuition Fee,2000,06-03-2024,25-02-2024,2023-24
INV/2024-25/011442,STU0127,Lab Fee,1000,16-04-2024,01-04-2024,2024-25
INV/2023-24/001265,STU0075,Tuition Fee,2000,08-10-2023,28-09-2023,2023-24
INV/2023-24/007014,STU0397,Tuition Fee,4000,08-09-2023,29-08-2023,2023-24
INV/2023-24/003368,STU0194,Lab Fee,1000,16-04-2023,01-04-2023,2023-24
INV/2025-26/018349,STU0033,Tuition Fee,2000,09-08-2025,30-07-2025,2025-26
INV/2025-26/024874,STU0396,Tuition Fee,4000,10-07-2025,30-06-2025,2025-26
INV/2023-24/005717,STU0325,Tuition Fee,4000,09-08-2023,30-07-2023,2023-24
INV/2024-25/015812,STU0370,Tuition Fee,4000,06-01-2025,27-12-2024,2024-25
INV/2023-24/007734,STU0437,Tuition Fee,4000,08-09-2023,29-08-2023,2023-24
INV/2025-26/024765,STU0390,Tuition Fee,4000,10-06-2025,31-05-2025,2025-26
INV/2025-26/021668,STU0218,Tuition Fee,3000,11-05-2025,01-05-2025,2025-26
INV/2025-26/021913,STU0231,Annual Fee,6000,16-04-2025,01-04-2025,2025-26
INV/2023-24/005727,STU0325,Library Fee,1000,16-04-2023,01-04-2023,2023-24
INV/2023-24/003472,STU0200,Tuition Fee,3000,06-01-2024,27-12-2023,2023-24
INV/2025-26/019915,STU0120,Annual Fee,6000,16-04-2025,01-04-2025,2025-26
INV/2025-26/024249,STU0361,Tuition Fee,4000,07-12-2025,27-11-2025,2025-26
INV/2023-24/003324,STU0192,Tuition Fee,3000,08-09-2023,29-08-2023,2023-24
INV/2025-26/022596,STU0269,Tuition Fee,4000,07-03-2026,25-02-2026,2025-26
INV/2024-25/014070,STU0273,Lab Fee,1000,16-04-2024,01-04-2024,2024-25
INV/2025-26/023593,STU0325,Tuition Fee,4000,11-04-2025,01-04-2025,2025-26
INV/2025-26/024847,STU0394,Annual Fee,8000,16-04-2025,01-04-2025,2025-26
INV/2024-25/015707,STU0364,Annual Fee,8000,16-04-2024,01-04-2024,2024-25
INV/2025-26/023373,STU0312,Library Fee,1000,16-04-2025,01-04-2025,2025-26
INV/2025-26/024237,STU0360,Library Fee,1000,16-04-2025,01-04-2025,2025-26
INV/2024-25/015171,STU0334,Exam Fee,500,16-04-2024,01-04-2024,2024-25
INV/2023-24/002717,STU0158,Tuition Fee,3000,05-02-2024,26-01-2024,2023-24
INV/2024-25/017182,STU0446,Tuition Fee,4000,07-03-2025,25-02-2025,2024-25
INV/2024-25/012995,STU0214,Tuition Fee,3000,11-04-2024,01-04-2024,2024-25
INV/2024-25/012928,STU0210,Tuition Fee,3000,08-09-2024,29-08-2024,2024-25
INV/2025-26/018878,STU0063,Tuition Fee,3000,11-05-2025,01-05-2025,2025-26
INV/2025-26/024875,STU0396,Tuition Fee,4000,09-08-2025,30-07-2025,2025-26
INV/2023-24/009075,STU0511,Library Fee,1000,16-04-2023,01-04-2023,2023-24
INV/2024-25/014682,STU0307,Lab Fee,2000,16-04-2024,01-04-2024,2024-25
INV/2023-24/008109,STU0458,Tuition Fee,4000,10-06-2023,31-05-2023,2023-24
INV/2025-26/024254,STU0361,Lab Fee,2000,16-04-2025,01-04-2025,2025-26
INV/2023-24/001806,STU0107,Tuition Fee,2000,10-07-2023,30-06-2023,2023-24
INV/2023-24/004184,STU0240,Tuition Fee,3000,11-05-2023,01-05-2023,2023-24
INV/2025-26/018238,STU0026,Annual Fee,5000,16-04-2025,01-04-2025,2025-26
INV/2023-24/006459,STU0366,Tuition Fee,4000,07-12-2023,27-11-2023,2023-24
INV/2025-26/019316,STU0087,Tuition Fee,3000,07-11-2025,28-10-2025,2025-26
INV/2023-24/004599,STU0263,Tuition Fee,3000,10-06-2023,31-05-2023,2023-24
INV/2024-25/015193,STU0336,Tuition Fee,4000,10-06-2024,31-05-2024,2024-25
INV/2025-26/017812,STU0001,Tuition Fee,2000,07-03-2026,25-02-2026,2025-26
INV/2023-24/003364,STU0194,Tuition Fee,3000,06-01-2024,27-12-2023,2023-24
INV/2025-26/023348,STU0311,Tuition Fee,4000,07-11-2025,28-10-2025,2025-26
INV/2024-25/015417,STU0348,Tuition Fee,4000,05-02-2025,26-01-2025,2024-25
INV/2024-25/017181,STU0446,Tuition Fee,4000,05-02-2025,26-01-2025,2024-25
INV/2025-26/019052,STU0072,Lab Fee,1000,16-04-2025,01-04-2025,2025-26
INV/2024-25/011645,STU0139,Tuition Fee,3000,11-04-2024,01-04-2024,2024-25
INV/2025-26/022028,STU0238,Tuition Fee,3000,11-05-2025,01-05-2025,2025-26
INV/2023-24/005749,STU0327,Tuition Fee,4000,11-04-2023,01-04-2023,2023-24
INV/2024-25/015467,STU0351,Tuition Fee,4000,08-10-2024,28-09-2024,2024-25
INV/2025-26/024758,STU0389,Lab Fee,2000,16-04-2025,01-04-2025,2025-26
INV/2024-25/014200,STU0280,Exam Fee,375,13-10-2024,28-09-2024,2024-25
INV/2025-26/018859,STU0062,Tuition Fee,3000,11-04-2025,01-04-2025,2025-26
INV/2023-24/000007,STU0001,Tuition Fee,2000,08-10-2023,28-09-2023,2023-24
INV/2025-26/020904,STU0175,Tuition Fee,3000,07-03-2026,25-02-2026,2025-26
INV/2023-24/006414,STU0363,Exam Fee,500,13-10-2023,28-09-2023,2023-24
INV/2023-24/000999,STU0059,Annual Fee,5000,16-04-2023,01-04-2023,2023-24
INV/2023-24/000826,STU0049,Tuition Fee,2000,06-01-2024,27-12-2023,2023-24
INV/2024-25/011306,STU0120,Tuition Fee,3000,10-07-2024,30-06-2024,2024-25
INV/2023-24/005615,STU0319,Tuition Fee,3000,05-02-2024,26-01-2024,2023-24
INV/2025-26/019214,STU0081,Lab Fee,1000,16-04-2025,01-04-2025,2025-26
INV/2024-25/014478,STU0296,Tuition Fee,4000,07-11-2024,28-10-2024,2024-25
INV/2025-26/020183,STU0135,Tuition Fee,3000,05-02-2026,26-01-2026,2025-26
INV/2025-26/022116,STU0242,Exam Fee,500,13-10-2025,28-09-2025,2025-26
INV/2023-24/003342,STU0193,Tuition Fee,3000,08-09-2023,29-08-2023,2023-24
INV/2025-26/024158,STU0356,Tuition Fee,4000,07-11-2025,28-10-2025,2025-26
INV/2024-25/013574,STU0246,Tuition Fee,3000,10-07-2024,30-06-2024,2024-25
INV/2024-25/015028,STU0326,Exam Fee,500,13-10-2024,28-09-2024,2024-25
INV/2023-24/003046,STU0176,Sports Fee,1000,16-04-2023,01-04-2023,2023-24
INV/2024-25/012725,STU0199,Tuition Fee,3000,11-04-2024,01-04-2024,2024-25
INV/2023-24/002461,STU0144,Tuition Fee,3000,08-10-2023,28-09-2023,2023-24
INV/2023-24/008075,STU0456,Tuition Fee,4000,09-08-2023,30-07-2023,2023-24
INV/2024-25/015758,STU0367,Tuition Fee,4000,06-01-2025,27-12-2024,2024-25
INV/2023-24/001262,STU0075,Tuition Fee,2000,10-07-2023,30-06-2023,2023-24
INV/2023-24/003356,STU0194,Tuition Fee,3000,11-05-2023,01-05-2023,2023-24
INV/2024-25/016502,STU0408,Sports Fee,1500,16-04-2024,01-04-2024,2024-25
INV/2025-26/022234,STU0249,Tuition Fee,4000,06-01-2026,27-12-2025,2025-26
INV/2023-24/003986,STU0229,Tuition Fee,3000,11-05-2023,01-05-2023,2023-24
INV/2023-24/003200,STU0185,Tuition Fee,3000,07-11-2023,28-10-2023,2023-24
INV/2023-24/000758,STU0045,Tuition Fee,2000,06-01-2024,27-12-2023,2023-24
INV/2025-26/023124,STU0298,Exam Fee,500,13-10-2025,28-09-2025,2025-26
INV/2024-25/014555,STU0300,Annual Fee,8000,16-04-2024,01-04-2024,2024-25
INV/2024-25/011517,STU0131,Exam Fee,375,16-04-2024,01-04-2024,2024-25
INV/2024-25/011396,STU0125,Tuition Fee,3000,10-07-2024,30-06-2024,2024-25
INV/2023-24/005564,STU0316,Lab Fee,1000,16-04-2023,01-04-2023,2023-24
INV/2024-25/016163,STU0390,Tuition Fee,4000,11-04-2024,01-04-2024,2024-25
INV/2024-25/016848,STU0428,Tuition Fee,4000,11-05-2024,01-05-2024,2024-25
INV/2023-24/008401,STU0474,Tuition Fee,4000,08-10-2023,28-09-2023,2023-24
INV/2023-24/004698,STU0268,Tuition Fee,3000,06-03-2024,25-02-2024,2023-24
INV/2024-25/014517,STU0298,Tuition Fee,4000,05-02-2025,26-01-2025,2024-25
INV/2025-26/023978,STU0346,Tuition Fee,4000,07-11-2025,28-10-2025,2025-26
INV/2025-26/023078,STU0296,Tuition Fee,4000,07-11-2025,28-10-2025,2025-26
INV/2023-24/002074,STU0122,Sports Fee,1000,16-04-2023,01-04-2023,2023-24
INV/2023-24/000087,STU0006,Tuition Fee,2000,11-05-2023,01-05-2023,2023-24
INV/2024-25/012135,STU0166,Tuition Fee,3000,09-08-2024,30-07-2024,2024-25
INV/2025-26/023036,STU0294,Tuition Fee,4000,11-05-2025,01-05-2025,2025-26
INV/2023-24/007168,STU0405,Sports Fee,1500,16-04-2023,01-04-2023,2023-24
INV/2025-26/021981,STU0235,Tuition Fee,3000,07-12-2025,27-11-2025,2025-26
INV/2024-25/016404,STU0403,Tuition Fee,4000,07-11-2024,28-10-2024,2024-25
INV/2025-26/022876,STU0285,Tuition Fee,4000,10-07-2025,30-06-2025,2025-26
INV/2024-25/017547,STU0466,Exam Fee,500,16-04-2024,01-04-2024,2024-25
INV/2023-24/006670,STU0378,Tuition Fee,4000,10-07-2023,30-06-2023,2023-24
INV/2024-25/010109,STU0052,Tuition Fee,2000,11-05-2024,01-05-2024,2024-25
INV/2025-26/024855,STU0395,Tuition Fee,4000,10-06-2025,31-05-2025,2025-26
INV/2025-26/020137,STU0133,Tuition Fee,3000,11-04-2025,01-04-2025,2025-26
INV/2025-26/022206,STU0247,Exam Fee,500,13-10-2025,28-09-2025,2025-26
INV/2024-25/017793,STU0480,Tuition Fee,4000,05-02-2025,26-01-2025,2024-25
INV/2024-25/014617,STU0304,Tuition Fee,4000,10-06-2024,31-05-2024,2024-25
INV/2025-26/022030,STU0238,Tuition Fee,3000,10-07-2025,30-06-2025,2025-26
INV/2024-25/015217,STU0337,Tuition Fee,4000,07-12-2024,27-11-2024,2024-25
INV/2025-26/017879,STU0005,Tuition Fee,2000,05-02-2026,26-01-2026,2025-26
INV/2025-26/021320,STU0198,Lab Fee,1000,16-04-2025,01-04-2025,2025-26
INV/2025-26/019927,STU0121,Tuition Fee,3000,08-10-2025,28-09-2025,2025-26
INV/2023-24/008897,STU0501,Exam Fee,500,16-04-2023,01-04-2023,2023-24
INV/2023-24/003581,STU0206,Tuition Fee,3000,05-02-2024,26-01-2024,2023-24
INV/2024-25/011372,STU0123,Sports Fee,1000,16-04-2024,01-04-2024,2024-25
INV/2024-25/012675,STU0196,Tuition Fee,3000,09-08-2024,30-07-2024,2024-25
INV/2024-25/015594,STU0358,Tuition Fee,4000,07-11-2024,28-10-2024,2024-25
INV/2025-26/019424,STU0093,Tuition Fee,3000,07-11-2025,28-10-2025,2025-26
INV/2024-25/014535,STU0299,Tuition Fee,4000,05-02-2025,26-01-2025,2024-25
INV/2025-26/022345,STU0255,Annual Fee,8000,16-04-2025,01-04-2025,2025-26
INV/2025-26/023579,STU0324,Tuition Fee,4000,09-08-2025,30-07-2025,2025-26
INV/2025-26/022433,STU0260,Tuition Fee,4000,05-02-2026,26-01-2026,2025-26
INV/2024-25/016962,STU0434,Tuition Fee,4000,07-11-2024,28-10-2024,2024-25
INV/2024-25/016586,STU0413,Tuition Fee,4000,06-01-2025,27-12-2024,2024-25
INV/2024-25/014225,STU0282,Tuition Fee,4000,08-10-2024,28-09-2024,2024-25
INV/2025-26/017971,STU0011,Tuition Fee,2000,11-04-2025,01-04-2025,2025-26
INV/2024-25/009746,STU0030,Annual Fee,5000,16-04-2024,01-04-2024,2024-25
INV/2024-25/015257,STU0339,Annual Fee,8000,16-04-2024,01-04-2024,2024-25
INV/2024-25/013345,STU0233,Tuition Fee,3000,07-12-2024,27-11-2024,2024-25
INV/2023-24/004115,STU0236,Tuition Fee,3000,09-08-2023,30-07-2023,2023-24
INV/2025-26/022815,STU0281,Library Fee,1000,16-04-2025,01-04-2025,2025-26
INV/2025-26/023954,STU0345,Tuition Fee,4000,11-05-2025,01-05-2025,2025-26
INV/2025-26/018885,STU0063,Tuition Fee,3000,07-12-2025,27-11-2025,2025-26
INV/2025-26/018813,STU0059,Tuition Fee,3000,07-12-2025,27-11-2025,2025-26
INV/2024-25/014748,STU0311,Tuition Fee,4000,07-11-2024,28-10-2024,2024-25
INV/2023-24/005421,STU0308,Library Fee,500,16-04-2023,01-04-2023,2023-24
INV/2023-24/008146,STU0460,Tuition Fee,4000,10-07-2023,30-06-2023,2023-24
INV/2023-24/006458,STU0366,Tuition Fee,4000,07-11-2023,28-10-2023,2023-24
INV/2024-25/010027,STU0047,Tuition Fee,2000,09-08-2024,30-07-2024,2024-25
INV/2024-25/012657,STU0195,Tuition Fee,3000,09-08-2024,30-07-2024,2024-25
INV/2025-26/021311,STU0198,Tuition Fee,3000,09-08-2025,30-07-2025,2025-26
INV/2023-24/002387,STU0140,Tuition Fee,3000,09-08-2023,30-07-2023,2023-24
INV/2025-26/022701,STU0275,Tuition Fee,4000,07-12-2025,27-11-2025,2025-26
INV/2024-25/015334,STU0343,Exam Fee,500,13-10-2024,28-09-2024,2024-25
INV/2024-25/016764,STU0423,Tuition Fee,4000,07-11-2024,28-10-2024,2024-25
INV/2023-24/003197,STU0185,Tuition Fee,3000,09-08-2023,30-07-2023,2023-24
INV/2024-25/016101,STU0386,Tuition Fee,4000,05-02-2025,26-01-2025,2024-25
INV/2024-25/015619,STU0359,Library Fee,1000,16-04-2024,01-04-2024,2024-25
INV/2023-24/002772,STU0161,Tuition Fee,3000,06-03-2024,25-02-2024,2023-24
INV/2023-24/001825,STU0108,Tuition Fee,2000,08-09-2023,29-08-2023,2023-24
INV/2025-26/022247,STU0250,Tuition Fee,4000,09-08-2025,30-07-2025,2025-26
INV/2025-26/021132,STU0188,Tuition Fee,3000,08-09-2025,29-08-2025,2025-26
INV/2023-24/005145,STU0293,Tuition Fee,3000,07-12-2023,27-11-2023,2023-24
INV/2023-24/001982,STU0117,Tuition Fee,2000,06-01-2024,27-12-2023,2023-24
INV/2023-24/006754,STU0382,Sports Fee,1500,16-04-2023,01-04-2023,2023-24
INV/2024-25/015905,STU0375,Annual Fee,8000,16-04-2024,01-04-2024,2024-25
INV/2024-25/017511,STU0464,Exam Fee,500,16-04-2024,01-04-2024,2024-25
INV/2023-24/003591,STU0207,Tuition Fee,3000,10-06-2023,31-05-2023,2023-24
INV/2023-24/004071,STU0233,Library Fee,500,16-04-2023,01-04-2023,2023-24
INV/2025-26/020166,STU0134,Tuition Fee,3000,07-03-2026,25-02-2026,2025-26
INV/2025-26/022437,STU0260,Library Fee,1000,16-04-2025,01-04-2025,2025-26
INV/2024-25/009672,STU0026,Tuition Fee,2000,08-10-2024,28-09-2024,2024-25
INV/2023-24/008852,STU0499,Tuition Fee,4000,07-11-2023,28-10-2023,2023-24
INV/2024-25/015428,STU0349,Tuition Fee,4000,10-07-2024,30-06-2024,2024-25
INV/2023-24/002554,STU0149,Tuition Fee,3000,06-01-2024,27-12-2023,2023-24
INV/2024-25/014999,STU0325,Tuition Fee,4000,08-10-2024,28-09-2024,2024-25
INV/2025-26/018466,STU0040,Tuition Fee,2000,10-06-2025,31-05-2025,2025-26
INV/2025-26/018735,STU0055,Tuition Fee,3000,10-06-2025,31-05-2025,2025-26
INV/2023-24/006543,STU0371,Tuition Fee,4000,10-06-2023,31-05-2023,2023-24
INV/2024-25/017261,STU0451,Tuition Fee,4000,11-04-2024,01-04-2024,2024-25
INV/2024-25/017378,STU0457,Tuition Fee,4000,06-01-2025,27-12-2024,2024-25
INV/2024-25/013201,STU0225,Tuition Fee,3000,07-12-2024,27-11-2024,2024-25
INV/2024-25/016894,STU0430,Tuition Fee,4000,07-03-2025,25-02-2025,2024-25
INV/2023-24/008235,STU0465,Tuition Fee,4000,10-06-2023,31-05-2023,2023-24
INV/2024-25/017509,STU0464,Library Fee,1000,16-04-2024,01-04-2024,2024-25
INV/2024-25/017648,STU0472,Tuition Fee,4000,06-01-2025,27-12-2024,2024-25
INV/2024-25/013529,STU0243,Annual Fee,6000,16-04-2024,01-04-2024,2024-25
INV/2025-26/024724,STU0387,Sports Fee,1500,16-04-2025,01-04-2025,2025-26
INV/2023-24/008118,STU0458,Tuition Fee,4000,06-03-2024,25-02-2024,2023-24
INV/2025-26/018243,STU0027,Tuition Fee,2000,11-04-2025,01-04-2025,2025-26
INV/2023-24/005282,STU0301,Tuition Fee,3000,11-05-2023,01-05-2023,2023-24
INV/2023-24/008847,STU0499,Tuition Fee,4000,10-06-2023,31-05-2023,2023-24
INV/2024-25/012791,STU0202,Annual Fee,6000,16-04-2024,01-04-2024,2024-25
INV/2025-26/019548,STU0100,Tuition Fee,3000,08-09-2025,29-08-2025,2025-26
INV/2025-26/017913,STU0007,Tuition Fee,2000,05-02-2026,26-01-2026,2025-26
INV/2024-25/014583,STU0302,Tuition Fee,4000,09-08-2024,30-07-2024,2024-25
INV/2023-24/002964,STU0172,Tuition Fee,3000,08-09-2023,29-08-2023,2023-24
INV/2024-25/013470,STU0240,Tuition Fee,3000,07-11-2024,28-10-2024,2024-25
INV/2024-25/011513,STU0131,Annual Fee,6000,16-04-2024,01-04-2024,2024-25
INV/2025-26/025083,STU0407,Library Fee,1000,16-04-2025,01-04-2025,2025-26
INV/2024-25/011485,STU0130,Tuition Fee,3000,10-06-2024,31-05-2024,2024-25
INV/2023-24/002181,STU0128,Library Fee,500,16-04-2023,01-04-2023,2023-24
INV/2023-24/007340,STU0415,Tuition Fee,4000,07-11-2023,28-10-2023,2023-24
INV/2023-24/002788,STU0162,Tuition Fee,3000,06-01-2024,27-12-2023,2023-24
INV/2023-24/005357,STU0305,Tuition Fee,3000,09-08-2023,30-07-2023,2023-24
INV/2024-25/015888,STU0374,Lab Fee,2000,16-04-2024,01-04-2024,2024-25
INV/2025-26/020749,STU0167,Tuition Fee,3000,11-04-2025,01-04-2025,2025-26
INV/2025-26/022285,STU0252,Tuition Fee,4000,08-10-2025,28-09-2025,2025-26
INV/2024-25/015370,STU0345,Exam Fee,500,13-10-2024,28-09-2024,2024-25
INV/2023-24/006995,STU0396,Tuition Fee,4000,09-08-2023,30-07-2023,2023-24
INV/2023-24/002605,STU0152,Tuition Fee,3000,08-10-2023,28-09-2023,2023-24
INV/2024-25/010813,STU0092,Library Fee,500,16-04-2024,01-04-2024,2024-25
INV/2023-24/004190,STU0240,Tuition Fee,3000,07-11-2023,28-10-2023,2023-24
INV/2023-24/002826,STU0164,Tuition Fee,3000,06-03-2024,25-02-2024,2023-24
INV/2024-25/011736,STU0144,Tuition Fee,3000,11-05-2024,01-05-2024,2024-25
INV/2025-26/019909,STU0120,Tuition Fee,3000,08-10-2025,28-09-2025,2025-26
INV/2023-24/000027,STU0002,Tuition Fee,2000,06-01-2024,27-12-2023,2023-24
INV/2023-24/009133,STU0515,Tuition Fee,4000,11-04-2023,01-04-2023,2023-24
INV/2023-24/006276,STU0356,Tuition Fee,4000,08-09-2023,29-08-2023,2023-24
INV/2024-25/013308,STU0231,Tuition Fee,3000,07-11-2024,28-10-2024,2024-25
INV/2023-24/003095,STU0179,Tuition Fee,3000,05-02-2024,26-01-2024,2023-24
INV/2025-26/024256,STU0361,Sports Fee,1500,16-04-2025,01-04-2025,2025-26
INV/2023-24/004598,STU0263,Tuition Fee,3000,11-05-2023,01-05-2023,2023-24
INV/2025-26/019452,STU0094,Exam Fee,375,13-10-2025,28-09-2025,2025-26
INV/2023-24/003441,STU0198,Library Fee,500,16-04-2023,01-04-2023,2023-24
INV/2025-26/023292,STU0308,Tuition Fee,4000,08-09-2025,29-08-2025,2025-26
INV/2024-25/010682,STU0085,Tuition Fee,3000,06-01-2025,27-12-2024,2024-25
INV/2025-26/022774,STU0279,Tuition Fee,4000,06-01-2026,27-12-2025,2025-26
INV/2023-24/003862,STU0222,Tuition Fee,3000,10-07-2023,30-06-2023,2023-24
INV/2025-26/022221,STU0248,Library Fee,1000,16-04-2025,01-04-2025,2025-26
INV/2024-25/012673,STU0196,Tuition Fee,3000,10-06-2024,31-05-2024,2024-25
INV/2023-24/006941,STU0393,Tuition Fee,4000,09-08-2023,30-07-2023,2023-24
INV/2025-26/019793,STU0113,Exam Fee,375,16-04-2025,01-04-2025,2025-26
INV/2025-26/022995,STU0291,Library Fee,1000,16-04-2025,01-04-2025,2025-26
INV/2024-25/009397,STU0010,Tuition Fee,2000,10-07-2024,30-06-2024,2024-25
INV/2023-24/002811,STU0163,Library Fee,500,16-04-2023,01-04-2023,2023-24
INV/2025-26/022253,STU0250,Tuition Fee,4000,05-02-2026,26-01-2026,2025-26
INV/2023-24/005287,STU0301,Tuition Fee,3000,08-10-2023,28-09-2023,2023-24
INV/2025-26/017888,STU0006,Tuition Fee,2000,10-06-2025,31-05-2025,2025-26
INV/2024-25/011094,STU0108,Tuition Fee,3000,07-11-2024,28-10-2024,2024-25
INV/2025-26/022835,STU0282,Exam Fee,500,16-04-2025,01-04-2025,2025-26
INV/2025-26/018472,STU0040,Tuition Fee,2000,07-12-2025,27-11-2025,2025-26
INV/2023-24/002434,STU0142,Sports Fee,1000,16-04-2023,01-04-2023,2023-24
INV/2023-24/006348,STU0360,Tuition Fee,4000,08-09-2023,29-08-2023,2023-24
INV/2025-26/024922,STU0398,Sports Fee,1500,16-04-2025,01-04-2025,2025-26
INV/2023-24/000145,STU0009,Tuition Fee,2000,07-12-2023,27-11-2023,2023-24
INV/2024-25/016446,STU0405,Lab Fee,2000,16-04-2024,01-04-2024,2024-25
INV/2025-26/019619,STU0104,Tuition Fee,3000,09-08-2025,30-07-2025,2025-26
INV/2024-25/016933,STU0432,Library Fee,1000,16-04-2024,01-04-2024,2024-25
INV/2023-24/002715,STU0158,Tuition Fee,3000,07-12-2023,27-11-2023,2023-24
INV/2025-26/024495,STU0375,Tuition Fee,4000,10-06-2025,31-05-2025,2025-26
INV/2024-25/016303,STU0397,Library Fee,1000,16-04-2024,01-04-2024,2024-25
INV/2025-26/020358,STU0145,Tuition Fee,3000,08-09-2025,29-08-2025,2025-26
INV/2023-24/003301,STU0191,Tuition Fee,3000,11-04-2023,01-04-2023,2023-24
INV/2023-24/003908,STU0224,Lab Fee,1000,16-04-2023,01-04-2023,2023-24
INV/2025-26/023004,STU0292,Tuition Fee,4000,08-09-2025,29-08-2025,2025-26
INV/2024-25/010694,STU0086,Tuition Fee,3000,10-07-2024,30-06-2024,2024-25
INV/2025-26/019897,STU0119,Annual Fee,6000,16-04-2025,01-04-2025,2025-26
INV/2025-26/021794,STU0225,Tuition Fee,3000,11-05-2025,01-05-2025,2025-26
INV/2024-25/016736,STU0421,Sports Fee,1500,16-04-2024,01-04-2024,2024-25
INV/2023-24/008640,STU0487,Tuition Fee,4000,06-03-2024,25-02-2024,2023-24
INV/2024-25/017281,STU0452,Tuition Fee,4000,10-06-2024,31-05-2024,2024-25
INV/2025-26/024298,STU0364,Tuition Fee,4000,10-07-2025,30-06-2025,2025-26
INV/2023-24/006902,STU0391,Tuition Fee,4000,11-05-2023,01-05-2023,2023-24
INV/2024-25/009474,STU0014,Annual Fee,5000,16-04-2024,01-04-2024,2024-25
INV/2023-24/007696,STU0435,Tuition Fee,4000,10-07-2023,30-06-2023,2023-24
INV/2023-24/001747,STU0103,Annual Fee,5000,16-04-2023,01-04-2023,2023-24
INV/2025-26/023450,STU0317,Tuition Fee,4000,11-05-2025,01-05-2025,2025-26
INV/2024-25/013417,STU0237,Tuition Fee,3000,07-12-2024,27-11-2024,2024-25
INV/2024-25/015411,STU0348,Tuition Fee,4000,09-08-2024,30-07-2024,2024-25
INV/2024-25/009724,STU0029,Tuition Fee,2000,07-11-2024,28-10-2024,2024-25
INV/2023-24/002143,STU0126,Annual Fee,6000,16-04-2023,01-04-2023,2023-24
INV/2024-25/012950,STU0211,Tuition Fee,3000,06-01-2025,27-12-2024,2024-25
INV/2024-25/016020,STU0382,Tuition Fee,4000,11-05-2024,01-05-2024,2024-25
INV/2023-24/003779,STU0217,Tuition Fee,3000,05-02-2024,26-01-2024,2023-24
INV/2023-24/004135,STU0237,Tuition Fee,3000,08-10-2023,28-09-2023,2023-24
INV/2023-24/007721,STU0436,Tuition Fee,4000,05-02-2024,26-01-2024,2023-24
INV/2025-26/019443,STU0094,Tuition Fee,3000,07-12-2025,27-11-2025,2025-26
INV/2024-25/017180,STU0446,Tuition Fee,4000,06-01-2025,27-12-2024,2024-25
INV/2025-26/017980,STU0011,Tuition Fee,2000,06-01-2026,27-12-2025,2025-26
INV/2023-24/003354,STU0193,Exam Fee,375,13-10-2023,28-09-2023,2023-24
INV/2023-24/007021,STU0397,Annual Fee,8000,16-04-2023,01-04-2023,2023-24
INV/2025-26/019764,STU0112,Tuition Fee,3000,08-09-2025,29-08-2025,2025-26
INV/2025-26/020520,STU0154,Tuition Fee,3000,08-09-2025,29-08-2025,2025-26
INV/2025-26/019391,STU0091,Tuition Fee,3000,05-02-2026,26-01-2026,2025-26
INV/2024-25/016346,STU0400,Tuition Fee,4000,10-07-2024,30-06-2024,2024-25
INV/2025-26/020060,STU0128,Lab Fee,1000,16-04-2025,01-04-2025,2025-26
INV/2024-25/012798,STU0203,Tuition Fee,3000,11-05-2024,01-05-2024,2024-25
INV/2024-25/017406,STU0459,Tuition Fee,4000,11-05-2024,01-05-2024,2024-25
INV/2024-25/017427,STU0460,Tuition Fee,4000,09-08-2024,30-07-2024,2024-25
INV/2024-25/015784,STU0368,Exam Fee,500,13-10-2024,28-09-2024,2024-25
INV/2024-25/016773,STU0423,Exam Fee,500,16-04-2024,01-04-2024,2024-25
INV/2025-26/019858,STU0117,Tuition Fee,3000,06-01-2026,27-12-2025,2025-26
INV/2024-25/016229,STU0393,Annual Fee,8000,16-04-2024,01-04-2024,2024-25
INV/2025-26/025640,STU0438,Lab Fee,2000,16-04-2025,01-04-2025,2025-26
INV/2023-24/005801,STU0329,Exam Fee,500,16-04-2023,01-04-2023,2023-24
INV/2023-24/008993,STU0507,Tuition Fee,4000,09-08-2023,30-07-2023,2023-24
INV/2023-24/006438,STU0365,Tuition Fee,4000,08-09-2023,29-08-2023,2023-24
INV/2024-25/016137,STU0388,Tuition Fee,4000,05-02-2025,26-01-2025,2024-25
INV/2023-24/004099,STU0235,Tuition Fee,3000,08-10-2023,28-09-2023,2023-24
INV/2024-25/010152,STU0054,Tuition Fee,2000,05-02-2025,26-01-2025,2024-25
INV/2025-26/022681,STU0274,Tuition Fee,4000,08-10-2025,28-09-2025,2025-26
INV/2023-24/006937,STU0393,Tuition Fee,4000,11-04-2023,01-04-2023,2023-24
INV/2024-25/014228,STU0282,Tuition Fee,4000,06-01-2025,27-12-2024,2024-25
INV/2025-26/024317,STU0365,Tuition Fee,4000,09-08-2025,30-07-2025,2025-26
INV/2024-25/015295,STU0341,Library Fee,1000,16-04-2024,01-04-2024,2024-25
INV/2023-24/004152,STU0238,Tuition Fee,3000,08-09-2023,29-08-2023,2023-24
INV/2023-24/006643,STU0376,Annual Fee,8000,16-04-2023,01-04-2023,2023-24
INV/2025-26/023781,STU0335,Tuition Fee,4000,07-12-2025,27-11-2025,2025-26
INV/2024-25/012032,STU0160,Tuition Fee,3000,06-01-2025,27-12-2024,2024-25
INV/2023-24/007924,STU0447,Sports Fee,1500,16-04-2023,01-04-2023,2023-24
INV/2024-25/015297,STU0341,Exam Fee,500,16-04-2024,01-04-2024,2024-25
INV/2023-24/003295,STU0190,Annual Fee,6000,16-04-2023,01-04-2023,2023-24
INV/2023-24/000520,STU0031,Tuition Fee,2000,06-01-2024,27-12-2023,2023-24
INV/2025-26/021758,STU0223,Tuition Fee,3000,11-05-2025,01-05-2025,2025-26
INV/2025-26/020789,STU0169,Tuition Fee,3000,09-08-2025,30-07-2025,2025-26
INV/2025-26/022529,STU0265,Exam Fee,500,16-04-2025,01-04-2025,2025-26
INV/2025-26/022336,STU0255,Tuition Fee,4000,10-07-2025,30-06-2025,2025-26
INV/2025-26/018479,STU0040,Exam Fee,250,16-04-2025,01-04-2025,2025-26
INV/2024-25/014522,STU0298,Sports Fee,1500,16-04-2024,01-04-2024,2024-25
INV/2023-24/006253,STU0355,Tuition Fee,4000,11-04-2023,01-04-2023,2023-24
INV/2023-24/006651,STU0377,Tuition Fee,4000,10-06-2023,31-05-2023,2023-24
INV/2024-25/011208,STU0114,Lab Fee,1000,16-04-2024,01-04-2024,2024-25
INV/2024-25/013669,STU0251,Tuition Fee,3000,07-12-2024,27-11-2024,2024-25
INV/2023-24/002458,STU0144,Tuition Fee,3000,10-07-2023,30-06-2023,2023-24
INV/2023-24/006347,STU0360,Tuition Fee,4000,09-08-2023,30-07-2023,2023-24
INV/2025-26/020826,STU0171,Tuition Fee,3000,08-09-2025,29-08-2025,2025-26
INV/2025-26/021793,STU0225,Tuition Fee,3000,11-04-2025,01-04-2025,2025-26
INV/2023-24/000300,STU0018,Tuition Fee,2000,05-02-2024,26-01-2024,2023-24
INV/2024-25/010943,STU0100,Tuition Fee,3000,11-04-2024,01-04-2024,2024-25
INV/2023-24/004612,STU0263,Sports Fee,1000,16-04-2023,01-04-2023,2023-24
INV/2024-25/009551,STU0019,Tuition Fee,2000,09-08-2024,30-07-2024,2024-25
INV/2024-25/012261,STU0173,Tuition Fee,3000,09-08-2024,30-07-2024,2024-25
INV/2023-24/007497,STU0424,Tuition Fee,4000,10-06-2023,31-05-2023,2023-24
INV/2023-24/006882,STU0389,Exam Fee,500,13-10-2023,28-09-2023,2023-24
INV/2023-24/001467,STU0087,Tuition Fee,2000,09-08-2023,30-07-2023,2023-24
INV/2025-26/024426,STU0371,Tuition Fee,4000,08-09-2025,29-08-2025,2025-26
INV/2025-26/025167,STU0412,Tuition Fee,4000,07-12-2025,27-11-2025,2025-26
INV/2024-25/014914,STU0320,Tuition Fee,4000,07-03-2025,25-02-2025,2024-25
INV/2024-25/014738,STU0310,Sports Fee,1500,16-04-2024,01-04-2024,2024-25
INV/2025-26/025258,STU0417,Tuition Fee,4000,06-01-2026,27-12-2025,2025-26
INV/2023-24/004257,STU0244,Tuition Fee,3000,10-06-2023,31-05-2023,2023-24
INV/2024-25/016835,STU0427,Tuition Fee,4000,08-10-2024,28-09-2024,2024-25
INV/2024-25/015290,STU0341,Tuition Fee,4000,06-01-2025,27-12-2024,2024-25
INV/2023-24/003481,STU0201,Tuition Fee,3000,11-04-2023,01-04-2023,2023-24
INV/2024-25/012384,STU0180,Tuition Fee,3000,11-05-2024,01-05-2024,2024-25
INV/2025-26/021717,STU0220,Library Fee,500,16-04-2025,01-04-2025,2025-26
INV/2023-24/006428,STU0364,Lab Fee,2000,16-04-2023,01-04-2023,2023-24
INV/2024-25/009572,STU0020,Tuition Fee,2000,07-12-2024,27-11-2024,2024-25
INV/2024-25/015952,STU0378,Tuition Fee,4000,08-09-2024,29-08-2024,2024-25
INV/2024-25/016810,STU0425,Exam Fee,500,13-10-2024,28-09-2024,2024-25
INV/2023-24/008701,STU0491,Tuition Fee,4000,11-04-2023,01-04-2023,2023-24
INV/2023-24/007556,STU0427,Tuition Fee,4000,07-11-2023,28-10-2023,2023-24
INV/2025-26/018586,STU0046,Sports Fee,1000,16-04-2025,01-04-2025,2025-26
INV/2025-26/024598,STU0380,Sports Fee,1500,16-04-2025,01-04-2025,2025-26
INV/2024-25/015452,STU0350,Tuition Fee,4000,06-01-2025,27-12-2024,2024-25
INV/2024-25/009503,STU0016,Tuition Fee,2000,07-11-2024,28-10-2024,2024-25
INV/2023-24/003860,STU0222,Tuition Fee,3000,11-05-2023,01-05-2023,2023-24
INV/2023-24/007061,STU0399,Exam Fee,500,16-04-2023,01-04-2023,2023-24
INV/2024-25/011918,STU0154,Tuition Fee,3000,10-07-2024,30-06-2024,2024-25
INV/2023-24/007628,STU0431,Tuition Fee,4000,07-11-2023,28-10-2023,2023-24
INV/2023-24/004004,STU0230,Tuition Fee,3000,11-05-2023,01-05-2023,2023-24
INV/2025-26/023358,STU0311,Exam Fee,500,13-10-2025,28-09-2025,2025-26
INV/2023-24/004267,STU0244,Annual Fee,6000,16-04-2023,01-04-2023,2023-24
INV/2023-24/006193,STU0351,Annual Fee,8000,16-04-2023,01-04-2023,2023-24
INV/2025-26/022316,STU0254,Tuition Fee,4000,11-05-2025,01-05-2025,2025-26
INV/2023-24/008524,STU0481,Tuition Fee,4000,10-07-2023,30-06-2023,2023-24
INV/2024-25/013350,STU0233,Lab Fee,1000,16-04-2024,01-04-2024,2024-25
INV/2025-26/020738,STU0166,Tuition Fee,3000,07-11-2025,28-10-2025,2025-26
INV/2025-26/019620,STU0104,Tuition Fee,3000,08-09-2025,29-08-2025,2025-26
INV/2023-24/005500,STU0313,Tuition Fee,3000,10-07-2023,30-06-2023,2023-24
INV/2025-26/023582,STU0324,Tuition Fee,4000,07-11-2025,28-10-2025,2025-26
INV/2025-26/018488,STU0041,Tuition Fee,3000,07-11-2025,28-10-2025,2025-26
INV/2024-25/016071,STU0384,Exam Fee,500,16-04-2024,01-04-2024,2024-25
INV/2024-25/014512,STU0298,Tuition Fee,4000,08-09-2024,29-08-2024,2024-25
INV/2025-26/025553,STU0433,Exam Fee,500,16-04-2025,01-04-2025,2025-26
INV/2023-24/001631,STU0096,Exam Fee,250,16-04-2023,01-04-2023,2023-24
INV/2023-24/002338,STU0137,Tuition Fee,3000,06-01-2024,27-12-2023,2023-24
INV/2023-24/004313,STU0247,Tuition Fee,3000,09-08-2023,30-07-2023,2023-24
INV/2023-24/009180,STU0517,Tuition Fee,4000,06-03-2024,25-02-2024,2023-24
INV/2024-25/016059,STU0384,Tuition Fee,4000,09-08-2024,30-07-2024,2024-25
INV/2023-24/003914,STU0225,Tuition Fee,3000,11-05-2023,01-05-2023,2023-24
INV/2023-24/001958,STU0116,Tuition Fee,2000,10-06-2023,31-05-2023,2023-24
INV/2023-24/003020,STU0175,Tuition Fee,3000,07-11-2023,28-10-2023,2023-24
INV/2023-24/001560,STU0092,Annual Fee,5000,16-04-2023,01-04-2023,2023-24
INV/2023-24/007359,STU0416,Tuition Fee,4000,07-12-2023,27-11-2023,2023-24
INV/2024-25/016703,STU0420,Tuition Fee,4000,11-04-2024,01-04-2024,2024-25
INV/2023-24/007925,STU0447,Exam Fee,500,16-04-2023,01-04-2023,2023-24
INV/2025-26/021226,STU0193,Tuition Fee,3000,06-01-2026,27-12-2025,2025-26
INV/2023-24/007049,STU0399,Tuition Fee,4000,09-08-2023,30-07-2023,2023-24
INV/2023-24/002739,STU0159,Library Fee,500,16-04-2023,01-04-2023,2023-24
INV/2023-24/002651,STU0154,Exam Fee,375,16-04-2023,01-04-2023,2023-24
INV/2023-24/005142,STU0293,Tuition Fee,3000,08-09-2023,29-08-2023,2023-24
INV/2025-26/019308,STU0086,Exam Fee,375,13-10-2025,28-09-2025,2025-26
INV/2025-26/019887,STU0119,Tuition Fee,3000,10-06-2025,31-05-2025,2025-26
INV/2024-25/015333,STU0343,Exam Fee,500,16-04-2024,01-04-2024,2024-25
INV/2025-26/021160,STU0189,Sports Fee,1000,16-04-2025,01-04-2025,2025-26
INV/2023-24/008357,STU0471,Exam Fee,500,16-04-2023,01-04-2023,2023-24
INV/2024-25/011127,STU0110,Tuition Fee,3000,09-08-2024,30-07-2024,2024-25
INV/2023-24/005666,STU0322,Tuition Fee,4000,07-11-2023,28-10-2023,2023-24
INV/2024-25/015911,STU0376,Tuition Fee,4000,11-04-2024,01-04-2024,2024-25
INV/2025-26/020848,STU0172,Tuition Fee,3000,06-01-2026,27-12-2025,2025-26
INV/2024-25/014029,STU0271,Tuition Fee,3000,07-12-2024,27-11-2024,2024-25
INV/2025-26/021858,STU0228,Tuition Fee,3000,07-03-2026,25-02-2026,2025-26
INV/2025-26/019774,STU0112,Sports Fee,1000,16-04-2025,01-04-2025,2025-26
INV/2024-25/013522,STU0243,Tuition Fee,3000,08-09-2024,29-08-2024,2024-25
INV/2024-25/012521,STU0187,Annual Fee,6000,16-04-2024,01-04-2024,2024-25
INV/2025-26/022451,STU0261,Tuition Fee,4000,05-02-2026,26-01-2026,2025-26
INV/2023-24/006012,STU0341,Tuition Fee,4000,06-03-2024,25-02-2024,2023-24
INV/2024-25/009953,STU0042,Exam Fee,250,16-04-2024,01-04-2024,2024-25
INV/2023-24/004917,STU0280,Library Fee,500,16-04-2023,01-04-2023,2023-24
INV/2024-25/016659,STU0417,Tuition Fee,4000,05-02-2025,26-01-2025,2024-25
INV/2023-24/005770,STU0328,Tuition Fee,4000,10-07-2023,30-06-2023,2023-24
INV/2023-24/006630,STU0375,Exam Fee,500,13-10-2023,28-09-2023,2023-24
INV/2024-25/016003,STU0381,Tuition Fee,4000,10-06-2024,31-05-2024,2024-25
INV/2024-25/014275,STU0285,Tuition Fee,4000,10-06-2024,31-05-2024,2024-25
INV/2024-25/013183,STU0224,Tuition Fee,3000,07-12-2024,27-11-2024,2024-25
INV/2023-24/007176,STU0406,Tuition Fee,4000,08-09-2023,29-08-2023,2023-24
INV/2024-25/014710,STU0309,Tuition Fee,4000,08-09-2024,29-08-2024,2024-25
INV/2024-25/016754,STU0422,Sports Fee,1500,16-04-2024,01-04-2024,2024-25
INV/2024-25/017774,STU0479,Tuition Fee,4000,06-01-2025,27-12-2024,2024-25
INV/2023-24/002906,STU0169,Tuition Fee,3000,11-05-2023,01-05-2023,2023-24
INV/2023-24/001216,STU0072,Tuition Fee,2000,07-12-2023,27-11-2023,2023-24
INV/2024-25/014054,STU0272,Sports Fee,1000,16-04-2024,01-04-2024,2024-25
INV/2024-25/015859,STU0373,Tuition Fee,4000,10-06-2024,31-05-2024,2024-25
INV/2023-24/004649,STU0265,Exam Fee,375,16-04-2023,01-04-2023,2023-24
INV/2025-26/020743,STU0166,Annual Fee,6000,16-04-2025,01-04-2025,2025-26
INV/2023-24/006675,STU0378,Tuition Fee,4000,07-12-2023,27-11-2023,2023-24
INV/2025-26/022717,STU0276,Tuition Fee,4000,08-10-2025,28-09-2025,2025-26
INV/2024-25/017426,STU0460,Tuition Fee,4000,10-07-2024,30-06-2024,2024-25
INV/2024-25/013439,STU0238,Annual Fee,6000,16-04-2024,01-04-2024,2024-25
INV/2025-26/018161,STU0022,Tuition Fee,2000,10-07-2025,30-06-2025,2025-26
INV/2025-26/018492,STU0041,Tuition Fee,3000,07-03-2026,25-02-2026,2025-26
INV/2023-24/007346,STU0415,Lab Fee,2000,16-04-2023,01-04-2023,2023-24
INV/2023-24/006578,STU0373,Tuition Fee,4000,11-05-2023,01-05-2023,2023-24
INV/2025-26/018413,STU0037,Tuition Fee,2000,11-04-2025,01-04-2025,2025-26
INV/2023-24/006277,STU0356,Tuition Fee,4000,08-10-2023,28-09-2023,2023-24
INV/2025-26/024943,STU0400,Tuition Fee,4000,11-04-2025,01-04-2025,2025-26
INV/2025-26/023514,STU0320,Tuition Fee,4000,07-03-2026,25-02-2026,2025-26
INV/2024-25/014037,STU0271,Exam Fee,375,16-04-2024,01-04-2024,2024-25
INV/2025-26/024323,STU0365,Tuition Fee,4000,05-02-2026,26-01-2026,2025-26
INV/2025-26/025540,STU0433,Tuition Fee,4000,10-07-2025,30-06-2025,2025-26
INV/2023-24/008587,STU0484,Annual Fee,8000,16-04-2023,01-04-2023,2023-24
INV/2025-26/021829,STU0227,Tuition Fee,3000,11-04-2025,01-04-2025,2025-26
INV/2024-25/011672,STU0140,Tuition Fee,3000,06-01-2025,27-12-2024,2024-25
INV/2025-26/021691,STU0219,Tuition Fee,3000,08-10-2025,28-09-2025,2025-26
INV/2024-25/010203,STU0057,Tuition Fee,2000,05-02-2025,26-01-2025,2024-25
INV/2025-26/022989,STU0291,Tuition Fee,4000,07-12-2025,27-11-2025,2025-26
INV/2025-26/017810,STU0001,Tuition Fee,2000,06-01-2026,27-12-2025,2025-26
INV/2023-24/004957,STU0283,Tuition Fee,3000,11-04-2023,01-04-2023,2023-24
INV/2024-25/014543,STU0300,Tuition Fee,4000,11-04-2024,01-04-2024,2024-25
INV/2023-24/008021,STU0453,Tuition Fee,4000,09-08-2023,30-07-2023,2023-24
INV/2025-26/019555,STU0100,Annual Fee,6000,16-04-2025,01-04-2025,2025-26
INV/2024-25/011850,STU0150,Tuition Fee,3000,07-11-2024,28-10-2024,2024-25
INV/2023-24/008471,STU0478,Tuition Fee,4000,09-08-2023,30-07-2023,2023-24
INV/2025-26/018004,STU0012,Exam Fee,250,13-10-2025,28-09-2025,2025-26
INV/2025-26/021926,STU0232,Tuition Fee,3000,07-11-2025,28-10-2025,2025-26
INV/2023-24/003236,STU0187,Tuition Fee,3000,07-11-2023,28-10-2023,2023-24
INV/2024-25/013592,STU0247,Tuition Fee,3000,10-07-2024,30-06-2024,2024-25
INV/2024-25/013029,STU0215,Exam Fee,375,16-04-2024,01-04-2024,2024-25
INV/2023-24/003082,STU0178,Sports Fee,1000,16-04-2023,01-04-2023,2023-24
INV/2023-24/009098,STU0513,Tuition Fee,4000,11-05-2023,01-05-2023,2023-24
INV/2024-25/016997,STU0436,Tuition Fee,4000,08-10-2024,28-09-2024,2024-25
INV/2024-25/015597,STU0358,Tuition Fee,4000,05-02-2025,26-01-2025,2024-25
INV/2025-26/022810,STU0281,Tuition Fee,4000,06-01-2026,27-12-2025,2025-26
INV/2023-24/003170,STU0183,Lab Fee,1000,16-04-2023,01-04-2023,2023-24
INV/2023-24/000893,STU0053,Tuition Fee,2000,07-12-2023,27-11-2023,2023-24
INV/2025-26/024248,STU0361,Tuition Fee,4000,07-11-2025,28-10-2025,2025-26
INV/2025-26/024877,STU0396,Tuition Fee,4000,08-10-2025,28-09-2025,2025-26
INV/2025-26/025539,STU0433,Tuition Fee,4000,10-06-2025,31-05-2025,2025-26
INV/2023-24/005333,STU0303,Exam Fee,375,16-04-2023,01-04-2023,2023-24
INV/2025-26/023865,STU0340,Tuition Fee,4000,10-06-2025,31-05-2025,2025-26
INV/2025-26/020259,STU0139,Library Fee,500,16-04-2025,01-04-2025,2025-26
INV/2024-25/014196,STU0280,Lab Fee,1000,16-04-2024,01-04-2024,2024-25
INV/2024-25/016551,STU0411,Tuition Fee,4000,05-02-2025,26-01-2025,2024-25
INV/2025-26/020954,STU0178,Tuition Fee,3000,07-11-2025,28-10-2025,2025-26
INV/2023-24/004858,STU0277,Tuition Fee,3000,06-01-2024,27-12-2023,2023-24
INV/2025-26/020289,STU0141,Tuition Fee,3000,07-12-2025,27-11-2025,2025-26
INV/2023-24/004172,STU0239,Tuition Fee,3000,07-11-2023,28-10-2023,2023-24
INV/2024-25/010201,STU0057,Tuition Fee,2000,07-12-2024,27-11-2024,2024-25
INV/2024-25/011403,STU0125,Tuition Fee,3000,05-02-2025,26-01-2025,2024-25
INV/2025-26/019570,STU0101,Tuition Fee,3000,06-01-2026,27-12-2025,2025-26
INV/2023-24/001974,STU0117,Tuition Fee,2000,11-05-2023,01-05-2023,2023-24
INV/2023-24/008782,STU0495,Tuition Fee,4000,06-01-2024,27-12-2023,2023-24
INV/2024-25/015385,STU0346,Library Fee,1000,16-04-2024,01-04-2024,2024-25
INV/2024-25/011229,STU0115,Exam Fee,375,16-04-2024,01-04-2024,2024-25
INV/2025-26/023519,STU0320,Exam Fee,500,16-04-2025,01-04-2025,2025-26
INV/2024-25/011270,STU0118,Tuition Fee,3000,10-07-2024,30-06-2024,2024-25
INV/2024-25/012325,STU0176,Library Fee,500,16-04-2024,01-04-2024,2024-25
INV/2023-24/007768,STU0439,Tuition Fee,4000,10-07-2023,30-06-2023,2023-24
INV/2023-24/004613,STU0263,Exam Fee,375,16-04-2023,01-04-2023,2023-24
INV/2023-24/004842,STU0276,Tuition Fee,3000,06-03-2024,25-02-2024,2023-24
INV/2024-25/012249,STU0172,Tuition Fee,3000,05-02-2025,26-01-2025,2024-25
INV/2024-25/016700,STU0419,Sports Fee,1500,16-04-2024,01-04-2024,2024-25
INV/2025-26/022408,STU0259,Tuition Fee,4000,10-07-2025,30-06-2025,2025-26
INV/2024-25/016411,STU0403,Library Fee,1000,16-04-2024,01-04-2024,2024-25
INV/2024-25/016845,STU0427,Exam Fee,500,16-04-2024,01-04-2024,2024-25
INV/2024-25/011982,STU0157,Lab Fee,1000,16-04-2024,01-04-2024,2024-25
INV/2025-26/021227,STU0193,Tuition Fee,3000,05-02-2026,26-01-2026,2025-26
INV/2023-24/002099,STU0124,Tuition Fee,3000,09-08-2023,30-07-2023,2023-24
INV/2023-24/004663,STU0266,Annual Fee,6000,16-04-2023,01-04-2023,2023-24
INV/2025-26/021538,STU0210,Sports Fee,1000,16-04-2025,01-04-2025,2025-26
INV/2024-25/009461,STU0013,Exam Fee,250,13-10-2024,28-09-2024,2024-25
INV/2023-24/001949,STU0115,Tuition Fee,2000,05-02-2024,26-01-2024,2023-24
INV/2023-24/004695,STU0268,Tuition Fee,3000,07-12-2023,27-11-2023,2023-24
INV/2023-24/006972,STU0394,Exam Fee,500,13-10-2023,28-09-2023,2023-24
INV/2024-25/016421,STU0404,Tuition Fee,4000,08-10-2024,28-09-2024,2024-25
INV/2023-24/003760,STU0216,Tuition Fee,3000,06-01-2024,27-12-2023,2023-24
INV/2023-24/008198,STU0463,Tuition Fee,4000,11-05-2023,01-05-2023,2023-24
INV/2023-24/000726,STU0043,Tuition Fee,2000,06-03-2024,25-02-2024,2023-24
INV/2025-26/021779,STU0224,Tuition Fee,3000,09-08-2025,30-07-2025,2025-26
INV/2023-24/008196,STU0462,Exam Fee,500,13-10-2023,28-09-2023,2023-24
INV/2025-26/020271,STU0140,Tuition Fee,3000,07-12-2025,27-11-2025,2025-26
INV/2025-26/024431,STU0371,Tuition Fee,4000,05-02-2026,26-01-2026,2025-26
INV/2023-24/001546,STU0091,Exam Fee,250,16-04-2023,01-04-2023,2023-24
INV/2025-26/019547,STU0100,Tuition Fee,3000,09-08-2025,30-07-2025,2025-26
INV/2024-25/015252,STU0339,Tuition Fee,4000,07-11-2024,28-10-2024,2024-25
INV/2023-24/007450,STU0421,Tuition Fee,4000,06-01-2024,27-12-2023,2023-24
INV/2023-24/006623,STU0375,Tuition Fee,4000,05-02-2024,26-01-2024,2023-24
INV/2023-24/003533,STU0203,Exam Fee,375,16-04-2023,01-04-2023,2023-24
INV/2025-26/021736,STU0221,Sports Fee,1000,16-04-2025,01-04-2025,2025-26
INV/2025-26/025610,STU0437,Tuition Fee,4000,11-05-2025,01-05-2025,2025-26
INV/2023-24/005051,STU0288,Tuition Fee,3000,09-08-2023,30-07-2023,2023-24
INV/2024-25/010992,STU0102,Lab Fee,1000,16-04-2024,01-04-2024,2024-25
INV/2024-25/013571,STU0246,Tuition Fee,3000,11-04-2024,01-04-2024,2024-25
INV/2025-26/025444,STU0427,Sports Fee,1500,16-04-2025,01-04-2025,2025-26
INV/2025-26/023040,STU0294,Tuition Fee,4000,08-09-2025,29-08-2025,2025-26
INV/2025-26/018115,STU0019,Tuition Fee,2000,07-12-2025,27-11-2025,2025-26
INV/2023-24/000120,STU0008,Tuition Fee,2000,11-04-2023,01-04-2023,2023-24
INV/2025-26/019252,STU0083,Sports Fee,1000,16-04-2025,01-04-2025,2025-26
INV/2024-25/012602,STU0192,Tuition Fee,3000,10-07-2024,30-06-2024,2024-25
INV/2025-26/021471,STU0207,Tuition Fee,3000,10-06-2025,31-05-2025,2025-26
INV/2024-25/016464,STU0406,Lab Fee,2000,16-04-2024,01-04-2024,2024-25
INV/2023-24/007757,STU0438,Tuition Fee,4000,05-02-2024,26-01-2024,2023-24
INV/2024-25/013619,STU0248,Annual Fee,6000,16-04-2024,01-04-2024,2024-25
INV/2025-26/018876,STU0062,Exam Fee,375,13-10-2025,28-09-2025,2025-26
INV/2024-25/009578,STU0020,Sports Fee,1000,16-04-2024,01-04-2024,2024-25
INV/2024-25/012218,STU0170,Sports Fee,1000,16-04-2024,01-04-2024,2024-25
INV/2025-26/020552,STU0156,Tuition Fee,3000,11-05-2025,01-05-2025,2025-26
INV/2025-26/022975,STU0290,Annual Fee,8000,16-04-2025,01-04-2025,2025-26
INV/2025-26/021917,STU0231,Exam Fee,375,16-04-2025,01-04-2025,2025-26
INV/2024-25/011433,STU0127,Tuition Fee,3000,09-08-2024,30-07-2024,2024-25
INV/2023-24/000071,STU0005,Tuition Fee,2000,10-06-2023,31-05-2023,2023-24
INV/2023-24/002625,STU0153,Tuition Fee,3000,07-12-2023,27-11-2023,2023-24
INV/2025-26/023529,STU0321,Tuition Fee,4000,07-12-2025,27-11-2025,2025-26
INV/2025-26/025584,STU0435,Tuition Fee,4000,07-03-2026,25-02-2026,2025-26
INV/2025-26/021712,STU0220,Tuition Fee,3000,06-01-2026,27-12-2025,2025-26
INV/2024-25/015125,STU0332,Tuition Fee,4000,08-10-2024,28-09-2024,2024-25
INV/2023-24/005440,STU0309,Sports Fee,1000,16-04-2023,01-04-2023,2023-24
INV/2024-25/015458,STU0350,Sports Fee,1500,16-04-2024,01-04-2024,2024-25
INV/2024-25/016701,STU0419,Exam Fee,500,16-04-2024,01-04-2024,2024-25
INV/2023-24/006943,STU0393,Tuition Fee,4000,08-10-2023,28-09-2023,2023-24
INV/2025-26/024040,STU0349,Sports Fee,1500,16-04-2025,01-04-2025,2025-26
INV/2024-25/017329,STU0454,Library Fee,1000,16-04-2024,01-04-2024,2024-25
INV/2025-26/023302,STU0308,Sports Fee,1500,16-04-2025,01-04-2025,2025-26
INV/2025-26/023841,STU0338,Library Fee,1000,16-04-2025,01-04-2025,2025-26
INV/2023-24/008583,STU0484,Tuition Fee,4000,07-12-2023,27-11-2023,2023-24
INV/2025-26/023699,STU0330,Exam Fee,500,16-04-2025,01-04-2025,2025-26
INV/2024-25/011067,STU0106,Exam Fee,375,16-04-2024,01-04-2024,2024-25
INV/2025-26/022729,STU0277,Tuition Fee,4000,11-04-2025,01-04-2025,2025-26
INV/2024-25/016312,STU0398,Tuition Fee,4000,08-09-2024,29-08-2024,2024-25
INV/2023-24/006957,STU0394,Tuition Fee,4000,10-06-2023,31-05-2023,2023-24
INV/2024-25/014127,STU0276,Exam Fee,375,16-04-2024,01-04-2024,2024-25
INV/2023-24/003954,STU0227,Tuition Fee,3000,08-09-2023,29-08-2023,2023-24
INV/2023-24/008229,STU0464,Library Fee,1000,16-04-2023,01-04-2023,2023-24
INV/2025-26/019694,STU0108,Tuition Fee,3000,07-11-2025,28-10-2025,2025-26
INV/2023-24/004548,STU0260,Tuition Fee,3000,08-09-2023,29-08-2023,2023-24
INV/2024-25/017507,STU0464,Annual Fee,8000,16-04-2024,01-04-2024,2024-25
INV/2024-25/013222,STU0226,Tuition Fee,3000,07-03-2025,25-02-2025,2024-25
INV/2025-26/021657,STU0217,Tuition Fee,3000,07-12-2025,27-11-2025,2025-26
INV/2023-24/003792,STU0218,Tuition Fee,3000,08-09-2023,29-08-2023,2023-24
INV/2025-26/025460,STU0428,Lab Fee,2000,16-04-2025,01-04-2025,2025-26
INV/2023-24/002644,STU0154,Tuition Fee,3000,06-01-2024,27-12-2023,2023-24
INV/2023-24/000549,STU0033,Tuition Fee,2000,09-08-2023,30-07-2023,2023-24
INV/2023-24/002657,STU0155,Tuition Fee,3000,09-08-2023,30-07-2023,2023-24
INV/2025-26/021551,STU0211,Tuition Fee,3000,05-02-2026,26-01-2026,2025-26
INV/2025-26/019116,STU0076,Tuition Fee,3000,08-09-2025,29-08-2025,2025-26
INV/2023-24/000895,STU0053,Tuition Fee,2000,05-02-2024,26-01-2024,2023-24
INV/2023-24/001581,STU0093,Exam Fee,250,13-10-2023,28-09-2023,2023-24
INV/2023-24/006064,STU0344,Tuition Fee,4000,06-01-2024,27-12-2023,2023-24
INV/2025-26/023858,STU0339,Lab Fee,2000,16-04-2025,01-04-2025,2025-26
INV/2025-26/022122,STU0243,Tuition Fee,4000,08-09-2025,29-08-2025,2025-26
INV/2023-24/002713,STU0158,Tuition Fee,3000,08-10-2023,28-09-2023,2023-24
INV/2023-24/000912,STU0054,Tuition Fee,2000,05-02-2024,26-01-2024,2023-24
INV/2024-25/014579,STU0302,Tuition Fee,4000,11-04-2024,01-04-2024,2024-25
INV/2025-26/018612,STU0048,Tuition Fee,3000,08-09-2025,29-08-2025,2025-26
INV/2024-25/013664,STU0251,Tuition Fee,3000,10-07-2024,30-06-2024,2024-25
INV/2025-26/021397,STU0203,Tuition Fee,3000,11-04-2025,01-04-2025,2025-26
INV/2023-24/007989,STU0451,Tuition Fee,4000,07-12-2023,27-11-2023,2023-24
INV/2024-25/012862,STU0206,Tuition Fee,3000,07-03-2025,25-02-2025,2024-25
INV/2025-26/019904,STU0120,Tuition Fee,3000,11-05-2025,01-05-2025,2025-26
INV/2023-24/000039,STU0003,Tuition Fee,2000,09-08-2023,30-07-2023,2023-24
INV/2023-24/004382,STU0251,Tuition Fee,3000,11-05-2023,01-05-2023,2023-24
INV/2023-24/003119,STU0180,Exam Fee,375,16-04-2023,01-04-2023,2023-24
INV/2023-24/000446,STU0027,Tuition Fee,2000,10-07-2023,30-06-2023,2023-24
INV/2025-26/019708,STU0109,Tuition Fee,3000,10-07-2025,30-06-2025,2025-26
INV/2025-26/025649,STU0439,Tuition Fee,4000,09-08-2025,30-07-2025,2025-26
INV/2025-26/020684,STU0163,Tuition Fee,3000,07-11-2025,28-10-2025,2025-26
INV/2023-24/006049,STU0343,Annual Fee,8000,16-04-2023,01-04-2023,2023-24
INV/2025-26/024047,STU0350,Tuition Fee,4000,09-08-2025,30-07-2025,2025-26
INV/2024-25/017320,STU0454,Tuition Fee,4000,08-09-2024,29-08-2024,2024-25
INV/2023-24/005352,STU0304,Exam Fee,375,13-10-2023,28-09-2023,2023-24
INV/2023-24/003410,STU0197,Tuition Fee,3000,11-05-2023,01-05-2023,2023-24
INV/2023-24/005799,STU0329,Library Fee,1000,16-04-2023,01-04-2023,2023-24
INV/2024-25/011637,STU0138,Tuition Fee,3000,05-02-2025,26-01-2025,2024-25
INV/2023-24/004374,STU0250,Tuition Fee,3000,06-03-2024,25-02-2024,2023-24
INV/2025-26/018361,STU0033,Exam Fee,250,13-10-2025,28-09-2025,2025-26
INV/2024-25/011400,STU0125,Tuition Fee,3000,07-11-2024,28-10-2024,2024-25
INV/2024-25/011750,STU0144,Sports Fee,1000,16-04-2024,01-04-2024,2024-25
INV/2025-26/024416,STU0370,Lab Fee,2000,16-04-2025,01-04-2025,2025-26
INV/2023-24/000860,STU0051,Tuition Fee,2000,06-01-2024,27-12-2023,2023-24
INV/2025-26/025066,STU0406,Sports Fee,1500,16-04-2025,01-04-2025,2025-26
INV/2023-24/004248,STU0243,Tuition Fee,3000,06-03-2024,25-02-2024,2023-24
INV/2025-26/025600,STU0436,Tuition Fee,4000,06-01-2026,27-12-2025,2025-26
INV/2025-26/019226,STU0082,Tuition Fee,3000,07-11-2025,28-10-2025,2025-26
INV/2024-25/016387,STU0402,Tuition Fee,4000,07-12-2024,27-11-2024,2024-25
INV/2023-24/002423,STU0142,Tuition Fee,3000,09-08-2023,30-07-2023,2023-24
INV/2025-26/025672,STU0440,Tuition Fee,4000,06-01-2026,27-12-2025,2025-26
INV/2023-24/007095,STU0401,Library Fee,1000,16-04-2023,01-04-2023,2023-24
INV/2024-25/010986,STU0102,Tuition Fee,3000,07-11-2024,28-10-2024,2024-25
INV/2023-24/004354,STU0249,Tuition Fee,3000,06-01-2024,27-12-2023,2023-24
INV/2023-24/008173,STU0461,Annual Fee,8000,16-04-2023,01-04-2023,2023-24
INV/2023-24/008060,STU0455,Tuition Fee,4000,07-11-2023,28-10-2023,2023-24
INV/2024-25/017399,STU0458,Annual Fee,8000,16-04-2024,01-04-2024,2024-25
INV/2023-24/004467,STU0255,Library Fee,500,16-04-2023,01-04-2023,2023-24
INV/2025-26/024077,STU0351,Exam Fee,500,16-04-2025,01-04-2025,2025-26
INV/2024-25/011046,STU0105,Lab Fee,1000,16-04-2024,01-04-2024,2024-25
INV/2024-25/010445,STU0071,Sports Fee,1000,16-04-2024,01-04-2024,2024-25
INV/2025-26/025626,STU0437,Exam Fee,500,13-10-2025,28-09-2025,2025-26
INV/2025-26/021269,STU0195,Exam Fee,375,16-04-2025,01-04-2025,2025-26
INV/2024-25/015906,STU0375,Lab Fee,2000,16-04-2024,01-04-2024,2024-25
INV/2025-26/018404,STU0036,Tuition Fee,2000,07-12-2025,27-11-2025,2025-26
INV/2024-25/015655,STU0361,Library Fee,1000,16-04-2024,01-04-2024,2024-25
INV/2025-26/020213,STU0137,Tuition Fee,3000,09-08-2025,30-07-2025,2025-26
INV/2024-25/012693,STU0197,Tuition Fee,3000,09-08-2024,30-07-2024,2024-25
INV/2023-24/006574,STU0372,Sports Fee,1500,16-04-2023,01-04-2023,2023-24
INV/2025-26/023902,STU0342,Tuition Fee,4000,10-07-2025,30-06-2025,2025-26
INV/2023-24/005225,STU0297,Exam Fee,375,16-04-2023,01-04-2023,2023-24
INV/2023-24/007552,STU0427,Tuition Fee,4000,10-07-2023,30-06-2023,2023-24
INV/2025-26/018915,STU0065,Tuition Fee,3000,10-06-2025,31-05-2025,2025-26
INV/2024-25/017021,STU0437,Annual Fee,8000,16-04-2024,01-04-2024,2024-25
INV/2025-26/022224,STU0248,Exam Fee,500,13-10-2025,28-09-2025,2025-26
INV/2024-25/013017,STU0215,Tuition Fee,3000,09-08-2024,30-07-2024,2024-25
INV/2023-24/000052,STU0004,Tuition Fee,2000,11-04-2023,01-04-2023,2023-24
INV/2023-24/001871,STU0111,Tuition Fee,2000,11-04-2023,01-04-2023,2023-24
INV/2023-24/001796,STU0106,Tuition Fee,2000,05-02-2024,26-01-2024,2023-24
INV/2023-24/000172,STU0011,Tuition Fee,2000,11-05-2023,01-05-2023,2023-24
INV/2023-24/000632,STU0038,Tuition Fee,2000,10-06-2023,31-05-2023,2023-24
INV/2023-24/009177,STU0517,Tuition Fee,4000,07-12-2023,27-11-2023,2023-24
INV/2025-26/021780,STU0224,Tuition Fee,3000,08-09-2025,29-08-2025,2025-26
INV/2024-25/012897,STU0208,Tuition Fee,3000,05-02-2025,26-01-2025,2024-25
INV/2024-25/016911,STU0431,Tuition Fee,4000,05-02-2025,26-01-2025,2024-25
INV/2023-24/006634,STU0376,Tuition Fee,4000,10-07-2023,30-06-2023,2023-24
INV/2024-25/011770,STU0145,Exam Fee,375,13-10-2024,28-09-2024,2024-25
INV/2025-26/023276,STU0307,Tuition Fee,4000,07-11-2025,28-10-2025,2025-26
INV/2024-25/009955,STU0043,Tuition Fee,2000,11-04-2024,01-04-2024,2024-25
INV/2023-24/003107,STU0180,Tuition Fee,3000,09-08-2023,30-07-2023,2023-24
INV/2025-26/021107,STU0186,Exam Fee,375,16-04-2025,01-04-2025,2025-26
INV/2024-25/011120,STU0109,Sports Fee,1000,16-04-2024,01-04-2024,2024-25
INV/2024-25/014971,STU0323,Library Fee,1000,16-04-2024,01-04-2024,2024-25
INV/2024-25/011768,STU0145,Sports Fee,1000,16-04-2024,01-04-2024,2024-25
INV/2023-24/005203,STU0296,Annual Fee,6000,16-04-2023,01-04-2023,2023-24
INV/2025-26/024233,STU0360,Tuition Fee,4000,05-02-2026,26-01-2026,2025-26
INV/2023-24/006961,STU0394,Tuition Fee,4000,08-10-2023,28-09-2023,2023-24
INV/2023-24/006602,STU0374,Tuition Fee,4000,07-11-2023,28-10-2023,2023-24
INV/2024-25/010371,STU0067,Tuition Fee,2000,07-12-2024,27-11-2024,2024-25
INV/2024-25/015832,STU0371,Tuition Fee,4000,07-03-2025,25-02-2025,2024-25
INV/2023-24/001516,STU0090,Tuition Fee,2000,10-06-2023,31-05-2023,2023-24
INV/2025-26/023577,STU0324,Tuition Fee,4000,10-06-2025,31-05-2025,2025-26
INV/2023-24/003665,STU0211,Tuition Fee,3000,09-08-2023,30-07-2023,2023-24
INV/2025-26/019006,STU0070,Tuition Fee,3000,10-07-2025,30-06-2025,2025-26
INV/2023-24/003345,STU0193,Tuition Fee,3000,07-12-2023,27-11-2023,2023-24
INV/2024-25/013729,STU0254,Library Fee,500,16-04-2024,01-04-2024,2024-25
INV/2025-26/018463,STU0039,Exam Fee,250,13-10-2025,28-09-2025,2025-26
INV/2023-24/004494,STU0257,Tuition Fee,3000,08-09-2023,29-08-2023,2023-24
INV/2025-26/019624,STU0104,Tuition Fee,3000,06-01-2026,27-12-2025,2025-26
INV/2025-26/022483,STU0263,Tuition Fee,4000,08-10-2025,28-09-2025,2025-26
INV/2023-24/001771,STU0105,Tuition Fee,2000,10-06-2023,31-05-2023,2023-24
INV/2024-25/013234,STU0227,Tuition Fee,3000,08-09-2024,29-08-2024,2024-25
INV/2025-26/022788,STU0280,Tuition Fee,4000,08-09-2025,29-08-2025,2025-26
INV/2024-25/011407,STU0125,Library Fee,500,16-04-2024,01-04-2024,2024-25
INV/2023-24/003219,STU0186,Tuition Fee,3000,07-12-2023,27-11-2023,2023-24
INV/2023-24/004375,STU0250,Annual Fee,6000,16-04-2023,01-04-2023,2023-24
INV/2023-24/001059,STU0063,Tuition Fee,2000,09-08-2023,30-07-2023,2023-24
INV/2023-24/003087,STU0179,Tuition Fee,3000,10-06-2023,31-05-2023,2023-24
INV/2025-26/021486,STU0207,Exam Fee,375,13-10-2025,28-09-2025,2025-26
INV/2023-24/004987,STU0284,Annual Fee,6000,16-04-2023,01-04-2023,2023-24
INV/2025-26/022823,STU0282,Tuition Fee,4000,09-08-2025,30-07-2025,2025-26
INV/2023-24/009046,STU0510,Tuition Fee,4000,10-07-2023,30-06-2023,2023-24
INV/2023-24/000040,STU0003,Tuition Fee,2000,08-09-2023,29-08-2023,2023-24
INV/2025-26/023850,STU0339,Tuition Fee,4000,08-09-2025,29-08-2025,2025-26
INV/2023-24/003748,STU0215,Sports Fee,1000,16-04-2023,01-04-2023,2023-24
INV/2023-24/004748,STU0271,Tuition Fee,3000,07-11-2023,28-10-2023,2023-24
INV/2025-26/019488,STU0096,Exam Fee,375,13-10-2025,28-09-2025,2025-26
INV/2025-26/025247,STU0416,Exam Fee,500,16-04-2025,01-04-2025,2025-26
INV/2024-25/013917,STU0265,Tuition Fee,3000,09-08-2024,30-07-2024,2024-25
INV/2025-26/020978,STU0179,Lab Fee,1000,16-04-2025,01-04-2025,2025-26
INV/2025-26/025245,STU0416,Library Fee,1000,16-04-2025,01-04-2025,2025-26
INV/2024-25/015316,STU0342,Exam Fee,500,13-10-2024,28-09-2024,2024-25
INV/2024-25/013685,STU0252,Tuition Fee,3000,08-10-2024,28-09-2024,2024-25
INV/2023-24/008718,STU0491,Exam Fee,500,13-10-2023,28-09-2023,2023-24
INV/2023-24/004401,STU0252,Tuition Fee,3000,10-06-2023,31-05-2023,2023-24
INV/2025-26/024191,STU0358,Tuition Fee,4000,09-08-2025,30-07-2025,2025-26
INV/2024-25/010383,STU0068,Tuition Fee,2000,10-07-2024,30-06-2024,2024-25
INV/2024-25/009846,STU0036,Tuition Fee,2000,05-02-2025,26-01-2025,2024-25
INV/2024-25/016114,STU0387,Tuition Fee,4000,08-09-2024,29-08-2024,2024-25
INV/2024-25/013530,STU0243,Lab Fee,1000,16-04-2024,01-04-2024,2024-25
INV/2023-24/002777,STU0161,Exam Fee,375,16-04-2023,01-04-2023,2023-24
INV/2025-26/019154,STU0078,Tuition Fee,3000,07-11-2025,28-10-2025,2025-26
INV/2023-24/004952,STU0282,Lab Fee,1000,16-04-2023,01-04-2023,2023-24
INV/2023-24/004503,STU0257,Library Fee,500,16-04-2023,01-04-2023,2023-24
INV/2024-25/009810,STU0034,Tuition Fee,2000,07-12-2024,27-11-2024,2024-25
INV/2024-25/014878,STU0318,Tuition Fee,4000,07-03-2025,25-02-2025,2024-25
INV/2024-25/017719,STU0476,Tuition Fee,4000,07-12-2024,27-11-2024,2024-25
INV/2025-26/025206,STU0414,Tuition Fee,4000,07-03-2026,25-02-2026,2025-26
INV/2023-24/004949,STU0282,Tuition Fee,3000,05-02-2024,26-01-2024,2023-24
INV/2023-24/005427,STU0309,Tuition Fee,3000,10-06-2023,31-05-2023,2023-24
INV/2025-26/023967,STU0345,Library Fee,1000,16-04-2025,01-04-2025,2025-26
INV/2025-26/021991,STU0236,Tuition Fee,3000,11-04-2025,01-04-2025,2025-26
INV/2023-24/007711,STU0436,Tuition Fee,4000,11-04-2023,01-04-2023,2023-24
INV/2025-26/022475,STU0262,Exam Fee,500,16-04-2025,01-04-2025,2025-26
INV/2023-24/004572,STU0261,Tuition Fee,3000,06-03-2024,25-02-2024,2023-24
INV/2025-26/017863,STU0004,Tuition Fee,2000,07-03-2026,25-02-2026,2025-26
INV/2023-24/000823,STU0049,Tuition Fee,2000,08-10-2023,28-09-2023,2023-24
INV/2024-25/016365,STU0401,Tuition Fee,4000,09-08-2024,30-07-2024,2024-25
INV/2024-25/013260,STU0228,Lab Fee,1000,16-04-2024,01-04-2024,2024-25
INV/2025-26/022306,STU0253,Tuition Fee,4000,06-01-2026,27-12-2025,2025-26
INV/2023-24/004178,STU0239,Lab Fee,1000,16-04-2023,01-04-2023,2023-24
INV/2025-26/019220,STU0082,Tuition Fee,3000,11-05-2025,01-05-2025,2025-26
INV/2025-26/024114,STU0353,Exam Fee,500,13-10-2025,28-09-2025,2025-26
INV/2023-24/004255,STU0244,Tuition Fee,3000,11-04-2023,01-04-2023,2023-24
INV/2024-25/015660,STU0362,Tuition Fee,4000,11-05-2024,01-05-2024,2024-25
INV/2023-24/000026,STU0002,Tuition Fee,2000,07-12-2023,27-11-2023,2023-24
INV/2024-25/014077,STU0274,Tuition Fee,3000,10-06-2024,31-05-2024,2024-25
INV/2024-25/012278,STU0174,Tuition Fee,3000,10-07-2024,30-06-2024,2024-25
INV/2025-26/025438,STU0427,Tuition Fee,4000,06-01-2026,27-12-2025,2025-26
INV/2024-25/012979,STU0213,Tuition Fee,3000,10-06-2024,31-05-2024,2024-25
INV/2023-24/003451,STU0199,Tuition Fee,3000,08-10-2023,28-09-2023,2023-24
INV/2023-24/004809,STU0274,Library Fee,500,16-04-2023,01-04-2023,2023-24
INV/2025-26/025008,STU0403,Tuition Fee,4000,07-03-2026,25-02-2026,2025-26
INV/2025-26/022923,STU0287,Library Fee,1000,16-04-2025,01-04-2025,2025-26
INV/2023-24/002745,STU0160,Tuition Fee,3000,10-06-2023,31-05-2023,2023-24
INV/2023-24/003773,STU0217,Tuition Fee,3000,09-08-2023,30-07-2023,2023-24
INV/2024-25/015141,STU0333,Tuition Fee,4000,09-08-2024,30-07-2024,2024-25
INV/2023-24/005001,STU0285,Tuition Fee,3000,07-12-2023,27-11-2023,2023-24
INV/2024-25/016473,STU0407,Tuition Fee,4000,09-08-2024,30-07-2024,2024-25
INV/2023-24/002950,STU0171,Tuition Fee,3000,06-01-2024,27-12-2023,2023-24
INV/2023-24/008695,STU0490,Annual Fee,8000,16-04-2023,01-04-2023,2023-24
INV/2025-26/022572,STU0268,Tuition Fee,4000,08-09-2025,29-08-2025,2025-26
INV/2023-24/005087,STU0290,Tuition Fee,3000,09-08-2023,30-07-2023,2023-24
INV/2023-24/005382,STU0306,Tuition Fee,3000,06-03-2024,25-02-2024,2023-24
INV/2025-26/020439,STU0149,Library Fee,500,16-04-2025,01-04-2025,2025-26
INV/2024-25/016804,STU0425,Tuition Fee,4000,07-03-2025,25-02-2025,2024-25
INV/2023-24/006452,STU0366,Tuition Fee,4000,11-05-2023,01-05-2023,2023-24
INV/2025-26/023635,STU0327,Tuition Fee,4000,08-10-2025,28-09-2025,2025-26
INV/2025-26/024484,STU0374,Tuition Fee,4000,06-01-2026,27-12-2025,2025-26
INV/2024-25/015220,STU0337,Tuition Fee,4000,07-03-2025,25-02-2025,2024-25
INV/2023-24/008641,STU0487,Annual Fee,8000,16-04-2023,01-04-2023,2023-24
INV/2024-25/014897,STU0319,Annual Fee,8000,16-04-2024,01-04-2024,2024-25
INV/2024-25/009738,STU0030,Tuition Fee,2000,09-08-2024,30-07-2024,2024-25
INV/2025-26/024864,STU0395,Tuition Fee,4000,07-03-2026,25-02-2026,2025-26
INV/2023-24/004028,STU0231,Tuition Fee,3000,07-11-2023,28-10-2023,2023-24
INV/2025-26/021481,STU0207,Annual Fee,6000,16-04-2025,01-04-2025,2025-26
INV/2023-24/004169,STU0239,Tuition Fee,3000,09-08-2023,30-07-2023,2023-24
INV/2024-25/009493,STU0015,Sports Fee,1000,16-04-2024,01-04-2024,2024-25
INV/2023-24/000518,STU0031,Tuition Fee,2000,07-11-2023,28-10-2023,2023-24
INV/2023-24/009173,STU0517,Tuition Fee,4000,09-08-2023,30-07-2023,2023-24
INV/2023-24/008073,STU0456,Tuition Fee,4000,10-06-2023,31-05-2023,2023-24
INV/2024-25/017424,STU0460,Tuition Fee,4000,11-05-2024,01-05-2024,2024-25
INV/2023-24/008487,STU0479,Tuition Fee,4000,10-06-2023,31-05-2023,2023-24
INV/2024-25/017292,STU0452,Lab Fee,2000,16-04-2024,01-04-2024,2024-25
INV/2024-25/016891,STU0430,Tuition Fee,4000,07-12-2024,27-11-2024,2024-25
INV/2023-24/007688,STU0434,Lab Fee,2000,16-04-2023,01-04-2023,2023-24
INV/2023-24/007855,STU0444,Tuition Fee,4000,11-04-2023,01-04-2023,2023-24
INV/2024-25/011439,STU0127,Tuition Fee,3000,05-02-2025,26-01-2025,2024-25
INV/2025-26/024458,STU0373,Tuition Fee,4000,11-05-2025,01-05-2025,2025-26
INV/2025-26/023726,STU0332,Tuition Fee,4000,07-11-2025,28-10-2025,2025-26
INV/2023-24/002551,STU0149,Tuition Fee,3000,08-10-2023,28-09-2023,2023-24
INV/2023-24/002656,STU0155,Tuition Fee,3000,10-07-2023,30-06-2023,2023-24
INV/2024-25/011545,STU0133,Tuition Fee,3000,07-12-2024,27-11-2024,2024-25
INV/2024-25/017782,STU0479,Exam Fee,500,13-10-2024,28-09-2024,2024-25
INV/2025-26/021469,STU0207,Tuition Fee,3000,11-04-2025,01-04-2025,2025-26
INV/2024-25/015583,STU0357,Library Fee,1000,16-04-2024,01-04-2024,2024-25
INV/2023-24/000287,STU0017,Sports Fee,1000,16-04-2023,01-04-2023,2023-24
INV/2023-24/005143,STU0293,Tuition Fee,3000,08-10-2023,28-09-2023,2023-24
INV/2023-24/008361,STU0472,Tuition Fee,4000,10-06-2023,31-05-2023,2023-24
INV/2025-26/020634,STU0160,Tuition Fee,3000,07-03-2026,25-02-2026,2025-26
INV/2025-26/024313,STU0365,Tuition Fee,4000,11-04-2025,01-04-2025,2025-26
INV/2024-25/011865,STU0151,Tuition Fee,3000,09-08-2024,30-07-2024,2024-25
INV/2023-24/005417,STU0308,Tuition Fee,3000,05-02-2024,26-01-2024,2023-24
INV/2024-25/017105,STU0442,Tuition Fee,4000,08-10-2024,28-09-2024,2024-25
INV/2024-25/012087,STU0163,Tuition Fee,3000,05-02-2025,26-01-2025,2024-25
INV/2023-24/005732,STU0326,Tuition Fee,4000,11-05-2023,01-05-2023,2023-24
INV/2023-24/007205,STU0407,Exam Fee,500,16-04-2023,01-04-2023,2023-24
INV/2024-25/009478,STU0014,Exam Fee,250,13-10-2024,28-09-2024,2024-25
INV/2024-25/009277,STU0003,Tuition Fee,2000,10-06-2024,31-05-2024,2024-25
INV/2024-25/013787,STU0258,Tuition Fee,3000,11-04-2024,01-04-2024,2024-25
INV/2023-24/007489,STU0423,Annual Fee,8000,16-04-2023,01-04-2023,2023-24
INV/2023-24/007003,STU0396,Annual Fee,8000,16-04-2023,01-04-2023,2023-24
INV/2023-24/005622,STU0319,Exam Fee,375,13-10-2023,28-09-2023,2023-24
INV/2023-24/002984,STU0173,Tuition Fee,3000,07-11-2023,28-10-2023,2023-24
INV/2023-24/002455,STU0144,Tuition Fee,3000,11-04-2023,01-04-2023,2023-24
INV/2025-26/024944,STU0400,Tuition Fee,4000,11-05-2025,01-05-2025,2025-26
INV/2023-24/008309,STU0469,Tuition Fee,4000,09-08-2023,30-07-2023,2023-24
INV/2024-25/015774,STU0368,Tuition Fee,4000,07-11-2024,28-10-2024,2024-25
INV/2023-24/001083,STU0064,Tuition Fee,2000,06-03-2024,25-02-2024,2023-24
INV/2023-24/002213,STU0130,Tuition Fee,3000,05-02-2024,26-01-2024,2023-24
INV/2023-24/002318,STU0136,Tuition Fee,3000,07-11-2023,28-10-2023,2023-24
INV/2024-25/016216,STU0392,Exam Fee,500,13-10-2024,28-09-2024,2024-25
INV/2023-24/004850,STU0277,Tuition Fee,3000,11-05-2023,01-05-2023,2023-24
INV/2023-24/007795,STU0440,Annual Fee,8000,16-04-2023,01-04-2023,2023-24
INV/2025-26/018632,STU0049,Tuition Fee,3000,07-11-2025,28-10-2025,2025-26
INV/2024-25/012518,STU0187,Tuition Fee,3000,06-01-2025,27-12-2024,2024-25
INV/2023-24/007298,STU0413,Tuition Fee,4000,11-05-2023,01-05-2023,2023-24
INV/2025-26/020905,STU0175,Annual Fee,6000,16-04-2025,01-04-2025,2025-26
INV/2023-24/002790,STU0162,Tuition Fee,3000,06-03-2024,25-02-2024,2023-24
INV/2025-26/023375,STU0312,Exam Fee,500,16-04-2025,01-04-2025,2025-26
INV/2025-26/019364,STU0090,Tuition Fee,3000,11-05-2025,01-05-2025,2025-26
INV/2025-26/021362,STU0201,Tuition Fee,3000,11-05-2025,01-05-2025,2025-26
INV/2023-24/000546,STU0033,Tuition Fee,2000,11-05-2023,01-05-2023,2023-24
INV/2025-26/021889,STU0230,Tuition Fee,3000,08-10-2025,28-09-2025,2025-26
INV/2023-24/003460,STU0199,Sports Fee,1000,16-04-2023,01-04-2023,2023-24
INV/2025-26/022753,STU0278,Tuition Fee,4000,08-10-2025,28-09-2025,2025-26
INV/2025-26/020900,STU0175,Tuition Fee,3000,07-11-2025,28-10-2025,2025-26
INV/2025-26/020734,STU0166,Tuition Fee,3000,10-07-2025,30-06-2025,2025-26
INV/2024-25/014240,STU0283,Tuition Fee,4000,10-07-2024,30-06-2024,2024-25
INV/2023-24/005005,STU0285,Annual Fee,6000,16-04-2023,01-04-2023,2023-24
INV/2023-24/007686,STU0434,Tuition Fee,4000,06-03-2024,25-02-2024,2023-24
INV/2024-25/016115,STU0387,Tuition Fee,4000,08-10-2024,28-09-2024,2024-25
INV/2024-25/012257,STU0173,Tuition Fee,3000,11-04-2024,01-04-2024,2024-25
INV/2024-25/011329,STU0121,Tuition Fee,3000,07-12-2024,27-11-2024,2024-25
INV/2024-25/013967,STU0268,Tuition Fee,3000,11-04-2024,01-04-2024,2024-25
INV/2024-25/015117,STU0331,Exam Fee,500,16-04-2024,01-04-2024,2024-25
INV/2023-24/003603,STU0207,Library Fee,500,16-04-2023,01-04-2023,2023-24
INV/2023-24/007121,STU0403,Tuition Fee,4000,09-08-2023,30-07-2023,2023-24
INV/2025-26/021356,STU0200,Lab Fee,1000,16-04-2025,01-04-2025,2025-26
INV/2025-26/020786,STU0169,Tuition Fee,3000,11-05-2025,01-05-2025,2025-26
INV/2023-24/001508,STU0089,Tuition Fee,2000,06-03-2024,25-02-2024,2023-24
INV/2023-24/002490,STU0145,Exam Fee,375,13-10-2023,28-09-2023,2023-24
INV/2024-25/014276,STU0285,Tuition Fee,4000,10-07-2024,30-06-2024,2024-25
INV/2024-25/010053,STU0048,Library Fee,500,16-04-2024,01-04-2024,2024-25
INV/2023-24/007387,STU0418,Tuition Fee,4000,11-04-2023,01-04-2023,2023-24
INV/2023-24/003405,STU0196,Library Fee,500,16-04-2023,01-04-2023,2023-24
INV/2025-26/024726,STU0387,Exam Fee,500,13-10-2025,28-09-2025,2025-26
INV/2023-24/004186,STU0240,Tuition Fee,3000,10-07-2023,30-06-2023,2023-24
INV/2023-24/000939,STU0056,Tuition Fee,2000,10-07-2023,30-06-2023,2023-24
INV/2024-25/014284,STU0285,Tuition Fee,4000,07-03-2025,25-02-2025,2024-25
INV/2024-25/013232,STU0227,Tuition Fee,3000,10-07-2024,30-06-2024,2024-25
INV/2023-24/007706,STU0435,Lab Fee,2000,16-04-2023,01-04-2023,2023-24
INV/2023-24/005578,STU0317,Tuition Fee,3000,06-01-2024,27-12-2023,2023-24
INV/2025-26/024257,STU0361,Exam Fee,500,16-04-2025,01-04-2025,2025-26
INV/2024-25/014331,STU0288,Tuition Fee,4000,09-08-2024,30-07-2024,2024-25
INV/2024-25/014809,STU0314,Library Fee,1000,16-04-2024,01-04-2024,2024-25
INV/2023-24/007658,STU0433,Tuition Fee,4000,11-05-2023,01-05-2023,2023-24
INV/2025-26/019244,STU0083,Tuition Fee,3000,07-11-2025,28-10-2025,2025-26
INV/2024-25/012192,STU0169,Tuition Fee,3000,07-11-2024,28-10-2024,2024-25
INV/2025-26/020406,STU0147,Exam Fee,375,13-10-2025,28-09-2025,2025-26
INV/2024-25/009426,STU0011,Exam Fee,250,16-04-2024,01-04-2024,2024-25
INV/2023-24/008015,STU0452,Exam Fee,500,16-04-2023,01-04-2023,2023-24
INV/2023-24/005043,STU0287,Library Fee,500,16-04-2023,01-04-2023,2023-24
INV/2024-25/017044,STU0438,Exam Fee,500,13-10-2024,28-09-2024,2024-25
INV/2025-26/022795,STU0280,Annual Fee,8000,16-04-2025,01-04-2025,2025-26
INV/2024-25/012308,STU0175,Sports Fee,1000,16-04-2024,01-04-2024,2024-25
INV/2025-26/022631,STU0271,Tuition Fee,4000,05-02-2026,26-01-2026,2025-26
INV/2024-25/013494,STU0241,Lab Fee,1000,16-04-2024,01-04-2024,2024-25
INV/2023-24/008871,STU0500,Tuition Fee,4000,07-12-2023,27-11-2023,2023-24
INV/2023-24/004095,STU0235,Tuition Fee,3000,10-06-2023,31-05-2023,2023-24
INV/2023-24/004105,STU0235,Annual Fee,6000,16-04-2023,01-04-2023,2023-24
INV/2024-25/012738,STU0199,Lab Fee,1000,16-04-2024,01-04-2024,2024-25
INV/2024-25/013811,STU0259,Tuition Fee,3000,08-10-2024,28-09-2024,2024-25
INV/2023-24/008134,STU0459,Tuition Fee,4000,06-01-2024,27-12-2023,2023-24
INV/2023-24/000915,STU0054,Library Fee,500,16-04-2023,01-04-2023,2023-24
INV/2024-25/011064,STU0106,Lab Fee,1000,16-04-2024,01-04-2024,2024-25
INV/2025-26/019336,STU0088,Tuition Fee,3000,06-01-2026,27-12-2025,2025-26
INV/2024-25/013497,STU0241,Exam Fee,375,16-04-2024,01-04-2024,2024-25
INV/2024-25/016575,STU0412,Exam Fee,500,16-04-2024,01-04-2024,2024-25
INV/2025-26/021098,STU0186,Tuition Fee,3000,07-11-2025,28-10-2025,2025-26
INV/2025-26/025447,STU0428,Tuition Fee,4000,11-04-2025,01-04-2025,2025-26
INV/2023-24/005402,STU0307,Lab Fee,1000,16-04-2023,01-04-2023,2023-24
INV/2024-25/017186,STU0446,Sports Fee,1500,16-04-2024,01-04-2024,2024-25
INV/2023-24/004967,STU0283,Tuition Fee,3000,05-02-2024,26-01-2024,2023-24
INV/2023-24/007672,STU0433,Sports Fee,1500,16-04-2023,01-04-2023,2023-24
INV/2023-24/007211,STU0408,Tuition Fee,4000,09-08-2023,30-07-2023,2023-24
INV/2023-24/002095,STU0124,Tuition Fee,3000,11-04-2023,01-04-2023,2023-24
INV/2024-25/015731,STU0366,Tuition Fee,4000,11-04-2024,01-04-2024,2024-25
INV/2024-25/015474,STU0351,Lab Fee,2000,16-04-2024,01-04-2024,2024-25
INV/2024-25/016246,STU0394,Tuition Fee,4000,07-03-2025,25-02-2025,2024-25
INV/2023-24/007572,STU0428,Tuition Fee,4000,08-09-2023,29-08-2023,2023-24
INV/2024-25/014159,STU0278,Annual Fee,6000,16-04-2024,01-04-2024,2024-25
INV/2025-26/024341,STU0366,Tuition Fee,4000,05-02-2026,26-01-2026,2025-26
INV/2024-25/009668,STU0026,Tuition Fee,2000,10-06-2024,31-05-2024,2024-25
INV/2025-26/024600,STU0380,Exam Fee,500,13-10-2025,28-09-2025,2025-26
INV/2025-26/019346,STU0089,Tuition Fee,3000,11-05-2025,01-05-2025,2025-26
INV/2025-26/021026,STU0182,Tuition Fee,3000,07-11-2025,28-10-2025,2025-26
INV/2023-24/007778,STU0439,Lab Fee,2000,16-04-2023,01-04-2023,2023-24
INV/2025-26/023031,STU0293,Library Fee,1000,16-04-2025,01-04-2025,2025-26
INV/2023-24/008517,STU0480,Library Fee,1000,16-04-2023,01-04-2023,2023-24
INV/2024-25/012934,STU0210,Tuition Fee,3000,07-03-2025,25-02-2025,2024-25
INV/2025-26/018042,STU0015,Tuition Fee,2000,10-07-2025,30-06-2025,2025-26
INV/2023-24/002846,STU0165,Lab Fee,1000,16-04-2023,01-04-2023,2023-24
INV/2024-25/015508,STU0353,Tuition Fee,4000,07-03-2025,25-02-2025,2024-25
INV/2025-26/021451,STU0206,Tuition Fee,3000,11-04-2025,01-04-2025,2025-26
INV/2024-25/011204,STU0114,Tuition Fee,3000,06-01-2025,27-12-2024,2024-25
INV/2025-26/020391,STU0147,Tuition Fee,3000,10-06-2025,31-05-2025,2025-26
INV/2024-25/010471,STU0073,Tuition Fee,2000,08-10-2024,28-09-2024,2024-25
INV/2025-26/018190,STU0023,Exam Fee,250,16-04-2025,01-04-2025,2025-26
INV/2024-25/016337,STU0399,Annual Fee,8000,16-04-2024,01-04-2024,2024-25
INV/2025-26/017930,STU0008,Tuition Fee,2000,05-02-2026,26-01-2026,2025-26
INV/2023-24/001544,STU0091,Library Fee,500,16-04-2023,01-04-2023,2023-24
INV/2024-25/012501,STU0186,Tuition Fee,3000,05-02-2025,26-01-2025,2024-25
INV/2024-25/012379,STU0179,Library Fee,500,16-04-2024,01-04-2024,2024-25
INV/2024-25/016595,STU0414,Tuition Fee,4000,11-04-2024,01-04-2024,2024-25
INV/2025-26/021449,STU0205,Exam Fee,375,16-04-2025,01-04-2025,2025-26
INV/2024-25/012389,STU0180,Tuition Fee,3000,08-10-2024,28-09-2024,2024-25
INV/2025-26/019483,STU0096,Annual Fee,6000,16-04-2025,01-04-2025,2025-26
INV/2024-25/012763,STU0201,Tuition Fee,3000,10-06-2024,31-05-2024,2024-25
INV/2025-26/021348,STU0200,Tuition Fee,3000,08-09-2025,29-08-2025,2025-26
INV/2025-26/018170,STU0022,Annual Fee,5000,16-04-2025,01-04-2025,2025-26
INV/2025-26/023866,STU0340,Tuition Fee,4000,10-07-2025,30-06-2025,2025-26
INV/2024-25/011599,STU0136,Tuition Fee,3000,07-12-2024,27-11-2024,2024-25
INV/2023-24/000846,STU0050,Annual Fee,5000,16-04-2023,01-04-2023,2023-24
INV/2024-25/015851,STU0372,Annual Fee,8000,16-04-2024,01-04-2024,2024-25
INV/2024-25/012150,STU0167,Tuition Fee,3000,11-05-2024,01-05-2024,2024-25
INV/2024-25/012742,STU0199,Exam Fee,375,13-10-2024,28-09-2024,2024-25
INV/2024-25/013737,STU0255,Tuition Fee,3000,09-08-2024,30-07-2024,2024-25
INV/2023-24/006876,STU0389,Tuition Fee,4000,06-03-2024,25-02-2024,2023-24
INV/2024-25/017544,STU0466,Lab Fee,2000,16-04-2024,01-04-2024,2024-25
INV/2024-25/012848,STU0205,Sports Fee,1000,16-04-2024,01-04-2024,2024-25
INV/2025-26/023765,STU0334,Tuition Fee,4000,05-02-2026,26-01-2026,2025-26
INV/2023-24/007411,STU0419,Tuition Fee,4000,08-10-2023,28-09-2023,2023-24
INV/2023-24/006395,STU0362,Exam Fee,500,16-04-2023,01-04-2023,2023-24
INV/2025-26/018109,STU0019,Tuition Fee,2000,10-06-2025,31-05-2025,2025-26
INV/2023-24/002494,STU0146,Tuition Fee,3000,10-07-2023,30-06-2023,2023-24
INV/2025-26/025228,STU0415,Sports Fee,1500,16-04-2025,01-04-2025,2025-26
INV/2023-24/001486,STU0088,Tuition Fee,2000,08-10-2023,28-09-2023,2023-24
INV/2023-24/002358,STU0138,Tuition Fee,3000,06-03-2024,25-02-2024,2023-24
INV/2024-25/015306,STU0342,Tuition Fee,4000,07-11-2024,28-10-2024,2024-25
INV/2024-25/011401,STU0125,Tuition Fee,3000,07-12-2024,27-11-2024,2024-25
INV/2024-25/017560,STU0467,Tuition Fee,4000,07-03-2025,25-02-2025,2024-25
INV/2023-24/000169,STU0010,Exam Fee,250,16-04-2023,01-04-2023,2023-24
INV/2025-26/022762,STU0278,Sports Fee,1500,16-04-2025,01-04-2025,2025-26
INV/2023-24/008966,STU0505,Lab Fee,2000,16-04-2023,01-04-2023,2023-24
INV/2024-25/012116,STU0165,Tuition Fee,3000,10-07-2024,30-06-2024,2024-25
INV/2024-25/013607,STU0248,Tuition Fee,3000,11-04-2024,01-04-2024,2024-25
INV/2025-26/021840,STU0227,Tuition Fee,3000,07-03-2026,25-02-2026,2025-26
INV/2024-25/013712,STU0253,Sports Fee,1000,16-04-2024,01-04-2024,2024-25
INV/2023-24/001737,STU0103,Tuition Fee,2000,10-06-2023,31-05-2023,2023-24
INV/2023-24/007145,STU0404,Tuition Fee,4000,05-02-2024,26-01-2024,2023-24
INV/2024-25/010360,STU0066,Sports Fee,1000,16-04-2024,01-04-2024,2024-25
INV/2024-25/013976,STU0268,Tuition Fee,3000,06-01-2025,27-12-2024,2024-25
INV/2025-26/022986,STU0291,Tuition Fee,4000,08-09-2025,29-08-2025,2025-26
INV/2023-24/005923,STU0336,Annual Fee,8000,16-04-2023,01-04-2023,2023-24
INV/2023-24/006314,STU0358,Tuition Fee,4000,07-11-2023,28-10-2023,2023-24
INV/2025-26/022270,STU0251,Tuition Fee,4000,06-01-2026,27-12-2025,2025-26
INV/2025-26/018044,STU0015,Tuition Fee,2000,08-09-2025,29-08-2025,2025-26
INV/2023-24/000819,STU0049,Tuition Fee,2000,10-06-2023,31-05-2023,2023-24
INV/2023-24/005046,STU0287,Exam Fee,375,13-10-2023,28-09-2023,2023-24
INV/2024-25/011116,STU0109,Tuition Fee,3000,07-03-2025,25-02-2025,2024-25
INV/2024-25/010589,STU0080,Tuition Fee,2000,08-09-2024,29-08-2024,2024-25
INV/2024-25/015755,STU0367,Tuition Fee,4000,08-10-2024,28-09-2024,2024-25
INV/2023-24/002832,STU0164,Exam Fee,375,13-10-2023,28-09-2023,2023-24
INV/2024-25/015811,STU0370,Tuition Fee,4000,07-12-2024,27-11-2024,2024-25
INV/2025-26/019386,STU0091,Tuition Fee,3000,08-09-2025,29-08-2025,2025-26
INV/2024-25/009375,STU0008,Exam Fee,250,16-04-2024,01-04-2024,2024-25
INV/2024-25/013236,STU0227,Tuition Fee,3000,07-11-2024,28-10-2024,2024-25
INV/2023-24/004928,STU0281,Tuition Fee,3000,07-11-2023,28-10-2023,2023-24
INV/2025-26/021832,STU0227,Tuition Fee,3000,10-07-2025,30-06-2025,2025-26
INV/2024-25/011316,STU0120,Lab Fee,1000,16-04-2024,01-04-2024,2024-25
INV/2023-24/003836,STU0220,Lab Fee,1000,16-04-2023,01-04-2023,2023-24
INV/2023-24/009149,STU0515,Exam Fee,500,16-04-2023,01-04-2023,2023-24
INV/2025-26/021633,STU0216,Tuition Fee,3000,10-06-2025,31-05-2025,2025-26
INV/2024-25/013434,STU0238,Tuition Fee,3000,07-11-2024,28-10-2024,2024-25
INV/2024-25/014962,STU0323,Tuition Fee,4000,08-09-2024,29-08-2024,2024-25
INV/2023-24/001793,STU0106,Tuition Fee,2000,07-11-2023,28-10-2023,2023-24
INV/2025-26/021370,STU0201,Tuition Fee,3000,06-01-2026,27-12-2025,2025-26
INV/2023-24/004921,STU0281,Tuition Fee,3000,11-04-2023,01-04-2023,2023-24
INV/2023-24/006679,STU0378,Annual Fee,8000,16-04-2023,01-04-2023,2023-24
INV/2024-25/015282,STU0341,Tuition Fee,4000,11-05-2024,01-05-2024,2024-25
INV/2024-25/011922,STU0154,Tuition Fee,3000,07-11-2024,28-10-2024,2024-25
INV/2024-25/013170,STU0223,Lab Fee,1000,16-04-2024,01-04-2024,2024-25
INV/2025-26/022134,STU0243,Exam Fee,500,13-10-2025,28-09-2025,2025-26
INV/2023-24/003526,STU0203,Tuition Fee,3000,06-01-2024,27-12-2023,2023-24
INV/2025-26/020318,STU0143,Tuition Fee,3000,11-05-2025,01-05-2025,2025-26
INV/2023-24/006022,STU0342,Tuition Fee,4000,10-07-2023,30-06-2023,2023-24
INV/2023-24/009111,STU0513,Library Fee,1000,16-04-2023,01-04-2023,2023-24
INV/2023-24/008557,STU0483,Tuition Fee,4000,11-04-2023,01-04-2023,2023-24
INV/2025-26/020885,STU0174,Tuition Fee,3000,05-02-2026,26-01-2026,2025-26
INV/2025-26/021251,STU0194,Exam Fee,375,16-04-2025,01-04-2025,2025-26
INV/2024-25/013273,STU0229,Tuition Fee,3000,07-12-2024,27-11-2024,2024-25
INV/2023-24/004139,STU0237,Tuition Fee,3000,05-02-2024,26-01-2024,2023-24
INV/2025-26/023386,STU0313,Tuition Fee,4000,06-01-2026,27-12-2025,2025-26
INV/2024-25/016331,STU0399,Tuition Fee,4000,08-10-2024,28-09-2024,2024-25
INV/2023-24/008912,STU0502,Lab Fee,2000,16-04-2023,01-04-2023,2023-24
INV/2025-26/018886,STU0063,Tuition Fee,3000,06-01-2026,27-12-2025,2025-26
INV/2024-25/015139,STU0333,Tuition Fee,4000,10-06-2024,31-05-2024,2024-25
INV/2023-24/009026,STU0509,Tuition Fee,4000,11-05-2023,01-05-2023,2023-24
INV/2024-25/017379,STU0457,Tuition Fee,4000,05-02-2025,26-01-2025,2024-25
INV/2025-26/020332,STU0143,Sports Fee,1000,16-04-2025,01-04-2025,2025-26
INV/2024-25/011715,STU0142,Exam Fee,375,16-04-2024,01-04-2024,2024-25
INV/2025-26/018001,STU0012,Library Fee,500,16-04-2025,01-04-2025,2025-26
INV/2023-24/007547,STU0426,Exam Fee,500,16-04-2023,01-04-2023,2023-24
