receipt_number,invoice_number,amount_paid,payment_date,payment_mode,remarks
RCP/2023-24/000003,INV/2023-24/000004,2000,25-07-2023,CHEQUE,
RCP/2023-24/000005,INV/2023-24/000007,2000,09-10-2023,CASH,
RCP/2023-24/000017,INV/2023-24/000023,2000,07-09-2023,CASH,
RCP/2023-24/000020,INV/2023-24/000026,2000,22-12-2023,UPI,
RCP/2023-24/000021,INV/2023-24/000027,2000,15-01-2024,CASH,
RCP/2023-24/000031,INV/2023-24/000039,2000,24-08-2023,CASH,
RCP/2023-24/000032,INV/2023-24/000040,2000,11-09-2023,ONLINE,
RCP/2023-24/000034,INV/2023-24/000042,2000,13-11-2023,CASH,
RCP/2023-24/000038,INV/2023-24/000046,2000,13-03-2024,UPI,
RCP/2023-24/000044,INV/2023-24/000052,2000,18-04-2023,BANK_TRANSFER,
RCP/2023-24/000054,INV/2023-24/000063,2000,21-03-2024,CASH,
RCP/2023-24/000055,INV/2023-24/000064,5000,16-04-2023,UPI,
RCP/2023-24/000062,INV/2023-24/000071,2000,20-06-2023,UPI,
RCP/2023-24/000076,INV/2023-24/000087,2000,07-05-2023,CASH,
RCP/2023-24/000104,INV/2023-24/000122,2000,14-06-2023,UPI,
RCP/2023-24/000106,INV/2023-24/000124,2000,21-08-2023,ONLINE,
RCP/2023-24/000107,INV/2023-24/000125,2000,03-09-2023,ONLINE,
RCP/2023-24/000110,INV/2023-24/000128,2000,07-12-2023,BANK_TRANSFER,
RCP/2023-24/000115,INV/2023-24/000135,250,19-04-2023,UPI,
RCP/2023-24/000120,INV/2023-24/000140,2000,25-07-2023,UPI,
RCP/2023-24/000121,INV/2023-24/000141,2000,07-08-2023,UPI,
RCP/2023-24/000123,INV/2023-24/000143,2000,14-10-2023,CASH,
RCP/2023-24/000125,INV/2023-24/000145,2000,11-12-2023,CASH,
RCP/2023-24/000131,INV/2023-24/000152,250,15-04-2023,UPI,
RCP/2023-24/000133,INV/2023-24/000154,2000,23-04-2023,CHEQUE,
RCP/2023-24/000144,INV/2023-24/000169,250,26-04-2023,UPI,
RCP/2023-24/000145,INV/2023-24/000170,250,11-10-2023,BANK_TRANSFER,
RCP/2023-24/000147,INV/2023-24/000172,2000,22-05-2023,UPI,
RCP/2023-24/000152,INV/2023-24/000177,2000,18-10-2023,UPI,
RCP/2023-24/000153,INV/2023-24/000178,2000,11-11-2023,BANK_TRANSFER,
RCP/2023-24/000155,INV/2023-24/000180,2000,03-01-2024,UPI,
RCP/2023-24/000166,INV/2023-24/000192,2000,16-08-2023,CASH,
RCP/2023-24/000173,INV/2023-24/000201,500,23-04-2023,BANK_TRANSFER,
RCP/2023-24/000180,INV/2023-24/000209,2000,19-08-2023,CASH,
RCP/2023-24/000182,INV/2023-24/000211,2000,15-10-2023,CASH,
RCP/2023-24/000190,INV/2023-24/000221,250,21-10-2023,CASH,
RCP/2023-24/000193,INV/2023-24/000224,2000,06-06-2023,UPI,
RCP/2023-24/000195,INV/2023-24/000227,2000,09-09-2023,ONLINE,
RCP/2023-24/000198,INV/2023-24/000230,2000,12-12-2023,BANK_TRANSFER,
RCP/2023-24/000199,INV/2023-24/000231,2000,15-01-2024,CASH,
RCP/2023-24/000208,INV/2023-24/000240,2000,26-05-2023,CASH,
RCP/2023-24/000212,INV/2023-24/000246,2000,13-11-2023,ONLINE,
RCP/2023-24/000215,INV/2023-24/000249,2000,09-02-2024,UPI,
RCP/2023-24/000225,INV/2023-24/000259,2000,12-07-2023,CASH,
RCP/2023-24/000226,INV/2023-24/000260,2000,10-08-2023,ONLINE,
RCP/2023-24/000229,INV/2023-24/000263,2000,14-11-2023,CASH,
RCP/2023-24/000236,INV/2023-24/000274,2000,24-05-2023,BANK_TRANSFER,
RCP/2023-24/000237,INV/2023-24/000275,2000,18-06-2023,UPI,
RCP/2023-24/000242,INV/2023-24/000280,2000,03-11-2023,UPI,
RCP/2023-24/000249,INV/2023-24/000287,1000,19-04-2023,CASH,
RCP/2023-24/000256,INV/2023-24/000297,2000,16-11-2023,UPI,
RCP/2023-24/000258,INV/2023-24/000300,2000,10-02-2024,ONLINE,
RCP/2023-24/000259,INV/2023-24/000302,5000,15-04-2023,UPI,
RCP/2023-24/000269,INV/2023-24/000316,2000,15-01-2024,BANK_TRANSFER,
RCP/2023-24/000270,INV/2023-24/000317,2000,01-02-2024,CASH,
RCP/2023-24/000287,INV/2023-24/000340,250,11-10-2023,CASH,
RCP/2023-24/000293,INV/2023-24/000346,2000,18-09-2023,UPI,
RCP/2023-24/000295,INV/2023-24/000348,2000,03-11-2023,UPI,
RCP/2023-24/000298,INV/2023-24/000351,2000,06-02-2024,BANK_TRANSFER,
RCP/2023-24/000313,INV/2023-24/000367,2000,16-01-2024,UPI,
RCP/2023-24/000318,INV/2023-24/000374,250,17-10-2023,UPI,
RCP/2023-24/000329,INV/2023-24/000388,500,23-04-2023,CASH,
RCP/2023-24/000339,INV/2023-24/000404,5000,20-04-2023,BANK_TRANSFER,
RCP/2023-24/000346,INV/2023-24/000412,2000,09-07-2023,UPI,
RCP/2023-24/000348,INV/2023-24/000416,2000,04-11-2023,UPI,
RCP/2023-24/000353,INV/2023-24/000421,5000,18-04-2023,UPI,
RCP/2023-24/000355,INV/2023-24/000423,1000,16-04-2023,ONLINE,
RCP/2023-24/000361,INV/2023-24/000429,2000,18-07-2023,CASH,
RCP/2023-24/000375,INV/2023-24/000445,2000,08-06-2023,UPI,
RCP/2023-24/000379,INV/2023-24/000450,2000,22-11-2023,BANK_TRANSFER,
RCP/2023-24/000382,INV/2023-24/000453,2000,08-02-2024,CASH,
RCP/2023-24/000384,INV/2023-24/000455,5000,24-04-2023,CASH,
RCP/2023-24/000385,INV/2023-24/000456,500,16-04-2023,BANK_TRANSFER,
RCP/2023-24/000386,INV/2023-24/000459,250,15-10-2023,UPI,
RCP/2023-24/000397,INV/2023-24/000470,2000,19-02-2024,CASH,
RCP/2023-24/000399,INV/2023-24/000472,5000,20-04-2023,CASH,
RCP/2023-24/000400,INV/2023-24/000473,500,23-04-2023,BANK_TRANSFER,
RCP/2023-24/000412,INV/2023-24/000487,2000,07-02-2024,CASH,
RCP/2023-24/000416,INV/2023-24/000491,1000,22-04-2023,ONLINE,
RCP/2023-24/000436,INV/2023-24/000518,2000,17-11-2023,BANK_TRANSFER,
RCP/2023-24/000438,INV/2023-24/000520,2000,12-01-2024,UPI,
RCP/2023-24/000440,INV/2023-24/000523,5000,21-04-2023,CASH,
RCP/2023-24/000449,INV/2023-24/000532,2000,24-08-2023,CASH,
RCP/2023-24/000454,INV/2023-24/000538,2000,16-02-2024,CASH,
RCP/2023-24/000456,INV/2023-24/000540,5000,16-04-2023,BANK_TRANSFER,
RCP/2023-24/000460,INV/2023-24/000545,2000,19-04-2023,BANK_TRANSFER,
RCP/2023-24/000465,INV/2023-24/000553,2000,08-12-2023,UPI,
RCP/2023-24/000478,INV/2023-24/000568,2000,18-10-2023,ONLINE,
RCP/2023-24/000480,INV/2023-24/000570,2000,10-12-2023,UPI,
RCP/2023-24/000496,INV/2023-24/000590,2000,02-03-2024,UPI,
RCP/2023-24/000502,INV/2023-24/000596,2000,19-04-2023,CASH,
RCP/2023-24/000512,INV/2023-24/000609,500,16-04-2023,CASH,
RCP/2023-24/000516,INV/2023-24/000613,2000,06-04-2023,UPI,
RCP/2023-24/000530,INV/2023-24/000631,2000,22-05-2023,CHEQUE,
RCP/2023-24/000531,INV/2023-24/000632,2000,25-06-2023,CASH,
RCP/2023-24/000536,INV/2023-24/000637,2000,10-11-2023,UPI,
RCP/2023-24/000537,INV/2023-24/000638,2000,12-12-2023,UPI,
RCP/2023-24/000542,INV/2023-24/000644,1000,22-04-2023,CASH,
RCP/2023-24/000545,INV/2023-24/000647,2000,26-04-2023,CASH,
RCP/2023-24/000562,INV/2023-24/000666,2000,11-06-2023,CHEQUE,
RCP/2023-24/000589,INV/2023-24/000697,250,19-10-2023,BANK_TRANSFER,
RCP/2023-24/000602,INV/2023-24/000711,500,20-04-2023,UPI,
RCP/2023-24/000607,INV/2023-24/000718,2000,06-07-2023,ONLINE,
RCP/2023-24/000608,INV/2023-24/000719,2000,11-08-2023,CASH,
RCP/2023-24/000613,INV/2023-24/000726,2000,03-03-2024,UPI,
RCP/2023-24/000620,INV/2023-24/000735,2000,16-07-2023,BANK_TRANSFER,
RCP/2023-24/000638,INV/2023-24/000756,2000,13-11-2023,CHEQUE,
RCP/2023-24/000640,INV/2023-24/000758,2000,01-01-2024,UPI,
RCP/2023-24/000641,INV/2023-24/000759,2000,31-01-2024,CASH,
RCP/2023-24/000642,INV/2023-24/000760,2000,05-03-2024,UPI,
RCP/2023-24/000645,INV/2023-24/000763,1000,16-04-2023,ONLINE,
RCP/2023-24/000649,INV/2023-24/000767,2000,26-05-2023,ONLINE,
RCP/2023-24/000665,INV/2023-24/000788,2000,23-09-2023,CASH,
RCP/2023-24/000668,INV/2023-24/000791,2000,02-12-2023,ONLINE,
RCP/2023-24/000669,INV/2023-24/000792,2000,19-01-2024,CASH,
RCP/2023-24/000673,INV/2023-24/000796,500,25-04-2023,CASH,
RCP/2023-24/000680,INV/2023-24/000807,2000,21-11-2023,BANK_TRANSFER,
RCP/2023-24/000688,INV/2023-24/000817,2000,19-04-2023,BANK_TRANSFER,
RCP/2023-24/000690,INV/2023-24/000819,2000,24-06-2023,UPI,
RCP/2023-24/000693,INV/2023-24/000823,2000,18-10-2023,ONLINE,
RCP/2023-24/000696,INV/2023-24/000826,2000,07-01-2024,UPI,
RCP/2023-24/000712,INV/2023-24/000843,2000,20-01-2024,CASH,
RCP/2023-24/000715,INV/2023-24/000846,5000,24-04-2023,CASH,
RCP/2023-24/000720,INV/2023-24/000852,2000,16-05-2023,CASH,
RCP/2023-24/000721,INV/2023-24/000853,2000,09-06-2023,CASH,
RCP/2023-24/000724,INV/2023-24/000857,2000,13-10-2023,UPI,
RCP/2023-24/000726,INV/2023-24/000860,2000,18-01-2024,BANK_TRANSFER,
RCP/2023-24/000740,INV/2023-24/000876,2000,02-12-2023,UPI,
RCP/2023-24/000743,INV/2023-24/000880,5000,15-04-2023,UPI,
RCP/2023-24/000751,INV/2023-24/000890,2000,16-09-2023,ONLINE,
RCP/2023-24/000753,INV/2023-24/000893,2000,09-12-2023,UPI,
RCP/2023-24/000755,INV/2023-24/000895,2000,18-02-2024,CASH,
RCP/2023-24/000760,INV/2023-24/000900,250,21-04-2023,ONLINE,
RCP/2023-24/000763,INV/2023-24/000903,2000,07-05-2023,UPI,
RCP/2023-24/000771,INV/2023-24/000912,2000,08-02-2024,UPI,
RCP/2023-24/000773,INV/2023-24/000915,500,17-04-2023,UPI,
RCP/2023-24/000774,INV/2023-24/000916,1000,21-04-2023,UPI,
RCP/2023-24/000791,INV/2023-24/000934,250,25-04-2023,UPI,
RCP/2023-24/000794,INV/2023-24/000937,2000,16-05-2023,UPI,
RCP/2023-24/000796,INV/2023-24/000939,2000,23-07-2023,UPI,
RCP/2023-24/000803,INV/2023-24/000948,5000,25-04-2023,CHEQUE,
RCP/2023-24/000808,INV/2023-24/000954,2000,19-05-2023,ONLINE,
RCP/2023-24/000817,INV/2023-24/000966,500,26-04-2023,CASH,
RCP/2023-24/000828,INV/2023-24/000978,2000,05-12-2023,UPI,
RCP/2023-24/000839,INV/2023-24/000990,2000,05-07-2023,ONLINE,
RCP/2023-24/000844,INV/2023-24/000995,2000,03-12-2023,BANK_TRANSFER,
RCP/2023-24/000848,INV/2023-24/000999,5000,14-04-2023,UPI,
RCP/2023-24/000854,INV/2023-24/001008,2000,19-08-2023,UPI,
RCP/2023-24/000856,INV/2023-24/001010,2000,08-10-2023,CASH,
RCP/2023-24/000857,INV/2023-24/001012,2000,16-12-2023,UPI,
RCP/2023-24/000869,INV/2023-24/001027,2000,12-10-2023,BANK_TRANSFER,
RCP/2023-24/000876,INV/2023-24/001035,1000,18-04-2023,CASH,
RCP/2023-24/000881,INV/2023-24/001040,2000,17-06-2023,UPI,
RCP/2023-24/000886,INV/2023-24/001047,2000,02-01-2024,CASH,
RCP/2023-24/000888,INV/2023-24/001050,5000,24-04-2023,CASH,
RCP/2023-24/000895,INV/2023-24/001059,2000,19-08-2023,BANK_TRANSFER,
RCP/2023-24/000905,INV/2023-24/001072,2000,10-04-2023,CASH,
RCP/2023-24/000909,INV/2023-24/001077,2000,16-09-2023,CASH,
RCP/2023-24/000912,INV/2023-24/001080,2000,15-12-2023,CASH,
RCP/2023-24/000913,INV/2023-24/001081,2000,07-01-2024,CASH,
RCP/2023-24/000915,INV/2023-24/001083,2000,09-03-2024,BANK_TRANSFER,
RCP/2023-24/000918,INV/2023-24/001087,250,15-04-2023,CHEQUE,
RCP/2023-24/000923,INV/2023-24/001093,2000,21-08-2023,UPI,
RCP/2023-24/000929,INV/2023-24/001099,2000,07-02-2024,BANK_TRANSFER,
RCP/2023-24/000932,INV/2023-24/001102,500,18-04-2023,UPI,
RCP/2023-24/000933,INV/2023-24/001103,1000,17-04-2023,UPI,
RCP/2023-24/000934,INV/2023-24/001104,250,15-04-2023,CASH,
RCP/2023-24/000935,INV/2023-24/001105,250,23-10-2023,CASH,
RCP/2023-24/000938,INV/2023-24/001108,2000,25-06-2023,UPI,
RCP/2023-24/000939,INV/2023-24/001109,2000,15-07-2023,UPI,
RCP/2023-24/000965,INV/2023-24/001135,5000,19-04-2023,BANK_TRANSFER,
RCP/2023-24/000980,INV/2023-24/001152,5000,15-04-2023,BANK_TRANSFER,
RCP/2023-24/000981,INV/2023-24/001153,500,17-04-2023,BANK_TRANSFER,
RCP/2023-24/000987,INV/2023-24/001160,2000,14-07-2023,ONLINE,
RCP/2023-24/001004,INV/2023-24/001180,2000,21-10-2023,UPI,
RCP/2023-24/001017,INV/2023-24/001196,2000,08-09-2023,CASH,
RCP/2023-24/001022,INV/2023-24/001201,2000,15-02-2024,CASH,
RCP/2023-24/001036,INV/2023-24/001215,2000,04-11-2023,CASH,
RCP/2023-24/001037,INV/2023-24/001216,2000,11-12-2023,CASH,
RCP/2023-24/001039,INV/2023-24/001218,2000,10-02-2024,CASH,
RCP/2023-24/001047,INV/2023-24/001231,2000,09-10-2023,CASH,
RCP/2023-24/001051,INV/2023-24/001235,2000,17-02-2024,UPI,
RCP/2023-24/001053,INV/2023-24/001237,5000,17-04-2023,BANK_TRANSFER,
RCP/2023-24/001055,INV/2023-24/001239,1000,25-04-2023,UPI,
RCP/2023-24/001057,INV/2023-24/001241,250,23-10-2023,BANK_TRANSFER,
RCP/2023-24/001060,INV/2023-24/001244,2000,08-06-2023,CASH,
RCP/2023-24/001063,INV/2023-24/001248,2000,05-10-2023,CHEQUE,
RCP/2023-24/001071,INV/2023-24/001256,1000,24-04-2023,BANK_TRANSFER,
RCP/2023-24/001075,INV/2023-24/001261,2000,15-06-2023,UPI,
RCP/2023-24/001076,INV/2023-24/001262,2000,21-07-2023,CHEQUE,
RCP/2023-24/001078,INV/2023-24/001265,2000,10-10-2023,CASH,
RCP/2023-24/001079,INV/2023-24/001266,2000,15-11-2023,UPI,
RCP/2023-24/001083,INV/2023-24/001270,2000,01-03-2024,UPI,
RCP/2023-24/001086,INV/2023-24/001274,250,23-04-2023,UPI,
RCP/2023-24/001087,INV/2023-24/001275,250,13-10-2023,CHEQUE,
RCP/2023-24/001089,INV/2023-24/001277,2000,15-05-2023,CHEQUE,
RCP/2023-24/001090,INV/2023-24/001281,2000,07-09-2023,ONLINE,
RCP/2023-24/001094,INV/2023-24/001285,2000,09-01-2024,CASH,
RCP/2023-24/001098,INV/2023-24/001289,500,23-04-2023,CHEQUE,
RCP/2023-24/001116,INV/2023-24/001311,2000,24-05-2023,ONLINE,
RCP/2023-24/001124,INV/2023-24/001319,2000,16-01-2024,BANK_TRANSFER,
RCP/2023-24/001131,INV/2023-24/001331,2000,18-08-2023,UPI,
RCP/2023-24/001138,INV/2023-24/001340,500,20-04-2023,CASH,
RCP/2023-24/001143,INV/2023-24/001346,2000,13-06-2023,CASH,
RCP/2023-24/001149,INV/2023-24/001352,2000,22-12-2023,CASH,
RCP/2023-24/001166,INV/2023-24/001372,2000,06-03-2024,CASH,
RCP/2023-24/001172,INV/2023-24/001378,2000,22-04-2023,BANK_TRANSFER,
RCP/2023-24/001174,INV/2023-24/001381,2000,19-07-2023,BANK_TRANSFER,
RCP/2023-24/001175,INV/2023-24/001383,2000,20-09-2023,BANK_TRANSFER,
RCP/2023-24/001176,INV/2023-24/001384,2000,16-10-2023,UPI,
RCP/2023-24/001180,INV/2023-24/001389,2000,18-03-2024,UPI,
RCP/2023-24/001185,INV/2023-24/001394,250,11-10-2023,CASH,
RCP/2023-24/001188,INV/2023-24/001398,2000,16-07-2023,ONLINE,
RCP/2023-24/001189,INV/2023-24/001399,2000,21-08-2023,UPI,
RCP/2023-24/001190,INV/2023-24/001400,2000,09-09-2023,UPI,
RCP/2023-24/001198,INV/2023-24/001409,1000,21-04-2023,UPI,
RCP/2023-24/001217,INV/2023-24/001432,2000,15-07-2023,BANK_TRANSFER,
RCP/2023-24/001230,INV/2023-24/001449,2000,08-07-2023,ONLINE,
RCP/2023-24/001234,INV/2023-24/001453,2000,14-11-2023,UPI,
RCP/2023-24/001247,INV/2023-24/001467,2000,23-08-2023,BANK_TRANSFER,
RCP/2023-24/001248,INV/2023-24/001468,2000,18-09-2023,CASH,
RCP/2023-24/001251,INV/2023-24/001473,2000,13-02-2024,UPI,
RCP/2023-24/001257,INV/2023-24/001482,2000,16-06-2023,BANK_TRANSFER,
RCP/2023-24/001258,INV/2023-24/001483,2000,24-07-2023,CASH,
RCP/2023-24/001259,INV/2023-24/001484,2000,13-08-2023,ONLINE,
RCP/2023-24/001262,INV/2023-24/001489,2000,10-01-2024,UPI,
RCP/2023-24/001271,INV/2023-24/001498,2000,18-05-2023,UPI,
RCP/2023-24/001272,INV/2023-24/001499,2000,20-06-2023,CASH,
RCP/2023-24/001279,INV/2023-24/001508,2000,04-03-2024,BANK_TRANSFER,
RCP/2023-24/001283,INV/2023-24/001512,250,13-04-2023,CHEQUE,
RCP/2023-24/001287,INV/2023-24/001516,2000,07-06-2023,BANK_TRANSFER,
RCP/2023-24/001288,INV/2023-24/001517,2000,10-07-2023,CHEQUE,
RCP/2023-24/001289,INV/2023-24/001518,2000,14-08-2023,CASH,
RCP/2023-24/001292,INV/2023-24/001522,2000,21-12-2023,CASH,
RCP/2023-24/001300,INV/2023-24/001533,2000,10-06-2023,CASH,
RCP/2023-24/001302,INV/2023-24/001538,2000,12-11-2023,BANK_TRANSFER,
RCP/2023-24/001307,INV/2023-24/001544,500,21-04-2023,ONLINE,
RCP/2023-24/001309,INV/2023-24/001546,250,24-04-2023,BANK_TRANSFER,
RCP/2023-24/001310,INV/2023-24/001547,250,12-10-2023,CHEQUE,
RCP/2023-24/001311,INV/2023-24/001548,2000,06-04-2023,UPI,
RCP/2023-24/001314,INV/2023-24/001552,2000,22-08-2023,UPI,
RCP/2023-24/001326,INV/2023-24/001567,2000,19-06-2023,UPI,
RCP/2023-24/001333,INV/2023-24/001575,2000,02-02-2024,CHEQUE,
RCP/2023-24/001337,INV/2023-24/001581,250,22-10-2023,CASH,
RCP/2023-24/001347,INV/2023-24/001592,2000,14-02-2024,UPI,
RCP/2023-24/001352,INV/2023-24/001597,250,13-04-2023,UPI,
RCP/2023-24/001355,INV/2023-24/001600,2000,25-05-2023,BANK_TRANSFER,
RCP/2023-24/001363,INV/2023-24/001611,5000,18-04-2023,ONLINE,
RCP/2023-24/001368,INV/2023-24/001616,2000,26-04-2023,CASH,
RCP/2023-24/001370,INV/2023-24/001619,2000,23-07-2023,UPI,
RCP/2023-24/001379,INV/2023-24/001631,250,22-04-2023,UPI,
RCP/2023-24/001380,INV/2023-24/001632,250,21-10-2023,ONLINE,
RCP/2023-24/001382,INV/2023-24/001634,2000,10-05-2023,CHEQUE,
RCP/2023-24/001386,INV/2023-24/001638,2000,12-09-2023,CASH,
RCP/2023-24/001389,INV/2023-24/001642,2000,15-01-2024,UPI,
RCP/2023-24/001404,INV/2023-24/001660,2000,06-02-2024,UPI,
RCP/2023-24/001409,INV/2023-24/001666,250,16-10-2023,CASH,
RCP/2023-24/001414,INV/2023-24/001671,2000,07-08-2023,UPI,
RCP/2023-24/001437,INV/2023-24/001695,2000,18-03-2024,BANK_TRANSFER,
RCP/2023-24/001439,INV/2023-24/001697,500,20-04-2023,CASH,
RCP/2023-24/001446,INV/2023-24/001704,2000,13-07-2023,CASH,
RCP/2023-24/001452,INV/2023-24/001711,2000,03-02-2024,CHEQUE,
RCP/2023-24/001462,INV/2023-24/001725,2000,13-11-2023,UPI,
RCP/2023-24/001465,INV/2023-24/001729,2000,02-03-2024,CHEQUE,
RCP/2023-24/001471,INV/2023-24/001736,2000,21-05-2023,BANK_TRANSFER,
RCP/2023-24/001472,INV/2023-24/001737,2000,10-06-2023,UPI,
RCP/2023-24/001473,INV/2023-24/001738,2000,21-07-2023,CASH,
RCP/2023-24/001476,INV/2023-24/001743,2000,13-12-2023,CASH,
RCP/2023-24/001480,INV/2023-24/001747,5000,17-04-2023,BANK_TRANSFER,
RCP/2023-24/001481,INV/2023-24/001748,500,21-04-2023,UPI,
RCP/2023-24/001482,INV/2023-24/001749,1000,19-04-2023,UPI,
RCP/2023-24/001485,INV/2023-24/001752,2000,15-04-2023,UPI,
RCP/2023-24/001498,INV/2023-24/001768,250,17-10-2023,CASH,
RCP/2023-24/001500,INV/2023-24/001771,2000,24-06-2023,CHEQUE,
RCP/2023-24/001501,INV/2023-24/001772,2000,07-07-2023,CASH,
RCP/2023-24/001506,INV/2023-24/001778,2000,01-01-2024,UPI,
RCP/2023-24/001507,INV/2023-24/001780,2000,09-03-2024,UPI,
RCP/2023-24/001509,INV/2023-24/001782,500,13-04-2023,ONLINE,
RCP/2023-24/001511,INV/2023-24/001784,250,17-04-2023,CASH,
RCP/2023-24/001518,INV/2023-24/001793,2000,03-11-2023,UPI,
RCP/2023-24/001519,INV/2023-24/001795,2000,13-01-2024,UPI,
RCP/2023-24/001520,INV/2023-24/001796,2000,03-02-2024,CASH,
RCP/2023-24/001523,INV/2023-24/001800,1000,19-04-2023,UPI,
RCP/2023-24/001528,INV/2023-24/001806,2000,07-07-2023,UPI,
RCP/2023-24/001532,INV/2023-24/001810,2000,17-11-2023,ONLINE,
RCP/2023-24/001544,INV/2023-24/001825,2000,11-09-2023,BANK_TRANSFER,
RCP/2023-24/001550,INV/2023-24/001832,5000,22-04-2023,UPI,
RCP/2023-24/001557,INV/2023-24/001840,2000,15-07-2023,UPI,
RCP/2023-24/001562,INV/2023-24/001846,2000,16-01-2024,UPI,
RCP/2023-24/001572,INV/2023-24/001858,2000,15-08-2023,UPI,
RCP/2023-24/001578,INV/2023-24/001864,2000,07-02-2024,BANK_TRANSFER,
RCP/2023-24/001581,INV/2023-24/001868,1000,20-04-2023,UPI,
RCP/2023-24/001588,INV/2023-24/001878,2000,06-11-2023,CHEQUE,
RCP/2023-24/001595,INV/2023-24/001886,250,24-04-2023,CASH,
RCP/2023-24/001605,INV/2023-24/001899,2000,08-03-2024,CHEQUE,
RCP/2023-24/001607,INV/2023-24/001901,500,23-04-2023,BANK_TRANSFER,
RCP/2023-24/001624,INV/2023-24/001921,250,23-10-2023,UPI,
RCP/2023-24/001637,INV/2023-24/001936,1000,15-04-2023,CASH,
RCP/2023-24/001638,INV/2023-24/001937,250,13-04-2023,CASH,
RCP/2023-24/001643,INV/2023-24/001944,2000,15-09-2023,CASH,
RCP/2023-24/001647,INV/2023-24/001949,2000,07-02-2024,UPI,
RCP/2023-24/001650,INV/2023-24/001952,500,26-04-2023,UPI,
RCP/2023-24/001653,INV/2023-24/001955,250,11-10-2023,CASH,
RCP/2023-24/001656,INV/2023-24/001958,2000,13-06-2023,ONLINE,
RCP/2023-24/001664,INV/2023-24/001968,5000,22-04-2023,CHEQUE,
RCP/2023-24/001667,INV/2023-24/001972,250,13-10-2023,UPI,
RCP/2023-24/001669,INV/2023-24/001974,2000,24-05-2023,UPI,
RCP/2023-24/001670,INV/2023-24/001975,2000,17-06-2023,UPI,
RCP/2023-24/001672,INV/2023-24/001977,2000,21-08-2023,UPI,
RCP/2023-24/001676,INV/2023-24/001982,2000,06-01-2024,UPI,
RCP/2023-24/001678,INV/2023-24/001984,2000,20-03-2024,CASH,
RCP/2023-24/001682,INV/2023-24/001988,250,26-04-2023,CASH,
RCP/2023-24/001685,INV/2023-24/001991,2000,08-05-2023,BANK_TRANSFER,
RCP/2023-24/001688,INV/2023-24/001995,2000,07-09-2023,UPI,
RCP/2023-24/001693,INV/2023-24/002000,2000,04-02-2024,UPI,
RCP/2023-24/001701,INV/2023-24/002009,2000,09-06-2023,CHEQUE,
RCP/2023-24/001711,INV/2023-24/002022,250,15-04-2023,ONLINE,
RCP/2023-24/001714,INV/2023-24/002025,2000,17-05-2023,ONLINE,
RCP/2023-24/001719,INV/2023-24/002030,2000,04-10-2023,BANK_TRANSFER,
RCP/2023-24/001720,INV/2023-24/002031,2000,16-11-2023,CASH,
RCP/2023-24/001725,INV/2023-24/002036,5000,25-04-2023,UPI,
RCP/2023-24/001751,INV/2023-24/002064,3000,17-09-2023,UPI,
RCP/2023-24/001752,INV/2023-24/002065,3000,14-10-2023,ONLINE,
RCP/2023-24/001755,INV/2023-24/002070,3000,02-03-2024,UPI,
RCP/2023-24/001758,INV/2023-24/002074,1000,14-04-2023,UPI,
RCP/2023-24/001774,INV/2023-24/002095,3000,21-04-2023,CASH,
RCP/2023-24/001775,INV/2023-24/002096,3000,12-05-2023,CHEQUE,
RCP/2023-24/001777,INV/2023-24/002098,3000,23-07-2023,BANK_TRANSFER,
RCP/2023-24/001778,INV/2023-24/002099,3000,11-08-2023,BANK_TRANSFER,
RCP/2023-24/001791,INV/2023-24/002117,3000,19-08-2023,UPI,
RCP/2023-24/001803,INV/2023-24/002130,375,11-10-2023,UPI,
RCP/2023-24/001813,INV/2023-24/002142,3000,09-03-2024,CASH,
RCP/2023-24/001814,INV/2023-24/002143,6000,14-04-2023,CASH,
RCP/2023-24/001817,INV/2023-24/002146,1000,20-04-2023,UPI,
RCP/2023-24/001818,INV/2023-24/002147,375,22-04-2023,UPI,
RCP/2023-24/001825,INV/2023-24/002156,3000,10-11-2023,UPI,
RCP/2023-24/001833,INV/2023-24/002164,1000,20-04-2023,BANK_TRANSFER,
RCP/2023-24/001835,INV/2023-24/002166,375,11-10-2023,UPI,
RCP/2023-24/001848,INV/2023-24/002181,500,13-04-2023,CASH,
RCP/2023-24/001857,INV/2023-24/002193,3000,06-12-2023,CASH,
RCP/2023-24/001860,INV/2023-24/002196,3000,15-03-2024,UPI,
RCP/2023-24/001867,INV/2023-24/002203,3000,25-04-2023,CASH,
RCP/2023-24/001871,INV/2023-24/002207,3000,24-08-2023,CASH,
RCP/2023-24/001879,INV/2023-24/002217,500,25-04-2023,CHEQUE,
RCP/2023-24/001911,INV/2023-24/002255,375,26-04-2023,UPI,
RCP/2023-24/001914,INV/2023-24/002258,3000,18-05-2023,ONLINE,
RCP/2023-24/001921,INV/2023-24/002269,6000,21-04-2023,UPI,
RCP/2023-24/001922,INV/2023-24/002270,1000,19-04-2023,CASH,
RCP/2023-24/001924,INV/2023-24/002272,1000,13-04-2023,UPI,
RCP/2023-24/001934,INV/2023-24/002285,3000,08-02-2024,BANK_TRANSFER,
RCP/2023-24/001945,INV/2023-24/002296,3000,19-07-2023,CASH,
RCP/2023-24/001951,INV/2023-24/002303,3000,05-02-2024,CHEQUE,
RCP/2023-24/001954,INV/2023-24/002307,500,20-04-2023,UPI,
RCP/2023-24/001956,INV/2023-24/002309,375,16-04-2023,CASH,
RCP/2023-24/001963,INV/2023-24/002318,3000,06-11-2023,CASH,
RCP/2023-24/001965,INV/2023-24/002321,3000,31-01-2024,UPI,
RCP/2023-24/001966,INV/2023-24/002322,3000,19-03-2024,BANK_TRANSFER,
RCP/2023-24/001977,INV/2023-24/002333,3000,08-08-2023,UPI,
RCP/2023-24/001982,INV/2023-24/002338,3000,08-01-2024,UPI,
RCP/2023-24/001994,INV/2023-24/002352,3000,16-09-2023,ONLINE,
RCP/2023-24/001995,INV/2023-24/002353,3000,20-10-2023,CHEQUE,
RCP/2023-24/001999,INV/2023-24/002358,3000,06-03-2024,ONLINE,
RCP/2023-24/002002,INV/2023-24/002361,500,23-04-2023,CHEQUE,
RCP/2023-24/002006,INV/2023-24/002369,3000,15-08-2023,BANK_TRANSFER,
RCP/2023-24/002019,INV/2023-24/002383,3000,14-04-2023,BANK_TRANSFER,
RCP/2023-24/002020,INV/2023-24/002384,3000,16-05-2023,CASH,
RCP/2023-24/002036,INV/2023-24/002403,3000,17-06-2023,CASH,
RCP/2023-24/002044,INV/2023-24/002414,1000,24-04-2023,BANK_TRANSFER,
RCP/2023-24/002045,INV/2023-24/002415,500,22-04-2023,CASH,
RCP/2023-24/002053,INV/2023-24/002423,3000,13-08-2023,UPI,
RCP/2023-24/002054,INV/2023-24/002424,3000,03-09-2023,CASH,
RCP/2023-24/002061,INV/2023-24/002434,1000,16-04-2023,UPI,
RCP/2023-24/002064,INV/2023-24/002437,3000,25-04-2023,CASH,
RCP/2023-24/002066,INV/2023-24/002439,3000,25-06-2023,UPI,
RCP/2023-24/002067,INV/2023-24/002440,3000,17-07-2023,CASH,
RCP/2023-24/002080,INV/2023-24/002455,3000,18-04-2023,UPI,
RCP/2023-24/002083,INV/2023-24/002458,3000,12-07-2023,UPI,
RCP/2023-24/002086,INV/2023-24/002461,3000,21-10-2023,UPI,
RCP/2023-24/002117,INV/2023-24/002494,3000,14-07-2023,UPI,
RCP/2023-24/002127,INV/2023-24/002504,1000,20-04-2023,UPI,
RCP/2023-24/002132,INV/2023-24/002510,3000,25-05-2023,ONLINE,
RCP/2023-24/002135,INV/2023-24/002513,3000,08-08-2023,UPI,
RCP/2023-24/002145,INV/2023-24/002523,500,13-04-2023,CASH,
RCP/2023-24/002148,INV/2023-24/002527,3000,14-04-2023,CHEQUE,
RCP/2023-24/002156,INV/2023-24/002536,3000,18-01-2024,UPI,
RCP/2023-24/002159,INV/2023-24/002539,6000,17-04-2023,UPI,
RCP/2023-24/002162,INV/2023-24/002542,1000,21-04-2023,CASH,
RCP/2023-24/002166,INV/2023-24/002546,3000,07-05-2023,CHEQUE,
RCP/2023-24/002170,INV/2023-24/002551,3000,23-10-2023,CASH,
RCP/2023-24/002173,INV/2023-24/002554,3000,17-01-2024,UPI,
RCP/2023-24/002175,INV/2023-24/002557,6000,25-04-2023,ONLINE,
RCP/2023-24/002180,INV/2023-24/002563,3000,24-04-2023,ONLINE,
RCP/2023-24/002189,INV/2023-24/002576,1000,13-04-2023,BANK_TRANSFER,
RCP/2023-24/002190,INV/2023-24/002577,500,16-04-2023,ONLINE,
RCP/2023-24/002197,INV/2023-24/002585,3000,14-08-2023,CASH,
RCP/2023-24/002200,INV/2023-24/002588,3000,08-11-2023,CASH,
RCP/2023-24/002208,INV/2023-24/002597,375,22-04-2023,CASH,
RCP/2023-24/002210,INV/2023-24/002599,3000,12-04-2023,CASH,
RCP/2023-24/002213,INV/2023-24/002602,3000,09-07-2023,UPI,
RCP/2023-24/002214,INV/2023-24/002603,3000,23-08-2023,BANK_TRANSFER,
RCP/2023-24/002216,INV/2023-24/002605,3000,13-10-2023,BANK_TRANSFER,
RCP/2023-24/002218,INV/2023-24/002607,3000,05-12-2023,CASH,
RCP/2023-24/002219,INV/2023-24/002608,3000,08-01-2024,BANK_TRANSFER,
RCP/2023-24/002220,INV/2023-24/002609,3000,01-02-2024,CASH,
RCP/2023-24/002221,INV/2023-24/002610,3000,08-03-2024,BANK_TRANSFER,
RCP/2023-24/002222,INV/2023-24/002611,6000,26-04-2023,UPI,
RCP/2023-24/002227,INV/2023-24/002616,375,16-10-2023,UPI,
RCP/2023-24/002232,INV/2023-24/002621,3000,04-08-2023,CASH,
RCP/2023-24/002235,INV/2023-24/002625,3000,12-12-2023,UPI,
RCP/2023-24/002239,INV/2023-24/002629,6000,16-04-2023,CASH,
RCP/2023-24/002240,INV/2023-24/002630,1000,22-04-2023,CASH,
RCP/2023-24/002243,INV/2023-24/002634,375,12-10-2023,UPI,
RCP/2023-24/002252,INV/2023-24/002644,3000,14-01-2024,CASH,
RCP/2023-24/002256,INV/2023-24/002648,1000,16-04-2023,CHEQUE,
RCP/2023-24/002259,INV/2023-24/002651,375,16-04-2023,UPI,
RCP/2023-24/002263,INV/2023-24/002655,3000,19-06-2023,UPI,
RCP/2023-24/002264,INV/2023-24/002656,3000,10-07-2023,CHEQUE,
RCP/2023-24/002265,INV/2023-24/002657,3000,11-08-2023,CHEQUE,
RCP/2023-24/002270,INV/2023-24/002662,3000,21-01-2024,ONLINE,
RCP/2023-24/002279,INV/2023-24/002673,3000,20-06-2023,UPI,
RCP/2023-24/002280,INV/2023-24/002675,3000,04-08-2023,UPI,
RCP/2023-24/002291,INV/2023-24/002689,3000,06-04-2023,ONLINE,
RCP/2023-24/002305,INV/2023-24/002703,500,13-04-2023,UPI,
RCP/2023-24/002315,INV/2023-24/002713,3000,21-10-2023,UPI,
RCP/2023-24/002316,INV/2023-24/002714,3000,12-11-2023,CASH,
RCP/2023-24/002317,INV/2023-24/002715,3000,22-12-2023,UPI,
RCP/2023-24/002319,INV/2023-24/002717,3000,01-02-2024,CASH,
RCP/2023-24/002340,INV/2023-24/002739,500,17-04-2023,UPI,
RCP/2023-24/002341,INV/2023-24/002740,1000,21-04-2023,BANK_TRANSFER,
RCP/2023-24/002344,INV/2023-24/002745,3000,25-06-2023,BANK_TRANSFER,
RCP/2023-24/002350,INV/2023-24/002753,3000,09-02-2024,ONLINE,
RCP/2023-24/002356,INV/2023-24/002761,3000,15-04-2023,UPI,
RCP/2023-24/002359,INV/2023-24/002765,3000,23-08-2023,CASH,
RCP/2023-24/002360,INV/2023-24/002766,3000,08-09-2023,CASH,
RCP/2023-24/002361,INV/2023-24/002767,3000,10-10-2023,UPI,
RCP/2023-24/002364,INV/2023-24/002771,3000,19-02-2024,CASH,
RCP/2023-24/002365,INV/2023-24/002772,3000,13-03-2024,CASH,
RCP/2023-24/002370,INV/2023-24/002777,375,17-04-2023,UPI,
RCP/2023-24/002373,INV/2023-24/002780,3000,24-05-2023,BANK_TRANSFER,
RCP/2023-24/002375,INV/2023-24/002783,3000,07-08-2023,ONLINE,
RCP/2023-24/002377,INV/2023-24/002785,3000,04-10-2023,UPI,
RCP/2023-24/002380,INV/2023-24/002788,3000,09-01-2024,UPI,
RCP/2023-24/002382,INV/2023-24/002790,3000,10-03-2024,UPI,
RCP/2023-24/002384,INV/2023-24/002792,1000,26-04-2023,BANK_TRANSFER,
RCP/2023-24/002386,INV/2023-24/002794,1000,22-04-2023,UPI,
RCP/2023-24/002390,INV/2023-24/002798,3000,12-05-2023,UPI,
RCP/2023-24/002400,INV/2023-24/002809,6000,16-04-2023,ONLINE,
RCP/2023-24/002402,INV/2023-24/002811,500,13-04-2023,CASH,
RCP/2023-24/002404,INV/2023-24/002813,375,16-04-2023,CASH,
RCP/2023-24/002408,INV/2023-24/002817,3000,14-06-2023,CASH,
RCP/2023-24/002415,INV/2023-24/002824,3000,18-01-2024,ONLINE,
RCP/2023-24/002417,INV/2023-24/002826,3000,18-03-2024,UPI,
RCP/2023-24/002423,INV/2023-24/002832,375,17-10-2023,CASH,
RCP/2023-24/002426,INV/2023-24/002836,3000,21-07-2023,BANK_TRANSFER,
RCP/2023-24/002428,INV/2023-24/002838,3000,21-09-2023,UPI,
RCP/2023-24/002444,INV/2023-24/002860,3000,19-01-2024,UPI,
RCP/2023-24/002445,INV/2023-24/002861,3000,03-02-2024,UPI,
RCP/2023-24/002447,INV/2023-24/002863,6000,19-04-2023,ONLINE,
RCP/2023-24/002448,INV/2023-24/002864,1000,16-04-2023,CHEQUE,
RCP/2023-24/002452,INV/2023-24/002868,375,22-10-2023,CHEQUE,
RCP/2023-24/002461,INV/2023-24/002877,3000,05-12-2023,CHEQUE,
RCP/2023-24/002475,INV/2023-24/002893,3000,08-10-2023,UPI,
RCP/2023-24/002481,INV/2023-24/002901,500,19-04-2023,CASH,
RCP/2023-24/002486,INV/2023-24/002908,3000,11-07-2023,UPI,
RCP/2023-24/002496,INV/2023-24/002920,1000,22-04-2023,BANK_TRANSFER,
RCP/2023-24/002503,INV/2023-24/002927,3000,11-08-2023,CHEQUE,
RCP/2023-24/002513,INV/2023-24/002940,375,13-10-2023,CASH,
RCP/2023-24/002522,INV/2023-24/002950,3000,03-01-2024,UPI,
RCP/2023-24/002531,INV/2023-24/002961,3000,13-06-2023,UPI,
RCP/2023-24/002534,INV/2023-24/002966,3000,08-11-2023,CASH,
RCP/2023-24/002539,INV/2023-24/002971,6000,13-04-2023,CASH,
RCP/2023-24/002547,INV/2023-24/002980,3000,18-07-2023,ONLINE,
RCP/2023-24/002549,INV/2023-24/002982,3000,13-09-2023,CASH,
RCP/2023-24/002557,INV/2023-24/002991,500,20-04-2023,CASH,
RCP/2023-24/002563,INV/2023-24/002997,3000,13-06-2023,UPI,
RCP/2023-24/002565,INV/2023-24/002999,3000,13-08-2023,CHEQUE,
RCP/2023-24/002574,INV/2023-24/003009,500,15-04-2023,UPI,
RCP/2023-24/002576,INV/2023-24/003011,375,21-04-2023,CASH,
RCP/2023-24/002583,INV/2023-24/003020,3000,21-11-2023,CHEQUE,
RCP/2023-24/002592,INV/2023-24/003032,3000,08-05-2023,UPI,
RCP/2023-24/002600,INV/2023-24/003042,3000,09-03-2024,UPI,
RCP/2023-24/002604,INV/2023-24/003046,1000,13-04-2023,UPI,
RCP/2023-24/002611,INV/2023-24/003053,3000,06-08-2023,CASH,
RCP/2023-24/002630,INV/2023-24/003082,1000,16-04-2023,UPI,
RCP/2023-24/002632,INV/2023-24/003084,375,16-10-2023,ONLINE,
RCP/2023-24/002634,INV/2023-24/003087,3000,17-06-2023,UPI,
RCP/2023-24/002637,INV/2023-24/003090,3000,07-09-2023,BANK_TRANSFER,
RCP/2023-24/002639,INV/2023-24/003092,3000,06-11-2023,BANK_TRANSFER,
RCP/2023-24/002642,INV/2023-24/003096,3000,17-03-2024,UPI,
RCP/2023-24/002651,INV/2023-24/003107,3000,06-08-2023,UPI,
RCP/2023-24/002652,INV/2023-24/003108,3000,13-09-2023,UPI,
RCP/2023-24/002656,INV/2023-24/003112,3000,03-01-2024,CASH,
RCP/2023-24/002661,INV/2023-24/003120,375,10-10-2023,UPI,
RCP/2023-24/002667,INV/2023-24/003128,3000,09-11-2023,CASH,
RCP/2023-24/002672,INV/2023-24/003135,500,24-04-2023,BANK_TRANSFER,
RCP/2023-24/002686,INV/2023-24/003152,1000,18-04-2023,CHEQUE,
RCP/2023-24/002692,INV/2023-24/003158,3000,11-05-2023,CASH,
RCP/2023-24/002695,INV/2023-24/003161,3000,23-08-2023,UPI,
RCP/2023-24/002703,INV/2023-24/003170,1000,26-04-2023,BANK_TRANSFER,
RCP/2023-24/002707,INV/2023-24/003175,3000,11-04-2023,CASH,
RCP/2023-24/002715,INV/2023-24/003184,3000,03-01-2024,CHEQUE,
RCP/2023-24/002719,INV/2023-24/003189,500,20-04-2023,BANK_TRANSFER,
RCP/2023-24/002723,INV/2023-24/003194,3000,25-05-2023,ONLINE,
RCP/2023-24/002725,INV/2023-24/003197,3000,24-08-2023,UPI,
RCP/2023-24/002728,INV/2023-24/003200,3000,09-11-2023,UPI,
RCP/2023-24/002742,INV/2023-24/003215,3000,13-08-2023,UPI,
RCP/2023-24/002746,INV/2023-24/003219,3000,06-12-2023,CASH,
RCP/2023-24/002747,INV/2023-24/003220,3000,06-01-2024,CASH,
RCP/2023-24/002754,INV/2023-24/003227,375,16-04-2023,UPI,
RCP/2023-24/002757,INV/2023-24/003233,3000,16-08-2023,CASH,
RCP/2023-24/002760,INV/2023-24/003236,3000,07-11-2023,CASH,
RCP/2023-24/002762,INV/2023-24/003239,3000,09-02-2024,UPI,
RCP/2023-24/002767,INV/2023-24/003244,1000,18-04-2023,ONLINE,
RCP/2023-24/002768,INV/2023-24/003245,375,24-04-2023,UPI,
RCP/2023-24/002783,INV/2023-24/003262,1000,26-04-2023,ONLINE,
RCP/2023-24/002784,INV/2023-24/003263,375,23-04-2023,CHEQUE,
RCP/2023-24/002790,INV/2023-24/003269,3000,10-08-2023,CASH,
RCP/2023-24/002799,INV/2023-24/003279,500,15-04-2023,UPI,
RCP/2023-24/002801,INV/2023-24/003281,375,19-04-2023,ONLINE,
RCP/2023-24/002810,INV/2023-24/003290,3000,18-11-2023,UPI,
RCP/2023-24/002811,INV/2023-24/003291,3000,17-12-2023,UPI,
RCP/2023-24/002815,INV/2023-24/003295,6000,25-04-2023,UPI,
RCP/2023-24/002820,INV/2023-24/003301,3000,20-04-2023,UPI,
RCP/2023-24/002823,INV/2023-24/003304,3000,20-07-2023,UPI,
RCP/2023-24/002829,INV/2023-24/003312,3000,02-03-2024,BANK_TRANSFER,
RCP/2023-24/002838,INV/2023-24/003321,3000,16-06-2023,CASH,
RCP/2023-24/002841,INV/2023-24/003324,3000,03-09-2023,CHEQUE,
RCP/2023-24/002845,INV/2023-24/003328,3000,18-01-2024,CASH,
RCP/2023-24/002846,INV/2023-24/003329,3000,14-02-2024,CHEQUE,
RCP/2023-24/002852,INV/2023-24/003337,3000,13-04-2023,CHEQUE,
RCP/2023-24/002856,INV/2023-24/003342,3000,15-09-2023,BANK_TRANSFER,
RCP/2023-24/002859,INV/2023-24/003345,3000,05-12-2023,BANK_TRANSFER,
RCP/2023-24/002864,INV/2023-24/003350,1000,18-04-2023,BANK_TRANSFER,
RCP/2023-24/002868,INV/2023-24/003354,375,12-10-2023,UPI,
RCP/2023-24/002869,INV/2023-24/003355,3000,26-04-2023,UPI,
RCP/2023-24/002876,INV/2023-24/003363,3000,05-12-2023,UPI,
RCP/2023-24/002877,INV/2023-24/003364,3000,06-01-2024,UPI,
RCP/2023-24/002881,INV/2023-24/003368,1000,13-04-2023,UPI,
RCP/2023-24/002883,INV/2023-24/003370,1000,16-04-2023,CASH,
RCP/2023-24/002885,INV/2023-24/003373,3000,26-04-2023,CHEQUE,
RCP/2023-24/002898,INV/2023-24/003387,500,22-04-2023,CASH,
RCP/2023-24/002906,INV/2023-24/003396,3000,21-09-2023,CASH,
RCP/2023-24/002908,INV/2023-24/003398,3000,06-11-2023,CASH,
RCP/2023-24/002909,INV/2023-24/003399,3000,09-12-2023,CASH,
RCP/2023-24/002913,INV/2023-24/003403,6000,19-04-2023,CASH,
RCP/2023-24/002914,INV/2023-24/003405,500,22-04-2023,UPI,
RCP/2023-24/002917,INV/2023-24/003408,375,18-10-2023,ONLINE,
RCP/2023-24/002919,INV/2023-24/003410,3000,09-05-2023,CASH,
RCP/2023-24/002921,INV/2023-24/003412,3000,13-07-2023,CASH,
RCP/2023-24/002927,INV/2023-24/003418,3000,05-01-2024,CASH,
RCP/2023-24/002930,INV/2023-24/003421,6000,21-04-2023,BANK_TRANSFER,
RCP/2023-24/002936,INV/2023-24/003427,3000,23-04-2023,UPI,
RCP/2023-24/002937,INV/2023-24/003428,3000,25-05-2023,ONLINE,
RCP/2023-24/002938,INV/2023-24/003429,3000,19-06-2023,BANK_TRANSFER,
RCP/2023-24/002944,INV/2023-24/003436,3000,13-01-2024,BANK_TRANSFER,
RCP/2023-24/002945,INV/2023-24/003437,3000,16-02-2024,CASH,
RCP/2023-24/002949,INV/2023-24/003441,500,22-04-2023,UPI,
RCP/2023-24/002955,INV/2023-24/003448,3000,10-07-2023,UPI,
RCP/2023-24/002958,INV/2023-24/003451,3000,08-10-2023,UPI,
RCP/2023-24/002963,INV/2023-24/003456,3000,19-03-2024,UPI,
RCP/2023-24/002967,INV/2023-24/003460,1000,22-04-2023,CASH,
RCP/2023-24/002978,INV/2023-24/003472,3000,01-01-2024,UPI,
RCP/2023-24/002980,INV/2023-24/003474,3000,15-03-2024,CHEQUE,
RCP/2023-24/002981,INV/2023-24/003475,6000,26-04-2023,CASH,
RCP/2023-24/002985,INV/2023-24/003481,3000,12-04-2023,BANK_TRANSFER,
RCP/2023-24/003001,INV/2023-24/003498,375,16-10-2023,BANK_TRANSFER,
RCP/2023-24/003008,INV/2023-24/003506,3000,10-11-2023,CASH,
RCP/2023-24/003021,INV/2023-24/003520,3000,25-07-2023,ONLINE,
RCP/2023-24/003023,INV/2023-24/003522,3000,17-09-2023,CASH,
RCP/2023-24/003026,INV/2023-24/003526,3000,03-01-2024,UPI,
RCP/2023-24/003028,INV/2023-24/003529,6000,20-04-2023,ONLINE,
RCP/2023-24/003031,INV/2023-24/003532,1000,23-04-2023,CHEQUE,
RCP/2023-24/003032,INV/2023-24/003533,375,13-04-2023,CASH,
RCP/2023-24/003035,INV/2023-24/003536,3000,13-05-2023,UPI,
RCP/2023-24/003037,INV/2023-24/003539,3000,24-08-2023,UPI,
RCP/2023-24/003043,INV/2023-24/003546,3000,17-03-2024,UPI,
RCP/2023-24/003051,INV/2023-24/003554,3000,26-05-2023,UPI,
RCP/2023-24/003055,INV/2023-24/003558,3000,05-09-2023,UPI,
RCP/2023-24/003060,INV/2023-24/003564,3000,06-03-2024,BANK_TRANSFER,
RCP/2023-24/003063,INV/2023-24/003568,1000,19-04-2023,BANK_TRANSFER,
RCP/2023-24/003065,INV/2023-24/003571,3000,20-04-2023,BANK_TRANSFER,
RCP/2023-24/003067,INV/2023-24/003574,3000,23-07-2023,CASH,
RCP/2023-24/003072,INV/2023-24/003581,3000,18-02-2024,UPI,
RCP/2023-24/003073,INV/2023-24/003582,3000,01-03-2024,ONLINE,
RCP/2023-24/003077,INV/2023-24/003587,375,21-04-2023,ONLINE,
RCP/2023-24/003081,INV/2023-24/003591,3000,18-06-2023,UPI,
RCP/2023-24/003084,INV/2023-24/003595,3000,23-10-2023,UPI,
RCP/2023-24/003085,INV/2023-24/003597,3000,03-12-2023,CASH,
RCP/2023-24/003089,INV/2023-24/003601,6000,20-04-2023,BANK_TRANSFER,
RCP/2023-24/003116,INV/2023-24/003632,3000,13-11-2023,CASH,
RCP/2023-24/003129,INV/2023-24/003649,3000,11-10-2023,CHEQUE,
RCP/2023-24/003139,INV/2023-24/003660,375,23-10-2023,CHEQUE,
RCP/2023-24/003141,INV/2023-24/003663,3000,21-06-2023,UPI,
RCP/2023-24/003142,INV/2023-24/003664,3000,18-07-2023,UPI,
RCP/2023-24/003143,INV/2023-24/003665,3000,16-08-2023,UPI,
RCP/2023-24/003153,INV/2023-24/003677,375,16-04-2023,CASH,
RCP/2023-24/003155,INV/2023-24/003679,3000,25-04-2023,CHEQUE,
RCP/2023-24/003159,INV/2023-24/003684,3000,12-09-2023,CASH,
RCP/2023-24/003164,INV/2023-24/003692,1000,13-04-2023,CASH,
RCP/2023-24/003166,INV/2023-24/003695,375,20-04-2023,CASH,
RCP/2023-24/003167,INV/2023-24/003696,375,18-10-2023,UPI,
RCP/2023-24/003168,INV/2023-24/003697,3000,18-04-2023,CASH,
RCP/2023-24/003171,INV/2023-24/003700,3000,06-07-2023,UPI,
RCP/2023-24/003173,INV/2023-24/003704,3000,05-11-2023,UPI,
RCP/2023-24/003176,INV/2023-24/003709,6000,26-04-2023,UPI,
RCP/2023-24/003178,INV/2023-24/003711,500,16-04-2023,UPI,
RCP/2023-24/003190,INV/2023-24/003725,3000,13-02-2024,CASH,
RCP/2023-24/003211,INV/2023-24/003748,1000,24-04-2023,CASH,
RCP/2023-24/003212,INV/2023-24/003749,375,14-04-2023,UPI,
RCP/2023-24/003223,INV/2023-24/003760,3000,13-01-2024,UPI,
RCP/2023-24/003228,INV/2023-24/003765,500,13-04-2023,CASH,
RCP/2023-24/003232,INV/2023-24/003769,3000,13-04-2023,UPI,
RCP/2023-24/003234,INV/2023-24/003771,3000,19-06-2023,CASH,
RCP/2023-24/003235,INV/2023-24/003773,3000,20-08-2023,ONLINE,
RCP/2023-24/003240,INV/2023-24/003779,3000,17-02-2024,CHEQUE,
RCP/2023-24/003253,INV/2023-24/003792,3000,11-09-2023,CASH,
RCP/2023-24/003257,INV/2023-24/003797,3000,19-02-2024,UPI,
RCP/2023-24/003258,INV/2023-24/003798,3000,19-03-2024,CASH,
RCP/2023-24/003260,INV/2023-24/003801,500,19-04-2023,CASH,
RCP/2023-24/003274,INV/2023-24/003818,1000,15-04-2023,UPI,
RCP/2023-24/003281,INV/2023-24/003825,3000,09-06-2023,CHEQUE,
RCP/2023-24/003291,INV/2023-24/003836,1000,17-04-2023,BANK_TRANSFER,
RCP/2023-24/003295,INV/2023-24/003840,375,21-10-2023,UPI,
RCP/2023-24/003306,INV/2023-24/003851,3000,16-02-2024,UPI,
RCP/2023-24/003307,INV/2023-24/003852,3000,05-03-2024,CASH,
RCP/2023-24/003310,INV/2023-24/003855,500,19-04-2023,ONLINE,
RCP/2023-24/003314,INV/2023-24/003860,3000,24-05-2023,ONLINE,
RCP/2023-24/003315,INV/2023-24/003861,3000,25-06-2023,ONLINE,
RCP/2023-24/003316,INV/2023-24/003862,3000,22-07-2023,UPI,
RCP/2023-24/003318,INV/2023-24/003866,3000,14-11-2023,CHEQUE,
RCP/2023-24/003319,INV/2023-24/003867,3000,08-12-2023,CHEQUE,
RCP/2023-24/003336,INV/2023-24/003887,3000,08-02-2024,CASH,
RCP/2023-24/003349,INV/2023-24/003901,3000,15-10-2023,CASH,
RCP/2023-24/003355,INV/2023-24/003908,1000,23-04-2023,BANK_TRANSFER,
RCP/2023-24/003356,INV/2023-24/003909,500,15-04-2023,UPI,
RCP/2023-24/003359,INV/2023-24/003914,3000,15-05-2023,BANK_TRANSFER,
RCP/2023-24/003374,INV/2023-24/003930,375,22-10-2023,CHEQUE,
RCP/2023-24/003379,INV/2023-24/003935,3000,22-08-2023,BANK_TRANSFER,
RCP/2023-24/003383,INV/2023-24/003940,3000,02-01-2024,UPI,
RCP/2023-24/003385,INV/2023-24/003942,3000,10-03-2024,UPI,
RCP/2023-24/003386,INV/2023-24/003943,6000,16-04-2023,CASH,
RCP/2023-24/003387,INV/2023-24/003944,1000,26-04-2023,UPI,
RCP/2023-24/003394,INV/2023-24/003952,3000,07-07-2023,CASH,
RCP/2023-24/003396,INV/2023-24/003954,3000,21-09-2023,ONLINE,
RCP/2023-24/003398,INV/2023-24/003956,3000,22-11-2023,CASH,
RCP/2023-24/003400,INV/2023-24/003958,3000,03-01-2024,CHEQUE,
RCP/2023-24/003402,INV/2023-24/003961,6000,21-04-2023,UPI,
RCP/2023-24/003406,INV/2023-24/003965,375,24-04-2023,CASH,
RCP/2023-24/003407,INV/2023-24/003966,375,19-10-2023,UPI,
RCP/2023-24/003410,INV/2023-24/003970,3000,15-07-2023,UPI,
RCP/2023-24/003420,INV/2023-24/003986,3000,17-05-2023,CHEQUE,
RCP/2023-24/003434,INV/2023-24/004002,375,17-10-2023,CASH,
RCP/2023-24/003436,INV/2023-24/004004,3000,14-05-2023,CASH,
RCP/2023-24/003438,INV/2023-24/004006,3000,15-07-2023,BANK_TRANSFER,
RCP/2023-24/003440,INV/2023-24/004009,3000,11-10-2023,BANK_TRANSFER,
RCP/2023-24/003444,INV/2023-24/004013,3000,18-02-2024,CHEQUE,
RCP/2023-24/003447,INV/2023-24/004016,1000,22-04-2023,CASH,
RCP/2023-24/003451,INV/2023-24/004022,3000,16-05-2023,UPI,
RCP/2023-24/003457,INV/2023-24/004028,3000,03-11-2023,CHEQUE,
RCP/2023-24/003465,INV/2023-24/004038,375,11-10-2023,UPI,
RCP/2023-24/003471,INV/2023-24/004044,3000,21-09-2023,UPI,
RCP/2023-24/003472,INV/2023-24/004045,3000,10-10-2023,CASH,
RCP/2023-24/003480,INV/2023-24/004055,375,14-04-2023,ONLINE,
RCP/2023-24/003490,INV/2023-24/004067,3000,18-02-2024,CASH,
RCP/2023-24/003493,INV/2023-24/004070,1000,20-04-2023,CASH,
RCP/2023-24/003494,INV/2023-24/004071,500,17-04-2023,CHEQUE,
RCP/2023-24/003497,INV/2023-24/004075,3000,12-04-2023,UPI,
RCP/2023-24/003503,INV/2023-24/004082,3000,22-11-2023,UPI,
RCP/2023-24/003504,INV/2023-24/004083,3000,19-12-2023,CASH,
RCP/2023-24/003515,INV/2023-24/004095,3000,09-06-2023,CHEQUE,
RCP/2023-24/003516,INV/2023-24/004096,3000,20-07-2023,CASH,
RCP/2023-24/003517,INV/2023-24/004097,3000,23-08-2023,CASH,
RCP/2023-24/003519,INV/2023-24/004099,3000,07-10-2023,UPI,
RCP/2023-24/003520,INV/2023-24/004100,3000,19-11-2023,UPI,
RCP/2023-24/003522,INV/2023-24/004102,3000,14-01-2024,BANK_TRANSFER,
RCP/2023-24/003525,INV/2023-24/004105,6000,20-04-2023,UPI,
RCP/2023-24/003533,INV/2023-24/004115,3000,24-08-2023,CASH,
RCP/2023-24/003535,INV/2023-24/004117,3000,19-10-2023,CASH,
RCP/2023-24/003537,INV/2023-24/004119,3000,18-12-2023,UPI,
RCP/2023-24/003543,INV/2023-24/004127,375,19-04-2023,CHEQUE,
RCP/2023-24/003549,INV/2023-24/004135,3000,16-10-2023,ONLINE,
RCP/2023-24/003551,INV/2023-24/004137,3000,09-12-2023,CHEQUE,
RCP/2023-24/003553,INV/2023-24/004139,3000,02-02-2024,UPI,
RCP/2023-24/003554,INV/2023-24/004141,6000,20-04-2023,CASH,
RCP/2023-24/003559,INV/2023-24/004146,375,13-10-2023,CASH,
RCP/2023-24/003564,INV/2023-24/004152,3000,10-09-2023,CASH,
RCP/2023-24/003565,INV/2023-24/004153,3000,14-10-2023,CASH,
RCP/2023-24/003568,INV/2023-24/004156,3000,07-01-2024,CASH,
RCP/2023-24/003571,INV/2023-24/004159,6000,18-04-2023,UPI,
RCP/2023-24/003574,INV/2023-24/004162,1000,13-04-2023,UPI,
RCP/2023-24/003580,INV/2023-24/004169,3000,22-08-2023,CASH,
RCP/2023-24/003583,INV/2023-24/004172,3000,06-11-2023,UPI,
RCP/2023-24/003587,INV/2023-24/004178,1000,24-04-2023,UPI,
RCP/2023-24/003591,INV/2023-24/004182,375,16-10-2023,UPI,
RCP/2023-24/003592,INV/2023-24/004184,3000,16-05-2023,BANK_TRANSFER,
RCP/2023-24/003593,INV/2023-24/004186,3000,06-07-2023,CASH,
RCP/2023-24/003597,INV/2023-24/004191,3000,15-12-2023,UPI,
RCP/2023-24/003605,INV/2023-24/004200,375,14-10-2023,CASH,
RCP/2023-24/003615,INV/2023-24/004212,3000,11-03-2024,UPI,
RCP/2023-24/003619,INV/2023-24/004217,375,21-04-2023,ONLINE,
RCP/2023-24/003620,INV/2023-24/004218,375,10-10-2023,UPI,
RCP/2023-24/003649,INV/2023-24/004248,3000,21-03-2024,BANK_TRANSFER,
RCP/2023-24/003652,INV/2023-24/004251,500,14-04-2023,CASH,
RCP/2023-24/003656,INV/2023-24/004255,3000,09-04-2023,ONLINE,
RCP/2023-24/003657,INV/2023-24/004256,3000,13-05-2023,CASH,
RCP/2023-24/003658,INV/2023-24/004257,3000,09-06-2023,CASH,
RCP/2023-24/003660,INV/2023-24/004260,3000,21-09-2023,CASH,
RCP/2023-24/003666,INV/2023-24/004267,6000,23-04-2023,CASH,
RCP/2023-24/003674,INV/2023-24/004275,3000,18-06-2023,UPI,
RCP/2023-24/003677,INV/2023-24/004278,3000,23-09-2023,BANK_TRANSFER,
RCP/2023-24/003695,INV/2023-24/004297,3000,21-10-2023,UPI,
RCP/2023-24/003701,INV/2023-24/004304,1000,21-04-2023,ONLINE,
RCP/2023-24/003703,INV/2023-24/004306,1000,21-04-2023,UPI,
RCP/2023-24/003708,INV/2023-24/004311,3000,22-06-2023,BANK_TRANSFER,
RCP/2023-24/003709,INV/2023-24/004312,3000,08-07-2023,UPI,
RCP/2023-24/003710,INV/2023-24/004313,3000,20-08-2023,CASH,
RCP/2023-24/003720,INV/2023-24/004325,375,16-04-2023,UPI,
RCP/2023-24/003724,INV/2023-24/004329,3000,17-06-2023,CHEQUE,
RCP/2023-24/003728,INV/2023-24/004333,3000,12-10-2023,CASH,
RCP/2023-24/003731,INV/2023-24/004336,3000,21-01-2024,UPI,
RCP/2023-24/003738,INV/2023-24/004344,375,11-10-2023,UPI,
RCP/2023-24/003739,INV/2023-24/004345,3000,24-04-2023,UPI,
RCP/2023-24/003742,INV/2023-24/004349,3000,17-08-2023,CHEQUE,
RCP/2023-24/003743,INV/2023-24/004350,3000,09-09-2023,ONLINE,
RCP/2023-24/003744,INV/2023-24/004351,3000,06-10-2023,CASH,
RCP/2023-24/003746,INV/2023-24/004353,3000,03-12-2023,ONLINE,
RCP/2023-24/003756,INV/2023-24/004371,3000,08-12-2023,CASH,
RCP/2023-24/003757,INV/2023-24/004374,3000,09-03-2024,CHEQUE,
RCP/2023-24/003762,INV/2023-24/004381,3000,21-04-2023,CASH,
RCP/2023-24/003763,INV/2023-24/004382,3000,08-05-2023,BANK_TRANSFER,
RCP/2023-24/003768,INV/2023-24/004388,3000,22-11-2023,CASH,
RCP/2023-24/003783,INV/2023-24/004404,3000,16-09-2023,ONLINE,
RCP/2023-24/003785,INV/2023-24/004406,3000,13-11-2023,UPI,
RCP/2023-24/003790,INV/2023-24/004412,1000,24-04-2023,UPI,
RCP/2023-24/003800,INV/2023-24/004423,3000,23-10-2023,UPI,
RCP/2023-24/003806,INV/2023-24/004430,1000,17-04-2023,CASH,
RCP/2023-24/003813,INV/2023-24/004438,3000,21-07-2023,BANK_TRANSFER,
RCP/2023-24/003833,INV/2023-24/004462,3000,11-01-2024,CASH,
RCP/2023-24/003837,INV/2023-24/004466,1000,19-04-2023,BANK_TRANSFER,
RCP/2023-24/003838,INV/2023-24/004467,500,23-04-2023,CASH,
RCP/2023-24/003847,INV/2023-24/004478,3000,14-11-2023,UPI,
RCP/2023-24/003853,INV/2023-24/004486,1000,23-04-2023,CASH,
RCP/2023-24/003854,INV/2023-24/004487,375,15-04-2023,UPI,
RCP/2023-24/003857,INV/2023-24/004490,3000,13-05-2023,CASH,
RCP/2023-24/003859,INV/2023-24/004492,3000,17-07-2023,UPI,
RCP/2023-24/003861,INV/2023-24/004494,3000,20-09-2023,CASH,
RCP/2023-24/003865,INV/2023-24/004498,3000,06-01-2024,UPI,
RCP/2023-24/003866,INV/2023-24/004499,3000,09-02-2024,CASH,
RCP/2023-24/003870,INV/2023-24/004503,500,15-04-2023,ONLINE,
RCP/2023-24/003873,INV/2023-24/004506,375,14-10-2023,CASH,
RCP/2023-24/003874,INV/2023-24/004507,3000,13-04-2023,ONLINE,
RCP/2023-24/003877,INV/2023-24/004512,3000,18-09-2023,UPI,
RCP/2023-24/003884,INV/2023-24/004520,1000,19-04-2023,CASH,
RCP/2023-24/003885,INV/2023-24/004521,500,26-04-2023,CASH,
RCP/2023-24/003889,INV/2023-24/004525,3000,10-04-2023,CHEQUE,
RCP/2023-24/003890,INV/2023-24/004526,3000,08-05-2023,UPI,
RCP/2023-24/003892,INV/2023-24/004528,3000,12-07-2023,UPI,
RCP/2023-24/003893,INV/2023-24/004530,3000,09-09-2023,UPI,
RCP/2023-24/003895,INV/2023-24/004533,3000,03-12-2023,ONLINE,
RCP/2023-24/003897,INV/2023-24/004535,3000,09-02-2024,UPI,
RCP/2023-24/003899,INV/2023-24/004538,1000,23-04-2023,UPI,
RCP/2023-24/003907,INV/2023-24/004546,3000,16-07-2023,UPI,
RCP/2023-24/003908,INV/2023-24/004547,3000,04-08-2023,BANK_TRANSFER,
RCP/2023-24/003909,INV/2023-24/004548,3000,22-09-2023,CHEQUE,
RCP/2023-24/003913,INV/2023-24/004552,3000,18-01-2024,BANK_TRANSFER,
RCP/2023-24/003918,INV/2023-24/004560,375,17-10-2023,UPI,
RCP/2023-24/003923,INV/2023-24/004565,3000,24-08-2023,UPI,
RCP/2023-24/003925,INV/2023-24/004567,3000,22-10-2023,CASH,
RCP/2023-24/003929,INV/2023-24/004572,3000,07-03-2024,UPI,
RCP/2023-24/003930,INV/2023-24/004573,6000,16-04-2023,BANK_TRANSFER,
RCP/2023-24/003942,INV/2023-24/004585,3000,15-10-2023,UPI,
RCP/2023-24/003946,INV/2023-24/004589,3000,10-02-2024,UPI,
RCP/2023-24/003950,INV/2023-24/004594,1000,18-04-2023,CASH,
RCP/2023-24/003953,INV/2023-24/004598,3000,10-05-2023,UPI,
RCP/2023-24/003954,INV/2023-24/004600,3000,16-07-2023,CASH,
RCP/2023-24/003959,INV/2023-24/004605,3000,15-12-2023,CASH,
RCP/2023-24/003965,INV/2023-24/004612,1000,23-04-2023,CASH,
RCP/2023-24/003966,INV/2023-24/004613,375,15-04-2023,BANK_TRANSFER,
RCP/2023-24/003979,INV/2023-24/004627,6000,23-04-2023,CASH,
RCP/2023-24/003980,INV/2023-24/004628,1000,16-04-2023,UPI,
RCP/2023-24/003984,INV/2023-24/004633,3000,10-04-2023,BANK_TRANSFER,
RCP/2023-24/003987,INV/2023-24/004637,3000,18-08-2023,CASH,
RCP/2023-24/003996,INV/2023-24/004649,375,13-04-2023,ONLINE,
RCP/2023-24/004001,INV/2023-24/004654,3000,18-07-2023,CHEQUE,
RCP/2023-24/004004,INV/2023-24/004657,3000,04-10-2023,CASH,
RCP/2023-24/004008,INV/2023-24/004663,6000,18-04-2023,CASH,
RCP/2023-24/004014,INV/2023-24/004669,3000,14-04-2023,UPI,
RCP/2023-24/004017,INV/2023-24/004672,3000,07-07-2023,BANK_TRANSFER,
RCP/2023-24/004027,INV/2023-24/004683,500,23-04-2023,CASH,
RCP/2023-24/004030,INV/2023-24/004686,375,11-10-2023,CASH,
RCP/2023-24/004037,INV/2023-24/004693,3000,13-10-2023,CHEQUE,
RCP/2023-24/004039,INV/2023-24/004695,3000,13-12-2023,UPI,
RCP/2023-24/004042,INV/2023-24/004698,3000,08-03-2024,ONLINE,
RCP/2023-24/004060,INV/2023-24/004718,1000,20-04-2023,CASH,
RCP/2023-24/004061,INV/2023-24/004719,500,13-04-2023,UPI,
RCP/2023-24/004068,INV/2023-24/004727,3000,23-08-2023,CASH,
RCP/2023-24/004071,INV/2023-24/004730,3000,08-11-2023,CASH,
RCP/2023-24/004087,INV/2023-24/004748,3000,04-11-2023,UPI,
RCP/2023-24/004089,INV/2023-24/004750,3000,15-01-2024,CASH,
RCP/2023-24/004090,INV/2023-24/004751,3000,15-02-2024,BANK_TRANSFER,
RCP/2023-24/004092,INV/2023-24/004753,6000,22-04-2023,CASH,
RCP/2023-24/004098,INV/2023-24/004762,3000,22-07-2023,ONLINE,
RCP/2023-24/004102,INV/2023-24/004767,3000,20-12-2023,CASH,
RCP/2023-24/004106,INV/2023-24/004771,6000,15-04-2023,CASH,
RCP/2023-24/004112,INV/2023-24/004777,3000,10-04-2023,CASH,
RCP/2023-24/004113,INV/2023-24/004778,3000,07-05-2023,BANK_TRANSFER,
RCP/2023-24/004114,INV/2023-24/004779,3000,09-06-2023,CASH,
RCP/2023-24/004119,INV/2023-24/004784,3000,05-11-2023,UPI,
RCP/2023-24/004123,INV/2023-24/004789,6000,24-04-2023,BANK_TRANSFER,
RCP/2023-24/004130,INV/2023-24/004797,3000,12-06-2023,UPI,
RCP/2023-24/004132,INV/2023-24/004800,3000,08-09-2023,UPI,
RCP/2023-24/004134,INV/2023-24/004802,3000,09-11-2023,UPI,
RCP/2023-24/004140,INV/2023-24/004809,500,17-04-2023,BANK_TRANSFER,
RCP/2023-24/004144,INV/2023-24/004814,3000,17-05-2023,BANK_TRANSFER,
RCP/2023-24/004146,INV/2023-24/004817,3000,19-08-2023,ONLINE,
RCP/2023-24/004149,INV/2023-24/004821,3000,06-12-2023,BANK_TRANSFER,
RCP/2023-24/004155,INV/2023-24/004827,500,15-04-2023,BANK_TRANSFER,
RCP/2023-24/004167,INV/2023-24/004839,3000,19-12-2023,ONLINE,
RCP/2023-24/004170,INV/2023-24/004842,3000,11-03-2024,UPI,
RCP/2023-24/004172,INV/2023-24/004844,1000,22-04-2023,CHEQUE,
RCP/2023-24/004186,INV/2023-24/004863,500,26-04-2023,CHEQUE,
RCP/2023-24/004188,INV/2023-24/004865,375,23-04-2023,CASH,
RCP/2023-24/004191,INV/2023-24/004868,3000,26-05-2023,UPI,
RCP/2023-24/004198,INV/2023-24/004876,3000,16-01-2024,UPI,
RCP/2023-24/004203,INV/2023-24/004882,1000,17-04-2023,ONLINE,
RCP/2023-24/004217,INV/2023-24/004897,6000,18-04-2023,BANK_TRANSFER,
RCP/2023-24/004218,INV/2023-24/004899,500,26-04-2023,UPI,
RCP/2023-24/004222,INV/2023-24/004903,3000,17-04-2023,UPI,
RCP/2023-24/004226,INV/2023-24/004907,3000,24-08-2023,CASH,
RCP/2023-24/004230,INV/2023-24/004911,3000,03-12-2023,UPI,
RCP/2023-24/004238,INV/2023-24/004921,3000,06-04-2023,CASH,
RCP/2023-24/004241,INV/2023-24/004926,3000,23-09-2023,CASH,
RCP/2023-24/004242,INV/2023-24/004928,3000,07-11-2023,ONLINE,
RCP/2023-24/004246,INV/2023-24/004933,6000,22-04-2023,CHEQUE,
RCP/2023-24/004247,INV/2023-24/004934,1000,16-04-2023,CASH,
RCP/2023-24/004248,INV/2023-24/004935,500,14-04-2023,CASH,
RCP/2023-24/004254,INV/2023-24/004941,3000,06-06-2023,UPI,
RCP/2023-24/004256,INV/2023-24/004943,3000,15-08-2023,UPI,
RCP/2023-24/004262,INV/2023-24/004949,3000,07-02-2024,BANK_TRANSFER,
RCP/2023-24/004265,INV/2023-24/004952,1000,16-04-2023,UPI,
RCP/2023-24/004269,INV/2023-24/004956,375,21-10-2023,CASH,
RCP/2023-24/004270,INV/2023-24/004957,3000,09-04-2023,CASH,
RCP/2023-24/004279,INV/2023-24/004966,3000,11-01-2024,BANK_TRANSFER,
RCP/2023-24/004280,INV/2023-24/004967,3000,17-02-2024,CASH,
RCP/2023-24/004282,INV/2023-24/004969,6000,14-04-2023,ONLINE,
RCP/2023-24/004283,INV/2023-24/004971,500,25-04-2023,CASH,
RCP/2023-24/004284,INV/2023-24/004972,1000,21-04-2023,UPI,
RCP/2023-24/004286,INV/2023-24/004975,3000,26-04-2023,CASH,
RCP/2023-24/004287,INV/2023-24/004976,3000,25-05-2023,CHEQUE,
RCP/2023-24/004290,INV/2023-24/004979,3000,07-08-2023,CASH,
RCP/2023-24/004293,INV/2023-24/004982,3000,05-11-2023,BANK_TRANSFER,
RCP/2023-24/004295,INV/2023-24/004984,3000,07-01-2024,CHEQUE,
RCP/2023-24/004298,INV/2023-24/004988,1000,13-04-2023,BANK_TRANSFER,
RCP/2023-24/004299,INV/2023-24/004989,500,23-04-2023,ONLINE,
RCP/2023-24/004303,INV/2023-24/004994,3000,18-05-2023,ONLINE,
RCP/2023-24/004309,INV/2023-24/005001,3000,09-12-2023,UPI,
RCP/2023-24/004312,INV/2023-24/005005,6000,15-04-2023,UPI,
RCP/2023-24/004326,INV/2023-24/005021,3000,14-02-2024,BANK_TRANSFER,
RCP/2023-24/004328,INV/2023-24/005023,6000,16-04-2023,BANK_TRANSFER,
RCP/2023-24/004333,INV/2023-24/005028,375,16-10-2023,CASH,
RCP/2023-24/004342,INV/2023-24/005037,3000,09-12-2023,BANK_TRANSFER,
RCP/2023-24/004345,INV/2023-24/005040,3000,06-03-2024,CASH,
RCP/2023-24/004349,INV/2023-24/005046,375,23-10-2023,BANK_TRANSFER,
RCP/2023-24/004350,INV/2023-24/005047,3000,23-04-2023,CHEQUE,
RCP/2023-24/004351,INV/2023-24/005048,3000,11-05-2023,CASH,
RCP/2023-24/004354,INV/2023-24/005051,3000,24-08-2023,UPI,
RCP/2023-24/004356,INV/2023-24/005053,3000,22-10-2023,UPI,
RCP/2023-24/004366,INV/2023-24/005063,375,16-04-2023,UPI,
RCP/2023-24/004370,INV/2023-24/005067,3000,14-06-2023,BANK_TRANSFER,
RCP/2023-24/004374,INV/2023-24/005072,3000,16-11-2023,UPI,
RCP/2023-24/004376,INV/2023-24/005074,3000,12-01-2024,CASH,
RCP/2023-24/004378,INV/2023-24/005077,6000,16-04-2023,CHEQUE,
RCP/2023-24/004385,INV/2023-24/005087,3000,11-08-2023,BANK_TRANSFER,
RCP/2023-24/004405,INV/2023-24/005109,3000,05-12-2023,UPI,
RCP/2023-24/004415,INV/2023-24/005121,3000,22-06-2023,UPI,
RCP/2023-24/004436,INV/2023-24/005147,3000,02-02-2024,CHEQUE,
RCP/2023-24/004438,INV/2023-24/005149,6000,14-04-2023,UPI,
RCP/2023-24/004441,INV/2023-24/005153,375,24-04-2023,ONLINE,
RCP/2023-24/004448,INV/2023-24/005160,3000,03-09-2023,CHEQUE,
RCP/2023-24/004454,INV/2023-24/005166,3000,02-03-2024,UPI,
RCP/2023-24/004458,INV/2023-24/005172,375,18-10-2023,CASH,
RCP/2023-24/004460,INV/2023-24/005176,3000,20-07-2023,BANK_TRANSFER,
RCP/2023-24/004477,INV/2023-24/005196,3000,11-09-2023,CASH,
RCP/2023-24/004483,INV/2023-24/005203,6000,22-04-2023,CASH,
RCP/2023-24/004491,INV/2023-24/005213,3000,22-08-2023,UPI,
RCP/2023-24/004497,INV/2023-24/005219,3000,04-02-2024,CASH,
RCP/2023-24/004503,INV/2023-24/005225,375,19-04-2023,UPI,
RCP/2023-24/004508,INV/2023-24/005230,3000,15-07-2023,CASH,
RCP/2023-24/004509,INV/2023-24/005231,3000,14-08-2023,CHEQUE,
RCP/2023-24/004512,INV/2023-24/005235,3000,13-12-2023,UPI,
RCP/2023-24/004514,INV/2023-24/005239,6000,22-04-2023,CHEQUE,
RCP/2023-24/004537,INV/2023-24/005267,3000,10-08-2023,CASH,
RCP/2023-24/004543,INV/2023-24/005274,3000,05-03-2024,CHEQUE,
RCP/2023-24/004546,INV/2023-24/005277,500,21-04-2023,UPI,
RCP/2023-24/004549,INV/2023-24/005280,375,23-10-2023,BANK_TRANSFER,
RCP/2023-24/004551,INV/2023-24/005283,3000,10-06-2023,BANK_TRANSFER,
RCP/2023-24/004554,INV/2023-24/005287,3000,10-10-2023,BANK_TRANSFER,
RCP/2023-24/004558,INV/2023-24/005291,3000,02-02-2024,CHEQUE,
RCP/2023-24/004560,INV/2023-24/005293,6000,14-04-2023,ONLINE,
RCP/2023-24/004566,INV/2023-24/005299,3000,19-04-2023,CASH,
RCP/2023-24/004567,INV/2023-24/005301,3000,11-06-2023,CASH,
RCP/2023-24/004572,INV/2023-24/005306,3000,15-11-2023,CASH,
RCP/2023-24/004584,INV/2023-24/005320,3000,16-07-2023,CHEQUE,
RCP/2023-24/004591,INV/2023-24/005331,500,18-04-2023,BANK_TRANSFER,
RCP/2023-24/004593,INV/2023-24/005333,375,22-04-2023,CASH,
RCP/2023-24/004594,INV/2023-24/005334,375,21-10-2023,CASH,
RCP/2023-24/004597,INV/2023-24/005338,3000,13-07-2023,UPI,
RCP/2023-24/004598,INV/2023-24/005339,3000,14-08-2023,BANK_TRANSFER,
RCP/2023-24/004603,INV/2023-24/005344,3000,15-01-2024,CASH,
RCP/2023-24/004605,INV/2023-24/005347,6000,17-04-2023,UPI,
RCP/2023-24/004610,INV/2023-24/005352,375,11-10-2023,BANK_TRANSFER,
RCP/2023-24/004612,INV/2023-24/005354,3000,14-05-2023,UPI,
RCP/2023-24/004615,INV/2023-24/005357,3000,17-08-2023,UPI,
RCP/2023-24/004620,INV/2023-24/005362,3000,05-01-2024,UPI,
RCP/2023-24/004624,INV/2023-24/005366,1000,13-04-2023,BANK_TRANSFER,
RCP/2023-24/004625,INV/2023-24/005367,500,15-04-2023,UPI,
RCP/2023-24/004626,INV/2023-24/005369,375,18-04-2023,CASH,
RCP/2023-24/004635,INV/2023-24/005378,3000,11-11-2023,CHEQUE,
RCP/2023-24/004639,INV/2023-24/005382,3000,17-03-2024,UPI,
RCP/2023-24/004640,INV/2023-24/005383,6000,18-04-2023,ONLINE,
RCP/2023-24/004646,INV/2023-24/005390,3000,17-05-2023,CASH,
RCP/2023-24/004655,INV/2023-24/005402,1000,26-04-2023,CHEQUE,
RCP/2023-24/004662,INV/2023-24/005410,3000,13-07-2023,CHEQUE,
RCP/2023-24/004665,INV/2023-24/005414,3000,13-11-2023,UPI,
RCP/2023-24/004667,INV/2023-24/005416,3000,19-01-2024,BANK_TRANSFER,
RCP/2023-24/004668,INV/2023-24/005417,3000,02-02-2024,UPI,
RCP/2023-24/004671,INV/2023-24/005421,500,18-04-2023,CHEQUE,
RCP/2023-24/004674,INV/2023-24/005425,3000,15-04-2023,CASH,
RCP/2023-24/004676,INV/2023-24/005427,3000,06-06-2023,UPI,
RCP/2023-24/004677,INV/2023-24/005429,3000,23-08-2023,UPI,
RCP/2023-24/004678,INV/2023-24/005430,3000,13-09-2023,UPI,
RCP/2023-24/004688,INV/2023-24/005440,1000,23-04-2023,UPI,
RCP/2023-24/004693,INV/2023-24/005445,3000,22-06-2023,CASH,
RCP/2023-24/004699,INV/2023-24/005451,3000,10-12-2023,UPI,
RCP/2023-24/004702,INV/2023-24/005454,3000,21-03-2024,UPI,
RCP/2023-24/004703,INV/2023-24/005456,1000,20-04-2023,CASH,
RCP/2023-24/004718,INV/2023-24/005476,1000,22-04-2023,ONLINE,
RCP/2023-24/004730,INV/2023-24/005490,3000,19-03-2024,CASH,
RCP/2023-24/004732,INV/2023-24/005492,1000,21-04-2023,UPI,
RCP/2023-24/004734,INV/2023-24/005495,375,14-04-2023,BANK_TRANSFER,
RCP/2023-24/004735,INV/2023-24/005496,375,13-10-2023,UPI,
RCP/2023-24/004738,INV/2023-24/005500,3000,12-07-2023,UPI,
RCP/2023-24/004743,INV/2023-24/005506,3000,12-01-2024,CHEQUE,
RCP/2023-24/004749,INV/2023-24/005513,375,24-04-2023,BANK_TRANSFER,
RCP/2023-24/004758,INV/2023-24/005524,3000,16-01-2024,ONLINE,
RCP/2023-24/004773,INV/2023-24/005541,3000,12-12-2023,CASH,
RCP/2023-24/004776,INV/2023-24/005544,3000,04-03-2024,UPI,
RCP/2023-24/004789,INV/2023-24/005559,3000,04-12-2023,CHEQUE,
RCP/2023-24/004790,INV/2023-24/005562,3000,07-03-2024,CASH,
RCP/2023-24/004791,INV/2023-24/005563,6000,13-04-2023,CASH,
RCP/2023-24/004792,INV/2023-24/005564,1000,26-04-2023,CASH,
RCP/2023-24/004793,INV/2023-24/005565,500,18-04-2023,BANK_TRANSFER,
RCP/2023-24/004803,INV/2023-24/005576,3000,21-11-2023,BANK_TRANSFER,
RCP/2023-24/004805,INV/2023-24/005578,3000,05-01-2024,CHEQUE,
RCP/2023-24/004812,INV/2023-24/005585,375,15-04-2023,UPI,
RCP/2023-24/004830,INV/2023-24/005604,375,19-10-2023,CASH,
RCP/2023-24/004831,INV/2023-24/005605,3000,12-04-2023,UPI,
RCP/2023-24/004839,INV/2023-24/005613,3000,13-12-2023,UPI,
RCP/2023-24/004841,INV/2023-24/005615,3000,10-02-2024,UPI,
RCP/2023-24/004842,INV/2023-24/005616,3000,08-03-2024,BANK_TRANSFER,
RCP/2023-24/004845,INV/2023-24/005619,500,15-04-2023,CASH,
RCP/2023-24/004847,INV/2023-24/005622,375,13-10-2023,UPI,
RCP/2023-24/004856,INV/2023-24/005631,3000,17-12-2023,UPI,
RCP/2023-24/004862,INV/2023-24/005637,500,20-04-2023,CASH,
RCP/2023-24/004870,INV/2023-24/005645,4000,13-08-2023,UPI,
RCP/2023-24/004871,INV/2023-24/005646,4000,04-09-2023,CASH,
RCP/2023-24/004883,INV/2023-24/005658,500,22-10-2023,ONLINE,
RCP/2023-24/004886,INV/2023-24/005661,4000,12-06-2023,UPI,
RCP/2023-24/004888,INV/2023-24/005663,4000,05-08-2023,UPI,
RCP/2023-24/004891,INV/2023-24/005666,4000,13-11-2023,CHEQUE,
RCP/2023-24/004897,INV/2023-24/005675,500,20-04-2023,BANK_TRANSFER,
RCP/2023-24/004899,INV/2023-24/005678,4000,06-05-2023,BANK_TRANSFER,
RCP/2023-24/004903,INV/2023-24/005683,4000,08-10-2023,ONLINE,
RCP/2023-24/004908,INV/2023-24/005689,8000,25-04-2023,CASH,
RCP/2023-24/004912,INV/2023-24/005693,500,14-04-2023,UPI,
RCP/2023-24/004914,INV/2023-24/005696,4000,25-05-2023,CHEQUE,
RCP/2023-24/004919,INV/2023-24/005702,4000,18-11-2023,CASH,
RCP/2023-24/004926,INV/2023-24/005710,1500,24-04-2023,UPI,
RCP/2023-24/004929,INV/2023-24/005713,4000,18-04-2023,BANK_TRANSFER,
RCP/2023-24/004932,INV/2023-24/005716,4000,06-07-2023,CHEQUE,
RCP/2023-24/004933,INV/2023-24/005717,4000,18-08-2023,CASH,
RCP/2023-24/004941,INV/2023-24/005726,2000,20-04-2023,BANK_TRANSFER,
RCP/2023-24/004942,INV/2023-24/005727,1000,19-04-2023,CASH,
RCP/2023-24/004947,INV/2023-24/005732,4000,11-05-2023,UPI,
RCP/2023-24/004948,INV/2023-24/005733,4000,15-06-2023,BANK_TRANSFER,
RCP/2023-24/004955,INV/2023-24/005740,4000,11-01-2024,CHEQUE,
RCP/2023-24/004963,INV/2023-24/005749,4000,10-04-2023,BANK_TRANSFER,
RCP/2023-24/004969,INV/2023-24/005756,4000,13-11-2023,UPI,
RCP/2023-24/004982,INV/2023-24/005770,4000,24-07-2023,UPI,
RCP/2023-24/005003,INV/2023-24/005791,4000,18-10-2023,CHEQUE,
RCP/2023-24/005004,INV/2023-24/005792,4000,12-11-2023,CASH,
RCP/2023-24/005006,INV/2023-24/005794,4000,02-01-2024,UPI,
RCP/2023-24/005010,INV/2023-24/005799,1000,20-04-2023,CASH,
RCP/2023-24/005025,INV/2023-24/005817,1000,23-04-2023,BANK_TRANSFER,
RCP/2023-24/005026,INV/2023-24/005818,1500,16-04-2023,UPI,
RCP/2023-24/005027,INV/2023-24/005820,500,17-10-2023,CASH,
RCP/2023-24/005036,INV/2023-24/005831,4000,13-02-2024,CASH,
RCP/2023-24/005051,INV/2023-24/005849,4000,16-02-2024,CHEQUE,
RCP/2023-24/005057,INV/2023-24/005855,500,15-04-2023,UPI,
RCP/2023-24/005060,INV/2023-24/005858,4000,06-05-2023,UPI,
RCP/2023-24/005077,INV/2023-24/005881,4000,04-10-2023,CASH,
RCP/2023-24/005082,INV/2023-24/005886,4000,09-03-2024,CASH,
RCP/2023-24/005087,INV/2023-24/005891,500,25-04-2023,CASH,
RCP/2023-24/005094,INV/2023-24/005898,4000,10-09-2023,BANK_TRANSFER,
RCP/2023-24/005100,INV/2023-24/005905,8000,22-04-2023,UPI,
RCP/2023-24/005102,INV/2023-24/005907,1000,19-04-2023,UPI,
RCP/2023-24/005103,INV/2023-24/005910,500,10-10-2023,UPI,
RCP/2023-24/005114,INV/2023-24/005923,8000,22-04-2023,CASH,
RCP/2023-24/005115,INV/2023-24/005924,2000,25-04-2023,UPI,
RCP/2023-24/005117,INV/2023-24/005926,1500,25-04-2023,ONLINE,
RCP/2023-24/005118,INV/2023-24/005928,500,22-10-2023,UPI,
RCP/2023-24/005120,INV/2023-24/005930,4000,25-05-2023,CASH,
RCP/2023-24/005125,INV/2023-24/005936,4000,11-11-2023,CASH,
RCP/2023-24/005129,INV/2023-24/005941,8000,19-04-2023,BANK_TRANSFER,
RCP/2023-24/005131,INV/2023-24/005943,1000,23-04-2023,CASH,
RCP/2023-24/005132,INV/2023-24/005944,1500,22-04-2023,CASH,
RCP/2023-24/005133,INV/2023-24/005945,500,17-04-2023,ONLINE,
RCP/2023-24/005145,INV/2023-24/005959,8000,15-04-2023,UPI,
RCP/2023-24/005150,INV/2023-24/005965,4000,06-04-2023,UPI,
RCP/2023-24/005162,INV/2023-24/005977,8000,24-04-2023,CASH,
RCP/2023-24/005165,INV/2023-24/005980,1500,20-04-2023,UPI,
RCP/2023-24/005166,INV/2023-24/005981,500,23-04-2023,UPI,
RCP/2023-24/005176,INV/2023-24/005991,4000,02-12-2023,CASH,
RCP/2023-24/005180,INV/2023-24/005996,2000,16-04-2023,CHEQUE,
RCP/2023-24/005187,INV/2023-24/006004,4000,23-07-2023,UPI,
RCP/2023-24/005194,INV/2023-24/006012,4000,19-03-2024,ONLINE,
RCP/2023-24/005196,INV/2023-24/006014,2000,23-04-2023,CHEQUE,
RCP/2023-24/005198,INV/2023-24/006016,1500,22-04-2023,UPI,
RCP/2023-24/005204,INV/2023-24/006022,4000,12-07-2023,BANK_TRANSFER,
RCP/2023-24/005218,INV/2023-24/006039,4000,22-06-2023,BANK_TRANSFER,
RCP/2023-24/005220,INV/2023-24/006041,4000,18-08-2023,UPI,
RCP/2023-24/005227,INV/2023-24/006049,8000,21-04-2023,UPI,
RCP/2023-24/005232,INV/2023-24/006054,500,15-10-2023,CASH,
RCP/2023-24/005238,INV/2023-24/006061,4000,18-10-2023,ONLINE,
RCP/2023-24/005241,INV/2023-24/006064,4000,10-01-2024,UPI,
RCP/2023-24/005242,INV/2023-24/006065,4000,14-02-2024,CASH,
RCP/2023-24/005243,INV/2023-24/006066,4000,01-03-2024,UPI,
RCP/2023-24/005257,INV/2023-24/006081,4000,13-12-2023,CHEQUE,
RCP/2023-24/005279,INV/2023-24/006104,2000,16-04-2023,BANK_TRANSFER,
RCP/2023-24/005281,INV/2023-24/006106,1500,13-04-2023,CASH,
RCP/2023-24/005287,INV/2023-24/006114,4000,15-09-2023,CASH,
RCP/2023-24/005288,INV/2023-24/006115,4000,09-10-2023,UPI,
RCP/2023-24/005296,INV/2023-24/006125,500,24-04-2023,CASH,
RCP/2023-24/005307,INV/2023-24/006136,4000,10-01-2024,UPI,
RCP/2023-24/005309,INV/2023-24/006139,8000,15-04-2023,CASH,
RCP/2023-24/005313,INV/2023-24/006143,500,14-04-2023,CHEQUE,
RCP/2023-24/005317,INV/2023-24/006147,4000,12-06-2023,BANK_TRANSFER,
RCP/2023-24/005319,INV/2023-24/006149,4000,06-08-2023,CHEQUE,
RCP/2023-24/005321,INV/2023-24/006151,4000,22-10-2023,CASH,
RCP/2023-24/005332,INV/2023-24/006164,4000,24-05-2023,BANK_TRANSFER,
RCP/2023-24/005334,INV/2023-24/006166,4000,05-07-2023,UPI,
RCP/2023-24/005335,INV/2023-24/006167,4000,05-08-2023,CHEQUE,
RCP/2023-24/005342,INV/2023-24/006175,8000,20-04-2023,BANK_TRANSFER,
RCP/2023-24/005348,INV/2023-24/006183,4000,07-06-2023,CASH,
RCP/2023-24/005356,INV/2023-24/006193,8000,14-04-2023,CASH,
RCP/2023-24/005360,INV/2023-24/006197,500,21-04-2023,UPI,
RCP/2023-24/005371,INV/2023-24/006209,4000,13-02-2024,CHEQUE,
RCP/2023-24/005373,INV/2023-24/006212,2000,17-04-2023,CASH,
RCP/2023-24/005382,INV/2023-24/006224,4000,20-11-2023,UPI,
RCP/2023-24/005389,INV/2023-24/006232,1500,24-04-2023,CASH,
RCP/2023-24/005390,INV/2023-24/006234,500,22-10-2023,UPI,
RCP/2023-24/005391,INV/2023-24/006235,4000,22-04-2023,UPI,
RCP/2023-24/005402,INV/2023-24/006249,1000,13-04-2023,UPI,
RCP/2023-24/005405,INV/2023-24/006253,4000,24-04-2023,UPI,
RCP/2023-24/005406,INV/2023-24/006254,4000,06-05-2023,CASH,
RCP/2023-24/005409,INV/2023-24/006257,4000,11-08-2023,CASH,
RCP/2023-24/005411,INV/2023-24/006260,4000,20-11-2023,ONLINE,
RCP/2023-24/005418,INV/2023-24/006268,1500,14-04-2023,CHEQUE,
RCP/2023-24/005425,INV/2023-24/006275,4000,16-08-2023,CHEQUE,
RCP/2023-24/005426,INV/2023-24/006276,4000,20-09-2023,CHEQUE,
RCP/2023-24/005427,INV/2023-24/006277,4000,09-10-2023,BANK_TRANSFER,
RCP/2023-24/005439,INV/2023-24/006294,4000,23-09-2023,UPI,
RCP/2023-24/005440,INV/2023-24/006295,4000,19-10-2023,CASH,
RCP/2023-24/005446,INV/2023-24/006302,2000,15-04-2023,CHEQUE,
RCP/2023-24/005448,INV/2023-24/006305,500,22-04-2023,CASH,
RCP/2023-24/005449,INV/2023-24/006306,500,19-10-2023,CHEQUE,
RCP/2023-24/005452,INV/2023-24/006309,4000,14-06-2023,BANK_TRANSFER,
RCP/2023-24/005458,INV/2023-24/006317,4000,10-02-2024,UPI,
RCP/2023-24/005470,INV/2023-24/006333,4000,21-12-2023,UPI,
RCP/2023-24/005471,INV/2023-24/006335,4000,07-02-2024,BANK_TRANSFER,
RCP/2023-24/005472,INV/2023-24/006337,8000,16-04-2023,UPI,
RCP/2023-24/005480,INV/2023-24/006347,4000,17-08-2023,CASH,
RCP/2023-24/005481,INV/2023-24/006348,4000,20-09-2023,CASH,
RCP/2023-24/005485,INV/2023-24/006353,4000,05-02-2024,UPI,
RCP/2023-24/005490,INV/2023-24/006360,500,13-10-2023,BANK_TRANSFER,
RCP/2023-24/005491,INV/2023-24/006362,4000,15-05-2023,UPI,
RCP/2023-24/005492,INV/2023-24/006363,4000,05-06-2023,UPI,
RCP/2023-24/005501,INV/2023-24/006372,4000,03-03-2024,CASH,
RCP/2023-24/005506,INV/2023-24/006378,500,13-10-2023,UPI,
RCP/2023-24/005509,INV/2023-24/006381,4000,25-06-2023,CASH,
RCP/2023-24/005511,INV/2023-24/006385,4000,07-10-2023,CHEQUE,
RCP/2023-24/005512,INV/2023-24/006386,4000,21-11-2023,CASH,
RCP/2023-24/005521,INV/2023-24/006395,500,24-04-2023,UPI,
RCP/2023-24/005523,INV/2023-24/006397,4000,19-04-2023,CASH,
RCP/2023-24/005531,INV/2023-24/006406,4000,06-01-2024,CASH,
RCP/2023-24/005538,INV/2023-24/006414,500,19-10-2023,UPI,
RCP/2023-24/005547,INV/2023-24/006424,4000,19-01-2024,UPI,
RCP/2023-24/005550,INV/2023-24/006428,2000,16-04-2023,UPI,
RCP/2023-24/005558,INV/2023-24/006438,4000,13-09-2023,UPI,
RCP/2023-24/005560,INV/2023-24/006442,4000,13-01-2024,CASH,
RCP/2023-24/005568,INV/2023-24/006451,4000,10-04-2023,BANK_TRANSFER,
RCP/2023-24/005569,INV/2023-24/006452,4000,22-05-2023,UPI,
RCP/2023-24/005570,INV/2023-24/006453,4000,05-06-2023,BANK_TRANSFER,
RCP/2023-24/005572,INV/2023-24/006456,4000,21-09-2023,UPI,
RCP/2023-24/005574,INV/2023-24/006458,4000,06-11-2023,UPI,
RCP/2023-24/005575,INV/2023-24/006459,4000,12-12-2023,BANK_TRANSFER,
RCP/2023-24/005576,INV/2023-24/006463,8000,21-04-2023,BANK_TRANSFER,
RCP/2023-24/005594,INV/2023-24/006484,1500,24-04-2023,UPI,
RCP/2023-24/005599,INV/2023-24/006490,4000,24-07-2023,BANK_TRANSFER,
RCP/2023-24/005613,INV/2023-24/006505,4000,22-04-2023,UPI,
RCP/2023-24/005632,INV/2023-24/006526,4000,22-07-2023,UPI,
RCP/2023-24/005634,INV/2023-24/006529,4000,03-10-2023,CHEQUE,
RCP/2023-24/005637,INV/2023-24/006532,4000,18-01-2024,UPI,
RCP/2023-24/005640,INV/2023-24/006535,8000,16-04-2023,BANK_TRANSFER,
RCP/2023-24/005645,INV/2023-24/006542,4000,15-05-2023,ONLINE,
RCP/2023-24/005646,INV/2023-24/006543,4000,25-06-2023,CASH,
RCP/2023-24/005662,INV/2023-24/006561,4000,07-06-2023,UPI,
RCP/2023-24/005666,INV/2023-24/006567,4000,21-12-2023,CASH,
RCP/2023-24/005671,INV/2023-24/006572,2000,20-04-2023,BANK_TRANSFER,
RCP/2023-24/005673,INV/2023-24/006574,1500,21-04-2023,UPI,
RCP/2023-24/005677,INV/2023-24/006578,4000,22-05-2023,CHEQUE,
RCP/2023-24/005690,INV/2023-24/006599,4000,23-08-2023,UPI,
RCP/2023-24/005693,INV/2023-24/006602,4000,18-11-2023,BANK_TRANSFER,
RCP/2023-24/005695,INV/2023-24/006604,4000,21-01-2024,BANK_TRANSFER,
RCP/2023-24/005697,INV/2023-24/006606,4000,16-03-2024,CASH,
RCP/2023-24/005698,INV/2023-24/006607,8000,19-04-2023,CASH,
RCP/2023-24/005699,INV/2023-24/006608,2000,24-04-2023,UPI,
RCP/2023-24/005702,INV/2023-24/006611,500,20-04-2023,ONLINE,
RCP/2023-24/005709,INV/2023-24/006620,4000,21-11-2023,UPI,
RCP/2023-24/005712,INV/2023-24/006623,4000,12-02-2024,UPI,
RCP/2023-24/005718,INV/2023-24/006630,500,21-10-2023,CASH,
RCP/2023-24/005719,INV/2023-24/006632,4000,07-05-2023,UPI,
RCP/2023-24/005721,INV/2023-24/006634,4000,05-07-2023,CASH,
RCP/2023-24/005722,INV/2023-24/006635,4000,07-08-2023,UPI,
RCP/2023-24/005729,INV/2023-24/006643,8000,22-04-2023,BANK_TRANSFER,
RCP/2023-24/005736,INV/2023-24/006651,4000,24-06-2023,BANK_TRANSFER,
RCP/2023-24/005737,INV/2023-24/006652,4000,25-07-2023,CASH,
RCP/2023-24/005741,INV/2023-24/006657,4000,16-12-2023,ONLINE,
RCP/2023-24/005747,INV/2023-24/006665,500,20-04-2023,BANK_TRANSFER,
RCP/2023-24/005749,INV/2023-24/006667,4000,17-04-2023,UPI,
RCP/2023-24/005752,INV/2023-24/006670,4000,06-07-2023,CASH,
RCP/2023-24/005757,INV/2023-24/006675,4000,10-12-2023,UPI,
RCP/2023-24/005759,INV/2023-24/006677,4000,03-02-2024,CASH,
RCP/2023-24/005761,INV/2023-24/006679,8000,25-04-2023,BANK_TRANSFER,
RCP/2023-24/005763,INV/2023-24/006681,1000,21-04-2023,UPI,
RCP/2023-24/005769,INV/2023-24/006687,4000,22-06-2023,CASH,
RCP/2023-24/005771,INV/2023-24/006690,4000,14-09-2023,UPI,
RCP/2023-24/005772,INV/2023-24/006692,4000,06-11-2023,CASH,
RCP/2023-24/005774,INV/2023-24/006695,4000,15-02-2024,ONLINE,
RCP/2023-24/005778,INV/2023-24/006699,1000,24-04-2023,UPI,
RCP/2023-24/005784,INV/2023-24/006706,4000,06-07-2023,CHEQUE,
RCP/2023-24/005786,INV/2023-24/006709,4000,16-10-2023,UPI,
RCP/2023-24/005795,INV/2023-24/006721,4000,20-04-2023,UPI,
RCP/2023-24/005797,INV/2023-24/006725,4000,23-08-2023,CASH,
RCP/2023-24/005811,INV/2023-24/006741,4000,20-06-2023,CASH,
RCP/2023-24/005823,INV/2023-24/006754,1500,26-04-2023,UPI,
RCP/2023-24/005825,INV/2023-24/006758,4000,23-05-2023,UPI,
RCP/2023-24/005827,INV/2023-24/006760,4000,17-07-2023,UPI,
RCP/2023-24/005836,INV/2023-24/006772,1500,19-04-2023,ONLINE,
RCP/2023-24/005837,INV/2023-24/006773,500,17-04-2023,CASH,
RCP/2023-24/005844,INV/2023-24/006782,4000,04-11-2023,ONLINE,
RCP/2023-24/005862,INV/2023-24/006801,4000,16-12-2023,UPI,
RCP/2023-24/005876,INV/2023-24/006819,4000,12-12-2023,UPI,
RCP/2023-24/005892,INV/2023-24/006836,4000,18-11-2023,BANK_TRANSFER,
RCP/2023-24/005897,INV/2023-24/006841,8000,22-04-2023,UPI,
RCP/2023-24/005902,INV/2023-24/006846,500,23-10-2023,CASH,
RCP/2023-24/005909,INV/2023-24/006857,4000,02-02-2024,CASH,
RCP/2023-24/005912,INV/2023-24/006861,1000,23-04-2023,CASH,
RCP/2023-24/005914,INV/2023-24/006863,500,16-04-2023,CASH,
RCP/2023-24/005921,INV/2023-24/006872,4000,02-11-2023,UPI,
RCP/2023-24/005924,INV/2023-24/006876,4000,19-03-2024,UPI,
RCP/2023-24/005933,INV/2023-24/006886,4000,24-07-2023,BANK_TRANSFER,
RCP/2023-24/005936,INV/2023-24/006889,4000,12-10-2023,CHEQUE,
RCP/2023-24/005941,INV/2023-24/006895,8000,13-04-2023,CASH,
RCP/2023-24/005947,INV/2023-24/006902,4000,10-05-2023,CASH,
RCP/2023-24/005951,INV/2023-24/006907,4000,18-10-2023,CASH,
RCP/2023-24/005953,INV/2023-24/006909,4000,22-12-2023,CASH,
RCP/2023-24/005959,INV/2023-24/006915,1000,16-04-2023,CASH,
RCP/2023-24/005963,INV/2023-24/006919,4000,21-04-2023,UPI,
RCP/2023-24/005965,INV/2023-24/006922,4000,12-07-2023,CASH,
RCP/2023-24/005967,INV/2023-24/006924,4000,09-09-2023,BANK_TRANSFER,
RCP/2023-24/005968,INV/2023-24/006926,4000,04-11-2023,CASH,
RCP/2023-24/005976,INV/2023-24/006937,4000,10-04-2023,ONLINE,
RCP/2023-24/005981,INV/2023-24/006943,4000,10-10-2023,CASH,
RCP/2023-24/005985,INV/2023-24/006947,4000,19-02-2024,CHEQUE,
RCP/2023-24/005994,INV/2023-24/006959,4000,09-08-2023,BANK_TRANSFER,
RCP/2023-24/006005,INV/2023-24/006972,500,15-10-2023,CHEQUE,
RCP/2023-24/006010,INV/2023-24/006977,4000,09-08-2023,UPI,
RCP/2023-24/006013,INV/2023-24/006981,4000,14-12-2023,ONLINE,
RCP/2023-24/006017,INV/2023-24/006987,1000,18-04-2023,ONLINE,
RCP/2023-24/006021,INV/2023-24/006995,4000,10-08-2023,CASH,
RCP/2023-24/006023,INV/2023-24/006997,4000,13-10-2023,CHEQUE,
RCP/2023-24/006027,INV/2023-24/007002,4000,16-03-2024,BANK_TRANSFER,
RCP/2023-24/006033,INV/2023-24/007010,4000,07-05-2023,ONLINE,
RCP/2023-24/006036,INV/2023-24/007014,4000,21-09-2023,CASH,
RCP/2023-24/006037,INV/2023-24/007015,4000,14-10-2023,CASH,
RCP/2023-24/006038,INV/2023-24/007016,4000,08-11-2023,UPI,
RCP/2023-24/006043,INV/2023-24/007021,8000,24-04-2023,UPI,
RCP/2023-24/006059,INV/2023-24/007040,2000,20-04-2023,BANK_TRANSFER,
RCP/2023-24/006062,INV/2023-24/007043,500,14-04-2023,CASH,
RCP/2023-24/006068,INV/2023-24/007049,4000,24-08-2023,CHEQUE,
RCP/2023-24/006080,INV/2023-24/007063,4000,22-04-2023,BANK_TRANSFER,
RCP/2023-24/006083,INV/2023-24/007066,4000,14-07-2023,ONLINE,
RCP/2023-24/006086,INV/2023-24/007070,4000,20-11-2023,UPI,
RCP/2023-24/006089,INV/2023-24/007073,4000,16-02-2024,ONLINE,
RCP/2023-24/006092,INV/2023-24/007078,1500,26-04-2023,ONLINE,
RCP/2023-24/006097,INV/2023-24/007083,4000,22-06-2023,CHEQUE,
RCP/2023-24/006098,INV/2023-24/007084,4000,10-07-2023,BANK_TRANSFER,
RCP/2023-24/006106,INV/2023-24/007092,4000,01-03-2024,CHEQUE,
RCP/2023-24/006112,INV/2023-24/007099,4000,19-04-2023,BANK_TRANSFER,
RCP/2023-24/006113,INV/2023-24/007101,4000,06-06-2023,UPI,
RCP/2023-24/006121,INV/2023-24/007112,2000,18-04-2023,BANK_TRANSFER,
RCP/2023-24/006128,INV/2023-24/007119,4000,12-06-2023,CASH,
RCP/2023-24/006135,INV/2023-24/007127,4000,16-02-2024,UPI,
RCP/2023-24/006142,INV/2023-24/007135,4000,12-04-2023,CASH,
RCP/2023-24/006143,INV/2023-24/007136,4000,13-05-2023,CASH,
RCP/2023-24/006146,INV/2023-24/007140,4000,17-09-2023,CASH,
RCP/2023-24/006151,INV/2023-24/007145,4000,01-02-2024,CASH,
RCP/2023-24/006165,INV/2023-24/007161,4000,14-12-2023,CASH,
RCP/2023-24/006172,INV/2023-24/007168,1500,22-04-2023,UPI,
RCP/2023-24/006173,INV/2023-24/007169,500,22-04-2023,CASH,
RCP/2023-24/006179,INV/2023-24/007176,4000,08-09-2023,CASH,
RCP/2023-24/006191,INV/2023-24/007189,4000,22-04-2023,UPI,
RCP/2023-24/006203,INV/2023-24/007202,2000,13-04-2023,BANK_TRANSFER,
RCP/2023-24/006206,INV/2023-24/007205,500,15-04-2023,UPI,
RCP/2023-24/006211,INV/2023-24/007211,4000,16-08-2023,CASH,
RCP/2023-24/006219,INV/2023-24/007219,8000,23-04-2023,ONLINE,
RCP/2023-24/006220,INV/2023-24/007220,2000,19-04-2023,BANK_TRANSFER,
RCP/2023-24/006221,INV/2023-24/007221,1000,22-04-2023,BANK_TRANSFER,
RCP/2023-24/006227,INV/2023-24/007227,4000,23-06-2023,CHEQUE,
RCP/2023-24/006230,INV/2023-24/007230,4000,04-09-2023,BANK_TRANSFER,
RCP/2023-24/006260,INV/2023-24/007264,4000,07-07-2023,UPI,
RCP/2023-24/006264,INV/2023-24/007269,4000,14-12-2023,CASH,
RCP/2023-24/006266,INV/2023-24/007271,4000,31-01-2024,CASH,
RCP/2023-24/006282,INV/2023-24/007290,4000,06-03-2024,BANK_TRANSFER,
RCP/2023-24/006285,INV/2023-24/007295,500,22-04-2023,UPI,
RCP/2023-24/006288,INV/2023-24/007298,4000,17-05-2023,CASH,
RCP/2023-24/006289,INV/2023-24/007299,4000,23-06-2023,CHEQUE,
RCP/2023-24/006290,INV/2023-24/007301,4000,05-08-2023,BANK_TRANSFER,
RCP/2023-24/006292,INV/2023-24/007304,4000,17-11-2023,UPI,
RCP/2023-24/006308,INV/2023-24/007323,4000,06-12-2023,CASH,
RCP/2023-24/006317,INV/2023-24/007333,4000,12-04-2023,BANK_TRANSFER,
RCP/2023-24/006318,INV/2023-24/007334,4000,09-05-2023,UPI,
RCP/2023-24/006322,INV/2023-24/007340,4000,21-11-2023,UPI,
RCP/2023-24/006327,INV/2023-24/007346,2000,26-04-2023,BANK_TRANSFER,
RCP/2023-24/006336,INV/2023-24/007356,4000,23-09-2023,UPI,
RCP/2023-24/006339,INV/2023-24/007359,4000,14-12-2023,UPI,
RCP/2023-24/006347,INV/2023-24/007370,4000,18-05-2023,UPI,
RCP/2023-24/006354,INV/2023-24/007377,4000,17-12-2023,BANK_TRANSFER,
RCP/2023-24/006357,INV/2023-24/007380,4000,05-03-2024,CASH,
RCP/2023-24/006362,INV/2023-24/007385,500,26-04-2023,UPI,
RCP/2023-24/006364,INV/2023-24/007387,4000,07-04-2023,UPI,
RCP/2023-24/006365,INV/2023-24/007388,4000,26-05-2023,UPI,
RCP/2023-24/006367,INV/2023-24/007390,4000,11-07-2023,BANK_TRANSFER,
RCP/2023-24/006374,INV/2023-24/007399,8000,14-04-2023,BANK_TRANSFER,
RCP/2023-24/006378,INV/2023-24/007407,4000,25-06-2023,UPI,
RCP/2023-24/006381,INV/2023-24/007410,4000,06-09-2023,UPI,
RCP/2023-24/006382,INV/2023-24/007411,4000,10-10-2023,CASH,
RCP/2023-24/006389,INV/2023-24/007419,1000,25-04-2023,CASH,
RCP/2023-24/006390,INV/2023-24/007420,1500,21-04-2023,UPI,
RCP/2023-24/006392,INV/2023-24/007423,4000,12-04-2023,BANK_TRANSFER,
RCP/2023-24/006402,INV/2023-24/007435,8000,20-04-2023,UPI,
RCP/2023-24/006406,INV/2023-24/007440,500,20-10-2023,CASH,
RCP/2023-24/006411,INV/2023-24/007445,4000,24-08-2023,CASH,
RCP/2023-24/006415,INV/2023-24/007451,4000,18-02-2024,BANK_TRANSFER,
RCP/2023-24/006419,INV/2023-24/007455,1000,14-04-2023,CHEQUE,
RCP/2023-24/006421,INV/2023-24/007457,500,17-04-2023,BANK_TRANSFER,
RCP/2023-24/006428,INV/2023-24/007465,4000,23-10-2023,CASH,
RCP/2023-24/006431,INV/2023-24/007470,4000,05-03-2024,CASH,
RCP/2023-24/006432,INV/2023-24/007471,8000,15-04-2023,UPI,
RCP/2023-24/006436,INV/2023-24/007476,500,11-10-2023,CASH,
RCP/2023-24/006444,INV/2023-24/007484,4000,13-11-2023,UPI,
RCP/2023-24/006448,INV/2023-24/007489,8000,23-04-2023,UPI,
RCP/2023-24/006451,INV/2023-24/007493,500,21-04-2023,BANK_TRANSFER,
RCP/2023-24/006455,INV/2023-24/007497,4000,16-06-2023,UPI,
RCP/2023-24/006460,INV/2023-24/007506,4000,11-03-2024,UPI,
RCP/2023-24/006476,INV/2023-24/007523,4000,10-02-2024,UPI,
RCP/2023-24/006481,INV/2023-24/007528,1500,20-04-2023,CASH,
RCP/2023-24/006484,INV/2023-24/007531,4000,23-04-2023,BANK_TRANSFER,
RCP/2023-24/006492,INV/2023-24/007539,4000,10-12-2023,UPI,
RCP/2023-24/006493,INV/2023-24/007540,4000,03-01-2024,CASH,
RCP/2023-24/006498,INV/2023-24/007547,500,25-04-2023,BANK_TRANSFER,
RCP/2023-24/006499,INV/2023-24/007548,500,11-10-2023,UPI,
RCP/2023-24/006502,INV/2023-24/007552,4000,17-07-2023,UPI,
RCP/2023-24/006505,INV/2023-24/007556,4000,09-11-2023,BANK_TRANSFER,
RCP/2023-24/006508,INV/2023-24/007561,8000,20-04-2023,CASH,
RCP/2023-24/006510,INV/2023-24/007564,1500,16-04-2023,CASH,
RCP/2023-24/006514,INV/2023-24/007568,4000,11-05-2023,BANK_TRANSFER,
RCP/2023-24/006517,INV/2023-24/007572,4000,23-09-2023,BANK_TRANSFER,
RCP/2023-24/006522,INV/2023-24/007578,4000,07-03-2024,ONLINE,
RCP/2023-24/006541,INV/2023-24/007599,1000,21-04-2023,CHEQUE,
RCP/2023-24/006543,INV/2023-24/007601,500,21-04-2023,CASH,
RCP/2023-24/006544,INV/2023-24/007602,500,15-10-2023,ONLINE,
RCP/2023-24/006562,INV/2023-24/007624,4000,23-07-2023,CASH,
RCP/2023-24/006577,INV/2023-24/007640,4000,18-05-2023,CHEQUE,
RCP/2023-24/006581,INV/2023-24/007645,4000,10-10-2023,CHEQUE,
RCP/2023-24/006583,INV/2023-24/007647,4000,06-12-2023,CASH,
RCP/2023-24/006594,INV/2023-24/007658,4000,12-05-2023,BANK_TRANSFER,
RCP/2023-24/006605,INV/2023-24/007672,1500,14-04-2023,UPI,
RCP/2023-24/006611,INV/2023-24/007681,4000,14-10-2023,UPI,
RCP/2023-24/006616,INV/2023-24/007686,4000,20-03-2024,UPI,
RCP/2023-24/006618,INV/2023-24/007688,2000,15-04-2023,ONLINE,
RCP/2023-24/006622,INV/2023-24/007694,4000,07-05-2023,CHEQUE,
RCP/2023-24/006624,INV/2023-24/007696,4000,09-07-2023,CHEQUE,
RCP/2023-24/006636,INV/2023-24/007711,4000,22-04-2023,ONLINE,
RCP/2023-24/006645,INV/2023-24/007721,4000,02-02-2024,UPI,
RCP/2023-24/006654,INV/2023-24/007731,4000,09-06-2023,BANK_TRANSFER,
RCP/2023-24/006656,INV/2023-24/007734,4000,16-09-2023,UPI,
RCP/2023-24/006661,INV/2023-24/007739,4000,10-02-2024,UPI,
RCP/2023-24/006662,INV/2023-24/007740,4000,15-03-2024,UPI,
RCP/2023-24/006672,INV/2023-24/007751,4000,07-08-2023,UPI,
RCP/2023-24/006676,INV/2023-24/007757,4000,13-02-2024,UPI,
RCP/2023-24/006678,INV/2023-24/007759,8000,15-04-2023,ONLINE,
RCP/2023-24/006684,INV/2023-24/007766,4000,15-05-2023,ONLINE,
RCP/2023-24/006686,INV/2023-24/007768,4000,24-07-2023,ONLINE,
RCP/2023-24/006689,INV/2023-24/007773,4000,08-12-2023,UPI,
RCP/2023-24/006693,INV/2023-24/007778,2000,21-04-2023,UPI,
RCP/2023-24/006696,INV/2023-24/007781,500,21-04-2023,UPI,
RCP/2023-24/006703,INV/2023-24/007788,4000,23-09-2023,BANK_TRANSFER,
RCP/2023-24/006709,INV/2023-24/007795,8000,24-04-2023,CASH,
RCP/2023-24/006719,INV/2023-24/007806,4000,03-09-2023,UPI,
RCP/2023-24/006728,INV/2023-24/007815,1000,23-04-2023,BANK_TRANSFER,
RCP/2023-24/006735,INV/2023-24/007822,4000,18-07-2023,UPI,
RCP/2023-24/006736,INV/2023-24/007823,4000,10-08-2023,UPI,
RCP/2023-24/006739,INV/2023-24/007826,4000,20-11-2023,CHEQUE,
RCP/2023-24/006740,INV/2023-24/007827,4000,20-12-2023,UPI,
RCP/2023-24/006747,INV/2023-24/007836,500,13-10-2023,CASH,
RCP/2023-24/006748,INV/2023-24/007837,4000,14-04-2023,CASH,
RCP/2023-24/006784,INV/2023-24/007878,4000,12-09-2023,UPI,
RCP/2023-24/006785,INV/2023-24/007879,4000,14-10-2023,UPI,
RCP/2023-24/006793,INV/2023-24/007887,1000,25-04-2023,CASH,
RCP/2023-24/006800,INV/2023-24/007894,4000,07-07-2023,CASH,
RCP/2023-24/006801,INV/2023-24/007895,4000,15-08-2023,UPI,
RCP/2023-24/006827,INV/2023-24/007924,1500,13-04-2023,CASH,
RCP/2023-24/006828,INV/2023-24/007925,500,14-04-2023,CHEQUE,
RCP/2023-24/006831,INV/2023-24/007928,4000,07-05-2023,UPI,
RCP/2023-24/006846,INV/2023-24/007944,500,11-10-2023,UPI,
RCP/2023-24/006850,INV/2023-24/007948,4000,12-07-2023,ONLINE,
RCP/2023-24/006853,INV/2023-24/007951,4000,21-10-2023,CASH,
RCP/2023-24/006856,INV/2023-24/007954,4000,13-01-2024,CASH,
RCP/2023-24/006876,INV/2023-24/007977,1000,15-04-2023,UPI,
RCP/2023-24/006887,INV/2023-24/007989,4000,14-12-2023,BANK_TRANSFER,
RCP/2023-24/006892,INV/2023-24/007997,500,25-04-2023,CASH,
RCP/2023-24/006899,INV/2023-24/008005,4000,19-10-2023,UPI,
RCP/2023-24/006906,INV/2023-24/008015,500,16-04-2023,CASH,
RCP/2023-24/006911,INV/2023-24/008020,4000,12-07-2023,BANK_TRANSFER,
RCP/2023-24/006912,INV/2023-24/008021,4000,06-08-2023,CASH,
RCP/2023-24/006919,INV/2023-24/008028,4000,17-03-2024,CASH,
RCP/2023-24/006924,INV/2023-24/008033,500,16-04-2023,CASH,
RCP/2023-24/006936,INV/2023-24/008046,4000,19-03-2024,CASH,
RCP/2023-24/006937,INV/2023-24/008048,2000,22-04-2023,CASH,
RCP/2023-24/006942,INV/2023-24/008053,4000,23-04-2023,UPI,
RCP/2023-24/006947,INV/2023-24/008058,4000,06-09-2023,CASH,
RCP/2023-24/006953,INV/2023-24/008065,8000,23-04-2023,UPI,
RCP/2023-24/006959,INV/2023-24/008071,4000,08-04-2023,UPI,
RCP/2023-24/006960,INV/2023-24/008072,4000,12-05-2023,CASH,
RCP/2023-24/006961,INV/2023-24/008073,4000,06-06-2023,UPI,
RCP/2023-24/006962,INV/2023-24/008075,4000,13-08-2023,CHEQUE,
RCP/2023-24/006974,INV/2023-24/008091,4000,06-06-2023,BANK_TRANSFER,
RCP/2023-24/006991,INV/2023-24/008109,4000,20-06-2023,UPI,
RCP/2023-24/006992,INV/2023-24/008110,4000,15-07-2023,CASH,
RCP/2023-24/007000,INV/2023-24/008118,4000,19-03-2024,UPI,
RCP/2023-24/007004,INV/2023-24/008122,1500,20-04-2023,UPI,
RCP/2023-24/007014,INV/2023-24/008134,4000,11-01-2024,CASH,
RCP/2023-24/007017,INV/2023-24/008137,8000,18-04-2023,CHEQUE,
RCP/2023-24/007025,INV/2023-24/008151,4000,19-12-2023,UPI,
RCP/2023-24/007035,INV/2023-24/008163,4000,12-06-2023,CHEQUE,
RCP/2023-24/007037,INV/2023-24/008165,4000,23-08-2023,BANK_TRANSFER,
RCP/2023-24/007045,INV/2023-24/008173,8000,25-04-2023,UPI,
RCP/2023-24/007051,INV/2023-24/008182,4000,19-07-2023,BANK_TRANSFER,
RCP/2023-24/007054,INV/2023-24/008185,4000,16-10-2023,BANK_TRANSFER,
RCP/2023-24/007055,INV/2023-24/008186,4000,04-11-2023,BANK_TRANSFER,
RCP/2023-24/007063,INV/2023-24/008194,1500,19-04-2023,UPI,
RCP/2023-24/007065,INV/2023-24/008196,500,18-10-2023,ONLINE,
RCP/2023-24/007067,INV/2023-24/008198,4000,14-05-2023,UPI,
RCP/2023-24/007072,INV/2023-24/008203,4000,14-10-2023,CASH,
RCP/2023-24/007074,INV/2023-24/008205,4000,05-12-2023,CASH,
RCP/2023-24/007076,INV/2023-24/008207,4000,13-02-2024,CASH,
RCP/2023-24/007077,INV/2023-24/008208,4000,20-03-2024,CASH,
RCP/2023-24/007078,INV/2023-24/008209,8000,24-04-2023,CASH,
RCP/2023-24/007081,INV/2023-24/008213,500,24-04-2023,UPI,
RCP/2023-24/007083,INV/2023-24/008216,4000,12-05-2023,CHEQUE,
RCP/2023-24/007091,INV/2023-24/008226,4000,06-03-2024,UPI,
RCP/2023-24/007093,INV/2023-24/008228,2000,20-04-2023,CHEQUE,
RCP/2023-24/007094,INV/2023-24/008229,1000,14-04-2023,UPI,
RCP/2023-24/007099,INV/2023-24/008235,4000,13-06-2023,BANK_TRANSFER,
RCP/2023-24/007114,INV/2023-24/008251,4000,14-04-2023,CASH,
RCP/2023-24/007117,INV/2023-24/008254,4000,05-07-2023,CASH,
RCP/2023-24/007119,INV/2023-24/008256,4000,09-09-2023,CASH,
RCP/2023-24/007127,INV/2023-24/008264,2000,25-04-2023,UPI,
RCP/2023-24/007137,INV/2023-24/008275,4000,13-10-2023,BANK_TRANSFER,
RCP/2023-24/007141,INV/2023-24/008280,4000,19-03-2024,BANK_TRANSFER,
RCP/2023-24/007142,INV/2023-24/008281,8000,24-04-2023,BANK_TRANSFER,
RCP/2023-24/007158,INV/2023-24/008298,4000,11-03-2024,BANK_TRANSFER,
RCP/2023-24/007161,INV/2023-24/008302,1500,22-04-2023,BANK_TRANSFER,
RCP/2023-24/007163,INV/2023-24/008304,500,18-10-2023,ONLINE,
RCP/2023-24/007165,INV/2023-24/008307,4000,08-06-2023,BANK_TRANSFER,
RCP/2023-24/007167,INV/2023-24/008309,4000,04-08-2023,ONLINE,
RCP/2023-24/007168,INV/2023-24/008310,4000,22-09-2023,UPI,
RCP/2023-24/007186,INV/2023-24/008329,4000,21-10-2023,ONLINE,
RCP/2023-24/007188,INV/2023-24/008332,4000,02-01-2024,BANK_TRANSFER,
RCP/2023-24/007199,INV/2023-24/008344,4000,16-07-2023,CASH,
RCP/2023-24/007200,INV/2023-24/008345,4000,09-08-2023,UPI,
RCP/2023-24/007209,INV/2023-24/008354,2000,17-04-2023,CASH,
RCP/2023-24/007210,INV/2023-24/008355,1000,22-04-2023,CHEQUE,
RCP/2023-24/007211,INV/2023-24/008357,500,13-04-2023,UPI,
RCP/2023-24/007226,INV/2023-24/008374,1500,21-04-2023,CASH,
RCP/2023-24/007228,INV/2023-24/008376,500,23-10-2023,UPI,
RCP/2023-24/007231,INV/2023-24/008379,4000,16-06-2023,UPI,
RCP/2023-24/007238,INV/2023-24/008387,4000,11-02-2024,CASH,
RCP/2023-24/007241,INV/2023-24/008390,2000,20-04-2023,UPI,
RCP/2023-24/007245,INV/2023-24/008394,500,10-10-2023,UPI,
RCP/2023-24/007251,INV/2023-24/008401,4000,12-10-2023,BANK_TRANSFER,
RCP/2023-24/007258,INV/2023-24/008409,1000,15-04-2023,CHEQUE,
RCP/2023-24/007262,INV/2023-24/008413,4000,12-04-2023,CASH,
RCP/2023-24/007267,INV/2023-24/008418,4000,11-09-2023,ONLINE,
RCP/2023-24/007268,INV/2023-24/008419,4000,21-10-2023,UPI,
RCP/2023-24/007269,INV/2023-24/008420,4000,09-11-2023,UPI,
RCP/2023-24/007275,INV/2023-24/008426,2000,15-04-2023,UPI,
RCP/2023-24/007281,INV/2023-24/008432,4000,25-05-2023,ONLINE,
RCP/2023-24/007294,INV/2023-24/008446,1500,24-04-2023,ONLINE,
RCP/2023-24/007311,INV/2023-24/008465,500,22-04-2023,UPI,
RCP/2023-24/007313,INV/2023-24/008467,4000,24-04-2023,ONLINE,
RCP/2023-24/007316,INV/2023-24/008471,4000,08-08-2023,UPI,
RCP/2023-24/007320,INV/2023-24/008478,4000,01-03-2024,UPI,
RCP/2023-24/007322,INV/2023-24/008480,2000,20-04-2023,CASH,
RCP/2023-24/007328,INV/2023-24/008487,4000,09-06-2023,CASH,
RCP/2023-24/007353,INV/2023-24/008516,2000,16-04-2023,ONLINE,
RCP/2023-24/007354,INV/2023-24/008517,1000,16-04-2023,CHEQUE,
RCP/2023-24/007358,INV/2023-24/008524,4000,23-07-2023,UPI,
RCP/2023-24/007362,INV/2023-24/008528,4000,15-11-2023,UPI,
RCP/2023-24/007364,INV/2023-24/008530,4000,15-01-2024,UPI,
RCP/2023-24/007367,INV/2023-24/008535,1000,16-04-2023,CHEQUE,
RCP/2023-24/007375,INV/2023-24/008544,4000,08-09-2023,ONLINE,
RCP/2023-24/007376,INV/2023-24/008547,4000,03-12-2023,CHEQUE,
RCP/2023-24/007379,INV/2023-24/008551,8000,14-04-2023,CASH,
RCP/2023-24/007380,INV/2023-24/008552,2000,20-04-2023,ONLINE,
RCP/2023-24/007384,INV/2023-24/008557,4000,17-04-2023,CASH,
RCP/2023-24/007389,INV/2023-24/008562,4000,23-09-2023,UPI,
RCP/2023-24/007391,INV/2023-24/008565,4000,09-12-2023,CHEQUE,
RCP/2023-24/007408,INV/2023-24/008587,8000,19-04-2023,UPI,
RCP/2023-24/007428,INV/2023-24/008609,500,22-04-2023,CASH,
RCP/2023-24/007442,INV/2023-24/008625,1000,17-04-2023,CASH,
RCP/2023-24/007446,INV/2023-24/008629,4000,13-04-2023,UPI,
RCP/2023-24/007455,INV/2023-24/008638,4000,17-01-2024,CASH,
RCP/2023-24/007457,INV/2023-24/008640,4000,11-03-2024,UPI,
RCP/2023-24/007458,INV/2023-24/008641,8000,15-04-2023,BANK_TRANSFER,
RCP/2023-24/007473,INV/2023-24/008659,8000,14-04-2023,BANK_TRANSFER,
RCP/2023-24/007489,INV/2023-24/008681,500,26-04-2023,UPI,
RCP/2023-24/007496,INV/2023-24/008690,4000,09-11-2023,CASH,
RCP/2023-24/007501,INV/2023-24/008695,8000,18-04-2023,CASH,
RCP/2023-24/007507,INV/2023-24/008701,4000,14-04-2023,CASH,
RCP/2023-24/007516,INV/2023-24/008712,4000,10-03-2024,UPI,
RCP/2023-24/007520,INV/2023-24/008716,1500,25-04-2023,UPI,
RCP/2023-24/007521,INV/2023-24/008717,500,22-04-2023,CASH,
RCP/2023-24/007522,INV/2023-24/008718,500,10-10-2023,CHEQUE,
RCP/2023-24/007531,INV/2023-24/008730,4000,04-03-2024,BANK_TRANSFER,
RCP/2023-24/007539,INV/2023-24/008739,4000,13-06-2023,CHEQUE,
RCP/2023-24/007541,INV/2023-24/008741,4000,13-08-2023,CASH,
RCP/2023-24/007543,INV/2023-24/008743,4000,05-10-2023,CASH,
RCP/2023-24/007551,INV/2023-24/008752,1500,16-04-2023,CASH,
RCP/2023-24/007572,INV/2023-24/008777,4000,11-08-2023,UPI,
RCP/2023-24/007573,INV/2023-24/008778,4000,08-09-2023,UPI,
RCP/2023-24/007577,INV/2023-24/008782,4000,11-01-2024,UPI,
RCP/2023-24/007606,INV/2023-24/008819,4000,14-02-2024,BANK_TRANSFER,
RCP/2023-24/007608,INV/2023-24/008821,8000,26-04-2023,CHEQUE,
RCP/2023-24/007614,INV/2023-24/008828,4000,17-05-2023,CASH,
RCP/2023-24/007617,INV/2023-24/008832,4000,19-09-2023,CHEQUE,
RCP/2023-24/007618,INV/2023-24/008833,4000,19-10-2023,BANK_TRANSFER,
RCP/2023-24/007630,INV/2023-24/008847,4000,09-06-2023,UPI,
RCP/2023-24/007635,INV/2023-24/008852,4000,04-11-2023,UPI,
RCP/2023-24/007640,INV/2023-24/008858,2000,16-04-2023,BANK_TRANSFER,
RCP/2023-24/007642,INV/2023-24/008860,1500,15-04-2023,UPI,
RCP/2023-24/007644,INV/2023-24/008863,4000,07-04-2023,CHEQUE,
RCP/2023-24/007645,INV/2023-24/008864,4000,17-05-2023,UPI,
RCP/2023-24/007646,INV/2023-24/008867,4000,18-08-2023,UPI,
RCP/2023-24/007649,INV/2023-24/008870,4000,22-11-2023,ONLINE,
RCP/2023-24/007650,INV/2023-24/008871,4000,16-12-2023,UPI,
RCP/2023-24/007662,INV/2023-24/008884,4000,21-07-2023,CASH,
RCP/2023-24/007671,INV/2023-24/008896,1500,15-04-2023,CASH,
RCP/2023-24/007672,INV/2023-24/008897,500,19-04-2023,UPI,
RCP/2023-24/007673,INV/2023-24/008898,500,14-10-2023,CASH,
RCP/2023-24/007676,INV/2023-24/008902,4000,17-07-2023,UPI,
RCP/2023-24/007677,INV/2023-24/008903,4000,17-08-2023,ONLINE,
RCP/2023-24/007685,INV/2023-24/008912,2000,23-04-2023,CHEQUE,
RCP/2023-24/007706,INV/2023-24/008936,4000,08-05-2023,CHEQUE,
RCP/2023-24/007708,INV/2023-24/008938,4000,17-07-2023,UPI,
RCP/2023-24/007717,INV/2023-24/008948,2000,17-04-2023,UPI,
RCP/2023-24/007734,INV/2023-24/008966,2000,13-04-2023,UPI,
RCP/2023-24/007738,INV/2023-24/008970,500,17-10-2023,CASH,
RCP/2023-24/007758,INV/2023-24/008993,4000,16-08-2023,BANK_TRANSFER,
RCP/2023-24/007760,INV/2023-24/008996,4000,07-11-2023,BANK_TRANSFER,
RCP/2023-24/007763,INV/2023-24/008999,4000,08-02-2024,UPI,
RCP/2023-24/007764,INV/2023-24/009000,4000,04-03-2024,BANK_TRANSFER,
RCP/2023-24/007775,INV/2023-24/009011,4000,19-08-2023,UPI,
RCP/2023-24/007777,INV/2023-24/009013,4000,21-10-2023,UPI,
RCP/2023-24/007781,INV/2023-24/009018,4000,21-03-2024,UPI,
RCP/2023-24/007782,INV/2023-24/009019,8000,16-04-2023,CHEQUE,
RCP/2023-24/007784,INV/2023-24/009021,1000,23-04-2023,CASH,
RCP/2023-24/007788,INV/2023-24/009025,4000,23-04-2023,CASH,
RCP/2023-24/007789,INV/2023-24/009026,4000,12-05-2023,ONLINE,
RCP/2023-24/007792,INV/2023-24/009029,4000,19-08-2023,UPI,
RCP/2023-24/007800,INV/2023-24/009037,8000,25-04-2023,CASH,
RCP/2023-24/007806,INV/2023-24/009044,4000,10-05-2023,BANK_TRANSFER,
RCP/2023-24/007807,INV/2023-24/009045,4000,18-06-2023,CASH,
RCP/2023-24/007819,INV/2023-24/009060,500,14-10-2023,CASH,
RCP/2023-24/007821,INV/2023-24/009062,4000,21-05-2023,CASH,
RCP/2023-24/007828,INV/2023-24/009071,4000,15-02-2024,BANK_TRANSFER,
RCP/2023-24/007832,INV/2023-24/009075,1000,26-04-2023,CHEQUE,
RCP/2023-24/007839,INV/2023-24/009082,4000,18-07-2023,BANK_TRANSFER,
RCP/2023-24/007844,INV/2023-24/009088,4000,16-01-2024,UPI,
RCP/2023-24/007848,INV/2023-24/009092,2000,17-04-2023,ONLINE,
RCP/2023-24/007854,INV/2023-24/009098,4000,20-05-2023,BANK_TRANSFER,
RCP/2023-24/007855,INV/2023-24/009100,4000,19-07-2023,BANK_TRANSFER,
RCP/2023-24/007858,INV/2023-24/009104,4000,13-11-2023,BANK_TRANSFER,
RCP/2023-24/007859,INV/2023-24/009105,4000,12-12-2023,CASH,
RCP/2023-24/007860,INV/2023-24/009106,4000,11-01-2024,ONLINE,
RCP/2023-24/007865,INV/2023-24/009111,1000,23-04-2023,ONLINE,
RCP/2023-24/007868,INV/2023-24/009114,500,22-10-2023,UPI,
RCP/2023-24/007876,INV/2023-24/009122,4000,19-11-2023,UPI,
RCP/2023-24/007887,INV/2023-24/009133,4000,17-04-2023,ONLINE,
RCP/2023-24/007892,INV/2023-24/009140,4000,09-11-2023,CASH,
RCP/2023-24/007899,INV/2023-24/009149,500,16-04-2023,ONLINE,
RCP/2023-24/007913,INV/2023-24/009166,1500,14-04-2023,UPI,
RCP/2023-24/007915,INV/2023-24/009168,500,17-10-2023,CASH,
RCP/2023-24/007919,INV/2023-24/009173,4000,13-08-2023,UPI,
RCP/2023-24/007921,INV/2023-24/009177,4000,11-12-2023,UPI,
RCP/2023-24/007924,INV/2023-24/009180,4000,19-03-2024,CASH,
RCP/2023-24/007929,INV/2023-24/009186,500,11-10-2023,CASH,
RCP/2023-24/007933,INV/2023-24/009192,4000,05-09-2023,UPI,
RCP/2023-24/007937,INV/2023-24/009196,4000,10-01-2024,UPI,
RCP/2023-24/007941,INV/2023-24/009201,1000,26-04-2023,BANK_TRANSFER,
RCP/2023-24/007944,INV/2023-24/009204,500,17-10-2023,BANK_TRANSFER,
RCP/2023-24/007952,INV/2023-24/009213,4000,03-12-2023,CHEQUE,
RCP/2023-24/007954,INV/2023-24/009215,4000,07-02-2024,CASH,
RCP/2023-24/007955,INV/2023-24/009216,4000,10-03-2024,CASH,
RCP/2023-24/007961,INV/2023-24/009222,500,13-10-2023,CHEQUE,
RCP/2023-24/007962,INV/2023-24/009223,4000,18-04-2023,UPI,
RCP/2023-24/007963,INV/2023-24/009225,4000,07-06-2023,ONLINE,
RCP/2023-24/007966,INV/2023-24/009228,4000,17-09-2023,CASH,
RCP/2023-24/007974,INV/2023-24/009239,500,19-04-2023,ONLINE,
RCP/2023-24/007975,INV/2023-24/009240,500,14-10-2023,ONLINE,
RCP/2024-25/007982,INV/2024-25/009249,2000,18-12-2024,UPI,
RCP/2024-25/007983,INV/2024-25/009251,2000,02-02-2025,UPI,
RCP/2024-25/007985,INV/2024-25/009254,500,24-04-2024,CASH,
RCP/2024-25/007986,INV/2024-25/009255,1000,26-04-2024,ONLINE,
RCP/2024-25/007999,INV/2024-25/009268,2000,15-02-2025,UPI,
RCP/2024-25/008004,INV/2024-25/009273,250,15-04-2024,UPI,
RCP/2024-25/008008,INV/2024-25/009277,2000,09-06-2024,BANK_TRANSFER,
RCP/2024-25/008010,INV/2024-25/009279,2000,21-08-2024,UPI,
RCP/2024-25/008012,INV/2024-25/009281,2000,20-10-2024,CASH,
RCP/2024-25/008021,INV/2024-25/009292,2000,25-04-2024,UPI,
RCP/2024-25/008022,INV/2024-25/009293,2000,08-05-2024,BANK_TRANSFER,
RCP/2024-25/008035,INV/2024-25/009308,250,17-10-2024,UPI,
RCP/2024-25/008047,INV/2024-25/009324,250,15-04-2024,BANK_TRANSFER,
RCP/2024-25/008048,INV/2024-25/009325,250,16-10-2024,CASH,
RCP/2024-25/008051,INV/2024-25/009328,2000,09-06-2024,UPI,
RCP/2024-25/008053,INV/2024-25/009330,2000,12-08-2024,BANK_TRANSFER,
RCP/2024-25/008056,INV/2024-25/009335,2000,14-01-2025,UPI,
RCP/2024-25/008059,INV/2024-25/009338,5000,24-04-2024,UPI,
RCP/2024-25/008065,INV/2024-25/009345,2000,09-06-2024,UPI,
RCP/2024-25/008067,INV/2024-25/009347,2000,11-08-2024,UPI,
RCP/2024-25/008069,INV/2024-25/009350,2000,02-11-2024,BANK_TRANSFER,
RCP/2024-25/008082,INV/2024-25/009363,2000,11-07-2024,UPI,
RCP/2024-25/008093,INV/2024-25/009375,250,15-04-2024,UPI,
RCP/2024-25/008096,INV/2024-25/009379,2000,21-06-2024,CASH,
RCP/2024-25/008100,INV/2024-25/009383,2000,21-10-2024,BANK_TRANSFER,
RCP/2024-25/008108,INV/2024-25/009393,250,19-10-2024,UPI,
RCP/2024-25/008110,INV/2024-25/009395,2000,06-05-2024,UPI,
RCP/2024-25/008112,INV/2024-25/009397,2000,10-07-2024,UPI,
RCP/2024-25/008118,INV/2024-25/009403,2000,15-01-2025,UPI,
RCP/2024-25/008121,INV/2024-25/009406,5000,20-04-2024,BANK_TRANSFER,
RCP/2024-25/008123,INV/2024-25/009409,250,26-04-2024,CASH,
RCP/2024-25/008129,INV/2024-25/009416,2000,09-09-2024,CASH,
RCP/2024-25/008139,INV/2024-25/009426,250,20-04-2024,UPI,
RCP/2024-25/008142,INV/2024-25/009430,2000,06-06-2024,CHEQUE,
RCP/2024-25/008146,INV/2024-25/009435,2000,02-11-2024,CASH,
RCP/2024-25/008149,INV/2024-25/009438,2000,19-02-2025,UPI,
RCP/2024-25/008162,INV/2024-25/009455,2000,13-02-2025,UPI,
RCP/2024-25/008168,INV/2024-25/009461,250,19-10-2024,UPI,
RCP/2024-25/008173,INV/2024-25/009468,2000,14-10-2024,UPI,
RCP/2024-25/008175,INV/2024-25/009470,2000,09-12-2024,UPI,
RCP/2024-25/008178,INV/2024-25/009474,5000,26-04-2024,UPI,
RCP/2024-25/008182,INV/2024-25/009478,250,14-10-2024,ONLINE,
RCP/2024-25/008190,INV/2024-25/009489,2000,14-02-2025,BANK_TRANSFER,
RCP/2024-25/008193,INV/2024-25/009492,500,22-04-2024,CASH,
RCP/2024-25/008194,INV/2024-25/009493,1000,17-04-2024,CASH,
RCP/2024-25/008195,INV/2024-25/009494,250,15-04-2024,ONLINE,
RCP/2024-25/008200,INV/2024-25/009499,2000,13-07-2024,CASH,
RCP/2024-25/008206,INV/2024-25/009508,5000,22-04-2024,CASH,
RCP/2024-25/008226,INV/2024-25/009533,2000,14-07-2024,UPI,
RCP/2024-25/008239,INV/2024-25/009551,2000,05-08-2024,CASH,
RCP/2024-25/008242,INV/2024-25/009554,2000,12-11-2024,CASH,
RCP/2024-25/008244,INV/2024-25/009556,2000,13-01-2025,CHEQUE,
RCP/2024-25/008259,INV/2024-25/009572,2000,19-12-2024,UPI,
RCP/2024-25/008261,INV/2024-25/009575,2000,16-03-2025,UPI,
RCP/2024-25/008264,INV/2024-25/009578,1000,24-04-2024,CASH,
RCP/2024-25/008271,INV/2024-25/009587,2000,13-10-2024,ONLINE,
RCP/2024-25/008280,INV/2024-25/009602,2000,11-08-2024,UPI,
RCP/2024-25/008282,INV/2024-25/009604,2000,11-10-2024,CASH,
RCP/2024-25/008283,INV/2024-25/009605,2000,13-11-2024,BANK_TRANSFER,
RCP/2024-25/008306,INV/2024-25/009630,250,26-04-2024,CHEQUE,
RCP/2024-25/008307,INV/2024-25/009631,250,11-10-2024,CASH,
RCP/2024-25/008309,INV/2024-25/009633,2000,25-05-2024,CASH,
RCP/2024-25/008310,INV/2024-25/009634,2000,16-06-2024,CHEQUE,
RCP/2024-25/008314,INV/2024-25/009638,2000,03-10-2024,CASH,
RCP/2024-25/008317,INV/2024-25/009641,2000,18-01-2025,CASH,
RCP/2024-25/008329,INV/2024-25/009653,2000,21-08-2024,CHEQUE,
RCP/2024-25/008335,INV/2024-25/009661,5000,22-04-2024,CASH,
RCP/2024-25/008338,INV/2024-25/009665,250,19-10-2024,UPI,
RCP/2024-25/008341,INV/2024-25/009668,2000,13-06-2024,CASH,
RCP/2024-25/008342,INV/2024-25/009669,2000,17-07-2024,UPI,
RCP/2024-25/008345,INV/2024-25/009672,2000,18-10-2024,ONLINE,
RCP/2024-25/008361,INV/2024-25/009692,2000,19-01-2025,ONLINE,
RCP/2024-25/008372,INV/2024-25/009703,2000,08-07-2024,CASH,
RCP/2024-25/008375,INV/2024-25/009706,2000,04-10-2024,CASH,
RCP/2024-25/008376,INV/2024-25/009707,2000,05-11-2024,CASH,
RCP/2024-25/008390,INV/2024-25/009724,2000,17-11-2024,ONLINE,
RCP/2024-25/008391,INV/2024-25/009726,2000,11-01-2025,CASH,
RCP/2024-25/008401,INV/2024-25/009738,2000,08-08-2024,UPI,
RCP/2024-25/008404,INV/2024-25/009742,2000,12-12-2024,CASH,
RCP/2024-25/008409,INV/2024-25/009749,250,19-04-2024,CASH,
RCP/2024-25/008414,INV/2024-25/009755,2000,19-08-2024,CASH,
RCP/2024-25/008415,INV/2024-25/009756,2000,12-09-2024,UPI,
RCP/2024-25/008426,INV/2024-25/009768,2000,06-04-2024,UPI,
RCP/2024-25/008434,INV/2024-25/009780,5000,25-04-2024,CHEQUE,
RCP/2024-25/008435,INV/2024-25/009781,500,25-04-2024,ONLINE,
RCP/2024-25/008449,INV/2024-25/009799,1000,18-04-2024,CASH,
RCP/2024-25/008450,INV/2024-25/009800,250,22-04-2024,CHEQUE,
RCP/2024-25/008456,INV/2024-25/009806,2000,24-08-2024,CASH,
RCP/2024-25/008460,INV/2024-25/009810,2000,04-12-2024,UPI,
RCP/2024-25/008464,INV/2024-25/009815,500,13-04-2024,BANK_TRANSFER,
RCP/2024-25/008472,INV/2024-25/009823,2000,07-08-2024,CHEQUE,
RCP/2024-25/008483,INV/2024-25/009836,2000,16-04-2024,ONLINE,
RCP/2024-25/008484,INV/2024-25/009837,2000,19-05-2024,CHEQUE,
RCP/2024-25/008491,INV/2024-25/009846,2000,11-02-2025,UPI,
RCP/2024-25/008496,INV/2024-25/009852,250,23-10-2024,CASH,
RCP/2024-25/008510,INV/2024-25/009870,2000,14-04-2024,CHEQUE,
RCP/2024-25/008512,INV/2024-25/009873,2000,10-07-2024,UPI,
RCP/2024-25/008517,INV/2024-25/009879,2000,08-01-2025,UPI,
RCP/2024-25/008526,INV/2024-25/009889,2000,10-06-2024,CASH,
RCP/2024-25/008537,INV/2024-25/009904,2000,24-04-2024,CASH,
RCP/2024-25/008541,INV/2024-25/009908,2000,11-08-2024,BANK_TRANSFER,
RCP/2024-25/008545,INV/2024-25/009913,2000,09-01-2025,UPI,
RCP/2024-25/008546,INV/2024-25/009914,2000,04-02-2025,BANK_TRANSFER,
RCP/2024-25/008550,INV/2024-25/009918,1000,21-04-2024,CASH,
RCP/2024-25/008552,INV/2024-25/009920,250,21-10-2024,UPI,
RCP/2024-25/008561,INV/2024-25/009930,2000,03-01-2025,CASH,
RCP/2024-25/008562,INV/2024-25/009932,2000,15-03-2025,ONLINE,
RCP/2024-25/008567,INV/2024-25/009937,250,22-10-2024,BANK_TRANSFER,
RCP/2024-25/008571,INV/2024-25/009941,2000,20-07-2024,CASH,
RCP/2024-25/008580,INV/2024-25/009953,250,24-04-2024,ONLINE,
RCP/2024-25/008582,INV/2024-25/009955,2000,15-04-2024,BANK_TRANSFER,
RCP/2024-25/008584,INV/2024-25/009958,2000,22-07-2024,UPI,
RCP/2024-25/008588,INV/2024-25/009962,2000,15-11-2024,CASH,
RCP/2024-25/008597,INV/2024-25/009973,2000,19-05-2024,UPI,
RCP/2024-25/008598,INV/2024-25/009974,2000,15-06-2024,CASH,
RCP/2024-25/008608,INV/2024-25/009985,500,19-04-2024,UPI,
RCP/2024-25/008612,INV/2024-25/009990,2000,16-05-2024,CASH,
RCP/2024-25/008636,INV/2024-25/010018,5000,13-04-2024,UPI,
RCP/2024-25/008640,INV/2024-25/010022,250,16-10-2024,CASH,
RCP/2024-25/008645,INV/2024-25/010027,2000,09-08-2024,CHEQUE,
RCP/2024-25/008648,INV/2024-25/010031,2000,21-12-2024,CHEQUE,
RCP/2024-25/008652,INV/2024-25/010035,5000,23-04-2024,CASH,
RCP/2024-25/008663,INV/2024-25/010049,2000,02-01-2025,UPI,
RCP/2024-25/008667,INV/2024-25/010053,500,25-04-2024,UPI,
RCP/2024-25/008674,INV/2024-25/010060,2000,12-07-2024,UPI,
RCP/2024-25/008678,INV/2024-25/010064,2000,07-11-2024,BANK_TRANSFER,
RCP/2024-25/008682,INV/2024-25/010068,2000,06-03-2025,CASH,
RCP/2024-25/008689,INV/2024-25/010075,2000,10-05-2024,UPI,
RCP/2024-25/008692,INV/2024-25/010079,2000,12-09-2024,UPI,
RCP/2024-25/008712,INV/2024-25/010102,2000,17-03-2025,UPI,
RCP/2024-25/008713,INV/2024-25/010103,5000,15-04-2024,BANK_TRANSFER,
RCP/2024-25/008714,INV/2024-25/010105,1000,15-04-2024,UPI,
RCP/2024-25/008718,INV/2024-25/010109,2000,16-05-2024,CASH,
RCP/2024-25/008720,INV/2024-25/010113,2000,18-09-2024,CASH,
RCP/2024-25/008724,INV/2024-25/010118,2000,13-02-2025,UPI,
RCP/2024-25/008729,INV/2024-25/010123,250,21-04-2024,UPI,
RCP/2024-25/008737,INV/2024-25/010132,2000,17-11-2024,UPI,
RCP/2024-25/008738,INV/2024-25/010133,2000,22-12-2024,CASH,
RCP/2024-25/008739,INV/2024-25/010134,2000,17-01-2025,CASH,
RCP/2024-25/008748,INV/2024-25/010144,2000,08-06-2024,UPI,
RCP/2024-25/008749,INV/2024-25/010145,2000,22-07-2024,UPI,
RCP/2024-25/008750,INV/2024-25/010146,2000,22-08-2024,CASH,
RCP/2024-25/008754,INV/2024-25/010150,2000,21-12-2024,CASH,
RCP/2024-25/008756,INV/2024-25/010154,5000,25-04-2024,CASH,
RCP/2024-25/008760,INV/2024-25/010158,250,18-10-2024,CASH,
RCP/2024-25/008763,INV/2024-25/010161,2000,15-06-2024,UPI,
RCP/2024-25/008769,INV/2024-25/010168,2000,14-01-2025,CASH,
RCP/2024-25/008777,INV/2024-25/010178,2000,19-06-2024,UPI,
RCP/2024-25/008778,INV/2024-25/010179,2000,09-07-2024,UPI,
RCP/2024-25/008785,INV/2024-25/010186,2000,10-02-2025,UPI,
RCP/2024-25/008786,INV/2024-25/010187,2000,20-03-2025,BANK_TRANSFER,
RCP/2024-25/008790,INV/2024-25/010192,250,22-10-2024,CASH,
RCP/2024-25/008798,INV/2024-25/010201,2000,19-12-2024,CASH,
RCP/2024-25/008800,INV/2024-25/010203,2000,16-02-2025,ONLINE,
RCP/2024-25/008804,INV/2024-25/010208,250,14-04-2024,UPI,
RCP/2024-25/008830,INV/2024-25/010238,2000,18-03-2025,BANK_TRANSFER,
RCP/2024-25/008836,INV/2024-25/010244,2000,15-04-2024,UPI,
RCP/2024-25/008847,INV/2024-25/010257,500,21-04-2024,ONLINE,
RCP/2024-25/008850,INV/2024-25/010260,250,14-10-2024,CHEQUE,
RCP/2024-25/008854,INV/2024-25/010264,2000,06-07-2024,BANK_TRANSFER,
RCP/2024-25/008858,INV/2024-25/010268,2000,15-11-2024,UPI,
RCP/2024-25/008866,INV/2024-25/010279,2000,15-05-2024,UPI,
RCP/2024-25/008876,INV/2024-25/010290,5000,17-04-2024,UPI,
RCP/2024-25/008885,INV/2024-25/010299,2000,05-08-2024,CHEQUE,
RCP/2024-25/008895,INV/2024-25/010309,1000,22-04-2024,CASH,
RCP/2024-25/008896,INV/2024-25/010310,250,16-04-2024,UPI,
RCP/2024-25/008913,INV/2024-25/010329,2000,11-04-2024,BANK_TRANSFER,
RCP/2024-25/008925,INV/2024-25/010341,5000,20-04-2024,UPI,
RCP/2024-25/008937,INV/2024-25/010354,2000,21-12-2024,CASH,
RCP/2024-25/008938,INV/2024-25/010355,2000,02-01-2025,ONLINE,
RCP/2024-25/008940,INV/2024-25/010357,2000,22-03-2025,UPI,
RCP/2024-25/008941,INV/2024-25/010360,1000,21-04-2024,CASH,
RCP/2024-25/008943,INV/2024-25/010362,250,13-10-2024,UPI,
RCP/2024-25/008946,INV/2024-25/010365,2000,24-06-2024,UPI,
RCP/2024-25/008952,INV/2024-25/010371,2000,15-12-2024,CASH,
RCP/2024-25/008955,INV/2024-25/010374,2000,06-03-2025,UPI,
RCP/2024-25/008960,INV/2024-25/010383,2000,12-07-2024,UPI,
RCP/2024-25/008962,INV/2024-25/010386,2000,13-10-2024,CHEQUE,
RCP/2024-25/008963,INV/2024-25/010387,2000,20-11-2024,UPI,
RCP/2024-25/008973,INV/2024-25/010397,2000,22-04-2024,BANK_TRANSFER,
RCP/2024-25/008981,INV/2024-25/010406,2000,17-01-2025,BANK_TRANSFER,
RCP/2024-25/008984,INV/2024-25/010409,5000,18-04-2024,ONLINE,
RCP/2024-25/008986,INV/2024-25/010411,1000,22-04-2024,UPI,
RCP/2024-25/008988,INV/2024-25/010413,250,14-10-2024,UPI,
RCP/2024-25/008989,INV/2024-25/010415,2000,15-05-2024,UPI,
RCP/2024-25/008990,INV/2024-25/010417,2000,25-07-2024,CASH,
RCP/2024-25/008995,INV/2024-25/010422,2000,15-12-2024,ONLINE,
RCP/2024-25/008997,INV/2024-25/010424,2000,20-02-2025,UPI,
RCP/2024-25/009009,INV/2024-25/010436,2000,12-09-2024,UPI,
RCP/2024-25/009015,INV/2024-25/010445,1000,16-04-2024,CASH,
RCP/2024-25/009016,INV/2024-25/010446,250,17-04-2024,CASH,
RCP/2024-25/009029,INV/2024-25/010459,2000,09-03-2025,UPI,
RCP/2024-25/009032,INV/2024-25/010463,250,25-04-2024,UPI,
RCP/2024-25/009035,INV/2024-25/010467,2000,11-06-2024,UPI,
RCP/2024-25/009036,INV/2024-25/010468,2000,19-07-2024,CASH,
RCP/2024-25/009039,INV/2024-25/010471,2000,18-10-2024,CHEQUE,
RCP/2024-25/009042,INV/2024-25/010475,2000,14-02-2025,ONLINE,
RCP/2024-25/009049,INV/2024-25/010483,2000,15-05-2024,ONLINE,
RCP/2024-25/009054,INV/2024-25/010490,2000,12-12-2024,BANK_TRANSFER,
RCP/2024-25/009062,INV/2024-25/010498,250,18-10-2024,UPI,
RCP/2024-25/009066,INV/2024-25/010504,2000,05-09-2024,BANK_TRANSFER,
RCP/2024-25/009069,INV/2024-25/010511,5000,14-04-2024,CASH,
RCP/2024-25/009089,INV/2024-25/010535,2000,25-06-2024,CASH,
RCP/2024-25/009093,INV/2024-25/010539,2000,04-10-2024,UPI,
RCP/2024-25/009124,INV/2024-25/010573,2000,04-10-2024,UPI,
RCP/2024-25/009125,INV/2024-25/010574,2000,04-11-2024,BANK_TRANSFER,
RCP/2024-25/009130,INV/2024-25/010580,500,13-04-2024,CHEQUE,
RCP/2024-25/009139,INV/2024-25/010589,2000,12-09-2024,BANK_TRANSFER,
RCP/2024-25/009141,INV/2024-25/010591,2000,09-11-2024,CHEQUE,
RCP/2024-25/009147,INV/2024-25/010600,250,10-10-2024,CHEQUE,
RCP/2024-25/009151,INV/2024-25/010604,3000,10-07-2024,UPI,
RCP/2024-25/009168,INV/2024-25/010622,3000,08-07-2024,CASH,
RCP/2024-25/009169,INV/2024-25/010623,3000,20-08-2024,ONLINE,
RCP/2024-25/009175,INV/2024-25/010630,3000,08-03-2025,UPI,
RCP/2024-25/009195,INV/2024-25/010656,3000,17-05-2024,UPI,
RCP/2024-25/009197,INV/2024-25/010658,3000,12-07-2024,CASH,
RCP/2024-25/009198,INV/2024-25/010659,3000,04-08-2024,UPI,
RCP/2024-25/009209,INV/2024-25/010674,3000,09-05-2024,CHEQUE,
RCP/2024-25/009211,INV/2024-25/010676,3000,16-07-2024,UPI,
RCP/2024-25/009217,INV/2024-25/010682,3000,11-01-2025,CHEQUE,
RCP/2024-25/009226,INV/2024-25/010694,3000,18-07-2024,UPI,
RCP/2024-25/009229,INV/2024-25/010697,3000,20-10-2024,BANK_TRANSFER,
RCP/2024-25/009233,INV/2024-25/010705,500,19-04-2024,UPI,
RCP/2024-25/009244,INV/2024-25/010719,3000,09-02-2025,CASH,
RCP/2024-25/009248,INV/2024-25/010724,1000,18-04-2024,CASH,
RCP/2024-25/009251,INV/2024-25/010727,3000,19-04-2024,CASH,
RCP/2024-25/009261,INV/2024-25/010737,3000,02-02-2025,BANK_TRANSFER,
RCP/2024-25/009263,INV/2024-25/010739,6000,25-04-2024,UPI,
RCP/2024-25/009265,INV/2024-25/010741,500,26-04-2024,BANK_TRANSFER,
RCP/2024-25/009269,INV/2024-25/010746,3000,11-05-2024,UPI,
RCP/2024-25/009282,INV/2024-25/010763,3000,22-04-2024,ONLINE,
RCP/2024-25/009286,INV/2024-25/010770,3000,22-11-2024,BANK_TRANSFER,
RCP/2024-25/009294,INV/2024-25/010778,1000,20-04-2024,CASH,
RCP/2024-25/009297,INV/2024-25/010781,3000,18-04-2024,BANK_TRANSFER,
RCP/2024-25/009300,INV/2024-25/010784,3000,09-07-2024,UPI,
RCP/2024-25/009304,INV/2024-25/010790,3000,04-01-2025,CASH,
RCP/2024-25/009322,INV/2024-25/010813,500,17-04-2024,ONLINE,
RCP/2024-25/009325,INV/2024-25/010816,375,20-10-2024,UPI,
RCP/2024-25/009328,INV/2024-25/010819,3000,21-06-2024,CHEQUE,
RCP/2024-25/009331,INV/2024-25/010822,3000,16-09-2024,CHEQUE,
RCP/2024-25/009335,INV/2024-25/010827,3000,05-02-2025,UPI,
RCP/2024-25/009337,INV/2024-25/010829,6000,13-04-2024,ONLINE,
RCP/2024-25/009338,INV/2024-25/010830,1000,19-04-2024,CHEQUE,
RCP/2024-25/009345,INV/2024-25/010838,3000,20-07-2024,CHEQUE,
RCP/2024-25/009353,INV/2024-25/010846,3000,17-03-2025,CASH,
RCP/2024-25/009355,INV/2024-25/010848,1000,25-04-2024,BANK_TRANSFER,
RCP/2024-25/009358,INV/2024-25/010851,375,22-04-2024,UPI,
RCP/2024-25/009366,INV/2024-25/010860,3000,20-11-2024,CHEQUE,
RCP/2024-25/009367,INV/2024-25/010861,3000,03-12-2024,ONLINE,
RCP/2024-25/009377,INV/2024-25/010871,3000,16-04-2024,CASH,
RCP/2024-25/009379,INV/2024-25/010873,3000,09-06-2024,BANK_TRANSFER,
RCP/2024-25/009396,INV/2024-25/010892,3000,10-07-2024,CHEQUE,
RCP/2024-25/009399,INV/2024-25/010895,3000,03-10-2024,CASH,
RCP/2024-25/009402,INV/2024-25/010898,3000,09-01-2025,CASH,
RCP/2024-25/009407,INV/2024-25/010904,1000,18-04-2024,CASH,
RCP/2024-25/009408,INV/2024-25/010905,375,14-04-2024,CASH,
RCP/2024-25/009412,INV/2024-25/010910,3000,07-07-2024,ONLINE,
RCP/2024-25/009439,INV/2024-25/010943,3000,21-04-2024,ONLINE,
RCP/2024-25/009444,INV/2024-25/010948,3000,11-09-2024,BANK_TRANSFER,
RCP/2024-25/009460,INV/2024-25/010968,3000,18-11-2024,UPI,
RCP/2024-25/009475,INV/2024-25/010986,3000,16-11-2024,BANK_TRANSFER,
RCP/2024-25/009480,INV/2024-25/010992,1000,20-04-2024,UPI,
RCP/2024-25/009499,INV/2024-25/011011,500,14-04-2024,CASH,
RCP/2024-25/009509,INV/2024-25/011022,3000,12-11-2024,CASH,
RCP/2024-25/009511,INV/2024-25/011024,3000,14-01-2025,CASH,
RCP/2024-25/009512,INV/2024-25/011025,3000,11-02-2025,UPI,
RCP/2024-25/009513,INV/2024-25/011026,3000,08-03-2025,UPI,
RCP/2024-25/009515,INV/2024-25/011029,500,21-04-2024,UPI,
RCP/2024-25/009525,INV/2024-25/011041,3000,15-12-2024,UPI,
RCP/2024-25/009528,INV/2024-25/011046,1000,13-04-2024,BANK_TRANSFER,
RCP/2024-25/009529,INV/2024-25/011047,500,13-04-2024,CASH,
RCP/2024-25/009533,INV/2024-25/011051,3000,14-04-2024,UPI,
RCP/2024-25/009535,INV/2024-25/011053,3000,05-06-2024,CASH,
RCP/2024-25/009536,INV/2024-25/011054,3000,24-07-2024,ONLINE,
RCP/2024-25/009543,INV/2024-25/011061,3000,01-02-2025,CHEQUE,
RCP/2024-25/009545,INV/2024-25/011065,500,20-04-2024,CASH,
RCP/2024-25/009547,INV/2024-25/011067,375,20-04-2024,UPI,
RCP/2024-25/009557,INV/2024-25/011080,3000,05-03-2025,CHEQUE,
RCP/2024-25/009561,INV/2024-25/011085,375,17-04-2024,UPI,
RCP/2024-25/009562,INV/2024-25/011086,375,14-10-2024,BANK_TRANSFER,
RCP/2024-25/009565,INV/2024-25/011089,3000,20-06-2024,UPI,
RCP/2024-25/009566,INV/2024-25/011090,3000,17-07-2024,UPI,
RCP/2024-25/009569,INV/2024-25/011094,3000,06-11-2024,BANK_TRANSFER,
RCP/2024-25/009578,INV/2024-25/011104,375,13-10-2024,ONLINE,
RCP/2024-25/009586,INV/2024-25/011112,3000,16-11-2024,UPI,
RCP/2024-25/009589,INV/2024-25/011115,3000,04-02-2025,CHEQUE,
RCP/2024-25/009590,INV/2024-25/011116,3000,09-03-2025,BANK_TRANSFER,
RCP/2024-25/009591,INV/2024-25/011117,6000,25-04-2024,CASH,
RCP/2024-25/009594,INV/2024-25/011120,1000,15-04-2024,UPI,
RCP/2024-25/009599,INV/2024-25/011125,3000,17-06-2024,CASH,
RCP/2024-25/009601,INV/2024-25/011127,3000,17-08-2024,ONLINE,
RCP/2024-25/009603,INV/2024-25/011129,3000,18-10-2024,CASH,
RCP/2024-25/009604,INV/2024-25/011130,3000,19-11-2024,BANK_TRANSFER,
RCP/2024-25/009608,INV/2024-25/011135,6000,20-04-2024,CASH,
RCP/2024-25/009614,INV/2024-25/011141,3000,11-04-2024,UPI,
RCP/2024-25/009625,INV/2024-25/011154,1000,22-04-2024,UPI,
RCP/2024-25/009636,INV/2024-25/011168,3000,17-01-2025,BANK_TRANSFER,
RCP/2024-25/009638,INV/2024-25/011170,3000,03-03-2025,UPI,
RCP/2024-25/009641,INV/2024-25/011173,500,24-04-2024,UPI,
RCP/2024-25/009643,INV/2024-25/011175,375,23-04-2024,BANK_TRANSFER,
RCP/2024-25/009655,INV/2024-25/011191,500,25-04-2024,CASH,
RCP/2024-25/009656,INV/2024-25/011192,1000,22-04-2024,UPI,
RCP/2024-25/009658,INV/2024-25/011194,375,17-10-2024,UPI,
RCP/2024-25/009660,INV/2024-25/011196,3000,09-05-2024,UPI,
RCP/2024-25/009668,INV/2024-25/011204,3000,15-01-2025,CASH,
RCP/2024-25/009687,INV/2024-25/011225,6000,19-04-2024,UPI,
RCP/2024-25/009696,INV/2024-25/011241,3000,05-02-2025,CHEQUE,
RCP/2024-25/009703,INV/2024-25/011248,375,23-10-2024,BANK_TRANSFER,
RCP/2024-25/009704,INV/2024-25/011249,3000,09-04-2024,CASH,
RCP/2024-25/009721,INV/2024-25/011270,3000,10-07-2024,CASH,
RCP/2024-25/009746,INV/2024-25/011299,500,26-04-2024,BANK_TRANSFER,
RCP/2024-25/009753,INV/2024-25/011307,3000,10-08-2024,ONLINE,
RCP/2024-25/009783,INV/2024-25/011341,3000,23-06-2024,UPI,
RCP/2024-25/009784,INV/2024-25/011342,3000,21-07-2024,ONLINE,
RCP/2024-25/009787,INV/2024-25/011345,3000,16-10-2024,CHEQUE,
RCP/2024-25/009790,INV/2024-25/011348,3000,18-01-2025,CHEQUE,
RCP/2024-25/009793,INV/2024-25/011353,500,22-04-2024,ONLINE,
RCP/2024-25/009795,INV/2024-25/011355,375,26-04-2024,UPI,
RCP/2024-25/009800,INV/2024-25/011360,3000,10-07-2024,UPI,
RCP/2024-25/009807,INV/2024-25/011368,3000,02-03-2025,UPI,
RCP/2024-25/009820,INV/2024-25/011383,3000,10-12-2024,CHEQUE,
RCP/2024-25/009821,INV/2024-25/011384,3000,19-01-2025,BANK_TRANSFER,
RCP/2024-25/009828,INV/2024-25/011391,375,26-04-2024,ONLINE,
RCP/2024-25/009831,INV/2024-25/011394,3000,23-05-2024,CASH,
RCP/2024-25/009836,INV/2024-25/011400,3000,15-11-2024,UPI,
RCP/2024-25/009838,INV/2024-25/011403,3000,31-01-2025,ONLINE,
RCP/2024-25/009839,INV/2024-25/011404,3000,03-03-2025,BANK_TRANSFER,
RCP/2024-25/009840,INV/2024-25/011405,6000,13-04-2024,BANK_TRANSFER,
RCP/2024-25/009842,INV/2024-25/011407,500,20-04-2024,UPI,
RCP/2024-25/009845,INV/2024-25/011410,375,21-10-2024,UPI,
RCP/2024-25/009847,INV/2024-25/011412,3000,15-05-2024,CASH,
RCP/2024-25/009849,INV/2024-25/011414,3000,05-07-2024,BANK_TRANSFER,
RCP/2024-25/009864,INV/2024-25/011430,3000,25-05-2024,CASH,
RCP/2024-25/009866,INV/2024-25/011432,3000,13-07-2024,CASH,
RCP/2024-25/009867,INV/2024-25/011433,3000,22-08-2024,UPI,
RCP/2024-25/009872,INV/2024-25/011439,3000,13-02-2025,CHEQUE,
RCP/2024-25/009874,INV/2024-25/011442,1000,21-04-2024,BANK_TRANSFER,
RCP/2024-25/009875,INV/2024-25/011443,500,21-04-2024,UPI,
RCP/2024-25/009876,INV/2024-25/011444,1000,26-04-2024,UPI,
RCP/2024-25/009879,INV/2024-25/011447,3000,22-04-2024,BANK_TRANSFER,
RCP/2024-25/009884,INV/2024-25/011452,3000,13-09-2024,CASH,
RCP/2024-25/009885,INV/2024-25/011453,3000,21-10-2024,ONLINE,
RCP/2024-25/009898,INV/2024-25/011468,3000,23-07-2024,UPI,
RCP/2024-25/009900,INV/2024-25/011470,3000,23-09-2024,CHEQUE,
RCP/2024-25/009905,INV/2024-25/011476,3000,21-03-2025,CASH,
RCP/2024-25/009913,INV/2024-25/011485,3000,18-06-2024,ONLINE,
RCP/2024-25/009915,INV/2024-25/011487,3000,13-08-2024,UPI,
RCP/2024-25/009930,INV/2024-25/011504,3000,24-07-2024,UPI,
RCP/2024-25/009937,INV/2024-25/011514,1000,15-04-2024,UPI,
RCP/2024-25/009940,INV/2024-25/011517,375,15-04-2024,UPI,
RCP/2024-25/009966,INV/2024-25/011549,6000,24-04-2024,UPI,
RCP/2024-25/009981,INV/2024-25/011565,3000,07-02-2025,ONLINE,
RCP/2024-25/009987,INV/2024-25/011573,3000,13-04-2024,ONLINE,
RCP/2024-25/009988,INV/2024-25/011575,3000,15-06-2024,UPI,
RCP/2024-25/009998,INV/2024-25/011586,1000,21-04-2024,BANK_TRANSFER,
RCP/2024-25/010009,INV/2024-25/011599,3000,14-12-2024,UPI,
RCP/2024-25/010010,INV/2024-25/011600,3000,21-01-2025,BANK_TRANSFER,
RCP/2024-25/010012,INV/2024-25/011603,6000,17-04-2024,CASH,
RCP/2024-25/010028,INV/2024-25/011620,3000,04-03-2025,BANK_TRANSFER,
RCP/2024-25/010029,INV/2024-25/011621,6000,21-04-2024,CASH,
RCP/2024-25/010030,INV/2024-25/011622,1000,21-04-2024,CHEQUE,
RCP/2024-25/010036,INV/2024-25/011629,3000,20-06-2024,CASH,
RCP/2024-25/010038,INV/2024-25/011631,3000,11-08-2024,CASH,
RCP/2024-25/010040,INV/2024-25/011633,3000,12-10-2024,UPI,
RCP/2024-25/010044,INV/2024-25/011637,3000,04-02-2025,UPI,
RCP/2024-25/010045,INV/2024-25/011638,3000,19-03-2025,UPI,
RCP/2024-25/010052,INV/2024-25/011645,3000,07-04-2024,CASH,
RCP/2024-25/010072,INV/2024-25/011669,3000,04-10-2024,CHEQUE,
RCP/2024-25/010074,INV/2024-25/011672,3000,08-01-2025,BANK_TRANSFER,
RCP/2024-25/010082,INV/2024-25/011680,375,20-10-2024,ONLINE,
RCP/2024-25/010083,INV/2024-25/011682,3000,14-05-2024,CASH,
RCP/2024-25/010088,INV/2024-25/011687,3000,12-10-2024,UPI,
RCP/2024-25/010090,INV/2024-25/011689,3000,02-12-2024,CASH,
RCP/2024-25/010091,INV/2024-25/011690,3000,21-01-2025,ONLINE,
RCP/2024-25/010093,INV/2024-25/011692,3000,11-03-2025,UPI,
RCP/2024-25/010104,INV/2024-25/011705,3000,15-10-2024,UPI,
RCP/2024-25/010108,INV/2024-25/011709,3000,20-02-2025,UPI,
RCP/2024-25/010111,INV/2024-25/011712,1000,21-04-2024,ONLINE,
RCP/2024-25/010114,INV/2024-25/011715,375,19-04-2024,BANK_TRANSFER,
RCP/2024-25/010116,INV/2024-25/011717,3000,21-04-2024,CASH,
RCP/2024-25/010117,INV/2024-25/011721,3000,06-08-2024,CHEQUE,
RCP/2024-25/010124,INV/2024-25/011730,1000,23-04-2024,CASH,
RCP/2024-25/010129,INV/2024-25/011736,3000,19-05-2024,CASH,
RCP/2024-25/010136,INV/2024-25/011745,3000,08-02-2025,BANK_TRANSFER,
RCP/2024-25/010137,INV/2024-25/011746,3000,09-03-2025,ONLINE,
RCP/2024-25/010138,INV/2024-25/011747,6000,13-04-2024,UPI,
RCP/2024-25/010141,INV/2024-25/011750,1000,26-04-2024,UPI,
RCP/2024-25/010155,INV/2024-25/011768,1000,19-04-2024,CASH,
RCP/2024-25/010157,INV/2024-25/011770,375,11-10-2024,CASH,
RCP/2024-25/010176,INV/2024-25/011791,3000,14-06-2024,UPI,
RCP/2024-25/010178,INV/2024-25/011793,3000,07-08-2024,CHEQUE,
RCP/2024-25/010191,INV/2024-25/011809,3000,12-06-2024,UPI,
RCP/2024-25/010195,INV/2024-25/011813,3000,20-10-2024,CASH,
RCP/2024-25/010197,INV/2024-25/011815,3000,22-12-2024,CASH,
RCP/2024-25/010199,INV/2024-25/011817,3000,07-02-2025,UPI,
RCP/2024-25/010201,INV/2024-25/011819,6000,16-04-2024,UPI,
RCP/2024-25/010205,INV/2024-25/011823,375,19-04-2024,BANK_TRANSFER,
RCP/2024-25/010208,INV/2024-25/011827,3000,19-06-2024,CASH,
RCP/2024-25/010212,INV/2024-25/011831,3000,16-10-2024,CHEQUE,
RCP/2024-25/010221,INV/2024-25/011840,1000,19-04-2024,UPI,
RCP/2024-25/010229,INV/2024-25/011850,3000,08-11-2024,BANK_TRANSFER,
RCP/2024-25/010233,INV/2024-25/011854,3000,08-03-2025,UPI,
RCP/2024-25/010242,INV/2024-25/011865,3000,19-08-2024,CHEQUE,
RCP/2024-25/010256,INV/2024-25/011879,3000,22-04-2024,UPI,
RCP/2024-25/010263,INV/2024-25/011887,3000,20-12-2024,UPI,
RCP/2024-25/010277,INV/2024-25/011901,3000,17-08-2024,CASH,
RCP/2024-25/010284,INV/2024-25/011908,3000,22-03-2025,BANK_TRANSFER,
RCP/2024-25/010288,INV/2024-25/011912,1000,19-04-2024,UPI,
RCP/2024-25/010294,INV/2024-25/011918,3000,21-07-2024,UPI,
RCP/2024-25/010298,INV/2024-25/011922,3000,11-11-2024,UPI,
RCP/2024-25/010301,INV/2024-25/011927,6000,13-04-2024,CASH,
RCP/2024-25/010306,INV/2024-25/011934,3000,06-05-2024,ONLINE,
RCP/2024-25/010312,INV/2024-25/011940,3000,19-11-2024,ONLINE,
RCP/2024-25/010327,INV/2024-25/011959,3000,12-12-2024,UPI,
RCP/2024-25/010331,INV/2024-25/011964,1000,19-04-2024,CHEQUE,
RCP/2024-25/010334,INV/2024-25/011967,375,25-04-2024,BANK_TRANSFER,
RCP/2024-25/010335,INV/2024-25/011968,375,21-10-2024,UPI,
RCP/2024-25/010338,INV/2024-25/011971,3000,17-06-2024,CHEQUE,
RCP/2024-25/010344,INV/2024-25/011980,3000,15-03-2025,UPI,
RCP/2024-25/010346,INV/2024-25/011982,1000,24-04-2024,CHEQUE,
RCP/2024-25/010348,INV/2024-25/011984,1000,13-04-2024,CASH,
RCP/2024-25/010349,INV/2024-25/011985,375,13-04-2024,CASH,
RCP/2024-25/010358,INV/2024-25/011996,3000,11-01-2025,UPI,
RCP/2024-25/010369,INV/2024-25/012010,3000,07-09-2024,BANK_TRANSFER,
RCP/2024-25/010372,INV/2024-25/012013,3000,12-12-2024,BANK_TRANSFER,
RCP/2024-25/010383,INV/2024-25/012025,3000,05-06-2024,UPI,
RCP/2024-25/010385,INV/2024-25/012029,3000,20-10-2024,BANK_TRANSFER,
RCP/2024-25/010387,INV/2024-25/012032,3000,02-01-2025,BANK_TRANSFER,
RCP/2024-25/010390,INV/2024-25/012035,6000,17-04-2024,UPI,
RCP/2024-25/010392,INV/2024-25/012037,500,18-04-2024,CASH,
RCP/2024-25/010394,INV/2024-25/012039,375,13-04-2024,UPI,
RCP/2024-25/010398,INV/2024-25/012045,3000,14-08-2024,UPI,
RCP/2024-25/010402,INV/2024-25/012051,3000,31-01-2025,CASH,
RCP/2024-25/010405,INV/2024-25/012054,1000,20-04-2024,CHEQUE,
RCP/2024-25/010406,INV/2024-25/012057,375,25-04-2024,UPI,
RCP/2024-25/010407,INV/2024-25/012058,375,16-10-2024,CHEQUE,
RCP/2024-25/010411,INV/2024-25/012063,3000,16-08-2024,ONLINE,
RCP/2024-25/010418,INV/2024-25/012071,6000,25-04-2024,UPI,
RCP/2024-25/010423,INV/2024-25/012076,375,18-10-2024,BANK_TRANSFER,
RCP/2024-25/010431,INV/2024-25/012084,3000,03-11-2024,ONLINE,
RCP/2024-25/010434,INV/2024-25/012087,3000,08-02-2025,CHEQUE,
RCP/2024-25/010437,INV/2024-25/012090,1000,20-04-2024,UPI,
RCP/2024-25/010442,INV/2024-25/012097,3000,14-06-2024,ONLINE,
RCP/2024-25/010449,INV/2024-25/012104,3000,10-01-2025,CASH,
RCP/2024-25/010457,INV/2024-25/012113,3000,11-04-2024,UPI,
RCP/2024-25/010460,INV/2024-25/012116,3000,21-07-2024,CHEQUE,
RCP/2024-25/010462,INV/2024-25/012118,3000,09-09-2024,UPI,
RCP/2024-25/010471,INV/2024-25/012129,375,22-04-2024,CASH,
RCP/2024-25/010477,INV/2024-25/012135,3000,23-08-2024,CASH,
RCP/2024-25/010484,INV/2024-25/012142,3000,06-03-2025,UPI,
RCP/2024-25/010490,INV/2024-25/012148,375,20-10-2024,CASH,
RCP/2024-25/010492,INV/2024-25/012150,3000,26-05-2024,CASH,
RCP/2024-25/010497,INV/2024-25/012157,3000,17-12-2024,UPI,
RCP/2024-25/010498,INV/2024-25/012158,3000,15-01-2025,UPI,
RCP/2024-25/010499,INV/2024-25/012159,3000,07-02-2025,UPI,
RCP/2024-25/010500,INV/2024-25/012160,3000,11-03-2025,CASH,
RCP/2024-25/010502,INV/2024-25/012163,500,18-04-2024,BANK_TRANSFER,
RCP/2024-25/010504,INV/2024-25/012165,375,21-04-2024,ONLINE,
RCP/2024-25/010517,INV/2024-25/012179,6000,18-04-2024,UPI,
RCP/2024-25/010521,INV/2024-25/012183,375,15-04-2024,CASH,
RCP/2024-25/010527,INV/2024-25/012192,3000,02-11-2024,BANK_TRANSFER,
RCP/2024-25/010541,INV/2024-25/012207,3000,10-08-2024,CASH,
RCP/2024-25/010542,INV/2024-25/012208,3000,15-09-2024,CASH,
RCP/2024-25/010546,INV/2024-25/012215,6000,17-04-2024,CASH,
RCP/2024-25/010549,INV/2024-25/012218,1000,19-04-2024,UPI,
RCP/2024-25/010553,INV/2024-25/012222,3000,18-05-2024,CASH,
RCP/2024-25/010554,INV/2024-25/012223,3000,25-06-2024,CASH,
RCP/2024-25/010561,INV/2024-25/012231,3000,11-02-2025,BANK_TRANSFER,
RCP/2024-25/010566,INV/2024-25/012236,1000,23-04-2024,UPI,
RCP/2024-25/010569,INV/2024-25/012241,3000,05-06-2024,CHEQUE,
RCP/2024-25/010571,INV/2024-25/012243,3000,19-08-2024,UPI,
RCP/2024-25/010576,INV/2024-25/012249,3000,14-02-2025,CHEQUE,
RCP/2024-25/010582,INV/2024-25/012255,375,15-04-2024,UPI,
RCP/2024-25/010583,INV/2024-25/012256,375,23-10-2024,CHEQUE,
RCP/2024-25/010584,INV/2024-25/012257,3000,26-04-2024,CASH,
RCP/2024-25/010585,INV/2024-25/012258,3000,17-05-2024,UPI,
RCP/2024-25/010587,INV/2024-25/012261,3000,04-08-2024,UPI,
RCP/2024-25/010604,INV/2024-25/012290,1000,18-04-2024,CHEQUE,
RCP/2024-25/010606,INV/2024-25/012292,375,20-10-2024,UPI,
RCP/2024-25/010607,INV/2024-25/012294,3000,16-05-2024,UPI,
RCP/2024-25/010615,INV/2024-25/012303,3000,20-02-2025,ONLINE,
RCP/2024-25/010616,INV/2024-25/012304,3000,22-03-2025,CHEQUE,
RCP/2024-25/010618,INV/2024-25/012306,1000,19-04-2024,BANK_TRANSFER,
RCP/2024-25/010619,INV/2024-25/012307,500,16-04-2024,CASH,
RCP/2024-25/010620,INV/2024-25/012308,1000,17-04-2024,UPI,
RCP/2024-25/010627,INV/2024-25/012316,3000,03-09-2024,UPI,
RCP/2024-25/010628,INV/2024-25/012317,3000,19-10-2024,CASH,
RCP/2024-25/010630,INV/2024-25/012319,3000,08-12-2024,CASH,
RCP/2024-25/010632,INV/2024-25/012322,3000,08-03-2025,CASH,
RCP/2024-25/010634,INV/2024-25/012324,1000,18-04-2024,UPI,
RCP/2024-25/010635,INV/2024-25/012325,500,21-04-2024,UPI,
RCP/2024-25/010638,INV/2024-25/012329,3000,19-04-2024,UPI,
RCP/2024-25/010640,INV/2024-25/012331,3000,05-06-2024,UPI,
RCP/2024-25/010641,INV/2024-25/012332,3000,14-07-2024,CASH,
RCP/2024-25/010648,INV/2024-25/012339,3000,04-02-2025,UPI,
RCP/2024-25/010651,INV/2024-25/012343,500,26-04-2024,UPI,
RCP/2024-25/010655,INV/2024-25/012347,3000,20-04-2024,UPI,
RCP/2024-25/010667,INV/2024-25/012359,6000,17-04-2024,CASH,
RCP/2024-25/010674,INV/2024-25/012366,3000,23-05-2024,UPI,
RCP/2024-25/010675,INV/2024-25/012367,3000,05-06-2024,BANK_TRANSFER,
RCP/2024-25/010686,INV/2024-25/012379,500,23-04-2024,CASH,
RCP/2024-25/010690,INV/2024-25/012384,3000,25-05-2024,CASH,
RCP/2024-25/010691,INV/2024-25/012385,3000,19-06-2024,CASH,
RCP/2024-25/010693,INV/2024-25/012387,3000,10-08-2024,CASH,
RCP/2024-25/010695,INV/2024-25/012389,3000,21-10-2024,UPI,
RCP/2024-25/010702,INV/2024-25/012398,1000,19-04-2024,UPI,
RCP/2024-25/010703,INV/2024-25/012399,375,19-04-2024,CASH,
RCP/2024-25/010716,INV/2024-25/012415,500,26-04-2024,ONLINE,
RCP/2024-25/010721,INV/2024-25/012420,3000,15-05-2024,CHEQUE,
RCP/2024-25/010728,INV/2024-25/012428,3000,08-01-2025,ONLINE,
RCP/2024-25/010730,INV/2024-25/012430,3000,06-03-2025,CHEQUE,
RCP/2024-25/010731,INV/2024-25/012431,6000,17-04-2024,UPI,
RCP/2024-25/010742,INV/2024-25/012443,3000,06-10-2024,CASH,
RCP/2024-25/010743,INV/2024-25/012446,3000,03-01-2025,UPI,
RCP/2024-25/010754,INV/2024-25/012458,3000,20-07-2024,CASH,
RCP/2024-25/010765,INV/2024-25/012469,500,13-04-2024,CASH,
RCP/2024-25/010770,INV/2024-25/012475,3000,20-06-2024,CHEQUE,
RCP/2024-25/010773,INV/2024-25/012479,3000,20-10-2024,CASH,
RCP/2024-25/010775,INV/2024-25/012482,3000,02-01-2025,CASH,
RCP/2024-25/010780,INV/2024-25/012487,500,15-04-2024,CASH,
RCP/2024-25/010791,INV/2024-25/012501,3000,07-02-2025,CASH,
RCP/2024-25/010793,INV/2024-25/012503,6000,17-04-2024,UPI,
RCP/2024-25/010799,INV/2024-25/012509,3000,18-04-2024,CASH,
RCP/2024-25/010800,INV/2024-25/012510,3000,07-05-2024,UPI,
RCP/2024-25/010806,INV/2024-25/012517,3000,05-12-2024,BANK_TRANSFER,
RCP/2024-25/010807,INV/2024-25/012518,3000,21-01-2025,CASH,
RCP/2024-25/010808,INV/2024-25/012519,3000,19-02-2025,UPI,
RCP/2024-25/010809,INV/2024-25/012521,6000,14-04-2024,CASH,
RCP/2024-25/010811,INV/2024-25/012523,500,24-04-2024,BANK_TRANSFER,
RCP/2024-25/010822,INV/2024-25/012537,3000,10-02-2025,UPI,
RCP/2024-25/010833,INV/2024-25/012551,3000,13-10-2024,UPI,
RCP/2024-25/010868,INV/2024-25/012591,3000,10-02-2025,ONLINE,
RCP/2024-25/010869,INV/2024-25/012593,6000,16-04-2024,CASH,
RCP/2024-25/010870,INV/2024-25/012594,1000,14-04-2024,ONLINE,
RCP/2024-25/010873,INV/2024-25/012598,375,20-10-2024,CASH,
RCP/2024-25/010876,INV/2024-25/012603,3000,14-08-2024,UPI,
RCP/2024-25/010891,INV/2024-25/012618,3000,25-05-2024,BANK_TRANSFER,
RCP/2024-25/010895,INV/2024-25/012622,3000,08-09-2024,CASH,
RCP/2024-25/010903,INV/2024-25/012631,500,19-04-2024,CASH,
RCP/2024-25/010908,INV/2024-25/012636,3000,10-05-2024,CASH,
RCP/2024-25/010919,INV/2024-25/012650,1000,17-04-2024,UPI,
RCP/2024-25/010924,INV/2024-25/012657,3000,10-08-2024,CASH,
RCP/2024-25/010925,INV/2024-25/012658,3000,22-09-2024,CASH,
RCP/2024-25/010933,INV/2024-25/012666,1000,26-04-2024,UPI,
RCP/2024-25/010935,INV/2024-25/012668,1000,21-04-2024,CASH,
RCP/2024-25/010940,INV/2024-25/012675,3000,04-08-2024,UPI,
RCP/2024-25/010941,INV/2024-25/012676,3000,03-09-2024,BANK_TRANSFER,
RCP/2024-25/010950,INV/2024-25/012686,1000,15-04-2024,BANK_TRANSFER,
RCP/2024-25/010955,INV/2024-25/012693,3000,23-08-2024,CASH,
RCP/2024-25/010969,INV/2024-25/012710,3000,22-07-2024,UPI,
RCP/2024-25/010974,INV/2024-25/012715,3000,22-12-2024,CASH,
RCP/2024-25/010982,INV/2024-25/012725,3000,19-04-2024,CHEQUE,
RCP/2024-25/010984,INV/2024-25/012727,3000,11-06-2024,ONLINE,
RCP/2024-25/010989,INV/2024-25/012734,3000,07-01-2025,UPI,
RCP/2024-25/010993,INV/2024-25/012738,1000,13-04-2024,UPI,
RCP/2024-25/010996,INV/2024-25/012742,375,21-10-2024,CHEQUE,
RCP/2024-25/011007,INV/2024-25/012755,6000,24-04-2024,UPI,
RCP/2024-25/011015,INV/2024-25/012763,3000,18-06-2024,CASH,
RCP/2024-25/011019,INV/2024-25/012768,3000,02-11-2024,CASH,
RCP/2024-25/011040,INV/2024-25/012791,6000,23-04-2024,ONLINE,
RCP/2024-25/011041,INV/2024-25/012792,1000,24-04-2024,BANK_TRANSFER,
RCP/2024-25/011043,INV/2024-25/012794,1000,25-04-2024,CASH,
RCP/2024-25/011051,INV/2024-25/012803,3000,22-10-2024,UPI,
RCP/2024-25/011055,INV/2024-25/012808,3000,11-03-2025,BANK_TRANSFER,
RCP/2024-25/011061,INV/2024-25/012814,375,21-10-2024,UPI,
RCP/2024-25/011063,INV/2024-25/012817,3000,07-06-2024,CASH,
RCP/2024-25/011066,INV/2024-25/012820,3000,03-09-2024,BANK_TRANSFER,
RCP/2024-25/011069,INV/2024-25/012823,3000,02-12-2024,UPI,
RCP/2024-25/011084,INV/2024-25/012840,3000,10-11-2024,CASH,
RCP/2024-25/011091,INV/2024-25/012848,1000,19-04-2024,UPI,
RCP/2024-25/011102,INV/2024-25/012862,3000,15-03-2025,CASH,
RCP/2024-25/011110,INV/2024-25/012870,3000,08-05-2024,UPI,
RCP/2024-25/011111,INV/2024-25/012871,3000,07-06-2024,ONLINE,
RCP/2024-25/011118,INV/2024-25/012880,3000,19-03-2025,UPI,
RCP/2024-25/011125,INV/2024-25/012891,3000,09-08-2024,CASH,
RCP/2024-25/011131,INV/2024-25/012897,3000,19-02-2025,BANK_TRANSFER,
RCP/2024-25/011132,INV/2024-25/012898,3000,16-03-2025,UPI,
RCP/2024-25/011136,INV/2024-25/012902,1000,17-04-2024,CHEQUE,
RCP/2024-25/011143,INV/2024-25/012910,3000,04-09-2024,CASH,
RCP/2024-25/011144,INV/2024-25/012911,3000,08-10-2024,UPI,
RCP/2024-25/011154,INV/2024-25/012922,375,14-10-2024,UPI,
RCP/2024-25/011157,INV/2024-25/012925,3000,06-06-2024,UPI,
RCP/2024-25/011159,INV/2024-25/012927,3000,18-08-2024,UPI,
RCP/2024-25/011160,INV/2024-25/012928,3000,09-09-2024,CASH,
RCP/2024-25/011166,INV/2024-25/012934,3000,12-03-2025,CASH,
RCP/2024-25/011169,INV/2024-25/012940,375,11-10-2024,CASH,
RCP/2024-25/011176,INV/2024-25/012948,3000,11-11-2024,BANK_TRANSFER,
RCP/2024-25/011177,INV/2024-25/012949,3000,02-12-2024,BANK_TRANSFER,
RCP/2024-25/011190,INV/2024-25/012967,3000,09-12-2024,ONLINE,
RCP/2024-25/011201,INV/2024-25/012979,3000,06-06-2024,UPI,
RCP/2024-25/011211,INV/2024-25/012990,1000,18-04-2024,UPI,
RCP/2024-25/011216,INV/2024-25/012995,3000,22-04-2024,CASH,
RCP/2024-25/011223,INV/2024-25/013002,3000,12-11-2024,UPI,
RCP/2024-25/011234,INV/2024-25/013013,3000,26-04-2024,BANK_TRANSFER,
RCP/2024-25/011237,INV/2024-25/013017,3000,12-08-2024,UPI,
RCP/2024-25/011238,INV/2024-25/013018,3000,03-09-2024,CASH,
RCP/2024-25/011248,INV/2024-25/013029,375,21-04-2024,BANK_TRANSFER,
RCP/2024-25/011255,INV/2024-25/013038,3000,06-11-2024,CHEQUE,
RCP/2024-25/011259,INV/2024-25/013043,6000,25-04-2024,CASH,
RCP/2024-25/011260,INV/2024-25/013044,1000,25-04-2024,CASH,
RCP/2024-25/011271,INV/2024-25/013057,3000,04-12-2024,CASH,
RCP/2024-25/011280,INV/2024-25/013067,3000,08-04-2024,UPI,
RCP/2024-25/011285,INV/2024-25/013073,3000,15-10-2024,CHEQUE,
RCP/2024-25/011292,INV/2024-25/013080,1000,16-04-2024,BANK_TRANSFER,
RCP/2024-25/011309,INV/2024-25/013101,375,20-04-2024,UPI,
RCP/2024-25/011315,INV/2024-25/013107,3000,05-08-2024,CASH,
RCP/2024-25/011317,INV/2024-25/013109,3000,09-10-2024,BANK_TRANSFER,
RCP/2024-25/011327,INV/2024-25/013121,3000,24-04-2024,CASH,
RCP/2024-25/011329,INV/2024-25/013123,3000,10-06-2024,CASH,
RCP/2024-25/011336,INV/2024-25/013130,3000,05-01-2025,BANK_TRANSFER,
RCP/2024-25/011337,INV/2024-25/013131,3000,06-02-2025,UPI,
RCP/2024-25/011339,INV/2024-25/013134,1000,13-04-2024,BANK_TRANSFER,
RCP/2024-25/011343,INV/2024-25/013141,3000,12-06-2024,CASH,
RCP/2024-25/011348,INV/2024-25/013148,3000,08-01-2025,UPI,
RCP/2024-25/011351,INV/2024-25/013153,500,18-04-2024,UPI,
RCP/2024-25/011361,INV/2024-25/013164,3000,02-11-2024,CHEQUE,
RCP/2024-25/011366,INV/2024-25/013170,1000,17-04-2024,UPI,
RCP/2024-25/011378,INV/2024-25/013183,3000,10-12-2024,UPI,
RCP/2024-25/011392,INV/2024-25/013199,3000,04-10-2024,CASH,
RCP/2024-25/011393,INV/2024-25/013201,3000,06-12-2024,UPI,
RCP/2024-25/011406,INV/2024-25/013215,3000,22-08-2024,UPI,
RCP/2024-25/011410,INV/2024-25/013220,3000,09-01-2025,UPI,
RCP/2024-25/011412,INV/2024-25/013222,3000,06-03-2025,BANK_TRANSFER,
RCP/2024-25/011422,INV/2024-25/013232,3000,08-07-2024,UPI,
RCP/2024-25/011425,INV/2024-25/013236,3000,03-11-2024,UPI,
RCP/2024-25/011426,INV/2024-25/013237,3000,06-12-2024,ONLINE,
RCP/2024-25/011434,INV/2024-25/013245,375,18-04-2024,UPI,
RCP/2024-25/011440,INV/2024-25/013251,3000,19-08-2024,CASH,
RCP/2024-25/011443,INV/2024-25/013254,3000,21-11-2024,UPI,
RCP/2024-25/011444,INV/2024-25/013255,3000,10-12-2024,CASH,
RCP/2024-25/011448,INV/2024-25/013259,6000,15-04-2024,UPI,
RCP/2024-25/011460,INV/2024-25/013273,3000,02-12-2024,CHEQUE,
RCP/2024-25/011465,INV/2024-25/013279,500,14-04-2024,ONLINE,
RCP/2024-25/011470,INV/2024-25/013285,3000,08-06-2024,CASH,
RCP/2024-25/011472,INV/2024-25/013287,3000,13-08-2024,CASH,
RCP/2024-25/011477,INV/2024-25/013294,3000,20-03-2025,UPI,
RCP/2024-25/011480,INV/2024-25/013297,500,18-04-2024,UPI,
RCP/2024-25/011484,INV/2024-25/013301,3000,25-04-2024,UPI,
RCP/2024-25/011485,INV/2024-25/013302,3000,20-05-2024,BANK_TRANSFER,
RCP/2024-25/011486,INV/2024-25/013303,3000,23-06-2024,UPI,
RCP/2024-25/011490,INV/2024-25/013308,3000,05-11-2024,CASH,
RCP/2024-25/011495,INV/2024-25/013315,500,21-04-2024,CASH,
RCP/2024-25/011496,INV/2024-25/013316,1000,16-04-2024,CASH,
RCP/2024-25/011505,INV/2024-25/013326,3000,08-11-2024,UPI,
RCP/2024-25/011507,INV/2024-25/013328,3000,01-01-2025,CASH,
RCP/2024-25/011508,INV/2024-25/013329,3000,06-02-2025,UPI,
RCP/2024-25/011519,INV/2024-25/013340,3000,24-07-2024,CASH,
RCP/2024-25/011523,INV/2024-25/013345,3000,16-12-2024,CASH,
RCP/2024-25/011525,INV/2024-25/013347,3000,15-02-2025,BANK_TRANSFER,
RCP/2024-25/011527,INV/2024-25/013349,6000,22-04-2024,UPI,
RCP/2024-25/011534,INV/2024-25/013357,3000,15-06-2024,CASH,
RCP/2024-25/011537,INV/2024-25/013360,3000,17-09-2024,UPI,
RCP/2024-25/011539,INV/2024-25/013362,3000,11-11-2024,UPI,
RCP/2024-25/011542,INV/2024-25/013365,3000,08-02-2025,CASH,
RCP/2024-25/011545,INV/2024-25/013368,1000,19-04-2024,UPI,
RCP/2024-25/011554,INV/2024-25/013377,3000,04-08-2024,CASH,
RCP/2024-25/011572,INV/2024-25/013399,3000,17-12-2024,UPI,
RCP/2024-25/011581,INV/2024-25/013410,3000,21-05-2024,CHEQUE,
RCP/2024-25/011586,INV/2024-25/013416,3000,14-11-2024,UPI,
RCP/2024-25/011587,INV/2024-25/013417,3000,19-12-2024,BANK_TRANSFER,
RCP/2024-25/011588,INV/2024-25/013418,3000,16-01-2025,BANK_TRANSFER,
RCP/2024-25/011589,INV/2024-25/013420,3000,17-03-2025,BANK_TRANSFER,
RCP/2024-25/011591,INV/2024-25/013422,1000,21-04-2024,CASH,
RCP/2024-25/011593,INV/2024-25/013424,1000,15-04-2024,BANK_TRANSFER,
RCP/2024-25/011603,INV/2024-25/013434,3000,13-11-2024,UPI,
RCP/2024-25/011608,INV/2024-25/013439,6000,26-04-2024,BANK_TRANSFER,
RCP/2024-25/011612,INV/2024-25/013443,375,18-04-2024,CASH,
RCP/2024-25/011621,INV/2024-25/013455,3000,11-02-2025,CHEQUE,
RCP/2024-25/011624,INV/2024-25/013458,1000,26-04-2024,CASH,
RCP/2024-25/011630,INV/2024-25/013464,3000,10-05-2024,BANK_TRANSFER,
RCP/2024-25/011631,INV/2024-25/013465,3000,24-06-2024,CASH,
RCP/2024-25/011634,INV/2024-25/013468,3000,15-09-2024,CASH,
RCP/2024-25/011636,INV/2024-25/013470,3000,13-11-2024,CHEQUE,
RCP/2024-25/011637,INV/2024-25/013472,3000,08-01-2025,UPI,
RCP/2024-25/011638,INV/2024-25/013473,3000,18-02-2025,UPI,
RCP/2024-25/011643,INV/2024-25/013478,1000,26-04-2024,UPI,
RCP/2024-25/011652,INV/2024-25/013488,3000,04-11-2024,CASH,
RCP/2024-25/011658,INV/2024-25/013494,1000,17-04-2024,CASH,
RCP/2024-25/011659,INV/2024-25/013495,500,24-04-2024,CHEQUE,
RCP/2024-25/011660,INV/2024-25/013496,1000,24-04-2024,BANK_TRANSFER,
RCP/2024-25/011661,INV/2024-25/013497,375,19-04-2024,BANK_TRANSFER,
RCP/2024-25/011667,INV/2024-25/013504,3000,03-09-2024,UPI,
RCP/2024-25/011673,INV/2024-25/013510,3000,13-03-2025,UPI,
RCP/2024-25/011677,INV/2024-25/013514,1000,18-04-2024,ONLINE,
RCP/2024-25/011683,INV/2024-25/013522,3000,16-09-2024,CASH,
RCP/2024-25/011686,INV/2024-25/013525,3000,15-12-2024,CHEQUE,
RCP/2024-25/011690,INV/2024-25/013529,6000,23-04-2024,CASH,
RCP/2024-25/011691,INV/2024-25/013530,1000,15-04-2024,BANK_TRANSFER,
RCP/2024-25/011701,INV/2024-25/013542,3000,15-11-2024,UPI,
RCP/2024-25/011705,INV/2024-25/013546,3000,09-03-2025,UPI,
RCP/2024-25/011712,INV/2024-25/013553,3000,15-04-2024,CASH,
RCP/2024-25/011721,INV/2024-25/013562,3000,10-01-2025,UPI,
RCP/2024-25/011729,INV/2024-25/013571,3000,08-04-2024,BANK_TRANSFER,
RCP/2024-25/011730,INV/2024-25/013574,3000,25-07-2024,UPI,
RCP/2024-25/011743,INV/2024-25/013592,3000,21-07-2024,ONLINE,
RCP/2024-25/011751,INV/2024-25/013601,6000,16-04-2024,CHEQUE,
RCP/2024-25/011756,INV/2024-25/013606,375,12-10-2024,CHEQUE,
RCP/2024-25/011757,INV/2024-25/013607,3000,23-04-2024,UPI,
RCP/2024-25/011760,INV/2024-25/013612,3000,20-09-2024,UPI,
RCP/2024-25/011763,INV/2024-25/013615,3000,13-12-2024,UPI,
RCP/2024-25/011764,INV/2024-25/013617,3000,10-02-2025,UPI,
RCP/2024-25/011766,INV/2024-25/013619,6000,17-04-2024,BANK_TRANSFER,
RCP/2024-25/011770,INV/2024-25/013623,375,18-04-2024,UPI,
RCP/2024-25/011777,INV/2024-25/013632,3000,21-11-2024,ONLINE,
RCP/2024-25/011782,INV/2024-25/013638,1000,19-04-2024,CASH,
RCP/2024-25/011783,INV/2024-25/013639,500,19-04-2024,BANK_TRANSFER,
RCP/2024-25/011791,INV/2024-25/013648,3000,11-09-2024,ONLINE,
RCP/2024-25/011794,INV/2024-25/013651,3000,21-12-2024,CASH,
RCP/2024-25/011802,INV/2024-25/013659,375,26-04-2024,ONLINE,
RCP/2024-25/011807,INV/2024-25/013664,3000,20-07-2024,UPI,
RCP/2024-25/011811,INV/2024-25/013669,3000,16-12-2024,UPI,
RCP/2024-25/011814,INV/2024-25/013672,3000,13-03-2025,BANK_TRANSFER,
RCP/2024-25/011815,INV/2024-25/013674,1000,26-04-2024,CASH,
RCP/2024-25/011822,INV/2024-25/013681,3000,11-06-2024,UPI,
RCP/2024-25/011826,INV/2024-25/013685,3000,14-10-2024,ONLINE,
RCP/2024-25/011827,INV/2024-25/013686,3000,09-11-2024,UPI,
RCP/2024-25/011829,INV/2024-25/013688,3000,16-01-2025,UPI,
RCP/2024-25/011831,INV/2024-25/013691,6000,15-04-2024,CHEQUE,
RCP/2024-25/011833,INV/2024-25/013693,500,26-04-2024,UPI,
RCP/2024-25/011836,INV/2024-25/013697,3000,15-04-2024,UPI,
RCP/2024-25/011838,INV/2024-25/013699,3000,06-06-2024,CASH,
RCP/2024-25/011847,INV/2024-25/013708,3000,16-03-2025,CASH,
RCP/2024-25/011851,INV/2024-25/013712,1000,23-04-2024,CASH,
RCP/2024-25/011862,INV/2024-25/013726,3000,08-03-2025,UPI,
RCP/2024-25/011864,INV/2024-25/013729,500,22-04-2024,BANK_TRANSFER,
RCP/2024-25/011865,INV/2024-25/013730,1000,25-04-2024,CASH,
RCP/2024-25/011866,INV/2024-25/013731,375,21-04-2024,BANK_TRANSFER,
RCP/2024-25/011869,INV/2024-25/013735,3000,24-06-2024,CASH,
RCP/2024-25/011871,INV/2024-25/013737,3000,19-08-2024,CASH,
RCP/2024-25/011876,INV/2024-25/013744,3000,16-03-2025,UPI,
RCP/2024-25/011880,INV/2024-25/013749,375,24-04-2024,CASH,
RCP/2024-25/011881,INV/2024-25/013751,3000,17-04-2024,BANK_TRANSFER,
RCP/2024-25/011884,INV/2024-25/013754,3000,16-07-2024,BANK_TRANSFER,
RCP/2024-25/011891,INV/2024-25/013761,3000,19-02-2025,CASH,
RCP/2024-25/011893,INV/2024-25/013763,6000,21-04-2024,CASH,
RCP/2024-25/011895,INV/2024-25/013765,500,14-04-2024,BANK_TRANSFER,
RCP/2024-25/011899,INV/2024-25/013771,3000,15-06-2024,ONLINE,
RCP/2024-25/011901,INV/2024-25/013774,3000,04-09-2024,UPI,
RCP/2024-25/011910,INV/2024-25/013783,500,18-04-2024,ONLINE,
RCP/2024-25/011913,INV/2024-25/013787,3000,24-04-2024,CHEQUE,
RCP/2024-25/011914,INV/2024-25/013788,3000,15-05-2024,CASH,
RCP/2024-25/011916,INV/2024-25/013790,3000,18-07-2024,CHEQUE,
RCP/2024-25/011919,INV/2024-25/013794,3000,13-11-2024,UPI,
RCP/2024-25/011922,INV/2024-25/013799,6000,14-04-2024,UPI,
RCP/2024-25/011929,INV/2024-25/013807,3000,10-06-2024,UPI,
RCP/2024-25/011930,INV/2024-25/013808,3000,24-07-2024,UPI,
RCP/2024-25/011933,INV/2024-25/013811,3000,23-10-2024,UPI,
RCP/2024-25/011938,INV/2024-25/013817,6000,15-04-2024,UPI,
RCP/2024-25/011947,INV/2024-25/013826,3000,08-07-2024,CASH,
RCP/2024-25/011948,INV/2024-25/013827,3000,14-08-2024,CASH,
RCP/2024-25/011954,INV/2024-25/013835,6000,22-04-2024,UPI,
RCP/2024-25/011964,INV/2024-25/013848,3000,02-11-2024,CASH,
RCP/2024-25/011966,INV/2024-25/013851,3000,20-02-2025,UPI,
RCP/2024-25/011972,INV/2024-25/013859,3000,22-04-2024,ONLINE,
RCP/2024-25/011990,INV/2024-25/013881,3000,08-08-2024,UPI,
RCP/2024-25/011996,INV/2024-25/013887,3000,02-02-2025,BANK_TRANSFER,
RCP/2024-25/011997,INV/2024-25/013888,3000,21-03-2025,BANK_TRANSFER,
RCP/2024-25/012010,INV/2024-25/013904,3000,04-01-2025,CASH,
RCP/2024-25/012012,INV/2024-25/013906,3000,16-03-2025,CHEQUE,
RCP/2024-25/012016,INV/2024-25/013910,1000,23-04-2024,CASH,
RCP/2024-25/012017,INV/2024-25/013911,375,14-04-2024,CASH,
RCP/2024-25/012021,INV/2024-25/013917,3000,19-08-2024,UPI,
RCP/2024-25/012032,INV/2024-25/013930,375,13-10-2024,CASH,
RCP/2024-25/012038,INV/2024-25/013936,3000,08-09-2024,CASH,
RCP/2024-25/012040,INV/2024-25/013938,3000,17-11-2024,UPI,
RCP/2024-25/012050,INV/2024-25/013948,375,21-10-2024,UPI,
RCP/2024-25/012054,INV/2024-25/013955,3000,05-10-2024,CHEQUE,
RCP/2024-25/012055,INV/2024-25/013956,3000,18-11-2024,ONLINE,
RCP/2024-25/012057,INV/2024-25/013959,3000,08-02-2025,BANK_TRANSFER,
RCP/2024-25/012071,INV/2024-25/013976,3000,01-01-2025,CASH,
RCP/2024-25/012081,INV/2024-25/013991,3000,11-10-2024,BANK_TRANSFER,
RCP/2024-25/012087,INV/2024-25/013997,6000,16-04-2024,UPI,
RCP/2024-25/012097,INV/2024-25/014010,3000,20-11-2024,BANK_TRANSFER,
RCP/2024-25/012100,INV/2024-25/014014,3000,05-03-2025,UPI,
RCP/2024-25/012108,INV/2024-25/014022,3000,26-05-2024,CASH,
RCP/2024-25/012114,INV/2024-25/014029,3000,05-12-2024,UPI,
RCP/2024-25/012118,INV/2024-25/014033,6000,16-04-2024,CHEQUE,
RCP/2024-25/012119,INV/2024-25/014034,1000,20-04-2024,CASH,
RCP/2024-25/012122,INV/2024-25/014037,375,22-04-2024,ONLINE,
RCP/2024-25/012128,INV/2024-25/014045,3000,14-10-2024,CASH,
RCP/2024-25/012129,INV/2024-25/014047,3000,04-12-2024,ONLINE,
RCP/2024-25/012134,INV/2024-25/014054,1000,20-04-2024,UPI,
RCP/2024-25/012136,INV/2024-25/014056,375,16-10-2024,CASH,
RCP/2024-25/012146,INV/2024-25/014070,1000,14-04-2024,UPI,
RCP/2024-25/012153,INV/2024-25/014077,3000,17-06-2024,BANK_TRANSFER,
RCP/2024-25/012155,INV/2024-25/014079,3000,15-08-2024,CASH,
RCP/2024-25/012158,INV/2024-25/014084,3000,03-01-2025,UPI,
RCP/2024-25/012161,INV/2024-25/014087,6000,18-04-2024,ONLINE,
RCP/2024-25/012167,INV/2024-25/014094,3000,26-05-2024,UPI,
RCP/2024-25/012172,INV/2024-25/014100,3000,21-11-2024,UPI,
RCP/2024-25/012175,INV/2024-25/014103,3000,20-02-2025,CASH,
RCP/2024-25/012191,INV/2024-25/014121,3000,19-02-2025,UPI,
RCP/2024-25/012197,INV/2024-25/014127,375,21-04-2024,CASH,
RCP/2024-25/012198,INV/2024-25/014130,3000,07-05-2024,CHEQUE,
RCP/2024-25/012203,INV/2024-25/014138,3000,20-01-2025,CASH,
RCP/2024-25/012212,INV/2024-25/014148,3000,08-05-2024,CHEQUE,
RCP/2024-25/012214,INV/2024-25/014150,3000,11-07-2024,CHEQUE,
RCP/2024-25/012219,INV/2024-25/014156,3000,10-01-2025,CASH,
RCP/2024-25/012222,INV/2024-25/014159,6000,16-04-2024,CASH,
RCP/2024-25/012224,INV/2024-25/014161,500,17-04-2024,CASH,
RCP/2024-25/012226,INV/2024-25/014164,375,13-10-2024,ONLINE,
RCP/2024-25/012229,INV/2024-25/014167,3000,22-06-2024,UPI,
RCP/2024-25/012240,INV/2024-25/014179,500,14-04-2024,UPI,
RCP/2024-25/012242,INV/2024-25/014181,375,16-04-2024,CHEQUE,
RCP/2024-25/012245,INV/2024-25/014184,3000,10-05-2024,BANK_TRANSFER,
RCP/2024-25/012251,INV/2024-25/014191,3000,20-12-2024,CASH,
RCP/2024-25/012254,INV/2024-25/014194,3000,05-03-2025,CASH,
RCP/2024-25/012256,INV/2024-25/014198,1000,15-04-2024,UPI,
RCP/2024-25/012258,INV/2024-25/014200,375,22-10-2024,CASH,
RCP/2024-25/012273,INV/2024-25/014217,500,20-04-2024,UPI,
RCP/2024-25/012280,INV/2024-25/014224,4000,08-09-2024,CASH,
RCP/2024-25/012281,INV/2024-25/014225,4000,20-10-2024,CASH,
RCP/2024-25/012285,INV/2024-25/014231,8000,25-04-2024,CHEQUE,
RCP/2024-25/012296,INV/2024-25/014245,4000,10-12-2024,CASH,
RCP/2024-25/012299,INV/2024-25/014248,4000,08-03-2025,CASH,
RCP/2024-25/012301,INV/2024-25/014250,2000,19-04-2024,ONLINE,
RCP/2024-25/012313,INV/2024-25/014266,4000,07-03-2025,ONLINE,
RCP/2024-25/012316,INV/2024-25/014269,1000,23-04-2024,UPI,
RCP/2024-25/012317,INV/2024-25/014270,1500,23-04-2024,CASH,
RCP/2024-25/012319,INV/2024-25/014272,500,19-10-2024,UPI,
RCP/2024-25/012320,INV/2024-25/014273,4000,13-04-2024,CHEQUE,
RCP/2024-25/012322,INV/2024-25/014275,4000,16-06-2024,BANK_TRANSFER,
RCP/2024-25/012323,INV/2024-25/014276,4000,05-07-2024,CASH,
RCP/2024-25/012332,INV/2024-25/014286,2000,20-04-2024,CHEQUE,
RCP/2024-25/012350,INV/2024-25/014309,4000,13-04-2024,CASH,
RCP/2024-25/012357,INV/2024-25/014317,4000,11-12-2024,BANK_TRANSFER,
RCP/2024-25/012360,INV/2024-25/014320,4000,20-03-2025,UPI,
RCP/2024-25/012369,INV/2024-25/014329,4000,20-06-2024,UPI,
RCP/2024-25/012371,INV/2024-25/014331,4000,24-08-2024,CASH,
RCP/2024-25/012374,INV/2024-25/014334,4000,07-11-2024,CHEQUE,
RCP/2024-25/012377,INV/2024-25/014337,4000,04-02-2025,BANK_TRANSFER,
RCP/2024-25/012379,INV/2024-25/014339,8000,15-04-2024,CHEQUE,
RCP/2024-25/012380,INV/2024-25/014340,2000,24-04-2024,CASH,
RCP/2024-25/012384,INV/2024-25/014344,500,22-10-2024,CASH,
RCP/2024-25/012399,INV/2024-25/014362,500,22-10-2024,CASH,
RCP/2024-25/012406,INV/2024-25/014370,4000,06-11-2024,CASH,
RCP/2024-25/012421,INV/2024-25/014385,4000,09-08-2024,CASH,
RCP/2024-25/012427,INV/2024-25/014391,4000,10-02-2025,ONLINE,
RCP/2024-25/012428,INV/2024-25/014392,4000,08-03-2025,CASH,
RCP/2024-25/012430,INV/2024-25/014394,2000,25-04-2024,CHEQUE,
RCP/2024-25/012431,INV/2024-25/014395,1000,20-04-2024,UPI,
RCP/2024-25/012444,INV/2024-25/014408,4000,01-01-2025,UPI,
RCP/2024-25/012461,INV/2024-25/014426,4000,19-01-2025,CHEQUE,
RCP/2024-25/012470,INV/2024-25/014435,4000,25-04-2024,BANK_TRANSFER,
RCP/2024-25/012471,INV/2024-25/014436,4000,22-05-2024,UPI,
RCP/2024-25/012487,INV/2024-25/014453,4000,12-04-2024,UPI,
RCP/2024-25/012490,INV/2024-25/014456,4000,17-07-2024,CASH,
RCP/2024-25/012491,INV/2024-25/014457,4000,22-08-2024,UPI,
RCP/2024-25/012495,INV/2024-25/014461,4000,06-12-2024,CASH,
RCP/2024-25/012499,INV/2024-25/014468,1500,13-04-2024,CHEQUE,
RCP/2024-25/012507,INV/2024-25/014476,4000,10-09-2024,UPI,
RCP/2024-25/012508,INV/2024-25/014477,4000,10-10-2024,UPI,
RCP/2024-25/012509,INV/2024-25/014478,4000,22-11-2024,CASH,
RCP/2024-25/012530,INV/2024-25/014503,1000,14-04-2024,CHEQUE,
RCP/2024-25/012533,INV/2024-25/014506,500,17-10-2024,UPI,
RCP/2024-25/012537,INV/2024-25/014511,4000,23-08-2024,CASH,
RCP/2024-25/012542,INV/2024-25/014517,4000,17-02-2025,CHEQUE,
RCP/2024-25/012545,INV/2024-25/014522,1500,21-04-2024,CHEQUE,
RCP/2024-25/012552,INV/2024-25/014530,4000,17-09-2024,ONLINE,
RCP/2024-25/012553,INV/2024-25/014531,4000,06-10-2024,ONLINE,
RCP/2024-25/012557,INV/2024-25/014535,4000,18-02-2025,UPI,
RCP/2024-25/012558,INV/2024-25/014536,4000,02-03-2025,UPI,
RCP/2024-25/012564,INV/2024-25/014542,500,16-10-2024,UPI,
RCP/2024-25/012565,INV/2024-25/014543,4000,26-04-2024,ONLINE,
RCP/2024-25/012566,INV/2024-25/014544,4000,15-05-2024,UPI,
RCP/2024-25/012567,INV/2024-25/014545,4000,07-06-2024,ONLINE,
RCP/2024-25/012576,INV/2024-25/014555,8000,23-04-2024,UPI,
RCP/2024-25/012584,INV/2024-25/014564,4000,20-07-2024,UPI,
RCP/2024-25/012590,INV/2024-25/014573,8000,13-04-2024,BANK_TRANSFER,
RCP/2024-25/012599,INV/2024-25/014583,4000,17-08-2024,BANK_TRANSFER,
RCP/2024-25/012604,INV/2024-25/014588,4000,21-01-2025,CHEQUE,
RCP/2024-25/012608,INV/2024-25/014592,2000,15-04-2024,UPI,
RCP/2024-25/012612,INV/2024-25/014596,500,21-10-2024,ONLINE,
RCP/2024-25/012613,INV/2024-25/014597,4000,23-04-2024,UPI,
RCP/2024-25/012625,INV/2024-25/014610,2000,25-04-2024,CHEQUE,
RCP/2024-25/012632,INV/2024-25/014617,4000,09-06-2024,CASH,
RCP/2024-25/012654,INV/2024-25/014642,4000,18-01-2025,CASH,
RCP/2024-25/012659,INV/2024-25/014648,1500,23-04-2024,UPI,
RCP/2024-25/012667,INV/2024-25/014659,4000,16-12-2024,CHEQUE,
RCP/2024-25/012668,INV/2024-25/014660,4000,14-01-2025,ONLINE,
RCP/2024-25/012684,INV/2024-25/014679,4000,14-02-2025,UPI,
RCP/2024-25/012686,INV/2024-25/014681,8000,25-04-2024,UPI,
RCP/2024-25/012687,INV/2024-25/014682,2000,18-04-2024,CASH,
RCP/2024-25/012693,INV/2024-25/014688,4000,24-05-2024,CASH,
RCP/2024-25/012694,INV/2024-25/014689,4000,13-06-2024,UPI,
RCP/2024-25/012698,INV/2024-25/014694,4000,21-11-2024,UPI,
RCP/2024-25/012703,INV/2024-25/014699,8000,23-04-2024,UPI,
RCP/2024-25/012710,INV/2024-25/014707,4000,18-06-2024,CHEQUE,
RCP/2024-25/012712,INV/2024-25/014710,4000,20-09-2024,BANK_TRANSFER,
RCP/2024-25/012717,INV/2024-25/014717,8000,13-04-2024,CASH,
RCP/2024-25/012720,INV/2024-25/014720,1500,18-04-2024,ONLINE,
RCP/2024-25/012727,INV/2024-25/014727,4000,22-08-2024,UPI,
RCP/2024-25/012733,INV/2024-25/014733,4000,13-02-2025,UPI,
RCP/2024-25/012734,INV/2024-25/014734,4000,02-03-2025,CHEQUE,
RCP/2024-25/012738,INV/2024-25/014738,1500,25-04-2024,UPI,
RCP/2024-25/012739,INV/2024-25/014739,500,20-04-2024,CHEQUE,
RCP/2024-25/012741,INV/2024-25/014742,4000,22-05-2024,CASH,
RCP/2024-25/012746,INV/2024-25/014748,4000,19-11-2024,CASH,
RCP/2024-25/012747,INV/2024-25/014749,4000,04-12-2024,UPI,
RCP/2024-25/012753,INV/2024-25/014755,1000,22-04-2024,ONLINE,
RCP/2024-25/012755,INV/2024-25/014757,500,26-04-2024,CASH,
RCP/2024-25/012762,INV/2024-25/014766,4000,03-11-2024,CHEQUE,
RCP/2024-25/012767,INV/2024-25/014772,2000,18-04-2024,CASH,
RCP/2024-25/012769,INV/2024-25/014774,1500,13-04-2024,CHEQUE,
RCP/2024-25/012774,INV/2024-25/014779,4000,20-06-2024,UPI,
RCP/2024-25/012781,INV/2024-25/014788,4000,16-03-2025,UPI,
RCP/2024-25/012786,INV/2024-25/014793,500,15-04-2024,UPI,
RCP/2024-25/012790,INV/2024-25/014798,4000,05-07-2024,UPI,
RCP/2024-25/012791,INV/2024-25/014800,4000,11-09-2024,UPI,
RCP/2024-25/012799,INV/2024-25/014810,1500,13-04-2024,BANK_TRANSFER,
RCP/2024-25/012804,INV/2024-25/014816,4000,22-07-2024,ONLINE,
RCP/2024-25/012810,INV/2024-25/014825,8000,23-04-2024,BANK_TRANSFER,
RCP/2024-25/012811,INV/2024-25/014826,2000,25-04-2024,CHEQUE,
RCP/2024-25/012821,INV/2024-25/014839,4000,13-12-2024,UPI,
RCP/2024-25/012827,INV/2024-25/014846,1500,23-04-2024,UPI,
RCP/2024-25/012828,INV/2024-25/014847,500,15-04-2024,UPI,
RCP/2024-25/012836,INV/2024-25/014856,4000,11-11-2024,UPI,
RCP/2024-25/012839,INV/2024-25/014860,4000,17-03-2025,BANK_TRANSFER,
RCP/2024-25/012846,INV/2024-25/014870,4000,19-07-2024,CASH,
RCP/2024-25/012847,INV/2024-25/014872,4000,18-09-2024,CASH,
RCP/2024-25/012848,INV/2024-25/014873,4000,06-10-2024,BANK_TRANSFER,
RCP/2024-25/012853,INV/2024-25/014878,4000,21-03-2025,UPI,
RCP/2024-25/012854,INV/2024-25/014879,8000,14-04-2024,UPI,
RCP/2024-25/012856,INV/2024-25/014882,1500,19-04-2024,CASH,
RCP/2024-25/012859,INV/2024-25/014885,4000,26-04-2024,BANK_TRANSFER,
RCP/2024-25/012867,INV/2024-25/014896,4000,04-03-2025,CASH,
RCP/2024-25/012868,INV/2024-25/014897,8000,20-04-2024,UPI,
RCP/2024-25/012876,INV/2024-25/014905,4000,19-06-2024,CASH,
RCP/2024-25/012878,INV/2024-25/014907,4000,21-08-2024,CASH,
RCP/2024-25/012881,INV/2024-25/014911,4000,07-12-2024,ONLINE,
RCP/2024-25/012884,INV/2024-25/014914,4000,14-03-2025,CASH,
RCP/2024-25/012890,INV/2024-25/014920,500,12-10-2024,UPI,
RCP/2024-25/012896,INV/2024-25/014926,4000,04-09-2024,UPI,
RCP/2024-25/012897,INV/2024-25/014927,4000,17-10-2024,CASH,
RCP/2024-25/012902,INV/2024-25/014933,8000,14-04-2024,CASH,
RCP/2024-25/012910,INV/2024-25/014942,4000,07-07-2024,UPI,
RCP/2024-25/012925,INV/2024-25/014962,4000,13-09-2024,ONLINE,
RCP/2024-25/012931,INV/2024-25/014968,4000,18-03-2025,UPI,
RCP/2024-25/012933,INV/2024-25/014970,2000,15-04-2024,CASH,
RCP/2024-25/012934,INV/2024-25/014971,1000,21-04-2024,CASH,
RCP/2024-25/012941,INV/2024-25/014978,4000,06-07-2024,UPI,
RCP/2024-25/012943,INV/2024-25/014981,4000,05-10-2024,UPI,
RCP/2024-25/012946,INV/2024-25/014984,4000,18-01-2025,BANK_TRANSFER,
RCP/2024-25/012951,INV/2024-25/014990,1500,16-04-2024,CHEQUE,
RCP/2024-25/012954,INV/2024-25/014993,4000,09-04-2024,CHEQUE,
RCP/2024-25/012959,INV/2024-25/014999,4000,07-10-2024,CASH,
RCP/2024-25/012960,INV/2024-25/015000,4000,08-11-2024,ONLINE,
RCP/2024-25/012961,INV/2024-25/015001,4000,22-12-2024,CASH,
RCP/2024-25/012964,INV/2024-25/015004,4000,03-03-2025,BANK_TRANSFER,
RCP/2024-25/012971,INV/2024-25/015012,4000,24-05-2024,BANK_TRANSFER,
RCP/2024-25/012979,INV/2024-25/015023,8000,16-04-2024,CASH,
RCP/2024-25/012984,INV/2024-25/015028,500,19-10-2024,UPI,
RCP/2024-25/012987,INV/2024-25/015032,4000,19-07-2024,CASH,
RCP/2024-25/012989,INV/2024-25/015034,4000,03-09-2024,CASH,
RCP/2024-25/013003,INV/2024-25/015051,4000,16-08-2024,BANK_TRANSFER,
RCP/2024-25/013011,INV/2024-25/015059,8000,18-04-2024,CHEQUE,
RCP/2024-25/013012,INV/2024-25/015060,2000,17-04-2024,ONLINE,
RCP/2024-25/013015,INV/2024-25/015063,500,24-04-2024,CHEQUE,
RCP/2024-25/013022,INV/2024-25/015072,4000,13-11-2024,BANK_TRANSFER,
RCP/2024-25/013025,INV/2024-25/015075,4000,05-02-2025,ONLINE,
RCP/2024-25/013034,INV/2024-25/015084,4000,26-05-2024,CASH,
RCP/2024-25/013037,INV/2024-25/015087,4000,24-08-2024,CASH,
RCP/2024-25/013044,INV/2024-25/015096,2000,26-04-2024,UPI,
RCP/2024-25/013047,INV/2024-25/015099,500,23-04-2024,UPI,
RCP/2024-25/013054,INV/2024-25/015107,4000,08-10-2024,BANK_TRANSFER,
RCP/2024-25/013061,INV/2024-25/015116,1500,14-04-2024,UPI,
RCP/2024-25/013062,INV/2024-25/015117,500,21-04-2024,CASH,
RCP/2024-25/013069,INV/2024-25/015125,4000,05-10-2024,UPI,
RCP/2024-25/013078,INV/2024-25/015136,500,19-10-2024,UPI,
RCP/2024-25/013079,INV/2024-25/015137,4000,12-04-2024,BANK_TRANSFER,
RCP/2024-25/013081,INV/2024-25/015139,4000,15-06-2024,UPI,
RCP/2024-25/013082,INV/2024-25/015141,4000,09-08-2024,CASH,
RCP/2024-25/013084,INV/2024-25/015143,4000,03-10-2024,ONLINE,
RCP/2024-25/013091,INV/2024-25/015151,1000,16-04-2024,BANK_TRANSFER,
RCP/2024-25/013092,INV/2024-25/015152,1500,17-04-2024,CASH,
RCP/2024-25/013093,INV/2024-25/015153,500,18-04-2024,CASH,
RCP/2024-25/013104,INV/2024-25/015167,8000,22-04-2024,BANK_TRANSFER,
RCP/2024-25/013108,INV/2024-25/015171,500,20-04-2024,CASH,
RCP/2024-25/013113,INV/2024-25/015177,4000,10-08-2024,UPI,
RCP/2024-25/013127,INV/2024-25/015193,4000,07-06-2024,CASH,
RCP/2024-25/013129,INV/2024-25/015195,4000,24-08-2024,CASH,
RCP/2024-25/013135,INV/2024-25/015202,4000,19-03-2025,CASH,
RCP/2024-25/013139,INV/2024-25/015207,500,20-04-2024,ONLINE,
RCP/2024-25/013145,INV/2024-25/015213,4000,16-08-2024,CHEQUE,
RCP/2024-25/013149,INV/2024-25/015217,4000,14-12-2024,CASH,
RCP/2024-25/013150,INV/2024-25/015218,4000,17-01-2025,CASH,
RCP/2024-25/013151,INV/2024-25/015219,4000,17-02-2025,UPI,
RCP/2024-25/013152,INV/2024-25/015220,4000,21-03-2025,UPI,
RCP/2024-25/013157,INV/2024-25/015225,500,22-04-2024,CASH,
RCP/2024-25/013159,INV/2024-25/015227,4000,08-04-2024,BANK_TRANSFER,
RCP/2024-25/013162,INV/2024-25/015232,4000,11-09-2024,UPI,
RCP/2024-25/013163,INV/2024-25/015233,4000,12-10-2024,CASH,
RCP/2024-25/013166,INV/2024-25/015236,4000,21-01-2025,ONLINE,
RCP/2024-25/013171,INV/2024-25/015242,1500,17-04-2024,CHEQUE,
RCP/2024-25/013177,INV/2024-25/015249,4000,05-08-2024,CASH,
RCP/2024-25/013178,INV/2024-25/015250,4000,08-09-2024,CASH,
RCP/2024-25/013179,INV/2024-25/015252,4000,10-11-2024,CASH,
RCP/2024-25/013183,INV/2024-25/015256,4000,04-03-2025,ONLINE,
RCP/2024-25/013184,INV/2024-25/015257,8000,17-04-2024,BANK_TRANSFER,
RCP/2024-25/013190,INV/2024-25/015263,4000,16-04-2024,UPI,
RCP/2024-25/013200,INV/2024-25/015276,2000,26-04-2024,UPI,
RCP/2024-25/013211,INV/2024-25/015290,4000,04-01-2025,CASH,
RCP/2024-25/013216,INV/2024-25/015295,1000,22-04-2024,UPI,
RCP/2024-25/013218,INV/2024-25/015297,500,19-04-2024,CASH,
RCP/2024-25/013219,INV/2024-25/015298,500,23-10-2024,BANK_TRANSFER,
RCP/2024-25/013229,INV/2024-25/015309,4000,04-02-2025,BANK_TRANSFER,
RCP/2024-25/013233,INV/2024-25/015315,500,15-04-2024,CASH,
RCP/2024-25/013234,INV/2024-25/015316,500,14-10-2024,CASH,
RCP/2024-25/013236,INV/2024-25/015318,4000,20-05-2024,CASH,
RCP/2024-25/013248,INV/2024-25/015332,1500,24-04-2024,ONLINE,
RCP/2024-25/013249,INV/2024-25/015333,500,25-04-2024,CHEQUE,
RCP/2024-25/013250,INV/2024-25/015334,500,22-10-2024,CHEQUE,
RCP/2024-25/013254,INV/2024-25/015340,4000,15-09-2024,UPI,
RCP/2024-25/013255,INV/2024-25/015341,4000,13-10-2024,UPI,
RCP/2024-25/013256,INV/2024-25/015342,4000,05-11-2024,ONLINE,
RCP/2024-25/013257,INV/2024-25/015343,4000,06-12-2024,CASH,
RCP/2024-25/013259,INV/2024-25/015345,4000,10-02-2025,UPI,
RCP/2024-25/013260,INV/2024-25/015346,4000,08-03-2025,BANK_TRANSFER,
RCP/2024-25/013261,INV/2024-25/015347,8000,20-04-2024,UPI,
RCP/2024-25/013265,INV/2024-25/015351,500,13-04-2024,BANK_TRANSFER,
RCP/2024-25/013272,INV/2024-25/015362,4000,20-01-2025,CHEQUE,
RCP/2024-25/013276,INV/2024-25/015367,1000,26-04-2024,CASH,
RCP/2024-25/013279,INV/2024-25/015370,500,14-10-2024,CHEQUE,
RCP/2024-25/013280,INV/2024-25/015372,4000,06-05-2024,CASH,
RCP/2024-25/013284,INV/2024-25/015376,4000,22-09-2024,CASH,
RCP/2024-25/013285,INV/2024-25/015377,4000,04-10-2024,CASH,
RCP/2024-25/013291,INV/2024-25/015385,1000,19-04-2024,CASH,
RCP/2024-25/013298,INV/2024-25/015393,4000,12-08-2024,BANK_TRANSFER,
RCP/2024-25/013306,INV/2024-25/015401,8000,26-04-2024,CHEQUE,
RCP/2024-25/013313,INV/2024-25/015408,4000,22-05-2024,UPI,
RCP/2024-25/013316,INV/2024-25/015411,4000,23-08-2024,CHEQUE,
RCP/2024-25/013319,INV/2024-25/015417,4000,09-02-2025,UPI,
RCP/2024-25/013321,INV/2024-25/015419,8000,25-04-2024,UPI,
RCP/2024-25/013324,INV/2024-25/015422,1500,13-04-2024,UPI,
RCP/2024-25/013329,INV/2024-25/015428,4000,24-07-2024,UPI,
RCP/2024-25/013332,INV/2024-25/015433,4000,02-12-2024,UPI,
RCP/2024-25/013336,INV/2024-25/015438,2000,20-04-2024,CASH,
RCP/2024-25/013337,INV/2024-25/015439,1000,14-04-2024,CASH,
RCP/2024-25/013339,INV/2024-25/015441,500,15-04-2024,UPI,
RCP/2024-25/013341,INV/2024-25/015444,4000,25-05-2024,CASH,
RCP/2024-25/013342,INV/2024-25/015445,4000,16-06-2024,UPI,
RCP/2024-25/013347,INV/2024-25/015452,4000,12-01-2025,BANK_TRANSFER,
RCP/2024-25/013352,INV/2024-25/015458,1500,24-04-2024,CASH,
RCP/2024-25/013360,INV/2024-25/015467,4000,14-10-2024,UPI,
RCP/2024-25/013366,INV/2024-25/015474,2000,20-04-2024,UPI,
RCP/2024-25/013369,INV/2024-25/015477,500,20-04-2024,UPI,
RCP/2024-25/013373,INV/2024-25/015481,4000,09-06-2024,CHEQUE,
RCP/2024-25/013375,INV/2024-25/015483,4000,15-08-2024,CASH,
RCP/2024-25/013377,INV/2024-25/015485,4000,06-10-2024,CASH,
RCP/2024-25/013381,INV/2024-25/015489,4000,14-02-2025,ONLINE,
RCP/2024-25/013395,INV/2024-25/015508,4000,04-03-2025,CASH,
RCP/2024-25/013408,INV/2024-25/015523,4000,14-12-2024,ONLINE,
RCP/2024-25/013411,INV/2024-25/015529,1000,18-04-2024,CASH,
RCP/2024-25/013412,INV/2024-25/015530,1500,15-04-2024,CASH,
RCP/2024-25/013414,INV/2024-25/015532,500,11-10-2024,CASH,
RCP/2024-25/013422,INV/2024-25/015541,4000,04-12-2024,UPI,
RCP/2024-25/013436,INV/2024-25/015555,4000,22-08-2024,CASH,
RCP/2024-25/013441,INV/2024-25/015560,4000,09-01-2025,CASH,
RCP/2024-25/013449,INV/2024-25/015568,500,20-10-2024,CASH,
RCP/2024-25/013453,INV/2024-25/015572,4000,10-07-2024,ONLINE,
RCP/2024-25/013461,INV/2024-25/015583,1000,25-04-2024,CASH,
RCP/2024-25/013471,INV/2024-25/015594,4000,04-11-2024,CASH,
RCP/2024-25/013473,INV/2024-25/015597,4000,19-02-2025,CASH,
RCP/2024-25/013478,INV/2024-25/015602,1500,24-04-2024,BANK_TRANSFER,
RCP/2024-25/013479,INV/2024-25/015604,500,20-10-2024,CASH,
RCP/2024-25/013489,INV/2024-25/015615,4000,13-02-2025,UPI,
RCP/2024-25/013492,INV/2024-25/015618,2000,18-04-2024,UPI,
RCP/2024-25/013493,INV/2024-25/015619,1000,24-04-2024,UPI,
RCP/2024-25/013499,INV/2024-25/015625,4000,10-06-2024,ONLINE,
RCP/2024-25/013503,INV/2024-25/015630,4000,14-11-2024,UPI,
RCP/2024-25/013506,INV/2024-25/015633,4000,20-02-2025,CHEQUE,
RCP/2024-25/013509,INV/2024-25/015636,2000,14-04-2024,CHEQUE,
RCP/2024-25/013525,INV/2024-25/015655,1000,24-04-2024,UPI,
RCP/2024-25/013529,INV/2024-25/015659,4000,16-04-2024,CASH,
RCP/2024-25/013530,INV/2024-25/015660,4000,12-05-2024,CASH,
RCP/2024-25/013544,INV/2024-25/015678,4000,12-05-2024,ONLINE,
RCP/2024-25/013547,INV/2024-25/015682,4000,07-09-2024,CHEQUE,
RCP/2024-25/013550,INV/2024-25/015685,4000,14-12-2024,UPI,
RCP/2024-25/013551,INV/2024-25/015686,4000,14-01-2025,ONLINE,
RCP/2024-25/013556,INV/2024-25/015691,1000,20-04-2024,UPI,
RCP/2024-25/013564,INV/2024-25/015699,4000,15-08-2024,UPI,
RCP/2024-25/013570,INV/2024-25/015705,4000,20-02-2025,UPI,
RCP/2024-25/013572,INV/2024-25/015707,8000,21-04-2024,UPI,
RCP/2024-25/013578,INV/2024-25/015715,4000,20-06-2024,BANK_TRANSFER,
RCP/2024-25/013584,INV/2024-25/015721,4000,22-12-2024,UPI,
RCP/2024-25/013587,INV/2024-25/015725,8000,13-04-2024,UPI,
RCP/2024-25/013590,INV/2024-25/015728,1500,14-04-2024,CASH,
RCP/2024-25/013593,INV/2024-25/015731,4000,21-04-2024,UPI,
RCP/2024-25/013596,INV/2024-25/015734,4000,11-07-2024,BANK_TRANSFER,
RCP/2024-25/013607,INV/2024-25/015748,500,10-10-2024,CASH,
RCP/2024-25/013611,INV/2024-25/015752,4000,14-07-2024,UPI,
RCP/2024-25/013612,INV/2024-25/015753,4000,05-08-2024,UPI,
RCP/2024-25/013614,INV/2024-25/015755,4000,20-10-2024,CASH,
RCP/2024-25/013615,INV/2024-25/015756,4000,21-11-2024,CHEQUE,
RCP/2024-25/013616,INV/2024-25/015758,4000,06-01-2025,ONLINE,
RCP/2024-25/013627,INV/2024-25/015770,4000,25-07-2024,UPI,
RCP/2024-25/013631,INV/2024-25/015774,4000,22-11-2024,CASH,
RCP/2024-25/013634,INV/2024-25/015777,4000,07-02-2025,CHEQUE,
RCP/2024-25/013636,INV/2024-25/015779,8000,23-04-2024,UPI,
RCP/2024-25/013641,INV/2024-25/015784,500,21-10-2024,ONLINE,
RCP/2024-25/013643,INV/2024-25/015787,4000,25-06-2024,UPI,
RCP/2024-25/013644,INV/2024-25/015788,4000,11-07-2024,ONLINE,
RCP/2024-25/013648,INV/2024-25/015795,4000,19-02-2025,BANK_TRANSFER,
RCP/2024-25/013661,INV/2024-25/015811,4000,12-12-2024,UPI,
RCP/2024-25/013665,INV/2024-25/015816,2000,19-04-2024,UPI,
RCP/2024-25/013676,INV/2024-25/015831,4000,16-02-2025,BANK_TRANSFER,
RCP/2024-25/013677,INV/2024-25/015832,4000,20-03-2025,CASH,
RCP/2024-25/013679,INV/2024-25/015836,1500,15-04-2024,UPI,
RCP/2024-25/013690,INV/2024-25/015848,4000,18-01-2025,ONLINE,
RCP/2024-25/013692,INV/2024-25/015850,4000,16-03-2025,BANK_TRANSFER,
RCP/2024-25/013693,INV/2024-25/015851,8000,22-04-2024,UPI,
RCP/2024-25/013694,INV/2024-25/015852,2000,22-04-2024,UPI,
RCP/2024-25/013696,INV/2024-25/015854,1500,24-04-2024,CHEQUE,
RCP/2024-25/013698,INV/2024-25/015857,4000,18-04-2024,ONLINE,
RCP/2024-25/013700,INV/2024-25/015859,4000,22-06-2024,BANK_TRANSFER,
RCP/2024-25/013703,INV/2024-25/015862,4000,22-09-2024,CASH,
RCP/2024-25/013709,INV/2024-25/015870,2000,14-04-2024,CASH,
RCP/2024-25/013711,INV/2024-25/015873,500,17-04-2024,UPI,
RCP/2024-25/013724,INV/2024-25/015888,2000,25-04-2024,UPI,
RCP/2024-25/013733,INV/2024-25/015898,4000,13-09-2024,CASH,
RCP/2024-25/013739,INV/2024-25/015905,8000,16-04-2024,CASH,
RCP/2024-25/013740,INV/2024-25/015906,2000,13-04-2024,CASH,
RCP/2024-25/013741,INV/2024-25/015907,1000,22-04-2024,CASH,
RCP/2024-25/013742,INV/2024-25/015908,1500,25-04-2024,ONLINE,
RCP/2024-25/013744,INV/2024-25/015911,4000,21-04-2024,BANK_TRANSFER,
RCP/2024-25/013749,INV/2024-25/015916,4000,07-09-2024,BANK_TRANSFER,
RCP/2024-25/013766,INV/2024-25/015935,4000,14-10-2024,CASH,
RCP/2024-25/013773,INV/2024-25/015944,1500,26-04-2024,UPI,
RCP/2024-25/013774,INV/2024-25/015945,500,23-04-2024,UPI,
RCP/2024-25/013779,INV/2024-25/015950,4000,18-07-2024,CHEQUE,
RCP/2024-25/013780,INV/2024-25/015951,4000,24-08-2024,UPI,
RCP/2024-25/013784,INV/2024-25/015957,4000,02-02-2025,CASH,
RCP/2024-25/013812,INV/2024-25/015988,4000,20-09-2024,CHEQUE,
RCP/2024-25/013817,INV/2024-25/015993,4000,31-01-2025,UPI,
RCP/2024-25/013818,INV/2024-25/015994,4000,10-03-2025,BANK_TRANSFER,
RCP/2024-25/013819,INV/2024-25/015995,8000,18-04-2024,BANK_TRANSFER,
RCP/2024-25/013826,INV/2024-25/016003,4000,16-06-2024,CHEQUE,
RCP/2024-25/013842,INV/2024-25/016020,4000,18-05-2024,ONLINE,
RCP/2024-25/013845,INV/2024-25/016024,4000,17-09-2024,CASH,
RCP/2024-25/013846,INV/2024-25/016027,4000,11-12-2024,CHEQUE,
RCP/2024-25/013852,INV/2024-25/016033,1000,16-04-2024,BANK_TRANSFER,
RCP/2024-25/013857,INV/2024-25/016041,4000,23-08-2024,BANK_TRANSFER,
RCP/2024-25/013858,INV/2024-25/016042,4000,18-09-2024,CASH,
RCP/2024-25/013859,INV/2024-25/016043,4000,17-10-2024,BANK_TRANSFER,
RCP/2024-25/013865,INV/2024-25/016051,1000,16-04-2024,CASH,
RCP/2024-25/013868,INV/2024-25/016055,4000,19-04-2024,UPI,
RCP/2024-25/013872,INV/2024-25/016059,4000,07-08-2024,CASH,
RCP/2024-25/013874,INV/2024-25/016062,4000,10-11-2024,UPI,
RCP/2024-25/013882,INV/2024-25/016071,500,26-04-2024,CASH,
RCP/2024-25/013893,INV/2024-25/016083,4000,19-02-2025,BANK_TRANSFER,
RCP/2024-25/013895,INV/2024-25/016086,2000,17-04-2024,CASH,
RCP/2024-25/013906,INV/2024-25/016100,4000,04-01-2025,CASH,
RCP/2024-25/013907,INV/2024-25/016101,4000,19-02-2025,UPI,
RCP/2024-25/013915,INV/2024-25/016109,4000,24-04-2024,ONLINE,
RCP/2024-25/013919,INV/2024-25/016113,4000,19-08-2024,UPI,
RCP/2024-25/013920,INV/2024-25/016114,4000,20-09-2024,CHEQUE,
RCP/2024-25/013924,INV/2024-25/016119,4000,03-02-2025,UPI,
RCP/2024-25/013925,INV/2024-25/016120,4000,09-03-2025,ONLINE,
RCP/2024-25/013928,INV/2024-25/016123,1000,22-04-2024,BANK_TRANSFER,
RCP/2024-25/013931,INV/2024-25/016126,500,17-10-2024,ONLINE,
RCP/2024-25/013932,INV/2024-25/016128,4000,14-05-2024,UPI,
RCP/2024-25/013933,INV/2024-25/016129,4000,05-06-2024,CASH,
RCP/2024-25/013940,INV/2024-25/016140,2000,26-04-2024,CASH,
RCP/2024-25/013950,INV/2024-25/016152,4000,10-11-2024,UPI,
RCP/2024-25/013953,INV/2024-25/016156,4000,13-03-2025,BANK_TRANSFER,
RCP/2024-25/013959,INV/2024-25/016162,500,12-10-2024,UPI,
RCP/2024-25/013960,INV/2024-25/016163,4000,19-04-2024,UPI,
RCP/2024-25/013965,INV/2024-25/016168,4000,09-09-2024,CASH,
RCP/2024-25/013967,INV/2024-25/016171,4000,06-12-2024,CHEQUE,
RCP/2024-25/013970,INV/2024-25/016176,2000,13-04-2024,CASH,
RCP/2024-25/013975,INV/2024-25/016182,4000,13-05-2024,CASH,
RCP/2024-25/013979,INV/2024-25/016186,4000,06-09-2024,BANK_TRANSFER,
RCP/2024-25/013988,INV/2024-25/016196,1500,21-04-2024,CASH,
RCP/2024-25/013989,INV/2024-25/016198,500,23-10-2024,CHEQUE,
RCP/2024-25/013990,INV/2024-25/016199,4000,16-04-2024,UPI,
RCP/2024-25/013991,INV/2024-25/016201,4000,07-06-2024,CHEQUE,
RCP/2024-25/013997,INV/2024-25/016208,4000,11-01-2025,UPI,
RCP/2024-25/014000,INV/2024-25/016213,1000,14-04-2024,CASH,
RCP/2024-25/014003,INV/2024-25/016216,500,14-10-2024,CASH,
RCP/2024-25/014004,INV/2024-25/016218,4000,18-05-2024,UPI,
RCP/2024-25/014008,INV/2024-25/016225,4000,08-12-2024,BANK_TRANSFER,
RCP/2024-25/014009,INV/2024-25/016226,4000,12-01-2025,ONLINE,
RCP/2024-25/014010,INV/2024-25/016227,4000,19-02-2025,UPI,
RCP/2024-25/014012,INV/2024-25/016229,8000,18-04-2024,CASH,
RCP/2024-25/014020,INV/2024-25/016238,4000,24-07-2024,CHEQUE,
RCP/2024-25/014022,INV/2024-25/016240,4000,13-09-2024,CASH,
RCP/2024-25/014026,INV/2024-25/016246,4000,08-03-2025,UPI,
RCP/2024-25/014044,INV/2024-25/016266,2000,24-04-2024,CASH,
RCP/2024-25/014060,INV/2024-25/016283,8000,25-04-2024,CASH,
RCP/2024-25/014077,INV/2024-25/016300,4000,04-03-2025,CASH,
RCP/2024-25/014080,INV/2024-25/016303,1000,24-04-2024,BANK_TRANSFER,
RCP/2024-25/014081,INV/2024-25/016305,500,24-04-2024,CASH,
RCP/2024-25/014085,INV/2024-25/016310,4000,13-07-2024,UPI,
RCP/2024-25/014087,INV/2024-25/016312,4000,11-09-2024,UPI,
RCP/2024-25/014088,INV/2024-25/016313,4000,20-10-2024,CASH,
RCP/2024-25/014089,INV/2024-25/016314,4000,12-11-2024,BANK_TRANSFER,
RCP/2024-25/014090,INV/2024-25/016315,4000,22-12-2024,CASH,
RCP/2024-25/014091,INV/2024-25/016316,4000,20-01-2025,ONLINE,
RCP/2024-25/014093,INV/2024-25/016318,4000,05-03-2025,CASH,
RCP/2024-25/014100,INV/2024-25/016325,4000,08-04-2024,CHEQUE,
RCP/2024-25/014106,INV/2024-25/016331,4000,18-10-2024,UPI,
RCP/2024-25/014109,INV/2024-25/016334,4000,19-01-2025,CASH,
RCP/2024-25/014112,INV/2024-25/016337,8000,16-04-2024,CASH,
RCP/2024-25/014119,INV/2024-25/016346,4000,20-07-2024,CASH,
RCP/2024-25/014134,INV/2024-25/016366,4000,19-09-2024,UPI,
RCP/2024-25/014138,INV/2024-25/016371,4000,07-02-2025,BANK_TRANSFER,
RCP/2024-25/014141,INV/2024-25/016376,1500,23-04-2024,CHEQUE,
RCP/2024-25/014150,INV/2024-25/016387,4000,11-12-2024,UPI,
RCP/2024-25/014153,INV/2024-25/016392,2000,20-04-2024,CHEQUE,
RCP/2024-25/014155,INV/2024-25/016394,1500,19-04-2024,UPI,
RCP/2024-25/014162,INV/2024-25/016403,4000,23-10-2024,UPI,
RCP/2024-25/014163,INV/2024-25/016404,4000,12-11-2024,BANK_TRANSFER,
RCP/2024-25/014168,INV/2024-25/016411,1000,19-04-2024,BANK_TRANSFER,
RCP/2024-25/014177,INV/2024-25/016421,4000,11-10-2024,BANK_TRANSFER,
RCP/2024-25/014187,INV/2024-25/016431,500,14-04-2024,ONLINE,
RCP/2024-25/014189,INV/2024-25/016433,4000,22-04-2024,CASH,
RCP/2024-25/014195,INV/2024-25/016440,4000,10-11-2024,BANK_TRANSFER,
RCP/2024-25/014200,INV/2024-25/016446,2000,19-04-2024,UPI,
RCP/2024-25/014202,INV/2024-25/016448,1500,15-04-2024,UPI,
RCP/2024-25/014209,INV/2024-25/016457,4000,08-10-2024,UPI,
RCP/2024-25/014215,INV/2024-25/016464,2000,24-04-2024,ONLINE,
RCP/2024-25/014217,INV/2024-25/016466,1500,17-04-2024,CHEQUE,
RCP/2024-25/014220,INV/2024-25/016470,4000,11-05-2024,UPI,
RCP/2024-25/014223,INV/2024-25/016473,4000,04-08-2024,ONLINE,
RCP/2024-25/014225,INV/2024-25/016475,4000,03-10-2024,UPI,
RCP/2024-25/014228,INV/2024-25/016478,4000,20-01-2025,CASH,
RCP/2024-25/014238,INV/2024-25/016490,4000,22-07-2024,UPI,
RCP/2024-25/014247,INV/2024-25/016501,1000,18-04-2024,BANK_TRANSFER,
RCP/2024-25/014248,INV/2024-25/016502,1500,15-04-2024,CASH,
RCP/2024-25/014257,INV/2024-25/016514,4000,15-01-2025,CHEQUE,
RCP/2024-25/014270,INV/2024-25/016532,4000,14-01-2025,UPI,
RCP/2024-25/014276,INV/2024-25/016539,500,22-04-2024,BANK_TRANSFER,
RCP/2024-25/014286,INV/2024-25/016551,4000,09-02-2025,CASH,
RCP/2024-25/014288,INV/2024-25/016553,8000,13-04-2024,BANK_TRANSFER,
RCP/2024-25/014293,INV/2024-25/016558,500,22-10-2024,UPI,
RCP/2024-25/014294,INV/2024-25/016559,4000,06-04-2024,ONLINE,
RCP/2024-25/014295,INV/2024-25/016560,4000,12-05-2024,CASH,
RCP/2024-25/014300,INV/2024-25/016567,4000,13-12-2024,CASH,
RCP/2024-25/014303,INV/2024-25/016570,4000,02-03-2025,BANK_TRANSFER,
RCP/2024-25/014307,INV/2024-25/016575,500,22-04-2024,UPI,
RCP/2024-25/014319,INV/2024-25/016589,8000,21-04-2024,BANK_TRANSFER,
RCP/2024-25/014323,INV/2024-25/016593,500,23-04-2024,CASH,
RCP/2024-25/014329,INV/2024-25/016600,4000,08-09-2024,UPI,
RCP/2024-25/014330,INV/2024-25/016602,4000,05-11-2024,BANK_TRANSFER,
RCP/2024-25/014333,INV/2024-25/016608,2000,16-04-2024,CASH,
RCP/2024-25/014339,INV/2024-25/016614,4000,06-05-2024,UPI,
RCP/2024-25/014340,INV/2024-25/016615,4000,14-06-2024,ONLINE,
RCP/2024-25/014342,INV/2024-25/016618,4000,04-09-2024,UPI,
RCP/2024-25/014346,INV/2024-25/016622,4000,13-01-2025,BANK_TRANSFER,
RCP/2024-25/014358,INV/2024-25/016634,4000,21-07-2024,CASH,
RCP/2024-25/014369,INV/2024-25/016647,500,17-04-2024,CASH,
RCP/2024-25/014375,INV/2024-25/016654,4000,19-09-2024,CHEQUE,
RCP/2024-25/014380,INV/2024-25/016659,4000,02-02-2025,CASH,
RCP/2024-25/014382,INV/2024-25/016662,2000,24-04-2024,CASH,
RCP/2024-25/014383,INV/2024-25/016663,1000,18-04-2024,UPI,
RCP/2024-25/014387,INV/2024-25/016668,4000,09-05-2024,CHEQUE,
RCP/2024-25/014391,INV/2024-25/016673,4000,12-10-2024,UPI,
RCP/2024-25/014399,INV/2024-25/016681,1000,24-04-2024,BANK_TRANSFER,
RCP/2024-25/014409,INV/2024-25/016692,4000,10-11-2024,CASH,
RCP/2024-25/014412,INV/2024-25/016697,8000,15-04-2024,CASH,
RCP/2024-25/014414,INV/2024-25/016700,1500,13-04-2024,CASH,
RCP/2024-25/014415,INV/2024-25/016701,500,22-04-2024,CASH,
RCP/2024-25/014417,INV/2024-25/016704,4000,21-05-2024,CASH,
RCP/2024-25/014422,INV/2024-25/016709,4000,16-10-2024,UPI,
RCP/2024-25/014425,INV/2024-25/016712,4000,15-01-2025,UPI,
RCP/2024-25/014432,INV/2024-25/016719,500,19-04-2024,CASH,
RCP/2024-25/014435,INV/2024-25/016722,4000,11-05-2024,UPI,
RCP/2024-25/014447,INV/2024-25/016736,1500,17-04-2024,UPI,
RCP/2024-25/014451,INV/2024-25/016740,4000,08-05-2024,UPI,
RCP/2024-25/014452,INV/2024-25/016741,4000,07-06-2024,CHEQUE,
RCP/2024-25/014461,INV/2024-25/016753,1000,19-04-2024,BANK_TRANSFER,
RCP/2024-25/014462,INV/2024-25/016754,1500,13-04-2024,UPI,
RCP/2024-25/014464,INV/2024-25/016758,4000,15-05-2024,UPI,
RCP/2024-25/014470,INV/2024-25/016764,4000,12-11-2024,BANK_TRANSFER,
RCP/2024-25/014471,INV/2024-25/016765,4000,18-12-2024,BANK_TRANSFER,
RCP/2024-25/014473,INV/2024-25/016767,4000,07-02-2025,ONLINE,
RCP/2024-25/014475,INV/2024-25/016771,1000,18-04-2024,UPI,
RCP/2024-25/014477,INV/2024-25/016773,500,23-04-2024,UPI,
RCP/2024-25/014486,INV/2024-25/016785,4000,10-02-2025,UPI,
RCP/2024-25/014487,INV/2024-25/016786,4000,08-03-2025,UPI,
RCP/2024-25/014491,INV/2024-25/016790,1500,22-04-2024,BANK_TRANSFER,
RCP/2024-25/014499,INV/2024-25/016799,4000,17-10-2024,UPI,
RCP/2024-25/014500,INV/2024-25/016800,4000,18-11-2024,CHEQUE,
RCP/2024-25/014507,INV/2024-25/016810,500,19-10-2024,CASH,
RCP/2024-25/014519,INV/2024-25/016823,8000,24-04-2024,UPI,
RCP/2024-25/014521,INV/2024-25/016825,1000,15-04-2024,ONLINE,
RCP/2024-25/014523,INV/2024-25/016827,500,17-04-2024,UPI,
RCP/2024-25/014530,INV/2024-25/016835,4000,17-10-2024,BANK_TRANSFER,
RCP/2024-25/014531,INV/2024-25/016838,4000,17-01-2025,UPI,
RCP/2024-25/014535,INV/2024-25/016843,1000,14-04-2024,BANK_TRANSFER,
RCP/2024-25/014537,INV/2024-25/016845,500,23-04-2024,UPI,
RCP/2024-25/014539,INV/2024-25/016848,4000,17-05-2024,CASH,
RCP/2024-25/014546,INV/2024-25/016856,4000,17-01-2025,UPI,
RCP/2024-25/014548,INV/2024-25/016858,4000,22-03-2025,UPI,
RCP/2024-25/014549,INV/2024-25/016859,8000,15-04-2024,CASH,
RCP/2024-25/014550,INV/2024-25/016861,1000,13-04-2024,CASH,
RCP/2024-25/014559,INV/2024-25/016873,4000,08-12-2024,UPI,
RCP/2024-25/014561,INV/2024-25/016875,4000,13-02-2025,BANK_TRANSFER,
RCP/2024-25/014570,INV/2024-25/016886,4000,06-07-2024,UPI,
RCP/2024-25/014572,INV/2024-25/016888,4000,07-09-2024,UPI,
RCP/2024-25/014574,INV/2024-25/016890,4000,07-11-2024,UPI,
RCP/2024-25/014575,INV/2024-25/016891,4000,08-12-2024,UPI,
RCP/2024-25/014578,INV/2024-25/016894,4000,08-03-2025,UPI,
RCP/2024-25/014580,INV/2024-25/016896,2000,15-04-2024,CHEQUE,
RCP/2024-25/014588,INV/2024-25/016905,4000,04-08-2024,CASH,
RCP/2024-25/014589,INV/2024-25/016906,4000,09-09-2024,CASH,
RCP/2024-25/014594,INV/2024-25/016911,4000,16-02-2025,ONLINE,
RCP/2024-25/014600,INV/2024-25/016918,500,22-10-2024,CHEQUE,
RCP/2024-25/014604,INV/2024-25/016922,4000,18-07-2024,CHEQUE,
RCP/2024-25/014610,INV/2024-25/016928,4000,10-01-2025,CASH,
RCP/2024-25/014615,INV/2024-25/016933,1000,16-04-2024,UPI,
RCP/2024-25/014622,INV/2024-25/016943,4000,14-10-2024,UPI,
RCP/2024-25/014624,INV/2024-25/016946,4000,03-01-2025,UPI,
RCP/2024-25/014629,INV/2024-25/016952,1500,23-04-2024,BANK_TRANSFER,
RCP/2024-25/014632,INV/2024-25/016956,4000,09-05-2024,UPI,
RCP/2024-25/014633,INV/2024-25/016957,4000,05-06-2024,UPI,
RCP/2024-25/014637,INV/2024-25/016962,4000,14-11-2024,BANK_TRANSFER,
RCP/2024-25/014640,INV/2024-25/016965,4000,15-02-2025,CASH,
RCP/2024-25/014648,INV/2024-25/016974,4000,21-05-2024,UPI,
RCP/2024-25/014658,INV/2024-25/016985,8000,13-04-2024,CHEQUE,
RCP/2024-25/014661,INV/2024-25/016988,1500,24-04-2024,CASH,
RCP/2024-25/014669,INV/2024-25/016997,4000,13-10-2024,UPI,
RCP/2024-25/014674,INV/2024-25/017002,4000,05-03-2025,CASH,
RCP/2024-25/014675,INV/2024-25/017003,8000,25-04-2024,CASH,
RCP/2024-25/014679,INV/2024-25/017007,500,19-04-2024,BANK_TRANSFER,
RCP/2024-25/014683,INV/2024-25/017012,4000,14-07-2024,UPI,
RCP/2024-25/014691,INV/2024-25/017021,8000,19-04-2024,CHEQUE,
RCP/2024-25/014693,INV/2024-25/017023,1000,24-04-2024,BANK_TRANSFER,
RCP/2024-25/014709,INV/2024-25/017044,500,23-10-2024,BANK_TRANSFER,
RCP/2024-25/014715,INV/2024-25/017050,4000,18-09-2024,CHEQUE,
RCP/2024-25/014717,INV/2024-25/017052,4000,04-11-2024,CHEQUE,
RCP/2024-25/014719,INV/2024-25/017055,4000,20-02-2025,CASH,
RCP/2024-25/014721,INV/2024-25/017058,2000,16-04-2024,BANK_TRANSFER,
RCP/2024-25/014724,INV/2024-25/017061,500,13-04-2024,BANK_TRANSFER,
RCP/2024-25/014737,INV/2024-25/017075,8000,16-04-2024,CASH,
RCP/2024-25/014745,INV/2024-25/017083,4000,13-06-2024,BANK_TRANSFER,
RCP/2024-25/014760,INV/2024-25/017101,4000,16-06-2024,BANK_TRANSFER,
RCP/2024-25/014763,INV/2024-25/017105,4000,06-10-2024,UPI,
RCP/2024-25/014767,INV/2024-25/017109,4000,09-02-2025,UPI,
RCP/2024-25/014768,INV/2024-25/017110,4000,17-03-2025,ONLINE,
RCP/2024-25/014769,INV/2024-25/017111,8000,23-04-2024,BANK_TRANSFER,
RCP/2024-25/014771,INV/2024-25/017113,1000,25-04-2024,BANK_TRANSFER,
RCP/2024-25/014773,INV/2024-25/017115,500,24-04-2024,CASH,
RCP/2024-25/014779,INV/2024-25/017123,4000,22-10-2024,UPI,
RCP/2024-25/014786,INV/2024-25/017131,1000,24-04-2024,UPI,
RCP/2024-25/014787,INV/2024-25/017132,1500,23-04-2024,BANK_TRANSFER,
RCP/2024-25/014788,INV/2024-25/017133,500,20-04-2024,CASH,
RCP/2024-25/014789,INV/2024-25/017134,500,14-10-2024,CASH,
RCP/2024-25/014791,INV/2024-25/017138,4000,21-07-2024,BANK_TRANSFER,
RCP/2024-25/014792,INV/2024-25/017140,4000,19-09-2024,UPI,
RCP/2024-25/014801,INV/2024-25/017150,1500,23-04-2024,BANK_TRANSFER,
RCP/2024-25/014811,INV/2024-25/017162,4000,08-01-2025,CHEQUE,
RCP/2024-25/014824,INV/2024-25/017178,4000,03-11-2024,BANK_TRANSFER,
RCP/2024-25/014826,INV/2024-25/017180,4000,09-01-2025,UPI,
RCP/2024-25/014827,INV/2024-25/017181,4000,09-02-2025,UPI,
RCP/2024-25/014828,INV/2024-25/017183,8000,13-04-2024,UPI,
RCP/2024-25/014842,INV/2024-25/017199,4000,12-02-2025,ONLINE,
RCP/2024-25/014843,INV/2024-25/017200,4000,16-03-2025,CHEQUE,
RCP/2024-25/014855,INV/2024-25/017212,4000,09-09-2024,ONLINE,
RCP/2024-25/014866,INV/2024-25/017225,4000,12-04-2024,BANK_TRANSFER,
RCP/2024-25/014870,INV/2024-25/017229,4000,04-08-2024,CASH,
RCP/2024-25/014878,INV/2024-25/017237,8000,19-04-2024,BANK_TRANSFER,
RCP/2024-25/014879,INV/2024-25/017238,2000,21-04-2024,CHEQUE,
RCP/2024-25/014884,INV/2024-25/017243,4000,20-04-2024,BANK_TRANSFER,
RCP/2024-25/014889,INV/2024-25/017249,4000,13-10-2024,UPI,
RCP/2024-25/014892,INV/2024-25/017252,4000,05-01-2025,BANK_TRANSFER,
RCP/2024-25/014899,INV/2024-25/017260,500,19-10-2024,BANK_TRANSFER,
RCP/2024-25/014900,INV/2024-25/017261,4000,06-04-2024,UPI,
RCP/2024-25/014910,INV/2024-25/017273,8000,20-04-2024,CASH,
RCP/2024-25/014911,INV/2024-25/017274,2000,15-04-2024,UPI,
RCP/2024-25/014912,INV/2024-25/017275,1000,14-04-2024,CASH,
RCP/2024-25/014916,INV/2024-25/017279,4000,11-04-2024,ONLINE,
RCP/2024-25/014918,INV/2024-25/017281,4000,09-06-2024,ONLINE,
RCP/2024-25/014923,INV/2024-25/017288,4000,15-01-2025,BANK_TRANSFER,
RCP/2024-25/014927,INV/2024-25/017292,2000,19-04-2024,CASH,
RCP/2024-25/014929,INV/2024-25/017294,1500,18-04-2024,BANK_TRANSFER,
RCP/2024-25/014930,INV/2024-25/017295,500,14-04-2024,CASH,
RCP/2024-25/014952,INV/2024-25/017320,4000,09-09-2024,UPI,
RCP/2024-25/014953,INV/2024-25/017321,4000,03-10-2024,CASH,
RCP/2024-25/014961,INV/2024-25/017329,1000,19-04-2024,CASH,
RCP/2024-25/014978,INV/2024-25/017347,1000,16-04-2024,CASH,
RCP/2024-25/014982,INV/2024-25/017351,4000,23-04-2024,UPI,
RCP/2024-25/014984,INV/2024-25/017353,4000,22-06-2024,CASH,
RCP/2024-25/014994,INV/2024-25/017366,1500,13-04-2024,UPI,
RCP/2024-25/014996,INV/2024-25/017368,500,20-10-2024,CASH,
RCP/2024-25/015004,INV/2024-25/017376,4000,12-11-2024,CASH,
RCP/2024-25/015005,INV/2024-25/017378,4000,13-01-2025,CASH,
RCP/2024-25/015006,INV/2024-25/017379,4000,05-02-2025,CASH,
RCP/2024-25/015007,INV/2024-25/017380,4000,22-03-2025,BANK_TRANSFER,
RCP/2024-25/015022,INV/2024-25/017399,8000,22-04-2024,BANK_TRANSFER,
RCP/2024-25/015028,INV/2024-25/017406,4000,13-05-2024,CASH,
RCP/2024-25/015040,INV/2024-25/017419,1000,25-04-2024,UPI,
RCP/2024-25/015041,INV/2024-25/017420,1500,19-04-2024,ONLINE,
RCP/2024-25/015044,INV/2024-25/017424,4000,14-05-2024,ONLINE,
RCP/2024-25/015046,INV/2024-25/017427,4000,20-08-2024,CASH,
RCP/2024-25/015060,INV/2024-25/017441,4000,07-04-2024,UPI,
RCP/2024-25/015064,INV/2024-25/017445,4000,15-08-2024,UPI,
RCP/2024-25/015065,INV/2024-25/017446,4000,10-09-2024,BANK_TRANSFER,
RCP/2024-25/015067,INV/2024-25/017448,4000,22-11-2024,CASH,
RCP/2024-25/015071,INV/2024-25/017452,4000,17-03-2025,UPI,
RCP/2024-25/015073,INV/2024-25/017454,2000,23-04-2024,CASH,
RCP/2024-25/015077,INV/2024-25/017461,4000,18-06-2024,CASH,
RCP/2024-25/015102,INV/2024-25/017490,2000,25-04-2024,BANK_TRANSFER,
RCP/2024-25/015105,INV/2024-25/017493,500,18-04-2024,ONLINE,
RCP/2024-25/015106,INV/2024-25/017494,500,17-10-2024,CASH,
RCP/2024-25/015116,INV/2024-25/017505,4000,19-02-2025,BANK_TRANSFER,
RCP/2024-25/015117,INV/2024-25/017507,8000,15-04-2024,CHEQUE,
RCP/2024-25/015119,INV/2024-25/017509,1000,15-04-2024,CHEQUE,
RCP/2024-25/015121,INV/2024-25/017511,500,26-04-2024,UPI,
RCP/2024-25/015137,INV/2024-25/017533,4000,21-06-2024,UPI,
RCP/2024-25/015142,INV/2024-25/017538,4000,20-11-2024,UPI,
RCP/2024-25/015145,INV/2024-25/017541,4000,20-02-2025,UPI,
RCP/2024-25/015148,INV/2024-25/017544,2000,22-04-2024,CASH,
RCP/2024-25/015151,INV/2024-25/017547,500,26-04-2024,UPI,
RCP/2024-25/015155,INV/2024-25/017552,4000,23-07-2024,CHEQUE,
RCP/2024-25/015161,INV/2024-25/017559,4000,14-02-2025,UPI,
RCP/2024-25/015162,INV/2024-25/017560,4000,02-03-2025,BANK_TRANSFER,
RCP/2024-25/015180,INV/2024-25/017580,2000,20-04-2024,CHEQUE,
RCP/2024-25/015185,INV/2024-25/017585,4000,18-04-2024,CHEQUE,
RCP/2024-25/015197,INV/2024-25/017600,1500,19-04-2024,UPI,
RCP/2024-25/015206,INV/2024-25/017609,4000,03-10-2024,UPI,
RCP/2024-25/015209,INV/2024-25/017612,4000,05-01-2025,BANK_TRANSFER,
RCP/2024-25/015212,INV/2024-25/017616,2000,16-04-2024,UPI,
RCP/2024-25/015218,INV/2024-25/017622,4000,11-05-2024,UPI,
RCP/2024-25/015238,INV/2024-25/017645,4000,09-10-2024,ONLINE,
RCP/2024-25/015239,INV/2024-25/017646,4000,17-11-2024,UPI,
RCP/2024-25/015241,INV/2024-25/017648,4000,07-01-2025,BANK_TRANSFER,
RCP/2024-25/015244,INV/2024-25/017651,8000,24-04-2024,ONLINE,
RCP/2024-25/015250,INV/2024-25/017658,4000,25-05-2024,CHEQUE,
RCP/2024-25/015252,INV/2024-25/017660,4000,09-07-2024,ONLINE,
RCP/2024-25/015257,INV/2024-25/017667,4000,09-02-2025,CHEQUE,
RCP/2024-25/015258,INV/2024-25/017669,8000,17-04-2024,UPI,
RCP/2024-25/015271,INV/2024-25/017684,4000,02-01-2025,UPI,
RCP/2024-25/015272,INV/2024-25/017685,4000,15-02-2025,CHEQUE,
RCP/2024-25/015274,INV/2024-25/017687,8000,16-04-2024,BANK_TRANSFER,
RCP/2024-25/015277,INV/2024-25/017691,500,21-04-2024,ONLINE,
RCP/2024-25/015299,INV/2024-25/017718,4000,14-11-2024,CHEQUE,
RCP/2024-25/015300,INV/2024-25/017719,4000,14-12-2024,UPI,
RCP/2024-25/015302,INV/2024-25/017721,4000,06-02-2025,CASH,
RCP/2024-25/015304,INV/2024-25/017723,8000,23-04-2024,CHEQUE,
RCP/2024-25/015307,INV/2024-25/017726,1500,17-04-2024,UPI,
RCP/2024-25/015312,INV/2024-25/017734,4000,04-09-2024,UPI,
RCP/2024-25/015315,INV/2024-25/017738,4000,10-01-2025,UPI,
RCP/2024-25/015323,INV/2024-25/017746,500,17-10-2024,UPI,
RCP/2024-25/015326,INV/2024-25/017749,4000,23-06-2024,CASH,
RCP/2024-25/015337,INV/2024-25/017760,2000,20-04-2024,CASH,
RCP/2024-25/015340,INV/2024-25/017763,500,18-04-2024,UPI,
RCP/2024-25/015347,INV/2024-25/017770,4000,18-09-2024,CASH,
RCP/2024-25/015350,INV/2024-25/017774,4000,15-01-2025,CASH,
RCP/2024-25/015351,INV/2024-25/017775,4000,01-02-2025,UPI,
RCP/2024-25/015356,INV/2024-25/017782,500,13-10-2024,ONLINE,
RCP/2024-25/015357,INV/2024-25/017783,4000,12-04-2024,UPI,
RCP/2024-25/015360,INV/2024-25/017786,4000,10-07-2024,UPI,
RCP/2024-25/015362,INV/2024-25/017788,4000,15-09-2024,CASH,
RCP/2024-25/015364,INV/2024-25/017792,4000,05-01-2025,CASH,
RCP/2024-25/015365,INV/2024-25/017793,4000,03-02-2025,UPI,
RCP/2024-25/015370,INV/2024-25/017799,500,21-04-2024,UPI,
RCP/2025-26/015377,INV/2025-26/017807,2000,10-10-2025,CASH,
RCP/2025-26/015380,INV/2025-26/017810,2000,15-01-2026,BANK_TRANSFER,
RCP/2025-26/015382,INV/2025-26/017812,2000,20-03-2026,BANK_TRANSFER,
RCP/2025-26/015386,INV/2025-26/017816,250,22-04-2025,UPI,
RCP/2025-26/015387,INV/2025-26/017817,250,15-10-2025,UPI,
RCP/2025-26/015392,INV/2025-26/017824,2000,06-10-2025,CASH,
RCP/2025-26/015393,INV/2025-26/017826,2000,18-12-2025,BANK_TRANSFER,
RCP/2025-26/015405,INV/2025-26/017839,2000,15-08-2025,BANK_TRANSFER,
RCP/2025-26/015406,INV/2025-26/017840,2000,09-09-2025,UPI,
RCP/2025-26/015407,INV/2025-26/017841,2000,19-10-2025,CASH,
RCP/2025-26/015421,INV/2025-26/017856,2000,09-08-2025,CHEQUE,
RCP/2025-26/015423,INV/2025-26/017858,2000,04-10-2025,UPI,
RCP/2025-26/015427,INV/2025-26/017863,2000,04-03-2026,ONLINE,
RCP/2025-26/015432,INV/2025-26/017868,250,15-10-2025,BANK_TRANSFER,
RCP/2025-26/015441,INV/2025-26/017879,2000,06-02-2026,UPI,
RCP/2025-26/015448,INV/2025-26/017888,2000,05-06-2025,BANK_TRANSFER,
RCP/2025-26/015462,INV/2025-26/017902,250,23-10-2025,CASH,
RCP/2025-26/015469,INV/2025-26/017910,2000,20-11-2025,CASH,
RCP/2025-26/015473,INV/2025-26/017915,5000,19-04-2025,BANK_TRANSFER,
RCP/2025-26/015485,INV/2025-26/017930,2000,03-02-2026,CHEQUE,
RCP/2025-26/015496,INV/2025-26/017943,2000,14-10-2025,ONLINE,
RCP/2025-26/015498,INV/2025-26/017946,2000,14-01-2026,BANK_TRANSFER,
RCP/2025-26/015503,INV/2025-26/017953,250,16-10-2025,CASH,
RCP/2025-26/015517,INV/2025-26/017971,2000,09-04-2025,CHEQUE,
RCP/2025-26/015518,INV/2025-26/017972,2000,11-05-2025,UPI,
RCP/2025-26/015519,INV/2025-26/017973,2000,18-06-2025,ONLINE,
RCP/2025-26/015526,INV/2025-26/017980,2000,05-01-2026,CHEQUE,
RCP/2025-26/015530,INV/2025-26/017984,500,23-04-2025,UPI,
RCP/2025-26/015534,INV/2025-26/017988,2000,14-04-2025,BANK_TRANSFER,
RCP/2025-26/015539,INV/2025-26/017994,2000,11-10-2025,UPI,
RCP/2025-26/015541,INV/2025-26/017996,2000,12-12-2025,UPI,
RCP/2025-26/015545,INV/2025-26/018001,500,20-04-2025,UPI,
RCP/2025-26/015546,INV/2025-26/018002,1000,17-04-2025,CASH,
RCP/2025-26/015548,INV/2025-26/018004,250,14-10-2025,ONLINE,
RCP/2025-26/015553,INV/2025-26/018010,2000,03-09-2025,ONLINE,
RCP/2025-26/015561,INV/2025-26/018019,1000,19-04-2025,BANK_TRANSFER,
RCP/2025-26/015566,INV/2025-26/018025,2000,09-07-2025,CASH,
RCP/2025-26/015573,INV/2025-26/018033,2000,11-03-2026,CASH,
RCP/2025-26/015582,INV/2025-26/018044,2000,15-09-2025,CASH,
RCP/2025-26/015592,INV/2025-26/018055,250,19-10-2025,ONLINE,
RCP/2025-26/015597,INV/2025-26/018060,2000,16-08-2025,UPI,
RCP/2025-26/015599,INV/2025-26/018062,2000,19-10-2025,UPI,
RCP/2025-26/015615,INV/2025-26/018084,2000,13-03-2026,CASH,
RCP/2025-26/015627,INV/2025-26/018096,2000,18-10-2025,CHEQUE,
RCP/2025-26/015638,INV/2025-26/018109,2000,22-06-2025,CASH,
RCP/2025-26/015643,INV/2025-26/018115,2000,12-12-2025,CHEQUE,
RCP/2025-26/015651,INV/2025-26/018123,250,13-10-2025,UPI,
RCP/2025-26/015659,INV/2025-26/018132,2000,18-12-2025,UPI,
RCP/2025-26/015662,INV/2025-26/018136,5000,23-04-2025,UPI,
RCP/2025-26/015663,INV/2025-26/018137,500,25-04-2025,UPI,
RCP/2025-26/015668,INV/2025-26/018143,2000,09-06-2025,UPI,
RCP/2025-26/015672,INV/2025-26/018148,2000,21-11-2025,UPI,
RCP/2025-26/015677,INV/2025-26/018155,1000,24-04-2025,UPI,
RCP/2025-26/015678,INV/2025-26/018156,250,16-04-2025,UPI,
RCP/2025-26/015681,INV/2025-26/018161,2000,09-07-2025,CASH,
RCP/2025-26/015689,INV/2025-26/018170,5000,17-04-2025,UPI,
RCP/2025-26/015691,INV/2025-26/018172,1000,15-04-2025,CASH,
RCP/2025-26/015698,INV/2025-26/018179,2000,16-08-2025,BANK_TRANSFER,
RCP/2025-26/015699,INV/2025-26/018181,2000,18-10-2025,ONLINE,
RCP/2025-26/015701,INV/2025-26/018183,2000,08-12-2025,UPI,
RCP/2025-26/015718,INV/2025-26/018206,1000,17-04-2025,CASH,
RCP/2025-26/015720,INV/2025-26/018209,2000,17-04-2025,BANK_TRANSFER,
RCP/2025-26/015722,INV/2025-26/018213,2000,13-08-2025,CASH,
RCP/2025-26/015724,INV/2025-26/018215,2000,03-10-2025,CHEQUE,
RCP/2025-26/015726,INV/2025-26/018218,2000,16-01-2026,CASH,
RCP/2025-26/015728,INV/2025-26/018220,2000,02-03-2026,ONLINE,
RCP/2025-26/015736,INV/2025-26/018230,2000,22-08-2025,UPI,
RCP/2025-26/015741,INV/2025-26/018235,2000,19-01-2026,UPI,
RCP/2025-26/015744,INV/2025-26/018238,5000,16-04-2025,CHEQUE,
RCP/2025-26/015748,INV/2025-26/018242,250,21-10-2025,BANK_TRANSFER,
RCP/2025-26/015749,INV/2025-26/018243,2000,24-04-2025,BANK_TRANSFER,
RCP/2025-26/015750,INV/2025-26/018245,2000,22-06-2025,CASH,
RCP/2025-26/015751,INV/2025-26/018246,2000,07-07-2025,CASH,
RCP/2025-26/015760,INV/2025-26/018255,5000,18-04-2025,BANK_TRANSFER,
RCP/2025-26/015770,INV/2025-26/018266,2000,06-10-2025,ONLINE,
RCP/2025-26/015795,INV/2025-26/018297,2000,13-07-2025,UPI,
RCP/2025-26/015816,INV/2025-26/018319,2000,20-12-2025,UPI,
RCP/2025-26/015820,INV/2025-26/018323,5000,22-04-2025,UPI,
RCP/2025-26/015824,INV/2025-26/018327,250,18-10-2025,UPI,
RCP/2025-26/015837,INV/2025-26/018343,250,13-04-2025,CHEQUE,
RCP/2025-26/015840,INV/2025-26/018347,2000,12-06-2025,ONLINE,
RCP/2025-26/015842,INV/2025-26/018349,2000,13-08-2025,ONLINE,
RCP/2025-26/015852,INV/2025-26/018360,250,17-04-2025,UPI,
RCP/2025-26/015853,INV/2025-26/018361,250,19-10-2025,UPI,
RCP/2025-26/015856,INV/2025-26/018366,2000,18-08-2025,ONLINE,
RCP/2025-26/015858,INV/2025-26/018368,2000,23-10-2025,CASH,
RCP/2025-26/015860,INV/2025-26/018370,2000,21-12-2025,ONLINE,
RCP/2025-26/015864,INV/2025-26/018375,500,16-04-2025,ONLINE,
RCP/2025-26/015869,INV/2025-26/018382,2000,05-07-2025,BANK_TRANSFER,
RCP/2025-26/015872,INV/2025-26/018385,2000,09-10-2025,ONLINE,
RCP/2025-26/015873,INV/2025-26/018386,2000,03-11-2025,UPI,
RCP/2025-26/015876,INV/2025-26/018389,2000,01-02-2026,CASH,
RCP/2025-26/015883,INV/2025-26/018397,2000,22-05-2025,CASH,
RCP/2025-26/015885,INV/2025-26/018399,2000,16-07-2025,UPI,
RCP/2025-26/015888,INV/2025-26/018402,2000,03-10-2025,CASH,
RCP/2025-26/015890,INV/2025-26/018404,2000,14-12-2025,CASH,
RCP/2025-26/015896,INV/2025-26/018411,250,15-04-2025,UPI,
RCP/2025-26/015898,INV/2025-26/018413,2000,21-04-2025,BANK_TRANSFER,
RCP/2025-26/015900,INV/2025-26/018415,2000,07-06-2025,CASH,
RCP/2025-26/015909,INV/2025-26/018425,5000,25-04-2025,CASH,
RCP/2025-26/015911,INV/2025-26/018427,1000,16-04-2025,UPI,
RCP/2025-26/015913,INV/2025-26/018430,2000,25-04-2025,CASH,
RCP/2025-26/015918,INV/2025-26/018435,2000,07-09-2025,UPI,
RCP/2025-26/015919,INV/2025-26/018436,2000,18-10-2025,UPI,
RCP/2025-26/015924,INV/2025-26/018442,5000,14-04-2025,ONLINE,
RCP/2025-26/015927,INV/2025-26/018445,250,26-04-2025,ONLINE,
RCP/2025-26/015929,INV/2025-26/018447,2000,26-04-2025,UPI,
RCP/2025-26/015937,INV/2025-26/018457,2000,16-02-2026,UPI,
RCP/2025-26/015942,INV/2025-26/018462,250,17-04-2025,UPI,
RCP/2025-26/015943,INV/2025-26/018463,250,23-10-2025,UPI,
RCP/2025-26/015946,INV/2025-26/018466,2000,08-06-2025,CASH,
RCP/2025-26/015947,INV/2025-26/018467,2000,07-07-2025,ONLINE,
RCP/2025-26/015951,INV/2025-26/018472,2000,07-12-2025,CASH,
RCP/2025-26/015957,INV/2025-26/018479,250,22-04-2025,BANK_TRANSFER,
RCP/2025-26/015960,INV/2025-26/018482,3000,08-05-2025,ONLINE,
RCP/2025-26/015966,INV/2025-26/018488,3000,13-11-2025,CHEQUE,
RCP/2025-26/015967,INV/2025-26/018489,3000,16-12-2025,BANK_TRANSFER,
RCP/2025-26/015968,INV/2025-26/018490,3000,21-01-2026,CASH,
RCP/2025-26/015970,INV/2025-26/018492,3000,18-03-2026,UPI,
RCP/2025-26/015971,INV/2025-26/018493,6000,21-04-2025,CASH,
RCP/2025-26/015973,INV/2025-26/018495,500,25-04-2025,UPI,
RCP/2025-26/015975,INV/2025-26/018497,375,21-04-2025,UPI,
RCP/2025-26/015978,INV/2025-26/018500,3000,21-05-2025,ONLINE,
RCP/2025-26/015993,INV/2025-26/018517,3000,23-04-2025,CHEQUE,
RCP/2025-26/015995,INV/2025-26/018519,3000,15-06-2025,UPI,
RCP/2025-26/015997,INV/2025-26/018521,3000,19-08-2025,CASH,
RCP/2025-26/016001,INV/2025-26/018526,3000,14-01-2026,UPI,
RCP/2025-26/016026,INV/2025-26/018555,3000,21-06-2025,BANK_TRANSFER,
RCP/2025-26/016027,INV/2025-26/018556,3000,22-07-2025,UPI,
RCP/2025-26/016029,INV/2025-26/018559,3000,17-10-2025,UPI,
RCP/2025-26/016030,INV/2025-26/018560,3000,10-11-2025,CASH,
RCP/2025-26/016048,INV/2025-26/018579,3000,03-12-2025,CASH,
RCP/2025-26/016059,INV/2025-26/018592,3000,19-07-2025,UPI,
RCP/2025-26/016075,INV/2025-26/018612,3000,20-09-2025,CASH,
RCP/2025-26/016077,INV/2025-26/018614,3000,14-11-2025,UPI,
RCP/2025-26/016084,INV/2025-26/018623,375,24-04-2025,ONLINE,
RCP/2025-26/016085,INV/2025-26/018624,375,22-10-2025,UPI,
RCP/2025-26/016086,INV/2025-26/018625,3000,17-04-2025,CHEQUE,
RCP/2025-26/016092,INV/2025-26/018632,3000,05-11-2025,CHEQUE,
RCP/2025-26/016098,INV/2025-26/018639,500,15-04-2025,CASH,
RCP/2025-26/016115,INV/2025-26/018656,1000,15-04-2025,CHEQUE,
RCP/2025-26/016116,INV/2025-26/018657,500,15-04-2025,ONLINE,
RCP/2025-26/016121,INV/2025-26/018663,3000,12-06-2025,CHEQUE,
RCP/2025-26/016124,INV/2025-26/018666,3000,16-09-2025,BANK_TRANSFER,
RCP/2025-26/016129,INV/2025-26/018672,3000,20-03-2026,UPI,
RCP/2025-26/016131,INV/2025-26/018674,1000,25-04-2025,CHEQUE,
RCP/2025-26/016136,INV/2025-26/018679,3000,12-04-2025,CASH,
RCP/2025-26/016141,INV/2025-26/018685,3000,15-10-2025,ONLINE,
RCP/2025-26/016149,INV/2025-26/018695,375,15-04-2025,CASH,
RCP/2025-26/016155,INV/2025-26/018701,3000,22-08-2025,CASH,
RCP/2025-26/016164,INV/2025-26/018715,3000,25-04-2025,CHEQUE,
RCP/2025-26/016168,INV/2025-26/018719,3000,07-08-2025,UPI,
RCP/2025-26/016176,INV/2025-26/018729,500,15-04-2025,BANK_TRANSFER,
RCP/2025-26/016188,INV/2025-26/018745,6000,20-04-2025,CASH,
RCP/2025-26/016190,INV/2025-26/018747,500,26-04-2025,CHEQUE,
RCP/2025-26/016197,INV/2025-26/018755,3000,16-08-2025,CASH,
RCP/2025-26/016198,INV/2025-26/018756,3000,12-09-2025,UPI,
RCP/2025-26/016199,INV/2025-26/018757,3000,07-10-2025,CASH,
RCP/2025-26/016202,INV/2025-26/018760,3000,20-01-2026,CASH,
RCP/2025-26/016216,INV/2025-26/018776,3000,03-11-2025,UPI,
RCP/2025-26/016228,INV/2025-26/018788,3000,14-05-2025,CASH,
RCP/2025-26/016235,INV/2025-26/018795,3000,16-12-2025,UPI,
RCP/2025-26/016239,INV/2025-26/018800,1000,26-04-2025,BANK_TRANSFER,
RCP/2025-26/016246,INV/2025-26/018808,3000,09-07-2025,UPI,
RCP/2025-26/016247,INV/2025-26/018809,3000,20-08-2025,BANK_TRANSFER,
RCP/2025-26/016249,INV/2025-26/018811,3000,16-10-2025,BANK_TRANSFER,
RCP/2025-26/016250,INV/2025-26/018812,3000,02-11-2025,CHEQUE,
RCP/2025-26/016251,INV/2025-26/018813,3000,22-12-2025,UPI,
RCP/2025-26/016253,INV/2025-26/018816,3000,21-03-2026,CHEQUE,
RCP/2025-26/016255,INV/2025-26/018818,1000,22-04-2025,UPI,
RCP/2025-26/016258,INV/2025-26/018822,375,15-10-2025,UPI,
RCP/2025-26/016274,INV/2025-26/018844,3000,20-07-2025,ONLINE,
RCP/2025-26/016285,INV/2025-26/018856,1000,25-04-2025,CASH,
RCP/2025-26/016288,INV/2025-26/018859,3000,19-04-2025,UPI,
RCP/2025-26/016289,INV/2025-26/018860,3000,17-05-2025,CASH,
RCP/2025-26/016300,INV/2025-26/018871,6000,26-04-2025,CASH,
RCP/2025-26/016301,INV/2025-26/018872,1000,21-04-2025,BANK_TRANSFER,
RCP/2025-26/016305,INV/2025-26/018876,375,16-10-2025,UPI,
RCP/2025-26/016307,INV/2025-26/018878,3000,20-05-2025,CASH,
RCP/2025-26/016314,INV/2025-26/018885,3000,04-12-2025,CHEQUE,
RCP/2025-26/016315,INV/2025-26/018886,3000,21-01-2026,CHEQUE,
RCP/2025-26/016319,INV/2025-26/018890,1000,16-04-2025,ONLINE,
RCP/2025-26/016322,INV/2025-26/018893,375,23-04-2025,UPI,
RCP/2025-26/016328,INV/2025-26/018901,3000,16-10-2025,CASH,
RCP/2025-26/016330,INV/2025-26/018903,3000,19-12-2025,ONLINE,
RCP/2025-26/016337,INV/2025-26/018910,1000,23-04-2025,ONLINE,
RCP/2025-26/016338,INV/2025-26/018911,375,24-04-2025,UPI,
RCP/2025-26/016341,INV/2025-26/018915,3000,15-06-2025,UPI,
RCP/2025-26/016352,INV/2025-26/018930,375,19-10-2025,UPI,
RCP/2025-26/016360,INV/2025-26/018941,3000,03-02-2026,BANK_TRANSFER,
RCP/2025-26/016364,INV/2025-26/018946,1000,20-04-2025,CASH,
RCP/2025-26/016366,INV/2025-26/018948,375,20-10-2025,UPI,
RCP/2025-26/016373,INV/2025-26/018956,3000,08-11-2025,CHEQUE,
RCP/2025-26/016376,INV/2025-26/018959,3000,13-02-2026,ONLINE,
RCP/2025-26/016381,INV/2025-26/018966,375,11-10-2025,CASH,
RCP/2025-26/016396,INV/2025-26/018985,3000,26-04-2025,BANK_TRANSFER,
RCP/2025-26/016397,INV/2025-26/018986,3000,07-05-2025,CASH,
RCP/2025-26/016402,INV/2025-26/018992,3000,04-11-2025,ONLINE,
RCP/2025-26/016405,INV/2025-26/018997,6000,25-04-2025,CASH,
RCP/2025-26/016413,INV/2025-26/019006,3000,19-07-2025,CASH,
RCP/2025-26/016415,INV/2025-26/019009,3000,09-10-2025,CASH,
RCP/2025-26/016421,INV/2025-26/019016,1000,16-04-2025,CASH,
RCP/2025-26/016432,INV/2025-26/019030,3000,02-01-2026,UPI,
RCP/2025-26/016435,INV/2025-26/019035,500,23-04-2025,BANK_TRANSFER,
RCP/2025-26/016437,INV/2025-26/019037,375,16-04-2025,BANK_TRANSFER,
RCP/2025-26/016445,INV/2025-26/019047,3000,14-12-2025,CHEQUE,
RCP/2025-26/016448,INV/2025-26/019050,3000,07-03-2026,UPI,
RCP/2025-26/016450,INV/2025-26/019052,1000,25-04-2025,CASH,
RCP/2025-26/016452,INV/2025-26/019054,1000,19-04-2025,CHEQUE,
RCP/2025-26/016460,INV/2025-26/019062,3000,22-09-2025,UPI,
RCP/2025-26/016462,INV/2025-26/019064,3000,13-11-2025,BANK_TRANSFER,
RCP/2025-26/016464,INV/2025-26/019066,3000,10-01-2026,BANK_TRANSFER,
RCP/2025-26/016465,INV/2025-26/019067,3000,20-02-2026,CASH,
RCP/2025-26/016469,INV/2025-26/019072,1000,13-04-2025,CASH,
RCP/2025-26/016470,INV/2025-26/019073,375,20-04-2025,UPI,
RCP/2025-26/016479,INV/2025-26/019085,3000,14-02-2026,CHEQUE,
RCP/2025-26/016487,INV/2025-26/019093,3000,07-04-2025,CASH,
RCP/2025-26/016492,INV/2025-26/019099,3000,21-10-2025,CASH,
RCP/2025-26/016493,INV/2025-26/019100,3000,16-11-2025,CASH,
RCP/2025-26/016497,INV/2025-26/019104,3000,17-03-2026,CASH,
RCP/2025-26/016502,INV/2025-26/019110,375,16-10-2025,CASH,
RCP/2025-26/016510,INV/2025-26/019124,1000,17-04-2025,ONLINE,
RCP/2025-26/016516,INV/2025-26/019130,3000,23-05-2025,UPI,
RCP/2025-26/016518,INV/2025-26/019132,3000,14-07-2025,UPI,
RCP/2025-26/016519,INV/2025-26/019133,3000,21-08-2025,CASH,
RCP/2025-26/016520,INV/2025-26/019134,3000,14-09-2025,CHEQUE,
RCP/2025-26/016522,INV/2025-26/019137,3000,22-12-2025,CASH,
RCP/2025-26/016532,INV/2025-26/019150,3000,23-07-2025,UPI,
RCP/2025-26/016535,INV/2025-26/019154,3000,22-11-2025,ONLINE,
RCP/2025-26/016540,INV/2025-26/019161,500,14-04-2025,CASH,
RCP/2025-26/016544,INV/2025-26/019165,3000,16-04-2025,CASH,
RCP/2025-26/016550,INV/2025-26/019174,3000,12-01-2026,UPI,
RCP/2025-26/016551,INV/2025-26/019175,3000,20-02-2026,ONLINE,
RCP/2025-26/016553,INV/2025-26/019177,6000,20-04-2025,CASH,
RCP/2025-26/016555,INV/2025-26/019179,500,24-04-2025,UPI,
RCP/2025-26/016559,INV/2025-26/019184,3000,09-05-2025,UPI,
RCP/2025-26/016561,INV/2025-26/019186,3000,06-07-2025,UPI,
RCP/2025-26/016563,INV/2025-26/019188,3000,22-09-2025,BANK_TRANSFER,
RCP/2025-26/016567,INV/2025-26/019192,3000,01-01-2026,CHEQUE,
RCP/2025-26/016571,INV/2025-26/019196,1000,23-04-2025,CHEQUE,
RCP/2025-26/016579,INV/2025-26/019209,3000,22-12-2025,BANK_TRANSFER,
RCP/2025-26/016584,INV/2025-26/019214,1000,15-04-2025,BANK_TRANSFER,
RCP/2025-26/016585,INV/2025-26/019217,375,21-04-2025,UPI,
RCP/2025-26/016588,INV/2025-26/019220,3000,18-05-2025,CASH,
RCP/2025-26/016589,INV/2025-26/019221,3000,08-06-2025,UPI,
RCP/2025-26/016594,INV/2025-26/019228,3000,14-01-2026,UPI,
RCP/2025-26/016601,INV/2025-26/019235,375,17-04-2025,BANK_TRANSFER,
RCP/2025-26/016606,INV/2025-26/019241,3000,04-08-2025,ONLINE,
RCP/2025-26/016609,INV/2025-26/019244,3000,13-11-2025,UPI,
RCP/2025-26/016611,INV/2025-26/019248,3000,11-03-2026,CASH,
RCP/2025-26/016615,INV/2025-26/019252,1000,25-04-2025,CASH,
RCP/2025-26/016616,INV/2025-26/019253,375,17-04-2025,UPI,
RCP/2025-26/016629,INV/2025-26/019271,375,26-04-2025,CHEQUE,
RCP/2025-26/016633,INV/2025-26/019275,3000,12-06-2025,CASH,
RCP/2025-26/016637,INV/2025-26/019280,3000,06-11-2025,UPI,
RCP/2025-26/016641,INV/2025-26/019285,6000,21-04-2025,CASH,
RCP/2025-26/016650,INV/2025-26/019295,3000,08-08-2025,UPI,
RCP/2025-26/016663,INV/2025-26/019308,375,13-10-2025,CASH,
RCP/2025-26/016671,INV/2025-26/019316,3000,12-11-2025,ONLINE,
RCP/2025-26/016673,INV/2025-26/019318,3000,07-01-2026,CASH,
RCP/2025-26/016677,INV/2025-26/019322,1000,21-04-2025,CASH,
RCP/2025-26/016681,INV/2025-26/019326,375,17-10-2025,UPI,
RCP/2025-26/016690,INV/2025-26/019336,3000,01-01-2026,UPI,
RCP/2025-26/016692,INV/2025-26/019339,6000,21-04-2025,CASH,
RCP/2025-26/016694,INV/2025-26/019341,500,17-04-2025,CASH,
RCP/2025-26/016699,INV/2025-26/019346,3000,12-05-2025,BANK_TRANSFER,
RCP/2025-26/016704,INV/2025-26/019352,3000,02-11-2025,BANK_TRANSFER,
RCP/2025-26/016709,INV/2025-26/019361,375,26-04-2025,BANK_TRANSFER,
RCP/2025-26/016712,INV/2025-26/019364,3000,11-05-2025,BANK_TRANSFER,
RCP/2025-26/016718,INV/2025-26/019370,3000,05-11-2025,CASH,
RCP/2025-26/016720,INV/2025-26/019372,3000,11-01-2026,BANK_TRANSFER,
RCP/2025-26/016728,INV/2025-26/019381,3000,25-04-2025,BANK_TRANSFER,
RCP/2025-26/016731,INV/2025-26/019384,3000,25-07-2025,UPI,
RCP/2025-26/016733,INV/2025-26/019386,3000,19-09-2025,CASH,
RCP/2025-26/016738,INV/2025-26/019391,3000,01-02-2026,CASH,
RCP/2025-26/016742,INV/2025-26/019395,500,21-04-2025,CASH,
RCP/2025-26/016743,INV/2025-26/019396,1000,14-04-2025,CASH,
RCP/2025-26/016751,INV/2025-26/019404,3000,08-09-2025,CASH,
RCP/2025-26/016753,INV/2025-26/019406,3000,03-11-2025,BANK_TRANSFER,
RCP/2025-26/016757,INV/2025-26/019411,6000,26-04-2025,CHEQUE,
RCP/2025-26/016759,INV/2025-26/019414,1000,16-04-2025,UPI,
RCP/2025-26/016767,INV/2025-26/019422,3000,09-09-2025,BANK_TRANSFER,
RCP/2025-26/016769,INV/2025-26/019424,3000,11-11-2025,CASH,
RCP/2025-26/016782,INV/2025-26/019443,3000,21-12-2025,UPI,
RCP/2025-26/016783,INV/2025-26/019444,3000,01-01-2026,CASH,
RCP/2025-26/016789,INV/2025-26/019450,1000,21-04-2025,UPI,
RCP/2025-26/016790,INV/2025-26/019452,375,23-10-2025,CASH,
RCP/2025-26/016797,INV/2025-26/019460,3000,22-11-2025,CASH,
RCP/2025-26/016801,INV/2025-26/019464,3000,16-03-2026,UPI,
RCP/2025-26/016806,INV/2025-26/019469,375,22-04-2025,UPI,
RCP/2025-26/016807,INV/2025-26/019470,375,13-10-2025,CASH,
RCP/2025-26/016811,INV/2025-26/019475,3000,10-08-2025,CASH,
RCP/2025-26/016817,INV/2025-26/019482,3000,21-03-2026,CHEQUE,
RCP/2025-26/016818,INV/2025-26/019483,6000,26-04-2025,UPI,
RCP/2025-26/016823,INV/2025-26/019488,375,21-10-2025,UPI,
RCP/2025-26/016841,INV/2025-26/019509,3000,07-06-2025,CASH,
RCP/2025-26/016855,INV/2025-26/019525,3000,18-04-2025,UPI,
RCP/2025-26/016856,INV/2025-26/019526,3000,14-05-2025,ONLINE,
RCP/2025-26/016857,INV/2025-26/019530,3000,07-09-2025,BANK_TRANSFER,
RCP/2025-26/016862,INV/2025-26/019535,3000,12-02-2026,BANK_TRANSFER,
RCP/2025-26/016864,INV/2025-26/019538,1000,18-04-2025,UPI,
RCP/2025-26/016873,INV/2025-26/019547,3000,10-08-2025,ONLINE,
RCP/2025-26/016874,INV/2025-26/019548,3000,12-09-2025,UPI,
RCP/2025-26/016877,INV/2025-26/019552,3000,16-01-2026,ONLINE,
RCP/2025-26/016878,INV/2025-26/019554,3000,03-03-2026,UPI,
RCP/2025-26/016879,INV/2025-26/019555,6000,18-04-2025,CASH,
RCP/2025-26/016890,INV/2025-26/019570,3000,14-01-2026,UPI,
RCP/2025-26/016893,INV/2025-26/019574,1000,18-04-2025,ONLINE,
RCP/2025-26/016896,INV/2025-26/019577,375,20-04-2025,ONLINE,
RCP/2025-26/016898,INV/2025-26/019580,3000,19-05-2025,UPI,
RCP/2025-26/016901,INV/2025-26/019583,3000,19-08-2025,UPI,
RCP/2025-26/016903,INV/2025-26/019585,3000,06-10-2025,ONLINE,
RCP/2025-26/016906,INV/2025-26/019588,3000,11-01-2026,BANK_TRANSFER,
RCP/2025-26/016914,INV/2025-26/019596,375,22-10-2025,CASH,
RCP/2025-26/016924,INV/2025-26/019607,3000,31-01-2026,ONLINE,
RCP/2025-26/016926,INV/2025-26/019609,6000,19-04-2025,CASH,
RCP/2025-26/016933,INV/2025-26/019616,3000,19-05-2025,CASH,
RCP/2025-26/016936,INV/2025-26/019620,3000,23-09-2025,UPI,
RCP/2025-26/016939,INV/2025-26/019624,3000,02-01-2026,CASH,
RCP/2025-26/016940,INV/2025-26/019625,3000,07-02-2026,UPI,
RCP/2025-26/016942,INV/2025-26/019627,6000,15-04-2025,UPI,
RCP/2025-26/016960,INV/2025-26/019649,375,20-04-2025,CASH,
RCP/2025-26/016962,INV/2025-26/019651,3000,07-04-2025,CHEQUE,
RCP/2025-26/016968,INV/2025-26/019657,3000,08-10-2025,CASH,
RCP/2025-26/016970,INV/2025-26/019660,3000,21-01-2026,UPI,
RCP/2025-26/016971,INV/2025-26/019661,3000,16-02-2026,CASH,
RCP/2025-26/016973,INV/2025-26/019663,6000,20-04-2025,CASH,
RCP/2025-26/016974,INV/2025-26/019665,500,17-04-2025,BANK_TRANSFER,
RCP/2025-26/016977,INV/2025-26/019668,375,19-10-2025,BANK_TRANSFER,
RCP/2025-26/016980,INV/2025-26/019671,3000,19-06-2025,UPI,
RCP/2025-26/016990,INV/2025-26/019684,1000,19-04-2025,UPI,
RCP/2025-26/017000,INV/2025-26/019694,3000,11-11-2025,BANK_TRANSFER,
RCP/2025-26/017003,INV/2025-26/019697,3000,08-02-2026,UPI,
RCP/2025-26/017008,INV/2025-26/019704,375,14-10-2025,CHEQUE,
RCP/2025-26/017011,INV/2025-26/019708,3000,19-07-2025,CASH,
RCP/2025-26/017019,INV/2025-26/019716,3000,18-03-2026,UPI,
RCP/2025-26/017023,INV/2025-26/019720,1000,24-04-2025,ONLINE,
RCP/2025-26/017035,INV/2025-26/019735,6000,23-04-2025,CASH,
RCP/2025-26/017040,INV/2025-26/019741,3000,15-04-2025,CASH,
RCP/2025-26/017042,INV/2025-26/019743,3000,13-06-2025,UPI,
RCP/2025-26/017050,INV/2025-26/019752,3000,17-03-2026,CASH,
RCP/2025-26/017053,INV/2025-26/019756,1000,14-04-2025,CASH,
RCP/2025-26/017058,INV/2025-26/019761,3000,18-06-2025,UPI,
RCP/2025-26/017059,INV/2025-26/019762,3000,20-07-2025,UPI,
RCP/2025-26/017061,INV/2025-26/019764,3000,03-09-2025,CASH,
RCP/2025-26/017071,INV/2025-26/019775,375,22-04-2025,UPI,
RCP/2025-26/017076,INV/2025-26/019781,3000,09-08-2025,CASH,
RCP/2025-26/017079,INV/2025-26/019785,3000,20-12-2025,UPI,
RCP/2025-26/017086,INV/2025-26/019792,1000,24-04-2025,ONLINE,
RCP/2025-26/017087,INV/2025-26/019793,375,19-04-2025,CHEQUE,
RCP/2025-26/017088,INV/2025-26/019794,375,18-10-2025,BANK_TRANSFER,
RCP/2025-26/017091,INV/2025-26/019798,3000,06-07-2025,CHEQUE,
RCP/2025-26/017092,INV/2025-26/019799,3000,05-08-2025,BANK_TRANSFER,
RCP/2025-26/017094,INV/2025-26/019802,3000,20-11-2025,UPI,
RCP/2025-26/017095,INV/2025-26/019803,3000,08-12-2025,UPI,
RCP/2025-26/017104,INV/2025-26/019814,3000,24-05-2025,CHEQUE,
RCP/2025-26/017110,INV/2025-26/019821,3000,03-12-2025,BANK_TRANSFER,
RCP/2025-26/017113,INV/2025-26/019824,3000,20-03-2026,ONLINE,
RCP/2025-26/017114,INV/2025-26/019825,6000,20-04-2025,ONLINE,
RCP/2025-26/017119,INV/2025-26/019831,3000,22-04-2025,UPI,
RCP/2025-26/017123,INV/2025-26/019835,3000,08-08-2025,CHEQUE,
RCP/2025-26/017125,INV/2025-26/019837,3000,16-10-2025,BANK_TRANSFER,
RCP/2025-26/017137,INV/2025-26/019858,3000,20-01-2026,CASH,
RCP/2025-26/017147,INV/2025-26/019869,3000,05-06-2025,ONLINE,
RCP/2025-26/017149,INV/2025-26/019871,3000,06-08-2025,BANK_TRANSFER,
RCP/2025-26/017156,INV/2025-26/019881,500,20-04-2025,UPI,
RCP/2025-26/017159,INV/2025-26/019884,375,13-10-2025,CASH,
RCP/2025-26/017161,INV/2025-26/019888,3000,05-07-2025,BANK_TRANSFER,
RCP/2025-26/017166,INV/2025-26/019897,6000,21-04-2025,CHEQUE,
RCP/2025-26/017172,INV/2025-26/019904,3000,17-05-2025,ONLINE,
RCP/2025-26/017176,INV/2025-26/019909,3000,22-10-2025,CHEQUE,
RCP/2025-26/017181,INV/2025-26/019914,3000,21-03-2026,CASH,
RCP/2025-26/017182,INV/2025-26/019915,6000,20-04-2025,UPI,
RCP/2025-26/017187,INV/2025-26/019921,3000,15-04-2025,ONLINE,
RCP/2025-26/017192,INV/2025-26/019927,3000,06-10-2025,UPI,
RCP/2025-26/017200,INV/2025-26/019936,1000,24-04-2025,UPI,
RCP/2025-26/017222,INV/2025-26/019961,3000,19-08-2025,UPI,
RCP/2025-26/017240,INV/2025-26/019984,3000,15-01-2026,CASH,
RCP/2025-26/017242,INV/2025-26/019986,3000,06-03-2026,BANK_TRANSFER,
RCP/2025-26/017246,INV/2025-26/019990,1000,26-04-2025,CASH,
RCP/2025-26/017247,INV/2025-26/019991,375,16-04-2025,CASH,
RCP/2025-26/017253,INV/2025-26/019997,3000,10-08-2025,ONLINE,
RCP/2025-26/017261,INV/2025-26/020005,6000,25-04-2025,UPI,
RCP/2025-26/017264,INV/2025-26/020008,1000,25-04-2025,UPI,
RCP/2025-26/017275,INV/2025-26/020020,3000,06-01-2026,ONLINE,
RCP/2025-26/017280,INV/2025-26/020026,1000,23-04-2025,BANK_TRANSFER,
RCP/2025-26/017287,INV/2025-26/020034,3000,19-09-2025,CHEQUE,
RCP/2025-26/017292,INV/2025-26/020039,3000,05-02-2026,ONLINE,
RCP/2025-26/017293,INV/2025-26/020040,3000,12-03-2026,CASH,
RCP/2025-26/017295,INV/2025-26/020042,1000,22-04-2025,CASH,
RCP/2025-26/017306,INV/2025-26/020057,3000,09-02-2026,ONLINE,
RCP/2025-26/017309,INV/2025-26/020060,1000,24-04-2025,BANK_TRANSFER,
RCP/2025-26/017327,INV/2025-26/020083,3000,06-04-2025,CASH,
RCP/2025-26/017338,INV/2025-26/020094,3000,20-03-2026,ONLINE,
RCP/2025-26/017340,INV/2025-26/020096,1000,16-04-2025,CASH,
RCP/2025-26/017341,INV/2025-26/020098,1000,23-04-2025,UPI,
RCP/2025-26/017342,INV/2025-26/020099,375,18-04-2025,ONLINE,
RCP/2025-26/017343,INV/2025-26/020100,375,23-10-2025,CHEQUE,
RCP/2025-26/017345,INV/2025-26/020102,3000,08-05-2025,CASH,
RCP/2025-26/017352,INV/2025-26/020110,3000,15-01-2026,BANK_TRANSFER,
RCP/2025-26/017358,INV/2025-26/020117,375,15-04-2025,UPI,
RCP/2025-26/017363,INV/2025-26/020124,3000,08-09-2025,CHEQUE,
RCP/2025-26/017375,INV/2025-26/020137,3000,22-04-2025,ONLINE,
RCP/2025-26/017377,INV/2025-26/020139,3000,15-06-2025,CASH,
RCP/2025-26/017394,INV/2025-26/020159,3000,11-08-2025,UPI,
RCP/2025-26/017395,INV/2025-26/020161,3000,23-10-2025,BANK_TRANSFER,
RCP/2025-26/017399,INV/2025-26/020166,3000,17-03-2026,UPI,
RCP/2025-26/017401,INV/2025-26/020168,1000,22-04-2025,CASH,
RCP/2025-26/017412,INV/2025-26/020180,3000,15-11-2025,CASH,
RCP/2025-26/017413,INV/2025-26/020181,3000,19-12-2025,ONLINE,
RCP/2025-26/017414,INV/2025-26/020182,3000,09-01-2026,UPI,
RCP/2025-26/017415,INV/2025-26/020183,3000,05-02-2026,CHEQUE,
RCP/2025-26/017427,INV/2025-26/020196,3000,19-09-2025,UPI,
RCP/2025-26/017430,INV/2025-26/020200,3000,18-01-2026,UPI,
RCP/2025-26/017433,INV/2025-26/020203,6000,19-04-2025,CASH,
RCP/2025-26/017435,INV/2025-26/020206,1000,14-04-2025,UPI,
RCP/2025-26/017436,INV/2025-26/020207,375,19-04-2025,UPI,
RCP/2025-26/017440,INV/2025-26/020211,3000,22-06-2025,CASH,
RCP/2025-26/017445,INV/2025-26/020217,3000,04-12-2025,CASH,
RCP/2025-26/017451,INV/2025-26/020225,375,22-04-2025,CASH,
RCP/2025-26/017453,INV/2025-26/020227,3000,24-04-2025,CHEQUE,
RCP/2025-26/017457,INV/2025-26/020233,3000,23-10-2025,CASH,
RCP/2025-26/017462,INV/2025-26/020240,1000,17-04-2025,CASH,
RCP/2025-26/017476,INV/2025-26/020259,500,14-04-2025,CASH,
RCP/2025-26/017480,INV/2025-26/020263,3000,13-04-2025,UPI,
RCP/2025-26/017485,INV/2025-26/020269,3000,21-10-2025,CASH,
RCP/2025-26/017486,INV/2025-26/020270,3000,11-11-2025,ONLINE,
RCP/2025-26/017487,INV/2025-26/020271,3000,22-12-2025,BANK_TRANSFER,
RCP/2025-26/017489,INV/2025-26/020273,3000,03-02-2026,CASH,
RCP/2025-26/017504,INV/2025-26/020289,3000,16-12-2025,UPI,
RCP/2025-26/017511,INV/2025-26/020296,1000,16-04-2025,CHEQUE,
RCP/2025-26/017512,INV/2025-26/020297,375,14-04-2025,ONLINE,
RCP/2025-26/017520,INV/2025-26/020308,3000,07-01-2026,UPI,
RCP/2025-26/017521,INV/2025-26/020309,3000,04-02-2026,UPI,
RCP/2025-26/017529,INV/2025-26/020318,3000,20-05-2025,UPI,
RCP/2025-26/017535,INV/2025-26/020325,3000,04-12-2025,BANK_TRANSFER,
RCP/2025-26/017540,INV/2025-26/020331,500,15-04-2025,UPI,
RCP/2025-26/017541,INV/2025-26/020332,1000,15-04-2025,CASH,
RCP/2025-26/017543,INV/2025-26/020334,375,18-10-2025,CASH,
RCP/2025-26/017546,INV/2025-26/020337,3000,07-06-2025,CASH,
RCP/2025-26/017555,INV/2025-26/020346,3000,09-03-2026,UPI,
RCP/2025-26/017562,INV/2025-26/020356,3000,20-07-2025,CASH,
RCP/2025-26/017564,INV/2025-26/020358,3000,10-09-2025,BANK_TRANSFER,
RCP/2025-26/017566,INV/2025-26/020360,3000,22-11-2025,BANK_TRANSFER,
RCP/2025-26/017586,INV/2025-26/020384,1000,23-04-2025,CASH,
RCP/2025-26/017591,INV/2025-26/020389,3000,12-04-2025,CHEQUE,
RCP/2025-26/017593,INV/2025-26/020391,3000,12-06-2025,BANK_TRANSFER,
RCP/2025-26/017605,INV/2025-26/020406,375,17-10-2025,CASH,
RCP/2025-26/017618,INV/2025-26/020421,500,26-04-2025,UPI,
RCP/2025-26/017625,INV/2025-26/020431,3000,07-10-2025,BANK_TRANSFER,
RCP/2025-26/017629,INV/2025-26/020436,3000,04-03-2026,UPI,
RCP/2025-26/017632,INV/2025-26/020439,500,16-04-2025,CASH,
RCP/2025-26/017635,INV/2025-26/020442,375,16-10-2025,CHEQUE,
RCP/2025-26/017641,INV/2025-26/020451,3000,15-12-2025,CASH,
RCP/2025-26/017642,INV/2025-26/020453,3000,13-02-2026,BANK_TRANSFER,
RCP/2025-26/017645,INV/2025-26/020456,1000,26-04-2025,CHEQUE,
RCP/2025-26/017656,INV/2025-26/020467,3000,07-10-2025,CASH,
RCP/2025-26/017659,INV/2025-26/020470,3000,13-01-2026,CHEQUE,
RCP/2025-26/017660,INV/2025-26/020471,3000,14-02-2026,UPI,
RCP/2025-26/017664,INV/2025-26/020475,500,21-04-2025,UPI,
RCP/2025-26/017690,INV/2025-26/020509,6000,23-04-2025,CASH,
RCP/2025-26/017695,INV/2025-26/020514,375,13-10-2025,CASH,
RCP/2025-26/017698,INV/2025-26/020517,3000,25-06-2025,CASH,
RCP/2025-26/017700,INV/2025-26/020520,3000,12-09-2025,CASH,
RCP/2025-26/017702,INV/2025-26/020522,3000,15-11-2025,CHEQUE,
RCP/2025-26/017704,INV/2025-26/020524,3000,03-01-2026,UPI,
RCP/2025-26/017708,INV/2025-26/020528,1000,23-04-2025,UPI,
RCP/2025-26/017727,INV/2025-26/020552,3000,07-05-2025,UPI,
RCP/2025-26/017729,INV/2025-26/020554,3000,12-07-2025,CASH,
RCP/2025-26/017733,INV/2025-26/020559,3000,09-12-2025,BANK_TRANSFER,
RCP/2025-26/017736,INV/2025-26/020562,3000,04-03-2026,BANK_TRANSFER,
RCP/2025-26/017737,INV/2025-26/020563,6000,18-04-2025,UPI,
RCP/2025-26/017740,INV/2025-26/020566,1000,18-04-2025,UPI,
RCP/2025-26/017742,INV/2025-26/020568,375,14-10-2025,BANK_TRANSFER,
RCP/2025-26/017749,INV/2025-26/020577,3000,12-12-2025,BANK_TRANSFER,
RCP/2025-26/017754,INV/2025-26/020582,1000,17-04-2025,UPI,
RCP/2025-26/017767,INV/2025-26/020597,3000,02-02-2026,UPI,
RCP/2025-26/017768,INV/2025-26/020598,3000,15-03-2026,UPI,
RCP/2025-26/017774,INV/2025-26/020606,3000,06-05-2025,BANK_TRANSFER,
RCP/2025-26/017776,INV/2025-26/020608,3000,15-07-2025,UPI,
RCP/2025-26/017782,INV/2025-26/020614,3000,09-01-2026,CASH,
RCP/2025-26/017783,INV/2025-26/020615,3000,16-02-2026,ONLINE,
RCP/2025-26/017785,INV/2025-26/020617,6000,21-04-2025,UPI,
RCP/2025-26/017786,INV/2025-26/020618,1000,19-04-2025,ONLINE,
RCP/2025-26/017794,INV/2025-26/020626,3000,10-07-2025,UPI,
RCP/2025-26/017795,INV/2025-26/020628,3000,19-09-2025,ONLINE,
RCP/2025-26/017806,INV/2025-26/020643,3000,10-06-2025,CHEQUE,
RCP/2025-26/017814,INV/2025-26/020652,3000,11-03-2026,CASH,
RCP/2025-26/017823,INV/2025-26/020663,3000,07-08-2025,UPI,
RCP/2025-26/017825,INV/2025-26/020666,3000,22-11-2025,UPI,
RCP/2025-26/017833,INV/2025-26/020674,1000,13-04-2025,UPI,
RCP/2025-26/017839,INV/2025-26/020684,3000,04-11-2025,UPI,
RCP/2025-26/017840,INV/2025-26/020685,3000,16-12-2025,UPI,
RCP/2025-26/017851,INV/2025-26/020696,3000,19-05-2025,BANK_TRANSFER,
RCP/2025-26/017864,INV/2025-26/020709,500,23-04-2025,ONLINE,
RCP/2025-26/017867,INV/2025-26/020712,375,17-10-2025,CASH,
RCP/2025-26/017870,INV/2025-26/020715,3000,08-06-2025,BANK_TRANSFER,
RCP/2025-26/017876,INV/2025-26/020722,3000,07-01-2026,CHEQUE,
RCP/2025-26/017882,INV/2025-26/020730,375,18-10-2025,BANK_TRANSFER,
RCP/2025-26/017885,INV/2025-26/020734,3000,11-07-2025,CHEQUE,
RCP/2025-26/017889,INV/2025-26/020741,3000,17-02-2026,CHEQUE,
RCP/2025-26/017890,INV/2025-26/020742,3000,16-03-2026,UPI,
RCP/2025-26/017891,INV/2025-26/020743,6000,16-04-2025,CASH,
RCP/2025-26/017908,INV/2025-26/020768,3000,22-05-2025,CASH,
RCP/2025-26/017910,INV/2025-26/020770,3000,09-07-2025,CASH,
RCP/2025-26/017920,INV/2025-26/020782,1000,14-04-2025,UPI,
RCP/2025-26/017923,INV/2025-26/020786,3000,20-05-2025,CASH,
RCP/2025-26/017926,INV/2025-26/020789,3000,13-08-2025,BANK_TRANSFER,
RCP/2025-26/017928,INV/2025-26/020791,3000,18-10-2025,CASH,
RCP/2025-26/017938,INV/2025-26/020805,3000,16-06-2025,UPI,
RCP/2025-26/017949,INV/2025-26/020816,1000,19-04-2025,CASH,
RCP/2025-26/017954,INV/2025-26/020823,3000,24-06-2025,UPI,
RCP/2025-26/017956,INV/2025-26/020826,3000,11-09-2025,UPI,
RCP/2025-26/017964,INV/2025-26/020835,500,16-04-2025,UPI,
RCP/2025-26/017970,INV/2025-26/020841,3000,07-06-2025,BANK_TRANSFER,
RCP/2025-26/017976,INV/2025-26/020848,3000,06-01-2026,UPI,
RCP/2025-26/017986,INV/2025-26/020863,3000,18-10-2025,UPI,
RCP/2025-26/017990,INV/2025-26/020867,3000,03-02-2026,CASH,
RCP/2025-26/018000,INV/2025-26/020878,3000,07-07-2025,UPI,
RCP/2025-26/018002,INV/2025-26/020881,3000,11-10-2025,CASH,
RCP/2025-26/018003,INV/2025-26/020882,3000,04-11-2025,ONLINE,
RCP/2025-26/018006,INV/2025-26/020885,3000,04-02-2026,UPI,
RCP/2025-26/018018,INV/2025-26/020900,3000,14-11-2025,UPI,
RCP/2025-26/018021,INV/2025-26/020904,3000,04-03-2026,BANK_TRANSFER,
RCP/2025-26/018022,INV/2025-26/020905,6000,19-04-2025,ONLINE,
RCP/2025-26/018033,INV/2025-26/020918,3000,02-11-2025,UPI,
RCP/2025-26/018035,INV/2025-26/020920,3000,06-01-2026,BANK_TRANSFER,
RCP/2025-26/018041,INV/2025-26/020927,375,18-04-2025,UPI,
RCP/2025-26/018042,INV/2025-26/020928,375,10-10-2025,BANK_TRANSFER,
RCP/2025-26/018046,INV/2025-26/020932,3000,14-07-2025,CASH,
RCP/2025-26/018055,INV/2025-26/020942,1000,21-04-2025,BANK_TRANSFER,
RCP/2025-26/018065,INV/2025-26/020954,3000,05-11-2025,CHEQUE,
RCP/2025-26/018071,INV/2025-26/020961,500,14-04-2025,BANK_TRANSFER,
RCP/2025-26/018076,INV/2025-26/020966,3000,14-05-2025,CASH,
RCP/2025-26/018087,INV/2025-26/020978,1000,18-04-2025,CASH,
RCP/2025-26/018092,INV/2025-26/020983,3000,07-04-2025,CHEQUE,
RCP/2025-26/018103,INV/2025-26/020995,6000,21-04-2025,ONLINE,
RCP/2025-26/018106,INV/2025-26/020998,1000,15-04-2025,UPI,
RCP/2025-26/018108,INV/2025-26/021000,375,15-10-2025,CHEQUE,
RCP/2025-26/018134,INV/2025-26/021029,3000,14-02-2026,CHEQUE,
RCP/2025-26/018136,INV/2025-26/021031,6000,18-04-2025,UPI,
RCP/2025-26/018139,INV/2025-26/021035,375,14-04-2025,BANK_TRANSFER,
RCP/2025-26/018140,INV/2025-26/021036,375,17-10-2025,UPI,
RCP/2025-26/018141,INV/2025-26/021037,3000,06-04-2025,UPI,
RCP/2025-26/018144,INV/2025-26/021040,3000,06-07-2025,UPI,
RCP/2025-26/018148,INV/2025-26/021044,3000,05-11-2025,UPI,
RCP/2025-26/018161,INV/2025-26/021060,3000,12-09-2025,BANK_TRANSFER,
RCP/2025-26/018167,INV/2025-26/021066,3000,10-03-2026,CASH,
RCP/2025-26/018177,INV/2025-26/021077,3000,13-08-2025,CASH,
RCP/2025-26/018185,INV/2025-26/021086,1000,15-04-2025,CASH,
RCP/2025-26/018191,INV/2025-26/021092,3000,24-05-2025,ONLINE,
RCP/2025-26/018196,INV/2025-26/021098,3000,09-11-2025,UPI,
RCP/2025-26/018200,INV/2025-26/021102,3000,17-03-2026,CHEQUE,
RCP/2025-26/018202,INV/2025-26/021104,1000,24-04-2025,UPI,
RCP/2025-26/018205,INV/2025-26/021107,375,14-04-2025,UPI,
RCP/2025-26/018211,INV/2025-26/021115,3000,11-10-2025,CASH,
RCP/2025-26/018220,INV/2025-26/021124,1000,25-04-2025,CASH,
RCP/2025-26/018225,INV/2025-26/021130,3000,12-07-2025,BANK_TRANSFER,
RCP/2025-26/018227,INV/2025-26/021132,3000,05-09-2025,ONLINE,
RCP/2025-26/018228,INV/2025-26/021133,3000,20-10-2025,CHEQUE,
RCP/2025-26/018237,INV/2025-26/021143,375,16-04-2025,UPI,
RCP/2025-26/018244,INV/2025-26/021150,3000,11-09-2025,CASH,
RCP/2025-26/018247,INV/2025-26/021153,3000,12-12-2025,CASH,
RCP/2025-26/018250,INV/2025-26/021158,1000,21-04-2025,UPI,
RCP/2025-26/018251,INV/2025-26/021160,1000,17-04-2025,UPI,
RCP/2025-26/018267,INV/2025-26/021179,375,21-04-2025,CASH,
RCP/2025-26/018269,INV/2025-26/021183,3000,22-06-2025,UPI,
RCP/2025-26/018273,INV/2025-26/021189,3000,12-12-2025,UPI,
RCP/2025-26/018281,INV/2025-26/021201,3000,16-06-2025,CASH,
RCP/2025-26/018285,INV/2025-26/021206,3000,21-11-2025,CASH,
RCP/2025-26/018289,INV/2025-26/021210,3000,02-03-2026,CASH,
RCP/2025-26/018297,INV/2025-26/021219,3000,16-06-2025,CASH,
RCP/2025-26/018303,INV/2025-26/021225,3000,03-12-2025,CASH,
RCP/2025-26/018304,INV/2025-26/021226,3000,04-01-2026,BANK_TRANSFER,
RCP/2025-26/018305,INV/2025-26/021227,3000,18-02-2026,UPI,
RCP/2025-26/018314,INV/2025-26/021236,3000,14-05-2025,UPI,
RCP/2025-26/018316,INV/2025-26/021238,3000,15-07-2025,UPI,
RCP/2025-26/018329,INV/2025-26/021253,3000,23-04-2025,UPI,
RCP/2025-26/018333,INV/2025-26/021259,3000,06-10-2025,CHEQUE,
RCP/2025-26/018334,INV/2025-26/021260,3000,18-11-2025,BANK_TRANSFER,
RCP/2025-26/018337,INV/2025-26/021263,3000,16-02-2026,BANK_TRANSFER,
RCP/2025-26/018343,INV/2025-26/021269,375,18-04-2025,CASH,
RCP/2025-26/018348,INV/2025-26/021278,3000,05-11-2025,CHEQUE,
RCP/2025-26/018353,INV/2025-26/021284,1000,26-04-2025,CASH,
RCP/2025-26/018357,INV/2025-26/021288,375,16-10-2025,UPI,
RCP/2025-26/018370,INV/2025-26/021306,375,17-10-2025,CASH,
RCP/2025-26/018374,INV/2025-26/021311,3000,05-08-2025,CHEQUE,
RCP/2025-26/018382,INV/2025-26/021320,1000,20-04-2025,UPI,
RCP/2025-26/018385,INV/2025-26/021323,375,23-04-2025,UPI,
RCP/2025-26/018386,INV/2025-26/021324,375,13-10-2025,CASH,
RCP/2025-26/018392,INV/2025-26/021331,3000,12-10-2025,CASH,
RCP/2025-26/018399,INV/2025-26/021339,500,20-04-2025,BANK_TRANSFER,
RCP/2025-26/018407,INV/2025-26/021348,3000,06-09-2025,CASH,
RCP/2025-26/018409,INV/2025-26/021350,3000,14-11-2025,ONLINE,
RCP/2025-26/018414,INV/2025-26/021356,1000,19-04-2025,UPI,
RCP/2025-26/018417,INV/2025-26/021359,375,21-04-2025,CHEQUE,
RCP/2025-26/018426,INV/2025-26/021373,6000,22-04-2025,UPI,
RCP/2025-26/018429,INV/2025-26/021376,1000,26-04-2025,UPI,
RCP/2025-26/018430,INV/2025-26/021378,375,22-10-2025,CHEQUE,
RCP/2025-26/018444,INV/2025-26/021395,375,19-04-2025,CASH,
RCP/2025-26/018445,INV/2025-26/021396,375,16-10-2025,CASH,
RCP/2025-26/018446,INV/2025-26/021397,3000,14-04-2025,BANK_TRANSFER,
RCP/2025-26/018456,INV/2025-26/021408,3000,18-03-2026,CHEQUE,
RCP/2025-26/018457,INV/2025-26/021410,1000,16-04-2025,BANK_TRANSFER,
RCP/2025-26/018467,INV/2025-26/021424,3000,19-01-2026,CASH,
RCP/2025-26/018471,INV/2025-26/021430,1000,20-04-2025,UPI,
RCP/2025-26/018474,INV/2025-26/021433,3000,10-04-2025,CHEQUE,
RCP/2025-26/018477,INV/2025-26/021436,3000,25-07-2025,CHEQUE,
RCP/2025-26/018483,INV/2025-26/021443,3000,03-02-2026,UPI,
RCP/2025-26/018487,INV/2025-26/021449,375,22-04-2025,CASH,
RCP/2025-26/018489,INV/2025-26/021451,3000,18-04-2025,UPI,
RCP/2025-26/018491,INV/2025-26/021453,3000,09-06-2025,UPI,
RCP/2025-26/018497,INV/2025-26/021460,3000,12-01-2026,BANK_TRANSFER,
RCP/2025-26/018498,INV/2025-26/021461,3000,20-02-2026,UPI,
RCP/2025-26/018506,INV/2025-26/021469,3000,25-04-2025,CASH,
RCP/2025-26/018508,INV/2025-26/021471,3000,16-06-2025,UPI,
RCP/2025-26/018511,INV/2025-26/021474,3000,11-09-2025,UPI,
RCP/2025-26/018512,INV/2025-26/021476,3000,06-11-2025,UPI,
RCP/2025-26/018517,INV/2025-26/021481,6000,22-04-2025,BANK_TRANSFER,
RCP/2025-26/018521,INV/2025-26/021486,375,14-10-2025,CASH,
RCP/2025-26/018526,INV/2025-26/021491,3000,21-08-2025,BANK_TRANSFER,
RCP/2025-26/018534,INV/2025-26/021499,6000,22-04-2025,UPI,
RCP/2025-26/018537,INV/2025-26/021502,1000,18-04-2025,BANK_TRANSFER,
RCP/2025-26/018540,INV/2025-26/021505,3000,22-04-2025,UPI,
RCP/2025-26/018547,INV/2025-26/021513,3000,03-12-2025,CASH,
RCP/2025-26/018557,INV/2025-26/021523,3000,06-04-2025,CASH,
RCP/2025-26/018561,INV/2025-26/021527,3000,14-08-2025,UPI,
RCP/2025-26/018562,INV/2025-26/021529,3000,09-10-2025,CASH,
RCP/2025-26/018569,INV/2025-26/021537,500,19-04-2025,UPI,
RCP/2025-26/018579,INV/2025-26/021548,3000,11-11-2025,CASH,
RCP/2025-26/018585,INV/2025-26/021556,1000,26-04-2025,CASH,
RCP/2025-26/018586,INV/2025-26/021557,375,26-04-2025,UPI,
RCP/2025-26/018600,INV/2025-26/021572,1000,18-04-2025,CASH,
RCP/2025-26/018601,INV/2025-26/021573,500,18-04-2025,CASH,
RCP/2025-26/018615,INV/2025-26/021590,1000,24-04-2025,UPI,
RCP/2025-26/018618,INV/2025-26/021593,375,15-04-2025,CASH,
RCP/2025-26/018624,INV/2025-26/021599,3000,04-08-2025,UPI,
RCP/2025-26/018627,INV/2025-26/021603,3000,11-12-2025,CASH,
RCP/2025-26/018628,INV/2025-26/021604,3000,08-01-2026,CASH,
RCP/2025-26/018631,INV/2025-26/021608,1000,21-04-2025,CASH,
RCP/2025-26/018633,INV/2025-26/021611,375,21-04-2025,BANK_TRANSFER,
RCP/2025-26/018638,INV/2025-26/021616,3000,09-07-2025,UPI,
RCP/2025-26/018643,INV/2025-26/021621,3000,18-12-2025,CASH,
RCP/2025-26/018645,INV/2025-26/021623,3000,19-02-2026,BANK_TRANSFER,
RCP/2025-26/018656,INV/2025-26/021638,3000,06-11-2025,UPI,
RCP/2025-26/018660,INV/2025-26/021643,6000,19-04-2025,CASH,
RCP/2025-26/018669,INV/2025-26/021654,3000,14-09-2025,BANK_TRANSFER,
RCP/2025-26/018672,INV/2025-26/021657,3000,10-12-2025,CASH,
RCP/2025-26/018673,INV/2025-26/021658,3000,19-01-2026,CASH,
RCP/2025-26/018676,INV/2025-26/021663,500,23-04-2025,CASH,
RCP/2025-26/018681,INV/2025-26/021668,3000,06-05-2025,CASH,
RCP/2025-26/018701,INV/2025-26/021691,3000,13-10-2025,UPI,
RCP/2025-26/018704,INV/2025-26/021695,3000,03-02-2026,ONLINE,
RCP/2025-26/018709,INV/2025-26/021700,1000,16-04-2025,ONLINE,
RCP/2025-26/018716,INV/2025-26/021708,3000,05-09-2025,CASH,
RCP/2025-26/018722,INV/2025-26/021717,500,13-04-2025,BANK_TRANSFER,
RCP/2025-26/018725,INV/2025-26/021720,375,13-10-2025,UPI,
RCP/2025-26/018731,INV/2025-26/021727,3000,23-10-2025,CASH,
RCP/2025-26/018732,INV/2025-26/021728,3000,06-11-2025,UPI,
RCP/2025-26/018738,INV/2025-26/021735,500,22-04-2025,BANK_TRANSFER,
RCP/2025-26/018739,INV/2025-26/021736,1000,17-04-2025,CASH,
RCP/2025-26/018750,INV/2025-26/021752,1000,19-04-2025,UPI,
RCP/2025-26/018754,INV/2025-26/021756,375,15-10-2025,ONLINE,
RCP/2025-26/018756,INV/2025-26/021758,3000,08-05-2025,BANK_TRANSFER,
RCP/2025-26/018757,INV/2025-26/021759,3000,14-06-2025,BANK_TRANSFER,
RCP/2025-26/018765,INV/2025-26/021770,1000,18-04-2025,ONLINE,
RCP/2025-26/018767,INV/2025-26/021772,1000,15-04-2025,UPI,
RCP/2025-26/018770,INV/2025-26/021777,3000,10-06-2025,UPI,
RCP/2025-26/018772,INV/2025-26/021779,3000,08-08-2025,CASH,
RCP/2025-26/018773,INV/2025-26/021780,3000,11-09-2025,UPI,
RCP/2025-26/018774,INV/2025-26/021781,3000,22-10-2025,CASH,
RCP/2025-26/018777,INV/2025-26/021785,3000,05-02-2026,BANK_TRANSFER,
RCP/2025-26/018785,INV/2025-26/021793,3000,19-04-2025,UPI,
RCP/2025-26/018786,INV/2025-26/021794,3000,13-05-2025,UPI,
RCP/2025-26/018788,INV/2025-26/021796,3000,08-07-2025,CASH,
RCP/2025-26/018798,INV/2025-26/021806,1000,21-04-2025,CASH,
RCP/2025-26/018799,INV/2025-26/021807,500,14-04-2025,CASH,
RCP/2025-26/018801,INV/2025-26/021809,375,13-04-2025,ONLINE,
RCP/2025-26/018809,INV/2025-26/021818,3000,07-11-2025,ONLINE,
RCP/2025-26/018811,INV/2025-26/021820,3000,12-01-2026,UPI,
RCP/2025-26/018816,INV/2025-26/021826,1000,13-04-2025,CASH,
RCP/2025-26/018819,INV/2025-26/021829,3000,12-04-2025,CASH,
RCP/2025-26/018822,INV/2025-26/021832,3000,22-07-2025,CASH,
RCP/2025-26/018825,INV/2025-26/021835,3000,12-10-2025,CASH,
RCP/2025-26/018829,INV/2025-26/021840,3000,17-03-2026,UPI,
RCP/2025-26/018843,INV/2025-26/021854,3000,03-11-2025,BANK_TRANSFER,
RCP/2025-26/018851,INV/2025-26/021864,375,18-10-2025,CASH,
RCP/2025-26/018866,INV/2025-26/021882,375,15-10-2025,ONLINE,
RCP/2025-26/018872,INV/2025-26/021889,3000,18-10-2025,CASH,
RCP/2025-26/018883,INV/2025-26/021900,375,22-10-2025,CHEQUE,
RCP/2025-26/018892,INV/2025-26/021912,3000,15-03-2026,CASH,
RCP/2025-26/018893,INV/2025-26/021913,6000,25-04-2025,BANK_TRANSFER,
RCP/2025-26/018895,INV/2025-26/021915,500,26-04-2025,CASH,
RCP/2025-26/018897,INV/2025-26/021917,375,14-04-2025,UPI,
RCP/2025-26/018905,INV/2025-26/021925,3000,07-10-2025,CASH,
RCP/2025-26/018906,INV/2025-26/021926,3000,09-11-2025,UPI,
RCP/2025-26/018912,INV/2025-26/021934,1000,26-04-2025,ONLINE,
RCP/2025-26/018927,INV/2025-26/021950,1000,19-04-2025,UPI,
RCP/2025-26/018931,INV/2025-26/021955,3000,07-04-2025,ONLINE,
RCP/2025-26/018932,INV/2025-26/021956,3000,15-05-2025,UPI,
RCP/2025-26/018935,INV/2025-26/021960,3000,22-09-2025,UPI,
RCP/2025-26/018940,INV/2025-26/021969,500,18-04-2025,CHEQUE,
RCP/2025-26/018943,INV/2025-26/021973,3000,23-04-2025,ONLINE,
RCP/2025-26/018948,INV/2025-26/021978,3000,13-09-2025,CASH,
RCP/2025-26/018950,INV/2025-26/021981,3000,03-12-2025,UPI,
RCP/2025-26/018952,INV/2025-26/021983,3000,13-02-2026,CASH,
RCP/2025-26/018956,INV/2025-26/021987,500,18-04-2025,CHEQUE,
RCP/2025-26/018957,INV/2025-26/021988,1000,26-04-2025,UPI,
RCP/2025-26/018960,INV/2025-26/021991,3000,26-04-2025,UPI,
RCP/2025-26/018962,INV/2025-26/021993,3000,24-06-2025,CHEQUE,
RCP/2025-26/018963,INV/2025-26/021994,3000,14-07-2025,UPI,
RCP/2025-26/018972,INV/2025-26/022004,1000,24-04-2025,BANK_TRANSFER,
RCP/2025-26/018983,INV/2025-26/022021,6000,18-04-2025,BANK_TRANSFER,
RCP/2025-26/018990,INV/2025-26/022028,3000,22-05-2025,UPI,
RCP/2025-26/018992,INV/2025-26/022030,3000,12-07-2025,ONLINE,
RCP/2025-26/018996,INV/2025-26/022034,3000,16-11-2025,CHEQUE,
RCP/2025-26/019003,INV/2025-26/022041,500,25-04-2025,CASH,
RCP/2025-26/019006,INV/2025-26/022045,3000,07-04-2025,UPI,
RCP/2025-26/019011,INV/2025-26/022051,3000,04-10-2025,UPI,
RCP/2025-26/019014,INV/2025-26/022054,3000,10-01-2026,ONLINE,
RCP/2025-26/019031,INV/2025-26/022071,3000,15-12-2025,UPI,
RCP/2025-26/019036,INV/2025-26/022076,1000,18-04-2025,CHEQUE,
RCP/2025-26/019039,INV/2025-26/022079,375,15-04-2025,CASH,
RCP/2025-26/019041,INV/2025-26/022081,4000,15-04-2025,CHEQUE,
RCP/2025-26/019042,INV/2025-26/022082,4000,14-05-2025,UPI,
RCP/2025-26/019053,INV/2025-26/022095,1000,20-04-2025,UPI,
RCP/2025-26/019056,INV/2025-26/022099,4000,08-04-2025,CASH,
RCP/2025-26/019070,INV/2025-26/022116,500,20-10-2025,CASH,
RCP/2025-26/019074,INV/2025-26/022120,4000,18-07-2025,ONLINE,
RCP/2025-26/019079,INV/2025-26/022126,4000,08-01-2026,ONLINE,
RCP/2025-26/019086,INV/2025-26/022134,500,17-10-2025,ONLINE,
RCP/2025-26/019106,INV/2025-26/022156,4000,11-07-2025,BANK_TRANSFER,
RCP/2025-26/019109,INV/2025-26/022160,4000,19-11-2025,UPI,
RCP/2025-26/019114,INV/2025-26/022167,1000,16-04-2025,CASH,
RCP/2025-26/019128,INV/2025-26/022185,1000,15-04-2025,ONLINE,
RCP/2025-26/019130,INV/2025-26/022187,500,23-04-2025,CHEQUE,
RCP/2025-26/019131,INV/2025-26/022188,500,17-10-2025,UPI,
RCP/2025-26/019146,INV/2025-26/022206,500,23-10-2025,UPI,
RCP/2025-26/019149,INV/2025-26/022209,4000,21-06-2025,CASH,
RCP/2025-26/019152,INV/2025-26/022212,4000,23-09-2025,UPI,
RCP/2025-26/019160,INV/2025-26/022221,1000,18-04-2025,UPI,
RCP/2025-26/019163,INV/2025-26/022224,500,21-10-2025,UPI,
RCP/2025-26/019164,INV/2025-26/022225,4000,18-04-2025,UPI,
RCP/2025-26/019173,INV/2025-26/022234,4000,07-01-2026,CASH,
RCP/2025-26/019177,INV/2025-26/022238,2000,13-04-2025,CASH,
RCP/2025-26/019183,INV/2025-26/022247,4000,12-08-2025,BANK_TRANSFER,
RCP/2025-26/019184,INV/2025-26/022248,4000,07-09-2025,CHEQUE,
RCP/2025-26/019189,INV/2025-26/022253,4000,20-02-2026,CHEQUE,
RCP/2025-26/019194,INV/2025-26/022258,1500,13-04-2025,BANK_TRANSFER,
RCP/2025-26/019196,INV/2025-26/022260,500,15-10-2025,BANK_TRANSFER,
RCP/2025-26/019200,INV/2025-26/022265,4000,10-08-2025,CASH,
RCP/2025-26/019204,INV/2025-26/022272,4000,19-03-2026,CHEQUE,
RCP/2025-26/019215,INV/2025-26/022285,4000,11-10-2025,CASH,
RCP/2025-26/019226,INV/2025-26/022298,4000,25-05-2025,UPI,
RCP/2025-26/019229,INV/2025-26/022303,4000,22-10-2025,ONLINE,
RCP/2025-26/019232,INV/2025-26/022306,4000,11-01-2026,CHEQUE,
RCP/2025-26/019235,INV/2025-26/022309,8000,26-04-2025,CHEQUE,
RCP/2025-26/019241,INV/2025-26/022316,4000,07-05-2025,UPI,
RCP/2025-26/019256,INV/2025-26/022335,4000,08-06-2025,UPI,
RCP/2025-26/019257,INV/2025-26/022336,4000,08-07-2025,UPI,
RCP/2025-26/019258,INV/2025-26/022337,4000,18-08-2025,UPI,
RCP/2025-26/019259,INV/2025-26/022338,4000,08-09-2025,CASH,
RCP/2025-26/019265,INV/2025-26/022345,8000,22-04-2025,CHEQUE,
RCP/2025-26/019275,INV/2025-26/022356,4000,15-09-2025,UPI,
RCP/2025-26/019283,INV/2025-26/022366,1500,26-04-2025,CASH,
RCP/2025-26/019287,INV/2025-26/022370,4000,13-05-2025,UPI,
RCP/2025-26/019290,INV/2025-26/022373,4000,06-08-2025,UPI,
RCP/2025-26/019302,INV/2025-26/022387,4000,07-04-2025,BANK_TRANSFER,
RCP/2025-26/019306,INV/2025-26/022393,4000,09-10-2025,CASH,
RCP/2025-26/019320,INV/2025-26/022408,4000,20-07-2025,UPI,
RCP/2025-26/019321,INV/2025-26/022409,4000,10-08-2025,CASH,
RCP/2025-26/019322,INV/2025-26/022410,4000,10-09-2025,UPI,
RCP/2025-26/019324,INV/2025-26/022412,4000,04-11-2025,BANK_TRANSFER,
RCP/2025-26/019325,INV/2025-26/022413,4000,03-12-2025,CASH,
RCP/2025-26/019327,INV/2025-26/022415,4000,06-02-2026,UPI,
RCP/2025-26/019338,INV/2025-26/022427,4000,04-08-2025,CASH,
RCP/2025-26/019343,INV/2025-26/022433,4000,31-01-2026,UPI,
RCP/2025-26/019346,INV/2025-26/022436,2000,23-04-2025,CHEQUE,
RCP/2025-26/019347,INV/2025-26/022437,1000,13-04-2025,UPI,
RCP/2025-26/019351,INV/2025-26/022442,4000,22-05-2025,BANK_TRANSFER,
RCP/2025-26/019352,INV/2025-26/022443,4000,19-06-2025,CASH,
RCP/2025-26/019357,INV/2025-26/022449,4000,09-12-2025,CHEQUE,
RCP/2025-26/019358,INV/2025-26/022450,4000,02-01-2026,CHEQUE,
RCP/2025-26/019359,INV/2025-26/022451,4000,09-02-2026,BANK_TRANSFER,
RCP/2025-26/019363,INV/2025-26/022455,1000,20-04-2025,UPI,
RCP/2025-26/019364,INV/2025-26/022456,1500,13-04-2025,BANK_TRANSFER,
RCP/2025-26/019368,INV/2025-26/022460,4000,19-05-2025,BANK_TRANSFER,
RCP/2025-26/019373,INV/2025-26/022465,4000,07-10-2025,ONLINE,
RCP/2025-26/019374,INV/2025-26/022466,4000,02-11-2025,CASH,
RCP/2025-26/019378,INV/2025-26/022471,8000,25-04-2025,CASH,
RCP/2025-26/019379,INV/2025-26/022472,2000,16-04-2025,ONLINE,
RCP/2025-26/019382,INV/2025-26/022475,500,17-04-2025,CASH,
RCP/2025-26/019383,INV/2025-26/022476,500,11-10-2025,CHEQUE,
RCP/2025-26/019384,INV/2025-26/022477,4000,13-04-2025,UPI,
RCP/2025-26/019389,INV/2025-26/022483,4000,20-10-2025,BANK_TRANSFER,
RCP/2025-26/019396,INV/2025-26/022491,1000,18-04-2025,UPI,
RCP/2025-26/019397,INV/2025-26/022492,1500,17-04-2025,UPI,
RCP/2025-26/019402,INV/2025-26/022497,4000,21-06-2025,CASH,
RCP/2025-26/019422,INV/2025-26/022517,4000,09-08-2025,UPI,
RCP/2025-26/019432,INV/2025-26/022529,500,23-04-2025,UPI,
RCP/2025-26/019433,INV/2025-26/022530,500,23-10-2025,UPI,
RCP/2025-26/019454,INV/2025-26/022555,4000,09-10-2025,CASH,
RCP/2025-26/019455,INV/2025-26/022556,4000,18-11-2025,CASH,
RCP/2025-26/019460,INV/2025-26/022562,2000,26-04-2025,BANK_TRANSFER,
RCP/2025-26/019461,INV/2025-26/022563,1000,23-04-2025,ONLINE,
RCP/2025-26/019471,INV/2025-26/022575,4000,19-12-2025,ONLINE,
RCP/2025-26/019478,INV/2025-26/022583,500,21-04-2025,CASH,
RCP/2025-26/019490,INV/2025-26/022596,4000,07-03-2026,CASH,
RCP/2025-26/019493,INV/2025-26/022599,1000,20-04-2025,CASH,
RCP/2025-26/019514,INV/2025-26/022623,4000,08-06-2025,CASH,
RCP/2025-26/019519,INV/2025-26/022628,4000,02-11-2025,CASH,
RCP/2025-26/019521,INV/2025-26/022630,4000,02-01-2026,BANK_TRANSFER,
RCP/2025-26/019522,INV/2025-26/022631,4000,15-02-2026,UPI,
RCP/2025-26/019532,INV/2025-26/022642,4000,16-07-2025,ONLINE,
RCP/2025-26/019533,INV/2025-26/022643,4000,21-08-2025,UPI,
RCP/2025-26/019535,INV/2025-26/022645,4000,12-10-2025,ONLINE,
RCP/2025-26/019536,INV/2025-26/022646,4000,18-11-2025,ONLINE,
RCP/2025-26/019538,INV/2025-26/022648,4000,08-01-2026,BANK_TRANSFER,
RCP/2025-26/019552,INV/2025-26/022663,4000,07-10-2025,BANK_TRANSFER,
RCP/2025-26/019564,INV/2025-26/022675,4000,10-04-2025,BANK_TRANSFER,
RCP/2025-26/019570,INV/2025-26/022681,4000,20-10-2025,CHEQUE,
RCP/2025-26/019579,INV/2025-26/022691,500,19-04-2025,CASH,
RCP/2025-26/019587,INV/2025-26/022701,4000,10-12-2025,CASH,
RCP/2025-26/019590,INV/2025-26/022705,8000,21-04-2025,CASH,
RCP/2025-26/019596,INV/2025-26/022713,4000,05-06-2025,CASH,
RCP/2025-26/019597,INV/2025-26/022714,4000,11-07-2025,CASH,
RCP/2025-26/019599,INV/2025-26/022716,4000,15-09-2025,UPI,
RCP/2025-26/019600,INV/2025-26/022717,4000,10-10-2025,UPI,
RCP/2025-26/019603,INV/2025-26/022720,4000,02-01-2026,CASH,
RCP/2025-26/019606,INV/2025-26/022723,8000,24-04-2025,CASH,
RCP/2025-26/019608,INV/2025-26/022725,1000,24-04-2025,CHEQUE,
RCP/2025-26/019610,INV/2025-26/022727,500,17-04-2025,CASH,
RCP/2025-26/019616,INV/2025-26/022734,4000,21-09-2025,BANK_TRANSFER,
RCP/2025-26/019621,INV/2025-26/022739,4000,10-02-2026,UPI,
RCP/2025-26/019623,INV/2025-26/022741,8000,26-04-2025,CHEQUE,
RCP/2025-26/019624,INV/2025-26/022742,2000,25-04-2025,UPI,
RCP/2025-26/019626,INV/2025-26/022744,1500,15-04-2025,CASH,
RCP/2025-26/019635,INV/2025-26/022753,4000,10-10-2025,CHEQUE,
RCP/2025-26/019643,INV/2025-26/022762,1500,18-04-2025,CHEQUE,
RCP/2025-26/019654,INV/2025-26/022774,4000,01-01-2026,ONLINE,
RCP/2025-26/019666,INV/2025-26/022788,4000,05-09-2025,CHEQUE,
RCP/2025-26/019670,INV/2025-26/022793,4000,02-02-2026,UPI,
RCP/2025-26/019671,INV/2025-26/022794,4000,02-03-2026,CASH,
RCP/2025-26/019672,INV/2025-26/022795,8000,20-04-2025,UPI,
RCP/2025-26/019673,INV/2025-26/022797,1000,22-04-2025,UPI,
RCP/2025-26/019676,INV/2025-26/022800,500,12-10-2025,UPI,
RCP/2025-26/019679,INV/2025-26/022803,4000,14-06-2025,CHEQUE,
RCP/2025-26/019684,INV/2025-26/022810,4000,01-01-2026,UPI,
RCP/2025-26/019687,INV/2025-26/022813,8000,26-04-2025,BANK_TRANSFER,
RCP/2025-26/019688,INV/2025-26/022814,2000,21-04-2025,CASH,
RCP/2025-26/019689,INV/2025-26/022815,1000,14-04-2025,CASH,
RCP/2025-26/019691,INV/2025-26/022817,500,26-04-2025,CASH,
RCP/2025-26/019697,INV/2025-26/022823,4000,21-08-2025,BANK_TRANSFER,
RCP/2025-26/019704,INV/2025-26/022830,4000,10-03-2026,ONLINE,
RCP/2025-26/019707,INV/2025-26/022833,1000,22-04-2025,UPI,
RCP/2025-26/019708,INV/2025-26/022835,500,13-04-2025,UPI,
RCP/2025-26/019709,INV/2025-26/022836,500,23-10-2025,CHEQUE,
RCP/2025-26/019718,INV/2025-26/022847,4000,07-02-2026,CASH,
RCP/2025-26/019725,INV/2025-26/022854,500,16-10-2025,CHEQUE,
RCP/2025-26/019728,INV/2025-26/022857,4000,20-06-2025,CASH,
RCP/2025-26/019731,INV/2025-26/022860,4000,11-09-2025,CASH,
RCP/2025-26/019734,INV/2025-26/022864,4000,10-01-2026,CASH,
RCP/2025-26/019735,INV/2025-26/022865,4000,31-01-2026,CASH,
RCP/2025-26/019736,INV/2025-26/022866,4000,20-03-2026,CASH,
RCP/2025-26/019745,INV/2025-26/022876,4000,18-07-2025,CASH,
RCP/2025-26/019756,INV/2025-26/022890,500,20-10-2025,CHEQUE,
RCP/2025-26/019757,INV/2025-26/022891,4000,15-04-2025,CASH,
RCP/2025-26/019777,INV/2025-26/022913,4000,17-08-2025,UPI,
RCP/2025-26/019778,INV/2025-26/022915,4000,10-10-2025,UPI,
RCP/2025-26/019786,INV/2025-26/022923,1000,18-04-2025,CHEQUE,
RCP/2025-26/019793,INV/2025-26/022932,4000,19-09-2025,CASH,
RCP/2025-26/019795,INV/2025-26/022934,4000,20-11-2025,UPI,
RCP/2025-26/019797,INV/2025-26/022936,4000,13-01-2026,UPI,
RCP/2025-26/019801,INV/2025-26/022940,2000,20-04-2025,CASH,
RCP/2025-26/019804,INV/2025-26/022944,500,18-10-2025,CASH,
RCP/2025-26/019810,INV/2025-26/022952,4000,05-11-2025,BANK_TRANSFER,
RCP/2025-26/019814,INV/2025-26/022959,1000,19-04-2025,CASH,
RCP/2025-26/019815,INV/2025-26/022960,1500,16-04-2025,CASH,
RCP/2025-26/019821,INV/2025-26/022968,4000,14-09-2025,CASH,
RCP/2025-26/019827,INV/2025-26/022975,8000,17-04-2025,ONLINE,
RCP/2025-26/019828,INV/2025-26/022976,2000,14-04-2025,UPI,
RCP/2025-26/019833,INV/2025-26/022982,4000,23-05-2025,CASH,
RCP/2025-26/019836,INV/2025-26/022986,4000,06-09-2025,UPI,
RCP/2025-26/019838,INV/2025-26/022989,4000,20-12-2025,UPI,
RCP/2025-26/019839,INV/2025-26/022990,4000,17-01-2026,CASH,
RCP/2025-26/019842,INV/2025-26/022995,1000,23-04-2025,UPI,
RCP/2025-26/019844,INV/2025-26/022997,500,24-04-2025,CASH,
RCP/2025-26/019851,INV/2025-26/023004,4000,18-09-2025,CASH,
RCP/2025-26/019852,INV/2025-26/023005,4000,04-10-2025,UPI,
RCP/2025-26/019856,INV/2025-26/023009,4000,02-02-2026,UPI,
RCP/2025-26/019858,INV/2025-26/023011,8000,21-04-2025,ONLINE,
RCP/2025-26/019860,INV/2025-26/023014,1500,23-04-2025,ONLINE,
RCP/2025-26/019863,INV/2025-26/023018,4000,14-05-2025,UPI,
RCP/2025-26/019865,INV/2025-26/023022,4000,23-09-2025,CHEQUE,
RCP/2025-26/019866,INV/2025-26/023023,4000,07-10-2025,CASH,
RCP/2025-26/019871,INV/2025-26/023030,2000,15-04-2025,UPI,
RCP/2025-26/019872,INV/2025-26/023031,1000,20-04-2025,ONLINE,
RCP/2025-26/019876,INV/2025-26/023035,4000,11-04-2025,CASH,
RCP/2025-26/019877,INV/2025-26/023036,4000,23-05-2025,ONLINE,
RCP/2025-26/019880,INV/2025-26/023039,4000,20-08-2025,BANK_TRANSFER,
RCP/2025-26/019881,INV/2025-26/023040,4000,21-09-2025,UPI,
RCP/2025-26/019890,INV/2025-26/023050,1500,26-04-2025,CASH,
RCP/2025-26/019895,INV/2025-26/023056,4000,25-07-2025,BANK_TRANSFER,
RCP/2025-26/019903,INV/2025-26/023064,4000,17-03-2026,BANK_TRANSFER,
RCP/2025-26/019914,INV/2025-26/023077,4000,12-10-2025,UPI,
RCP/2025-26/019915,INV/2025-26/023078,4000,05-11-2025,CHEQUE,
RCP/2025-26/019924,INV/2025-26/023087,500,24-04-2025,UPI,
RCP/2025-26/019925,INV/2025-26/023089,4000,20-04-2025,CASH,
RCP/2025-26/019927,INV/2025-26/023091,4000,07-06-2025,CASH,
RCP/2025-26/019930,INV/2025-26/023096,4000,17-11-2025,CASH,
RCP/2025-26/019940,INV/2025-26/023107,4000,17-04-2025,UPI,
RCP/2025-26/019954,INV/2025-26/023124,500,21-10-2025,BANK_TRANSFER,
RCP/2025-26/019963,INV/2025-26/023133,4000,03-12-2025,CASH,
RCP/2025-26/019964,INV/2025-26/023134,4000,15-01-2026,BANK_TRANSFER,
RCP/2025-26/019973,INV/2025-26/023144,4000,14-05-2025,UPI,
RCP/2025-26/019992,INV/2025-26/023165,4000,17-08-2025,UPI,
RCP/2025-26/020003,INV/2025-26/023176,1500,21-04-2025,CASH,
RCP/2025-26/020004,INV/2025-26/023177,500,14-04-2025,CASH,
RCP/2025-26/020016,INV/2025-26/023191,8000,21-04-2025,UPI,
RCP/2025-26/020017,INV/2025-26/023193,1000,13-04-2025,CHEQUE,
RCP/2025-26/020020,INV/2025-26/023197,4000,12-04-2025,CASH,
RCP/2025-26/020024,INV/2025-26/023201,4000,07-08-2025,UPI,
RCP/2025-26/020029,INV/2025-26/023207,4000,11-02-2026,CHEQUE,
RCP/2025-26/020030,INV/2025-26/023209,8000,18-04-2025,UPI,
RCP/2025-26/020048,INV/2025-26/023230,1500,15-04-2025,CASH,
RCP/2025-26/020051,INV/2025-26/023233,4000,23-04-2025,CHEQUE,
RCP/2025-26/020059,INV/2025-26/023241,4000,19-12-2025,ONLINE,
RCP/2025-26/020071,INV/2025-26/023255,4000,12-08-2025,ONLINE,
RCP/2025-26/020074,INV/2025-26/023258,4000,04-11-2025,UPI,
RCP/2025-26/020077,INV/2025-26/023262,4000,04-03-2026,UPI,
RCP/2025-26/020082,INV/2025-26/023267,500,15-04-2025,CASH,
RCP/2025-26/020083,INV/2025-26/023268,500,23-10-2025,UPI,
RCP/2025-26/020089,INV/2025-26/023278,4000,16-01-2026,BANK_TRANSFER,
RCP/2025-26/020092,INV/2025-26/023281,8000,23-04-2025,ONLINE,
RCP/2025-26/020101,INV/2025-26/023292,4000,11-09-2025,UPI,
RCP/2025-26/020104,INV/2025-26/023295,4000,10-12-2025,ONLINE,
RCP/2025-26/020105,INV/2025-26/023296,4000,19-01-2026,CASH,
RCP/2025-26/020109,INV/2025-26/023301,1000,23-04-2025,CASH,
RCP/2025-26/020110,INV/2025-26/023302,1500,18-04-2025,UPI,
RCP/2025-26/020116,INV/2025-26/023313,4000,10-12-2025,UPI,
RCP/2025-26/020126,INV/2025-26/023325,4000,18-06-2025,CHEQUE,
RCP/2025-26/020130,INV/2025-26/023331,4000,18-12-2025,UPI,
RCP/2025-26/020135,INV/2025-26/023337,1000,24-04-2025,CASH,
RCP/2025-26/020141,INV/2025-26/023343,4000,10-06-2025,CASH,
RCP/2025-26/020147,INV/2025-26/023350,4000,17-01-2026,BANK_TRANSFER,
RCP/2025-26/020148,INV/2025-26/023352,4000,17-03-2026,UPI,
RCP/2025-26/020154,INV/2025-26/023358,500,13-10-2025,BANK_TRANSFER,
RCP/2025-26/020162,INV/2025-26/023368,4000,17-01-2026,CASH,
RCP/2025-26/020163,INV/2025-26/023369,4000,15-02-2026,CASH,
RCP/2025-26/020164,INV/2025-26/023370,4000,17-03-2026,CASH,
RCP/2025-26/020167,INV/2025-26/023373,1000,24-04-2025,UPI,
RCP/2025-26/020169,INV/2025-26/023375,500,24-04-2025,BANK_TRANSFER,
RCP/2025-26/020179,INV/2025-26/023386,4000,02-01-2026,CASH,
RCP/2025-26/020182,INV/2025-26/023389,8000,18-04-2025,CASH,
RCP/2025-26/020185,INV/2025-26/023392,1500,17-04-2025,ONLINE,
RCP/2025-26/020188,INV/2025-26/023395,4000,24-04-2025,UPI,
RCP/2025-26/020194,INV/2025-26/023401,4000,21-10-2025,UPI,
RCP/2025-26/020201,INV/2025-26/023408,2000,17-04-2025,CASH,
RCP/2025-26/020202,INV/2025-26/023409,1000,24-04-2025,ONLINE,
RCP/2025-26/020206,INV/2025-26/023415,4000,17-06-2025,CASH,
RCP/2025-26/020210,INV/2025-26/023422,4000,07-01-2026,UPI,
RCP/2025-26/020213,INV/2025-26/023425,8000,22-04-2025,CHEQUE,
RCP/2025-26/020220,INV/2025-26/023432,4000,17-05-2025,UPI,
RCP/2025-26/020230,INV/2025-26/023442,4000,20-03-2026,CASH,
RCP/2025-26/020238,INV/2025-26/023450,4000,12-05-2025,CHEQUE,
RCP/2025-26/020259,INV/2025-26/023472,4000,11-09-2025,UPI,
RCP/2025-26/020274,INV/2025-26/023488,4000,21-07-2025,CHEQUE,
RCP/2025-26/020275,INV/2025-26/023489,4000,04-08-2025,CHEQUE,
RCP/2025-26/020286,INV/2025-26/023502,500,14-10-2025,ONLINE,
RCP/2025-26/020290,INV/2025-26/023507,4000,04-08-2025,UPI,
RCP/2025-26/020292,INV/2025-26/023510,4000,02-11-2025,BANK_TRANSFER,
RCP/2025-26/020295,INV/2025-26/023514,4000,19-03-2026,UPI,
RCP/2025-26/020306,INV/2025-26/023529,4000,07-12-2025,UPI,
RCP/2025-26/020308,INV/2025-26/023531,4000,17-02-2026,UPI,
RCP/2025-26/020313,INV/2025-26/023537,500,13-04-2025,BANK_TRANSFER,
RCP/2025-26/020319,INV/2025-26/023544,4000,05-09-2025,CHEQUE,
RCP/2025-26/020324,INV/2025-26/023549,4000,11-02-2026,BANK_TRANSFER,
RCP/2025-26/020325,INV/2025-26/023550,4000,03-03-2026,CASH,
RCP/2025-26/020326,INV/2025-26/023551,8000,14-04-2025,BANK_TRANSFER,
RCP/2025-26/020334,INV/2025-26/023561,4000,10-08-2025,CASH,
RCP/2025-26/020338,INV/2025-26/023565,4000,19-12-2025,CHEQUE,
RCP/2025-26/020348,INV/2025-26/023575,4000,25-04-2025,CHEQUE,
RCP/2025-26/020349,INV/2025-26/023576,4000,09-05-2025,BANK_TRANSFER,
RCP/2025-26/020350,INV/2025-26/023577,4000,17-06-2025,ONLINE,
RCP/2025-26/020352,INV/2025-26/023579,4000,15-08-2025,CASH,
RCP/2025-26/020353,INV/2025-26/023580,4000,22-09-2025,CHEQUE,
RCP/2025-26/020354,INV/2025-26/023582,4000,07-11-2025,CHEQUE,
RCP/2025-26/020364,INV/2025-26/023592,500,20-10-2025,UPI,
RCP/2025-26/020365,INV/2025-26/023593,4000,16-04-2025,CASH,
RCP/2025-26/020367,INV/2025-26/023596,4000,11-07-2025,CASH,
RCP/2025-26/020377,INV/2025-26/023606,2000,20-04-2025,BANK_TRANSFER,
RCP/2025-26/020379,INV/2025-26/023608,1500,14-04-2025,ONLINE,
RCP/2025-26/020382,INV/2025-26/023611,4000,18-04-2025,CHEQUE,
RCP/2025-26/020392,INV/2025-26/023623,8000,13-04-2025,CASH,
RCP/2025-26/020402,INV/2025-26/023635,4000,10-10-2025,CASH,
RCP/2025-26/020404,INV/2025-26/023638,4000,18-01-2026,CHEQUE,
RCP/2025-26/020409,INV/2025-26/023643,1000,26-04-2025,BANK_TRANSFER,
RCP/2025-26/020410,INV/2025-26/023644,1500,23-04-2025,BANK_TRANSFER,
RCP/2025-26/020419,INV/2025-26/023653,4000,20-10-2025,CASH,
RCP/2025-26/020428,INV/2025-26/023664,500,20-10-2025,UPI,
RCP/2025-26/020432,INV/2025-26/023669,4000,13-08-2025,BANK_TRANSFER,
RCP/2025-26/020433,INV/2025-26/023670,4000,16-09-2025,CASH,
RCP/2025-26/020442,INV/2025-26/023681,500,18-04-2025,UPI,
RCP/2025-26/020450,INV/2025-26/023692,4000,10-01-2026,CASH,
RCP/2025-26/020457,INV/2025-26/023699,500,23-04-2025,UPI,
RCP/2025-26/020471,INV/2025-26/023715,1000,14-04-2025,UPI,
RCP/2025-26/020474,INV/2025-26/023718,500,18-10-2025,UPI,
RCP/2025-26/020478,INV/2025-26/023724,4000,15-09-2025,UPI,
RCP/2025-26/020480,INV/2025-26/023726,4000,11-11-2025,UPI,
RCP/2025-26/020481,INV/2025-26/023727,4000,15-12-2025,UPI,
RCP/2025-26/020515,INV/2025-26/023765,4000,14-02-2026,CASH,
RCP/2025-26/020517,INV/2025-26/023767,8000,17-04-2025,BANK_TRANSFER,
RCP/2025-26/020527,INV/2025-26/023777,4000,07-08-2025,CASH,
RCP/2025-26/020531,INV/2025-26/023781,4000,16-12-2025,CASH,
RCP/2025-26/020541,INV/2025-26/023793,4000,23-06-2025,CASH,
RCP/2025-26/020547,INV/2025-26/023799,4000,16-12-2025,BANK_TRANSFER,
RCP/2025-26/020552,INV/2025-26/023805,1000,20-04-2025,CHEQUE,
RCP/2025-26/020558,INV/2025-26/023811,4000,10-06-2025,CASH,
RCP/2025-26/020567,INV/2025-26/023822,2000,15-04-2025,CASH,
RCP/2025-26/020573,INV/2025-26/023828,4000,08-05-2025,UPI,
RCP/2025-26/020585,INV/2025-26/023841,1000,25-04-2025,CHEQUE,
RCP/2025-26/020590,INV/2025-26/023847,4000,17-06-2025,CASH,
RCP/2025-26/020591,INV/2025-26/023848,4000,16-07-2025,UPI,
RCP/2025-26/020600,INV/2025-26/023858,2000,26-04-2025,CASH,
RCP/2025-26/020602,INV/2025-26/023860,1500,22-04-2025,CASH,
RCP/2025-26/020605,INV/2025-26/023865,4000,16-06-2025,CASH,
RCP/2025-26/020606,INV/2025-26/023866,4000,22-07-2025,CHEQUE,
RCP/2025-26/020619,INV/2025-26/023879,500,22-04-2025,CASH,
RCP/2025-26/020620,INV/2025-26/023880,500,18-10-2025,UPI,
RCP/2025-26/020626,INV/2025-26/023887,4000,16-10-2025,CASH,
RCP/2025-26/020629,INV/2025-26/023893,8000,13-04-2025,CASH,
RCP/2025-26/020636,INV/2025-26/023900,4000,23-05-2025,ONLINE,
RCP/2025-26/020637,INV/2025-26/023902,4000,08-07-2025,CASH,
RCP/2025-26/020641,INV/2025-26/023906,4000,02-11-2025,UPI,
RCP/2025-26/020643,INV/2025-26/023908,4000,19-01-2026,BANK_TRANSFER,
RCP/2025-26/020654,INV/2025-26/023921,4000,11-08-2025,CHEQUE,
RCP/2025-26/020659,INV/2025-26/023928,4000,18-03-2026,ONLINE,
RCP/2025-26/020660,INV/2025-26/023929,8000,15-04-2025,CHEQUE,
RCP/2025-26/020661,INV/2025-26/023930,2000,17-04-2025,CHEQUE,
RCP/2025-26/020678,INV/2025-26/023952,500,19-10-2025,UPI,
RCP/2025-26/020680,INV/2025-26/023954,4000,11-05-2025,UPI,
RCP/2025-26/020685,INV/2025-26/023960,4000,17-11-2025,CASH,
RCP/2025-26/020687,INV/2025-26/023962,4000,06-01-2026,CHEQUE,
RCP/2025-26/020690,INV/2025-26/023967,1000,18-04-2025,UPI,
RCP/2025-26/020693,INV/2025-26/023971,4000,09-04-2025,UPI,
RCP/2025-26/020698,INV/2025-26/023978,4000,18-11-2025,UPI,
RCP/2025-26/020703,INV/2025-26/023984,2000,26-04-2025,CHEQUE,
RCP/2025-26/020709,INV/2025-26/023991,4000,23-06-2025,UPI,
RCP/2025-26/020711,INV/2025-26/023995,4000,04-10-2025,CASH,
RCP/2025-26/020715,INV/2025-26/024001,8000,19-04-2025,CASH,
RCP/2025-26/020719,INV/2025-26/024006,500,21-10-2025,CASH,
RCP/2025-26/020723,INV/2025-26/024011,4000,06-08-2025,CASH,
RCP/2025-26/020724,INV/2025-26/024012,4000,07-09-2025,ONLINE,
RCP/2025-26/020746,INV/2025-26/024038,2000,16-04-2025,UPI,
RCP/2025-26/020748,INV/2025-26/024040,1500,19-04-2025,ONLINE,
RCP/2025-26/020751,INV/2025-26/024045,4000,11-06-2025,BANK_TRANSFER,
RCP/2025-26/020753,INV/2025-26/024047,4000,19-08-2025,UPI,
RCP/2025-26/020755,INV/2025-26/024049,4000,06-10-2025,CASH,
RCP/2025-26/020760,INV/2025-26/024054,4000,09-03-2026,UPI,
RCP/2025-26/020762,INV/2025-26/024056,2000,15-04-2025,BANK_TRANSFER,
RCP/2025-26/020767,INV/2025-26/024061,4000,20-04-2025,CASH,
RCP/2025-26/020774,INV/2025-26/024068,4000,12-11-2025,UPI,
RCP/2025-26/020783,INV/2025-26/024077,500,18-04-2025,BANK_TRANSFER,
RCP/2025-26/020784,INV/2025-26/024078,500,14-10-2025,CASH,
RCP/2025-26/020792,INV/2025-26/024087,4000,05-12-2025,ONLINE,
RCP/2025-26/020793,INV/2025-26/024089,4000,17-02-2026,ONLINE,
RCP/2025-26/020796,INV/2025-26/024092,2000,19-04-2025,CASH,
RCP/2025-26/020804,INV/2025-26/024100,4000,23-07-2025,UPI,
RCP/2025-26/020813,INV/2025-26/024114,500,21-10-2025,BANK_TRANSFER,
RCP/2025-26/020815,INV/2025-26/024116,4000,13-05-2025,BANK_TRANSFER,
RCP/2025-26/020818,INV/2025-26/024119,4000,07-08-2025,CHEQUE,
RCP/2025-26/020820,INV/2025-26/024121,4000,17-10-2025,CASH,
RCP/2025-26/020824,INV/2025-26/024125,4000,09-02-2026,UPI,
RCP/2025-26/020835,INV/2025-26/024137,4000,08-08-2025,UPI,
RCP/2025-26/020840,INV/2025-26/024142,4000,16-01-2026,CASH,
RCP/2025-26/020841,INV/2025-26/024143,4000,03-02-2026,CASH,
RCP/2025-26/020847,INV/2025-26/024149,500,22-04-2025,CASH,
RCP/2025-26/020849,INV/2025-26/024152,4000,19-05-2025,CHEQUE,
RCP/2025-26/020858,INV/2025-26/024166,1500,23-04-2025,CASH,
RCP/2025-26/020864,INV/2025-26/024173,4000,24-08-2025,CASH,
RCP/2025-26/020875,INV/2025-26/024184,1500,26-04-2025,ONLINE,
RCP/2025-26/020879,INV/2025-26/024190,4000,14-07-2025,UPI,
RCP/2025-26/020880,INV/2025-26/024191,4000,04-08-2025,ONLINE,
RCP/2025-26/020882,INV/2025-26/024194,4000,20-11-2025,UPI,
RCP/2025-26/020884,INV/2025-26/024196,4000,19-01-2026,UPI,
RCP/2025-26/020885,INV/2025-26/024197,4000,16-02-2026,BANK_TRANSFER,
RCP/2025-26/020889,INV/2025-26/024201,1000,20-04-2025,CASH,
RCP/2025-26/020893,INV/2025-26/024205,4000,20-04-2025,UPI,
RCP/2025-26/020911,INV/2025-26/024226,4000,24-07-2025,UPI,
RCP/2025-26/020917,INV/2025-26/024233,4000,17-02-2026,CASH,
RCP/2025-26/020921,INV/2025-26/024237,1000,17-04-2025,UPI,
RCP/2025-26/020932,INV/2025-26/024248,4000,13-11-2025,UPI,
RCP/2025-26/020934,INV/2025-26/024251,4000,02-02-2026,CASH,
RCP/2025-26/020936,INV/2025-26/024254,2000,22-04-2025,UPI,
RCP/2025-26/020938,INV/2025-26/024256,1500,16-04-2025,CHEQUE,
RCP/2025-26/020939,INV/2025-26/024257,500,15-04-2025,CASH,
RCP/2025-26/020943,INV/2025-26/024261,4000,05-06-2025,CASH,
RCP/2025-26/020948,INV/2025-26/024267,4000,16-12-2025,CHEQUE,
RCP/2025-26/020951,INV/2025-26/024272,2000,24-04-2025,UPI,
RCP/2025-26/020954,INV/2025-26/024276,500,14-10-2025,CASH,
RCP/2025-26/020976,INV/2025-26/024298,4000,05-07-2025,UPI,
RCP/2025-26/020977,INV/2025-26/024299,4000,22-08-2025,BANK_TRANSFER,
RCP/2025-26/020981,INV/2025-26/024304,4000,13-01-2026,CHEQUE,
RCP/2025-26/020984,INV/2025-26/024308,2000,24-04-2025,CASH,
RCP/2025-26/020989,INV/2025-26/024313,4000,24-04-2025,CASH,
RCP/2025-26/020991,INV/2025-26/024315,4000,22-06-2025,CASH,
RCP/2025-26/020993,INV/2025-26/024317,4000,12-08-2025,CASH,
RCP/2025-26/020994,INV/2025-26/024318,4000,21-09-2025,CASH,
RCP/2025-26/020999,INV/2025-26/024323,4000,16-02-2026,BANK_TRANSFER,
RCP/2025-26/021000,INV/2025-26/024326,2000,21-04-2025,ONLINE,
RCP/2025-26/021008,INV/2025-26/024335,4000,06-08-2025,CHEQUE,
RCP/2025-26/021016,INV/2025-26/024346,1500,18-04-2025,UPI,
RCP/2025-26/021023,INV/2025-26/024355,4000,09-10-2025,ONLINE,
RCP/2025-26/021024,INV/2025-26/024356,4000,05-11-2025,ONLINE,
RCP/2025-26/021029,INV/2025-26/024364,1500,19-04-2025,BANK_TRANSFER,
RCP/2025-26/021032,INV/2025-26/024368,4000,10-05-2025,CASH,
RCP/2025-26/021038,INV/2025-26/024374,4000,21-11-2025,ONLINE,
RCP/2025-26/021039,INV/2025-26/024375,4000,05-12-2025,UPI,
RCP/2025-26/021043,INV/2025-26/024379,8000,16-04-2025,CASH,
RCP/2025-26/021046,INV/2025-26/024382,1500,19-04-2025,UPI,
RCP/2025-26/021053,INV/2025-26/024391,4000,03-10-2025,CHEQUE,
RCP/2025-26/021059,INV/2025-26/024397,8000,16-04-2025,UPI,
RCP/2025-26/021066,INV/2025-26/024405,4000,05-06-2025,BANK_TRANSFER,
RCP/2025-26/021071,INV/2025-26/024410,4000,09-11-2025,UPI,
RCP/2025-26/021073,INV/2025-26/024412,4000,12-01-2026,CASH,
RCP/2025-26/021076,INV/2025-26/024415,8000,15-04-2025,ONLINE,
RCP/2025-26/021077,INV/2025-26/024416,2000,13-04-2025,CASH,
RCP/2025-26/021080,INV/2025-26/024419,500,20-04-2025,ONLINE,
RCP/2025-26/021086,INV/2025-26/024426,4000,11-09-2025,UPI,
RCP/2025-26/021091,INV/2025-26/024431,4000,11-02-2026,CHEQUE,
RCP/2025-26/021092,INV/2025-26/024432,4000,15-03-2026,UPI,
RCP/2025-26/021104,INV/2025-26/024446,4000,05-11-2025,UPI,
RCP/2025-26/021105,INV/2025-26/024447,4000,19-12-2025,BANK_TRANSFER,
RCP/2025-26/021112,INV/2025-26/024456,500,12-10-2025,CASH,
RCP/2025-26/021118,INV/2025-26/024464,4000,16-11-2025,BANK_TRANSFER,
RCP/2025-26/021120,INV/2025-26/024467,4000,07-02-2026,CHEQUE,
RCP/2025-26/021121,INV/2025-26/024468,4000,16-03-2026,UPI,
RCP/2025-26/021132,INV/2025-26/024484,4000,20-01-2026,ONLINE,
RCP/2025-26/021133,INV/2025-26/024485,4000,19-02-2026,BANK_TRANSFER,
RCP/2025-26/021139,INV/2025-26/024495,4000,09-06-2025,CASH,
RCP/2025-26/021145,INV/2025-26/024502,4000,01-01-2026,CHEQUE,
RCP/2025-26/021160,INV/2025-26/024522,4000,06-03-2026,ONLINE,
RCP/2025-26/021161,INV/2025-26/024523,8000,25-04-2025,BANK_TRANSFER,
RCP/2025-26/021162,INV/2025-26/024524,2000,15-04-2025,ONLINE,
RCP/2025-26/021166,INV/2025-26/024528,500,21-10-2025,UPI,
RCP/2025-26/021175,INV/2025-26/024538,4000,02-01-2026,UPI,
RCP/2025-26/021177,INV/2025-26/024540,4000,18-03-2026,UPI,
RCP/2025-26/021178,INV/2025-26/024541,8000,20-04-2025,BANK_TRANSFER,
RCP/2025-26/021180,INV/2025-26/024543,1000,25-04-2025,UPI,
RCP/2025-26/021192,INV/2025-26/024555,4000,08-12-2025,UPI,
RCP/2025-26/021201,INV/2025-26/024565,4000,08-04-2025,CHEQUE,
RCP/2025-26/021210,INV/2025-26/024577,8000,17-04-2025,BANK_TRANSFER,
RCP/2025-26/021214,INV/2025-26/024581,500,17-04-2025,UPI,
RCP/2025-26/021216,INV/2025-26/024583,4000,09-04-2025,BANK_TRANSFER,
RCP/2025-26/021218,INV/2025-26/024586,4000,06-07-2025,UPI,
RCP/2025-26/021221,INV/2025-26/024589,4000,22-10-2025,CASH,
RCP/2025-26/021229,INV/2025-26/024598,1500,20-04-2025,BANK_TRANSFER,
RCP/2025-26/021231,INV/2025-26/024600,500,13-10-2025,UPI,
RCP/2025-26/021254,INV/2025-26/024626,4000,11-11-2025,CASH,
RCP/2025-26/021275,INV/2025-26/024648,4000,15-03-2026,BANK_TRANSFER,
RCP/2025-26/021320,INV/2025-26/024703,8000,20-04-2025,UPI,
RCP/2025-26/021325,INV/2025-26/024708,500,11-10-2025,UPI,
RCP/2025-26/021328,INV/2025-26/024711,4000,08-06-2025,CASH,
RCP/2025-26/021330,INV/2025-26/024715,4000,11-10-2025,BANK_TRANSFER,
RCP/2025-26/021337,INV/2025-26/024723,1000,17-04-2025,CASH,
RCP/2025-26/021338,INV/2025-26/024724,1500,16-04-2025,CHEQUE,
RCP/2025-26/021340,INV/2025-26/024727,4000,14-04-2025,UPI,
RCP/2025-26/021346,INV/2025-26/024733,4000,17-10-2025,UPI,
RCP/2025-26/021350,INV/2025-26/024737,4000,08-02-2026,UPI,
RCP/2025-26/021358,INV/2025-26/024746,4000,26-05-2025,CASH,
RCP/2025-26/021366,INV/2025-26/024754,4000,09-01-2026,UPI,
RCP/2025-26/021368,INV/2025-26/024756,4000,21-03-2026,ONLINE,
RCP/2025-26/021370,INV/2025-26/024758,2000,26-04-2025,ONLINE,
RCP/2025-26/021374,INV/2025-26/024764,4000,11-05-2025,CASH,
RCP/2025-26/021390,INV/2025-26/024782,4000,24-05-2025,UPI,
RCP/2025-26/021397,INV/2025-26/024791,4000,18-02-2026,UPI,
RCP/2025-26/021400,INV/2025-26/024794,2000,22-04-2025,UPI,
RCP/2025-26/021418,INV/2025-26/024815,500,14-04-2025,CASH,
RCP/2025-26/021430,INV/2025-26/024828,4000,20-03-2026,UPI,
RCP/2025-26/021435,INV/2025-26/024833,500,19-04-2025,UPI,
RCP/2025-26/021448,INV/2025-26/024847,8000,22-04-2025,CHEQUE,
RCP/2025-26/021449,INV/2025-26/024848,2000,22-04-2025,CASH,
RCP/2025-26/021453,INV/2025-26/024854,4000,26-05-2025,CASH,
RCP/2025-26/021454,INV/2025-26/024855,4000,10-06-2025,CASH,
RCP/2025-26/021455,INV/2025-26/024856,4000,22-07-2025,UPI,
RCP/2025-26/021463,INV/2025-26/024864,4000,06-03-2026,ONLINE,
RCP/2025-26/021470,INV/2025-26/024871,4000,07-04-2025,BANK_TRANSFER,
RCP/2025-26/021471,INV/2025-26/024872,4000,22-05-2025,UPI,
RCP/2025-26/021472,INV/2025-26/024873,4000,10-06-2025,UPI,
RCP/2025-26/021473,INV/2025-26/024874,4000,23-07-2025,CASH,
RCP/2025-26/021474,INV/2025-26/024875,4000,24-08-2025,UPI,
RCP/2025-26/021476,INV/2025-26/024877,4000,04-10-2025,CASH,
RCP/2025-26/021477,INV/2025-26/024878,4000,07-11-2025,UPI,
RCP/2025-26/021495,INV/2025-26/024897,4000,03-12-2025,CHEQUE,
RCP/2025-26/021498,INV/2025-26/024900,4000,12-03-2026,CASH,
RCP/2025-26/021505,INV/2025-26/024907,4000,24-04-2025,BANK_TRANSFER,
RCP/2025-26/021507,INV/2025-26/024911,4000,23-08-2025,UPI,
RCP/2025-26/021509,INV/2025-26/024914,4000,12-11-2025,ONLINE,
RCP/2025-26/021511,INV/2025-26/024917,4000,13-02-2026,UPI,
RCP/2025-26/021515,INV/2025-26/024922,1500,13-04-2025,CASH,
RCP/2025-26/021526,INV/2025-26/024934,4000,18-01-2026,UPI,
RCP/2025-26/021528,INV/2025-26/024937,8000,15-04-2025,UPI,
RCP/2025-26/021529,INV/2025-26/024938,2000,20-04-2025,CASH,
RCP/2025-26/021533,INV/2025-26/024944,4000,12-05-2025,CASH,
RCP/2025-26/021537,INV/2025-26/024949,4000,17-10-2025,ONLINE,
RCP/2025-26/021549,INV/2025-26/024962,4000,12-05-2025,CASH,
RCP/2025-26/021551,INV/2025-26/024964,4000,17-07-2025,UPI,
RCP/2025-26/021561,INV/2025-26/024975,1000,22-04-2025,UPI,
RCP/2025-26/021562,INV/2025-26/024976,1500,16-04-2025,CASH,
RCP/2025-26/021564,INV/2025-26/024978,500,18-10-2025,CASH,
RCP/2025-26/021567,INV/2025-26/024981,4000,10-06-2025,ONLINE,
RCP/2025-26/021573,INV/2025-26/024988,4000,12-01-2026,UPI,
RCP/2025-26/021578,INV/2025-26/024994,1500,15-04-2025,CASH,
RCP/2025-26/021596,INV/2025-26/025014,500,16-10-2025,UPI,
RCP/2025-26/021613,INV/2025-26/025036,4000,13-07-2025,UPI,
RCP/2025-26/021618,INV/2025-26/025041,4000,05-12-2025,BANK_TRANSFER,
RCP/2025-26/021628,INV/2025-26/025051,4000,17-04-2025,ONLINE,
RCP/2025-26/021636,INV/2025-26/025059,4000,16-12-2025,CASH,
RCP/2025-26/021638,INV/2025-26/025061,4000,10-02-2026,BANK_TRANSFER,
RCP/2025-26/021642,INV/2025-26/025066,1500,15-04-2025,UPI,
RCP/2025-26/021653,INV/2025-26/025079,4000,12-02-2026,UPI,
RCP/2025-26/021666,INV/2025-26/025097,4000,01-02-2026,CASH,
RCP/2025-26/021673,INV/2025-26/025105,4000,10-04-2025,UPI,
RCP/2025-26/021678,INV/2025-26/025111,4000,19-10-2025,CASH,
RCP/2025-26/021685,INV/2025-26/025123,4000,21-04-2025,BANK_TRANSFER,
RCP/2025-26/021693,INV/2025-26/025134,4000,04-03-2026,UPI,
RCP/2025-26/021696,INV/2025-26/025137,1000,17-04-2025,CASH,
RCP/2025-26/021708,INV/2025-26/025152,4000,06-03-2026,UPI,
RCP/2025-26/021710,INV/2025-26/025154,2000,25-04-2025,UPI,
RCP/2025-26/021713,INV/2025-26/025157,500,19-04-2025,BANK_TRANSFER,
RCP/2025-26/021720,INV/2025-26/025164,4000,12-09-2025,CASH,
RCP/2025-26/021721,INV/2025-26/025167,4000,15-12-2025,BANK_TRANSFER,
RCP/2025-26/021722,INV/2025-26/025168,4000,14-01-2026,UPI,
RCP/2025-26/021729,INV/2025-26/025177,4000,24-04-2025,ONLINE,
RCP/2025-26/021737,INV/2025-26/025187,4000,19-02-2026,CASH,
RCP/2025-26/021740,INV/2025-26/025192,1500,22-04-2025,BANK_TRANSFER,
RCP/2025-26/021744,INV/2025-26/025197,4000,10-06-2025,UPI,
RCP/2025-26/021748,INV/2025-26/025201,4000,10-10-2025,CHEQUE,
RCP/2025-26/021750,INV/2025-26/025204,4000,13-01-2026,UPI,
RCP/2025-26/021752,INV/2025-26/025206,4000,06-03-2026,CASH,
RCP/2025-26/021757,INV/2025-26/025211,500,21-04-2025,CHEQUE,
RCP/2025-26/021759,INV/2025-26/025213,4000,26-04-2025,UPI,
RCP/2025-26/021765,INV/2025-26/025220,4000,09-11-2025,CHEQUE,
RCP/2025-26/021772,INV/2025-26/025228,1500,15-04-2025,UPI,
RCP/2025-26/021776,INV/2025-26/025232,4000,07-05-2025,UPI,
RCP/2025-26/021780,INV/2025-26/025237,4000,09-10-2025,CHEQUE,
RCP/2025-26/021789,INV/2025-26/025247,500,23-04-2025,ONLINE,
RCP/2025-26/021802,INV/2025-26/025263,1000,15-04-2025,UPI,
RCP/2025-26/021806,INV/2025-26/025267,4000,14-04-2025,UPI,
RCP/2025-26/021818,INV/2025-26/025281,1000,22-04-2025,CHEQUE,
RCP/2025-26/021825,INV/2025-26/025288,4000,09-07-2025,ONLINE,
RCP/2025-26/021829,INV/2025-26/025292,4000,12-11-2025,BANK_TRANSFER,
RCP/2025-26/021831,INV/2025-26/025294,4000,20-01-2026,UPI,
RCP/2025-26/021845,INV/2025-26/025313,4000,10-02-2026,CHEQUE,
RCP/2025-26/021856,INV/2025-26/025329,4000,22-12-2025,BANK_TRANSFER,
RCP/2025-26/021864,INV/2025-26/025340,4000,12-05-2025,UPI,
RCP/2025-26/021869,INV/2025-26/025346,4000,11-11-2025,UPI,
RCP/2025-26/021875,INV/2025-26/025353,1000,24-04-2025,UPI,
RCP/2025-26/021887,INV/2025-26/025370,2000,16-04-2025,CASH,
RCP/2025-26/021905,INV/2025-26/025392,500,17-10-2025,CASH,
RCP/2025-26/021920,INV/2025-26/025411,4000,15-04-2025,ONLINE,
RCP/2025-26/021928,INV/2025-26/025420,4000,06-01-2026,BANK_TRANSFER,
RCP/2025-26/021931,INV/2025-26/025424,2000,14-04-2025,UPI,
RCP/2025-26/021944,INV/2025-26/025438,4000,17-01-2026,CASH,
RCP/2025-26/021945,INV/2025-26/025439,4000,05-02-2026,UPI,
RCP/2025-26/021948,INV/2025-26/025442,2000,16-04-2025,BANK_TRANSFER,
RCP/2025-26/021951,INV/2025-26/025447,4000,07-04-2025,CASH,
RCP/2025-26/021956,INV/2025-26/025453,4000,23-10-2025,UPI,
RCP/2025-26/021961,INV/2025-26/025459,8000,23-04-2025,ONLINE,
RCP/2025-26/021962,INV/2025-26/025460,2000,25-04-2025,UPI,
RCP/2025-26/021964,INV/2025-26/025462,1500,17-04-2025,UPI,
RCP/2025-26/021967,INV/2025-26/025466,4000,12-05-2025,UPI,
RCP/2025-26/021969,INV/2025-26/025468,4000,17-07-2025,CHEQUE,
RCP/2025-26/021976,INV/2025-26/025475,4000,13-02-2026,UPI,
RCP/2025-26/021988,INV/2025-26/025489,4000,12-10-2025,UPI,
RCP/2025-26/021997,INV/2025-26/025498,1500,20-04-2025,CHEQUE,
RCP/2025-26/022003,INV/2025-26/025505,4000,04-08-2025,BANK_TRANSFER,
RCP/2025-26/022007,INV/2025-26/025511,4000,09-02-2026,UPI,
RCP/2025-26/022008,INV/2025-26/025512,4000,16-03-2026,UPI,
RCP/2025-26/022017,INV/2025-26/025521,4000,19-06-2025,UPI,
RCP/2025-26/022018,INV/2025-26/025522,4000,09-07-2025,CASH,
RCP/2025-26/022030,INV/2025-26/025534,1500,20-04-2025,CASH,
RCP/2025-26/022035,INV/2025-26/025539,4000,21-06-2025,UPI,
RCP/2025-26/022036,INV/2025-26/025540,4000,20-07-2025,UPI,
RCP/2025-26/022038,INV/2025-26/025542,4000,16-09-2025,CASH,
RCP/2025-26/022046,INV/2025-26/025553,500,18-04-2025,UPI,
RCP/2025-26/022047,INV/2025-26/025554,500,16-10-2025,UPI,
RCP/2025-26/022051,INV/2025-26/025558,4000,23-07-2025,ONLINE,
RCP/2025-26/022063,INV/2025-26/025570,1500,17-04-2025,CASH,
RCP/2025-26/022068,INV/2025-26/025575,4000,20-06-2025,CASH,
RCP/2025-26/022070,INV/2025-26/025577,4000,18-08-2025,UPI,
RCP/2025-26/022088,INV/2025-26/025600,4000,01-01-2026,ONLINE,
RCP/2025-26/022089,INV/2025-26/025601,4000,15-02-2026,ONLINE,
RCP/2025-26/022092,INV/2025-26/025604,2000,26-04-2025,UPI,
RCP/2025-26/022094,INV/2025-26/025607,500,18-04-2025,CASH,
RCP/2025-26/022097,INV/2025-26/025610,4000,13-05-2025,UPI,
RCP/2025-26/022102,INV/2025-26/025616,4000,07-11-2025,CASH,
RCP/2025-26/022109,INV/2025-26/025626,500,11-10-2025,UPI,
RCP/2025-26/022113,INV/2025-26/025631,4000,07-08-2025,BANK_TRANSFER,
RCP/2025-26/022115,INV/2025-26/025633,4000,15-10-2025,CASH,
RCP/2025-26/022122,INV/2025-26/025640,2000,22-04-2025,CASH,
RCP/2025-26/022133,INV/2025-26/025655,4000,18-02-2026,UPI,
RCP/2025-26/022148,INV/2025-26/025672,4000,10-01-2026,CHEQUE,
RCP/2025-26/022153,INV/2025-26/025680,500,12-10-2025,UPI,
