admission_number,date,status,remarks
STU0336,19-12-2023,PRESENT,
STU0150,02-06-2025,PRESENT,
STU0217,23-06-2025,PRESENT,
STU0023,09-01-2026,PRESENT,
STU0140,12-12-2023,PRESENT,
STU0187,15-07-2024,PRESENT,
STU0258,07-06-2023,PRESENT,
STU0380,30-06-2025,HALF_DAY,
STU0361,04-03-2024,LATE,
STU0034,13-02-2024,LATE,
STU0150,02-01-2026,PRESENT,
STU0457,15-10-2024,PRESENT,
STU0066,15-03-2025,PRESENT,
STU0367,02-06-2025,PRESENT,
STU0057,03-06-2023,PRESENT,
STU0272,02-02-2026,PRESENT,
STU0209,23-08-2025,PRESENT,
STU0052,12-12-2023,PRESENT,
STU0180,06-01-2024,PRESENT,
STU0026,15-03-2025,PRESENT,
STU0052,05-02-2024,PRESENT,
STU0143,02-09-2024,PRESENT,
STU0457,05-08-2024,PRESENT,
STU0430,20-06-2025,PRESENT,
STU0073,20-02-2025,PRESENT,
STU0041,10-09-2025,PRESENT,
STU0222,27-03-2025,PRESENT,
STU0010,12-02-2025,PRESENT,
STU0425,30-11-2023,PRESENT,
STU0100,23-12-2025,PRESENT,
STU0212,02-06-2025,PRESENT,
STU0429,16-12-2025,PRESENT,
STU0053,30-04-2025,PRESENT,
STU0476,12-02-2025,PRESENT,
STU0206,09-12-2023,PRESENT,
STU0457,01-08-2024,LATE,
STU0010,02-11-2024,PRESENT,
STU0195,10-09-2025,PRESENT,
STU0425,01-02-2024,PRESENT,
STU0286,12-02-2026,PRESENT,
STU0332,12-04-2025,PRESENT,
STU0461,04-07-2024,PRESENT,
STU0016,02-11-2024,PRESENT,
STU0246,20-06-2025,ABSENT,Sick
STU0260,02-02-2026,PRESENT,
STU0157,23-09-2024,HALF_DAY,
STU0211,05-04-2024,PRESENT,
STU0150,05-09-2025,ABSENT,Not informed
STU0367,30-04-2025,PRESENT,
STU0275,11-06-2024,PRESENT,
STU0041,08-01-2026,PRESENT,
STU0357,02-06-2023,ABSENT,Sick
STU0357,02-09-2024,PRESENT,
STU0241,15-07-2024,ABSENT,Sick
STU0216,21-02-2024,PRESENT,
STU0324,14-04-2025,PRESENT,
STU0438,29-01-2024,PRESENT,
STU0033,30-04-2025,PRESENT,
STU0113,11-09-2024,ABSENT,
STU0195,04-06-2025,PRESENT,
STU0477,01-03-2024,PRESENT,
STU0100,23-08-2025,ABSENT,Sick
STU0166,19-03-2024,PRESENT,
STU0150,03-02-2026,LATE,
STU0180,08-07-2023,PRESENT,
STU0064,01-03-2024,PRESENT,
STU0338,04-07-2024,PRESENT,
STU0186,14-04-2023,LEAVE,Medical leave
STU0246,19-02-2026,HALF_DAY,
STU0357,15-10-2024,PRESENT,
STU0216,07-06-2023,PRESENT,
STU0185,28-03-2025,PRESENT,
STU0136,03-02-2026,PRESENT,
STU0274,08-02-2024,PRESENT,
STU0039,10-01-2026,PRESENT,
STU0272,14-04-2025,PRESENT,
STU0461,15-03-2025,PRESENT,
STU0425,08-07-2023,PRESENT,
STU0389,01-08-2024,LATE,
STU0079,07-06-2023,PRESENT,
STU0254,30-09-2024,PRESENT,
STU0022,08-07-2023,PRESENT,
STU0274,19-03-2024,PRESENT,
STU0307,12-01-2026,PRESENT,
STU0430,04-06-2025,PRESENT,
STU0230,13-06-2023,PRESENT,
STU0254,26-09-2024,ABSENT,
STU0276,29-05-2024,PRESENT,
STU0405,03-11-2025,PRESENT,
STU0486,07-06-2023,PRESENT,
STU0366,13-06-2023,PRESENT,
STU0343,29-01-2024,PRESENT,
STU0324,12-05-2025,PRESENT,
STU0246,03-06-2025,PRESENT,
STU0067,05-01-2026,PRESENT,
STU0361,14-04-2023,PRESENT,
STU0217,16-04-2025,HALF_DAY,
STU0366,08-02-2024,PRESENT,
STU0509,05-02-2024,PRESENT,
STU0336,23-06-2025,PRESENT,
STU0382,12-03-2024,PRESENT,
STU0438,13-06-2023,PRESENT,
STU0162,18-06-2024,PRESENT,
STU0357,07-06-2023,LATE,
STU0303,27-06-2024,PRESENT,
STU0188,16-04-2025,PRESENT,
STU0311,08-12-2025,PRESENT,
STU0185,04-07-2024,PRESENT,
STU0078,31-07-2023,PRESENT,
STU0126,26-11-2024,PRESENT,
STU0361,15-09-2023,PRESENT,
STU0491,12-12-2023,ABSENT,
STU0356,12-03-2024,PRESENT,
STU0113,01-11-2024,PRESENT,
STU0026,11-09-2024,PRESENT,
STU0365,19-12-2023,PRESENT,
STU0033,20-06-2025,PRESENT,
STU0332,02-01-2026,PRESENT,
STU0094,08-02-2024,PRESENT,
STU0336,16-12-2025,PRESENT,
STU0336,05-02-2024,PRESENT,
STU0366,12-03-2024,LATE,
STU0033,03-02-2026,PRESENT,
STU0303,26-07-2024,PRESENT,
STU0367,16-04-2025,HALF_DAY,
STU0026,15-07-2024,PRESENT,
STU0187,12-02-2025,PRESENT,
STU0113,12-04-2024,PRESENT,
STU0101,01-07-2024,PRESENT,
STU0044,11-09-2024,ABSENT,Sick
STU0289,19-02-2026,PRESENT,
STU0216,19-12-2023,PRESENT,
STU0452,17-08-2024,PRESENT,
STU0256,12-01-2026,PRESENT,
STU0272,10-01-2026,PRESENT,
STU0222,20-02-2025,PRESENT,
STU0342,29-05-2024,LATE,
STU0180,22-01-2024,PRESENT,
STU0418,04-03-2024,PRESENT,
STU0195,19-04-2025,LATE,
STU0338,20-02-2025,PRESENT,
STU0057,29-01-2024,LATE,
STU0022,02-06-2023,PRESENT,
STU0157,16-05-2024,PRESENT,
STU0477,15-03-2024,PRESENT,
STU0053,23-08-2025,PRESENT,
STU0206,01-03-2024,PRESENT,
STU0342,18-06-2024,PRESENT,
STU0390,30-07-2024,PRESENT,
STU0356,21-02-2024,PRESENT,
STU0324,24-04-2023,ABSENT,Family event
STU0111,04-03-2024,PRESENT,
STU0136,16-12-2025,PRESENT,
STU0278,08-01-2026,PRESENT,
STU0452,11-09-2024,PRESENT,
STU0206,30-08-2023,PRESENT,
STU0023,05-09-2025,PRESENT,
STU0242,11-06-2024,PRESENT,
STU0430,30-09-2024,PRESENT,
STU0055,20-06-2025,ABSENT,Sick
STU0461,28-03-2025,LEAVE,
STU0217,03-06-2025,PRESENT,
STU0162,15-03-2025,PRESENT,
STU0316,15-09-2023,PRESENT,
STU0477,19-03-2024,ABSENT,Sick
STU0246,16-12-2025,ABSENT,Not informed
STU0342,17-08-2024,PRESENT,
STU0206,10-05-2023,PRESENT,
STU0349,19-03-2024,PRESENT,
STU0287,03-06-2025,PRESENT,
STU0242,02-09-2024,PRESENT,
STU0110,29-05-2024,ABSENT,Family event
STU0206,21-02-2024,PRESENT,
STU0186,08-02-2024,PRESENT,
STU0222,26-11-2024,PRESENT,
STU0452,01-10-2024,HALF_DAY,
STU0157,17-08-2024,PRESENT,
STU0287,02-06-2025,PRESENT,
STU0195,09-01-2026,ABSENT,Family event
STU0298,24-06-2023,PRESENT,
STU0211,08-12-2025,PRESENT,
STU0126,05-04-2024,PRESENT,
STU0086,22-01-2024,PRESENT,
STU0356,14-04-2023,PRESENT,
STU0260,22-11-2025,PRESENT,
STU0187,30-09-2024,PRESENT,
STU0111,10-12-2024,PRESENT,
STU0157,20-02-2025,PRESENT,
STU0216,10-01-2026,PRESENT,
STU0152,19-02-2026,PRESENT,
STU0491,30-08-2023,PRESENT,
STU0187,26-11-2024,HALF_DAY,
STU0349,06-01-2024,PRESENT,
STU0222,06-07-2024,PRESENT,
STU0222,03-12-2024,HALF_DAY,
STU0209,09-07-2025,PRESENT,
STU0338,01-08-2024,ABSENT,Family event
STU0390,12-02-2025,PRESENT,
STU0332,20-06-2025,PRESENT,
STU0405,20-06-2025,PRESENT,
STU0207,16-05-2024,ABSENT,Sick
STU0316,21-02-2024,PRESENT,
STU0105,02-07-2024,PRESENT,
STU0338,08-03-2025,ABSENT,
STU0276,30-07-2024,PRESENT,
STU0256,14-07-2025,PRESENT,
STU0275,17-08-2024,PRESENT,
STU0230,20-04-2023,PRESENT,
STU0136,30-06-2025,LATE,
STU0211,13-06-2023,PRESENT,
STU0033,02-05-2025,PRESENT,
STU0100,13-01-2026,PRESENT,
STU0270,03-12-2024,PRESENT,
STU0078,22-06-2023,PRESENT,
STU0034,03-06-2023,PRESENT,
STU0023,02-02-2026,PRESENT,
STU0430,15-03-2025,PRESENT,
STU0336,09-12-2023,PRESENT,
STU0241,19-11-2024,PRESENT,
STU0286,13-01-2026,PRESENT,
STU0208,30-07-2024,PRESENT,
STU0057,30-11-2023,PRESENT,
STU0216,30-04-2025,PRESENT,
STU0208,16-05-2024,ABSENT,Sick
STU0066,01-10-2024,PRESENT,
STU0086,17-07-2023,PRESENT,
STU0242,26-07-2024,PRESENT,
STU0147,20-02-2026,HALF_DAY,
STU0187,01-10-2024,PRESENT,
STU0476,26-07-2024,LATE,
STU0275,02-07-2024,ABSENT,Not informed
STU0486,12-03-2024,PRESENT,
STU0430,28-08-2025,PRESENT,
STU0206,26-09-2023,LATE,
STU0216,27-04-2023,PRESENT,
STU0010,17-08-2024,PRESENT,
STU0094,17-07-2023,PRESENT,
STU0216,14-04-2023,LEAVE,Medical leave
STU0319,03-12-2024,PRESENT,
STU0275,02-09-2024,PRESENT,
STU0276,19-11-2024,PRESENT,
STU0311,12-01-2026,PRESENT,
STU0403,02-06-2025,PRESENT,
STU0246,03-02-2026,PRESENT,
STU0303,23-09-2024,PRESENT,
STU0287,05-01-2026,PRESENT,
STU0357,06-02-2025,PRESENT,
STU0380,05-04-2024,PRESENT,
STU0332,03-06-2025,PRESENT,
STU0195,03-02-2026,PRESENT,
STU0008,17-11-2023,PRESENT,
STU0477,06-01-2024,PRESENT,
STU0207,30-09-2024,PRESENT,
STU0380,31-07-2024,HALF_DAY,
STU0457,28-08-2024,ABSENT,
STU0188,22-08-2025,PRESENT,
STU0211,30-10-2025,ABSENT,Sick
STU0332,08-12-2025,PRESENT,
STU0392,21-02-2024,PRESENT,
STU0094,21-02-2024,HALF_DAY,
STU0486,06-09-2023,PRESENT,
STU0057,09-11-2023,PRESENT,
STU0041,16-12-2025,ABSENT,Not informed
STU0256,10-01-2026,PRESENT,
STU0039,02-01-2026,ABSENT,
STU0078,02-02-2026,PRESENT,
STU0258,26-09-2023,PRESENT,
STU0269,28-08-2024,PRESENT,
STU0230,29-01-2024,PRESENT,
STU0208,05-04-2024,PRESENT,
STU0078,20-04-2023,ABSENT,Sick
STU0485,27-04-2023,PRESENT,
STU0157,31-07-2024,PRESENT,
STU0450,17-07-2023,PRESENT,
STU0157,26-11-2024,PRESENT,
STU0162,02-11-2024,PRESENT,
STU0212,08-01-2026,PRESENT,
STU0066,17-08-2024,PRESENT,
STU0324,30-11-2023,PRESENT,
STU0361,21-02-2024,PRESENT,
STU0113,01-07-2024,PRESENT,
STU0356,15-03-2024,LATE,
STU0186,24-06-2023,ABSENT,Family event
STU0324,03-02-2026,PRESENT,
STU0357,11-06-2024,PRESENT,
STU0325,23-09-2024,PRESENT,
STU0105,01-08-2024,PRESENT,
STU0461,08-03-2025,PRESENT,
STU0185,01-07-2024,PRESENT,
STU0246,23-12-2025,PRESENT,
STU0211,16-12-2025,ABSENT,Not informed
STU0100,02-06-2025,PRESENT,
STU0180,24-06-2023,LATE,
STU0016,19-11-2024,ABSENT,Not informed
STU0269,01-07-2024,PRESENT,
STU0150,02-05-2025,PRESENT,
STU0211,04-07-2024,PRESENT,
STU0152,13-01-2026,PRESENT,
STU0485,01-02-2024,LATE,
STU0143,29-05-2024,PRESENT,
STU0140,01-03-2024,PRESENT,
STU0477,26-09-2023,PRESENT,
STU0395,01-07-2024,PRESENT,
STU0286,19-02-2026,PRESENT,
STU0016,30-07-2024,PRESENT,
STU0061,10-12-2024,ABSENT,Sick
STU0486,24-04-2023,PRESENT,
STU0366,19-03-2024,PRESENT,
STU0162,12-04-2024,PRESENT,
STU0509,08-07-2023,PRESENT,
STU0094,24-06-2023,PRESENT,
STU0342,11-06-2024,PRESENT,
STU0275,03-12-2024,PRESENT,
STU0298,29-01-2024,LATE,
STU0456,17-08-2024,PRESENT,
STU0287,28-08-2025,PRESENT,
STU0476,31-07-2024,PRESENT,
STU0113,11-06-2024,ABSENT,Sick
STU0274,30-08-2023,PRESENT,
STU0382,09-12-2023,PRESENT,
STU0403,30-04-2025,PRESENT,
STU0382,10-05-2023,PRESENT,
STU0039,22-11-2025,PRESENT,
STU0338,11-06-2024,PRESENT,
STU0429,08-12-2025,PRESENT,
STU0166,08-02-2024,PRESENT,
STU0478,20-04-2023,ABSENT,Family event
STU0357,01-08-2024,PRESENT,
STU0073,15-07-2024,PRESENT,
STU0298,21-02-2024,LATE,
STU0456,11-06-2024,PRESENT,
STU0211,22-06-2023,PRESENT,
STU0370,10-05-2023,PRESENT,
STU0046,30-10-2025,PRESENT,
STU0452,04-07-2024,PRESENT,
STU0275,02-11-2024,PRESENT,
STU0324,02-02-2026,PRESENT,
STU0110,27-06-2024,PRESENT,
STU0286,04-06-2025,PRESENT,
STU0418,24-04-2023,PRESENT,
STU0380,11-06-2024,PRESENT,
STU0477,06-09-2023,PRESENT,
STU0403,12-02-2026,PRESENT,
STU0269,04-07-2024,PRESENT,
STU0222,15-07-2024,PRESENT,
STU0207,08-03-2025,PRESENT,
STU0185,11-09-2024,PRESENT,
STU0336,21-02-2024,PRESENT,
STU0366,04-03-2024,PRESENT,
STU0039,30-10-2025,PRESENT,
STU0275,30-07-2024,PRESENT,
STU0324,22-06-2023,PRESENT,
STU0357,28-08-2024,PRESENT,
STU0430,20-02-2025,HALF_DAY,
STU0162,29-05-2024,PRESENT,
STU0126,03-12-2024,PRESENT,
STU0493,24-04-2023,ABSENT,
STU0105,19-11-2024,PRESENT,
STU0395,15-03-2025,HALF_DAY,
STU0211,30-04-2025,PRESENT,
STU0166,10-05-2023,PRESENT,
STU0067,23-06-2025,PRESENT,
STU0491,05-02-2024,PRESENT,
STU0509,28-08-2023,PRESENT,
STU0034,01-02-2024,PRESENT,
STU0457,16-05-2024,ABSENT,
STU0044,10-12-2024,LATE,
STU0126,28-08-2024,PRESENT,
STU0216,08-02-2024,PRESENT,
STU0485,14-04-2023,PRESENT,
STU0336,19-02-2026,ABSENT,Sick
STU0166,12-12-2023,PRESENT,
STU0008,22-01-2024,PRESENT,
STU0311,29-10-2025,PRESENT,
STU0429,23-08-2025,PRESENT,
STU0287,20-02-2026,ABSENT,Not informed
STU0390,31-07-2024,PRESENT,
STU0343,30-11-2023,PRESENT,
STU0509,24-06-2023,PRESENT,
STU0303,06-07-2024,PRESENT,
STU0452,12-02-2025,PRESENT,
STU0207,22-01-2024,PRESENT,
STU0209,12-01-2026,PRESENT,
STU0230,30-08-2023,PRESENT,
STU0044,16-05-2024,PRESENT,
STU0287,14-07-2025,PRESENT,
STU0405,09-07-2025,PRESENT,
STU0033,05-09-2025,PRESENT,
STU0192,06-02-2025,LATE,
STU0136,05-01-2026,PRESENT,
STU0113,31-07-2024,PRESENT,
STU0112,02-09-2024,PRESENT,
STU0216,02-02-2026,PRESENT,
STU0432,23-08-2025,PRESENT,
STU0185,19-11-2024,PRESENT,
STU0403,02-05-2025,PRESENT,
STU0278,19-02-2026,PRESENT,
STU0478,26-09-2023,PRESENT,
STU0343,01-02-2024,PRESENT,
STU0432,09-07-2025,ABSENT,Not informed
STU0332,23-08-2025,PRESENT,
STU0509,09-11-2023,ABSENT,Sick
STU0046,04-06-2025,PRESENT,
STU0195,30-06-2025,PRESENT,
STU0071,14-07-2025,PRESENT,
STU0324,20-02-2026,PRESENT,
STU0405,09-01-2026,PRESENT,
STU0110,30-09-2024,PRESENT,
STU0307,30-10-2025,PRESENT,
STU0071,16-12-2025,LATE,
STU0078,08-12-2025,PRESENT,
STU0216,24-04-2023,PRESENT,
STU0053,09-07-2025,PRESENT,
STU0187,06-07-2024,PRESENT,
STU0105,01-10-2024,PRESENT,
STU0212,22-11-2025,PRESENT,
STU0349,03-10-2023,PRESENT,
STU0478,13-06-2023,HALF_DAY,
STU0361,12-12-2023,PRESENT,
STU0100,14-06-2025,PRESENT,
STU0079,05-02-2024,ABSENT,
STU0187,01-08-2024,PRESENT,
STU0349,09-11-2023,PRESENT,
STU0367,02-05-2025,PRESENT,
STU0211,20-02-2025,PRESENT,
STU0222,23-09-2024,PRESENT,
STU0405,20-02-2026,PRESENT,
STU0044,30-07-2024,PRESENT,
STU0162,26-09-2024,PRESENT,
STU0216,19-02-2026,PRESENT,
STU0113,27-03-2025,PRESENT,
STU0147,01-03-2024,PRESENT,
STU0438,30-08-2023,LATE,
STU0067,03-02-2026,PRESENT,
STU0211,23-06-2025,LATE,
STU0380,29-05-2024,PRESENT,
STU0094,03-10-2023,PRESENT,
STU0113,15-03-2025,PRESENT,
STU0034,30-08-2023,PRESENT,
STU0457,11-06-2024,PRESENT,
STU0112,15-03-2025,ABSENT,
STU0055,16-12-2025,LEAVE,
STU0101,26-09-2024,PRESENT,
STU0195,14-07-2025,PRESENT,
STU0324,13-01-2026,PRESENT,
STU0491,17-07-2023,PRESENT,
STU0278,03-11-2025,PRESENT,
STU0246,30-10-2025,PRESENT,
STU0509,20-04-2023,PRESENT,
STU0187,15-03-2025,PRESENT,
STU0211,15-10-2024,PRESENT,
STU0125,28-08-2024,ABSENT,Sick
STU0347,26-09-2023,PRESENT,
STU0241,23-09-2024,PRESENT,
STU0491,30-11-2023,PRESENT,
STU0356,10-05-2023,PRESENT,
STU0212,10-01-2026,PRESENT,
STU0307,02-02-2026,PRESENT,
STU0034,02-06-2023,PRESENT,
STU0078,02-05-2025,PRESENT,
STU0064,04-03-2024,PRESENT,
STU0390,01-10-2024,PRESENT,
STU0216,09-01-2026,PRESENT,
STU0211,02-11-2024,ABSENT,Sick
STU0493,10-05-2023,PRESENT,
STU0452,10-12-2024,LEAVE,Medical leave
STU0269,28-03-2025,LEAVE,
STU0100,04-06-2025,ABSENT,Family event
STU0254,29-05-2024,PRESENT,
STU0143,06-07-2024,PRESENT,
STU0067,29-10-2025,PRESENT,
STU0162,19-11-2024,PRESENT,
STU0303,16-05-2024,PRESENT,
STU0022,31-07-2023,PRESENT,
STU0180,03-10-2023,PRESENT,
STU0211,19-03-2024,PRESENT,
STU0016,02-09-2024,ABSENT,Not informed
STU0286,14-06-2025,PRESENT,
STU0150,29-10-2025,PRESENT,
STU0078,06-01-2024,PRESENT,
STU0033,12-04-2025,ABSENT,Sick
STU0140,14-04-2023,PRESENT,
STU0438,27-04-2023,PRESENT,
STU0211,26-09-2024,PRESENT,
STU0380,03-11-2025,PRESENT,
STU0432,14-07-2025,PRESENT,
STU0008,09-12-2023,PRESENT,
STU0361,31-07-2023,PRESENT,
STU0152,03-11-2025,ABSENT,Sick
STU0316,12-12-2023,PRESENT,
STU0071,08-12-2025,ABSENT,Sick
STU0438,19-06-2023,PRESENT,
STU0370,09-12-2023,PRESENT,
STU0430,18-06-2024,PRESENT,
STU0044,15-07-2024,ABSENT,
STU0140,10-05-2023,PRESENT,
STU0162,06-02-2025,PRESENT,
STU0044,26-09-2024,PRESENT,
STU0392,29-01-2024,PRESENT,
STU0342,01-07-2024,PRESENT,
STU0195,14-06-2025,PRESENT,
STU0241,01-11-2024,PRESENT,
STU0319,29-05-2024,PRESENT,
STU0211,21-05-2024,PRESENT,
STU0432,28-08-2025,PRESENT,
STU0405,30-10-2025,PRESENT,
STU0380,23-06-2025,PRESENT,
STU0366,06-09-2023,PRESENT,
STU0061,05-08-2024,PRESENT,
STU0147,29-10-2025,PRESENT,
STU0112,01-08-2024,PRESENT,
STU0180,30-08-2023,PRESENT,
STU0162,08-03-2025,PRESENT,
STU0152,12-04-2025,HALF_DAY,
STU0126,29-05-2024,PRESENT,
STU0105,05-04-2024,ABSENT,
STU0289,09-01-2026,PRESENT,
STU0078,13-06-2023,PRESENT,
STU0041,05-01-2026,PRESENT,
STU0211,17-07-2023,PRESENT,
STU0286,16-12-2025,PRESENT,
STU0405,12-02-2026,PRESENT,
STU0356,22-06-2023,PRESENT,
STU0336,06-01-2024,PRESENT,
STU0357,24-04-2023,PRESENT,
STU0457,19-11-2024,HALF_DAY,
STU0180,04-03-2024,PRESENT,
STU0461,29-05-2024,PRESENT,
STU0150,13-01-2026,PRESENT,
STU0478,13-02-2024,PRESENT,
STU0274,06-01-2024,PRESENT,
STU0147,04-03-2024,PRESENT,
STU0319,04-07-2024,PRESENT,
STU0136,12-05-2025,LATE,
STU0275,26-11-2024,PRESENT,
STU0425,05-02-2024,PRESENT,
STU0061,21-05-2024,PRESENT,
STU0207,31-07-2023,LEAVE,Family function
STU0066,02-09-2024,PRESENT,
STU0206,19-12-2023,LATE,
STU0418,30-08-2023,PRESENT,
STU0382,21-02-2024,PRESENT,
STU0217,08-01-2026,ABSENT,Family event
STU0211,26-11-2024,PRESENT,
STU0278,12-04-2025,PRESENT,
STU0010,06-07-2024,LEAVE,Family function
STU0316,28-08-2023,PRESENT,
STU0276,06-02-2025,PRESENT,
STU0206,15-09-2023,PRESENT,
STU0112,12-04-2024,PRESENT,
STU0457,04-07-2024,PRESENT,
STU0041,02-06-2025,PRESENT,
STU0276,17-08-2024,PRESENT,
STU0039,19-02-2026,PRESENT,
STU0254,15-03-2025,PRESENT,
STU0349,22-06-2023,HALF_DAY,
STU0461,05-04-2024,PRESENT,
STU0405,22-08-2025,PRESENT,
STU0461,12-04-2024,ABSENT,Family event
STU0241,31-07-2024,PRESENT,
STU0044,01-10-2024,PRESENT,
STU0067,03-06-2025,PRESENT,
STU0357,18-06-2024,PRESENT,
STU0192,28-08-2024,ABSENT,Family event
STU0188,19-02-2026,PRESENT,
STU0192,23-09-2024,PRESENT,
STU0316,31-07-2023,PRESENT,
STU0254,03-12-2024,PRESENT,
STU0356,19-12-2023,PRESENT,
STU0430,11-06-2024,PRESENT,
STU0188,30-04-2025,LEAVE,
STU0324,05-01-2026,PRESENT,
STU0357,01-03-2024,PRESENT,
STU0212,09-07-2025,PRESENT,
STU0147,12-05-2025,LEAVE,
STU0347,01-03-2024,PRESENT,
STU0211,15-03-2024,PRESENT,
STU0258,03-06-2023,PRESENT,
STU0185,12-04-2024,PRESENT,
STU0269,27-06-2024,PRESENT,
STU0053,22-08-2025,PRESENT,
STU0212,30-06-2025,PRESENT,
STU0405,12-01-2026,PRESENT,
STU0260,03-06-2025,PRESENT,
STU0325,15-07-2024,PRESENT,
STU0332,02-06-2025,PRESENT,
STU0094,15-09-2023,LATE,
STU0166,30-11-2023,PRESENT,
STU0425,21-02-2024,PRESENT,
STU0278,12-05-2025,PRESENT,
STU0380,01-10-2024,PRESENT,
STU0303,20-02-2025,PRESENT,
STU0343,01-03-2024,PRESENT,
STU0403,30-10-2025,PRESENT,
STU0185,15-03-2025,PRESENT,
STU0136,03-11-2025,PRESENT,
STU0457,30-09-2024,PRESENT,
STU0477,10-05-2023,PRESENT,
STU0366,10-05-2023,PRESENT,
STU0403,08-01-2026,ABSENT,Sick
STU0275,19-11-2024,PRESENT,
STU0086,14-04-2023,PRESENT,
STU0136,14-04-2025,PRESENT,
STU0033,03-06-2025,PRESENT,
STU0216,02-06-2023,PRESENT,
STU0113,27-06-2024,PRESENT,
STU0055,28-08-2025,PRESENT,
STU0023,20-02-2026,LEAVE,Medical leave
STU0349,02-06-2023,PRESENT,
STU0079,01-03-2024,PRESENT,
STU0207,21-02-2024,PRESENT,
STU0212,23-12-2025,PRESENT,
STU0276,26-09-2024,PRESENT,
STU0064,08-02-2024,PRESENT,
STU0336,30-08-2023,PRESENT,
STU0166,29-01-2024,LEAVE,Medical leave
STU0110,31-07-2024,HALF_DAY,
STU0370,30-08-2023,PRESENT,
STU0241,27-03-2025,PRESENT,
STU0110,06-02-2025,PRESENT,
STU0073,26-11-2024,PRESENT,
STU0147,03-11-2025,LATE,
STU0039,14-06-2025,HALF_DAY,
STU0425,13-02-2024,ABSENT,Sick
STU0254,01-11-2024,LATE,
STU0207,28-03-2025,ABSENT,Family event
STU0274,26-09-2023,PRESENT,
STU0230,19-03-2024,PRESENT,
STU0307,05-09-2025,PRESENT,
STU0186,27-04-2023,PRESENT,
STU0260,09-07-2025,PRESENT,
STU0405,14-07-2025,ABSENT,Not informed
STU0187,28-08-2024,PRESENT,
STU0356,19-06-2023,ABSENT,
STU0041,03-06-2025,ABSENT,Sick
STU0192,26-07-2024,PRESENT,
STU0357,16-05-2024,PRESENT,
STU0186,12-12-2023,PRESENT,
STU0044,11-06-2024,PRESENT,
STU0211,07-06-2023,PRESENT,
STU0039,05-01-2026,LATE,
STU0356,09-12-2023,PRESENT,
STU0212,02-05-2025,PRESENT,
STU0478,22-01-2024,PRESENT,
STU0150,23-12-2025,PRESENT,
STU0392,05-02-2024,HALF_DAY,
STU0166,31-07-2023,PRESENT,
STU0342,11-09-2024,PRESENT,
STU0105,01-07-2024,PRESENT,
STU0094,09-12-2023,PRESENT,
STU0034,31-07-2023,PRESENT,
STU0078,09-11-2023,PRESENT,
STU0272,09-01-2026,PRESENT,
STU0256,16-12-2025,PRESENT,
STU0071,02-01-2026,PRESENT,
STU0269,27-03-2025,PRESENT,
STU0382,13-06-2023,PRESENT,
STU0395,01-11-2024,PRESENT,
STU0395,26-07-2024,PRESENT,
STU0357,15-03-2025,PRESENT,
STU0008,13-06-2023,LATE,
STU0324,29-01-2024,PRESENT,
STU0222,16-05-2024,PRESENT,
STU0187,21-05-2024,PRESENT,
STU0073,02-09-2024,PRESENT,
STU0438,09-12-2023,PRESENT,
STU0230,19-06-2023,PRESENT,
STU0046,10-09-2025,PRESENT,
STU0136,04-06-2025,PRESENT,
STU0486,03-10-2023,PRESENT,
STU0325,01-07-2024,ABSENT,Not informed
STU0067,02-06-2025,PRESENT,
STU0356,26-09-2023,PRESENT,
STU0023,09-07-2025,PRESENT,
STU0073,11-09-2024,PRESENT,
STU0157,01-07-2024,PRESENT,
STU0403,20-06-2025,PRESENT,
STU0457,13-06-2023,ABSENT,Sick
STU0041,23-12-2025,PRESENT,
STU0111,20-04-2023,ABSENT,
STU0493,07-06-2023,PRESENT,
STU0078,02-06-2025,PRESENT,
STU0389,31-07-2024,LEAVE,Family function
STU0361,28-08-2023,ABSENT,Sick
STU0430,03-12-2024,PRESENT,
STU0272,30-04-2025,PRESENT,
STU0476,23-09-2024,PRESENT,
STU0147,24-04-2023,PRESENT,
STU0112,15-07-2024,PRESENT,
STU0274,17-11-2023,LATE,
STU0039,28-08-2025,PRESENT,
STU0110,05-04-2024,PRESENT,
STU0055,10-01-2026,PRESENT,
STU0289,03-02-2026,PRESENT,
STU0272,05-01-2026,PRESENT,
STU0206,27-04-2023,PRESENT,
STU0287,19-02-2026,ABSENT,
STU0008,04-03-2024,HALF_DAY,
STU0061,12-02-2025,PRESENT,
STU0316,09-12-2023,PRESENT,
STU0365,13-06-2023,PRESENT,
STU0432,04-06-2025,PRESENT,
STU0071,12-05-2025,PRESENT,
STU0057,03-10-2023,PRESENT,
STU0324,10-01-2026,PRESENT,
STU0476,28-08-2024,PRESENT,
STU0112,12-02-2025,PRESENT,
STU0112,21-05-2024,LATE,
STU0157,30-09-2024,PRESENT,
STU0242,06-07-2024,PRESENT,
STU0325,11-06-2024,PRESENT,
STU0319,12-04-2024,ABSENT,Not informed
STU0429,03-06-2025,PRESENT,
STU0078,03-06-2023,PRESENT,
STU0187,03-12-2024,HALF_DAY,
STU0078,08-02-2024,PRESENT,
STU0241,21-05-2024,PRESENT,
STU0033,03-11-2025,PRESENT,
STU0389,01-10-2024,PRESENT,
STU0078,12-05-2025,PRESENT,
STU0418,03-06-2023,PRESENT,
STU0493,19-12-2023,PRESENT,
STU0022,19-03-2024,ABSENT,Family event
STU0100,12-02-2026,PRESENT,
STU0186,10-05-2023,PRESENT,
STU0429,14-04-2025,PRESENT,
STU0365,27-04-2023,PRESENT,
STU0287,02-02-2026,PRESENT,
STU0456,02-11-2024,PRESENT,
STU0208,06-02-2025,ABSENT,Family event
STU0180,17-11-2023,PRESENT,
STU0010,03-12-2024,PRESENT,
STU0298,03-06-2023,PRESENT,
STU0365,06-09-2023,PRESENT,
STU0150,30-04-2025,PRESENT,
STU0256,14-06-2025,LEAVE,Family function
STU0147,20-04-2023,HALF_DAY,
STU0392,15-03-2024,PRESENT,
STU0188,03-06-2025,PRESENT,
STU0180,26-09-2023,PRESENT,
STU0430,27-06-2024,PRESENT,
STU0380,15-07-2024,PRESENT,
STU0186,24-04-2023,PRESENT,
STU0380,19-04-2025,PRESENT,
STU0067,30-10-2025,PRESENT,
STU0073,08-03-2025,PRESENT,
STU0278,04-06-2025,HALF_DAY,
STU0206,30-11-2023,LATE,
STU0380,19-02-2026,ABSENT,Not informed
STU0336,09-07-2025,PRESENT,
STU0366,17-07-2023,HALF_DAY,
STU0187,01-07-2024,PRESENT,
STU0033,23-08-2025,PRESENT,
STU0211,20-02-2026,PRESENT,
STU0319,18-06-2024,PRESENT,
STU0216,28-08-2023,PRESENT,
STU0357,24-06-2023,PRESENT,
STU0366,26-09-2023,ABSENT,Not informed
STU0185,15-10-2024,PRESENT,
STU0269,21-05-2024,ABSENT,Sick
STU0246,22-08-2025,PRESENT,
STU0113,02-11-2024,PRESENT,
STU0269,12-04-2024,PRESENT,
STU0211,18-06-2024,PRESENT,
STU0071,30-06-2025,PRESENT,
STU0324,05-09-2025,PRESENT,
STU0162,27-03-2025,HALF_DAY,
STU0272,23-12-2025,PRESENT,
STU0126,19-11-2024,PRESENT,
STU0342,04-07-2024,PRESENT,
STU0429,28-08-2025,PRESENT,
STU0111,26-09-2024,ABSENT,
STU0126,26-07-2024,PRESENT,
STU0112,16-05-2024,PRESENT,
STU0110,23-09-2024,HALF_DAY,
STU0336,13-06-2023,PRESENT,
STU0211,19-06-2023,HALF_DAY,
STU0094,27-04-2023,PRESENT,
STU0100,02-05-2025,PRESENT,
STU0057,27-04-2023,PRESENT,
STU0071,16-04-2025,PRESENT,
STU0405,19-02-2026,PRESENT,
STU0136,22-11-2025,PRESENT,
STU0052,07-06-2023,PRESENT,
STU0180,28-08-2023,PRESENT,
STU0389,30-07-2024,PRESENT,
STU0336,01-03-2024,PRESENT,
STU0061,11-06-2024,LATE,
STU0078,04-06-2025,PRESENT,
STU0157,18-06-2024,PRESENT,
STU0349,17-11-2023,ABSENT,Not informed
STU0067,10-09-2025,PRESENT,
STU0136,14-07-2025,LATE,
STU0298,22-06-2023,PRESENT,
STU0276,04-07-2024,PRESENT,
STU0336,22-08-2025,PRESENT,
STU0286,10-09-2025,PRESENT,
STU0055,19-04-2025,PRESENT,
STU0147,04-06-2025,PRESENT,
STU0022,12-03-2024,PRESENT,
STU0230,10-05-2023,PRESENT,
STU0392,14-04-2023,PRESENT,
STU0307,10-09-2025,PRESENT,
STU0147,10-05-2023,PRESENT,
STU0105,15-03-2025,PRESENT,
STU0493,15-09-2023,PRESENT,
STU0207,20-02-2025,ABSENT,Family event
STU0147,02-06-2023,PRESENT,
STU0493,03-10-2023,ABSENT,
STU0180,10-05-2023,PRESENT,
STU0022,29-01-2024,PRESENT,
STU0147,02-06-2025,PRESENT,
STU0230,03-06-2023,PRESENT,
STU0298,15-09-2023,PRESENT,
STU0347,04-03-2024,PRESENT,
STU0057,19-03-2024,HALF_DAY,
STU0150,12-01-2026,PRESENT,
STU0254,28-03-2025,PRESENT,
STU0209,03-06-2025,PRESENT,
STU0094,24-04-2023,LEAVE,
STU0365,15-09-2023,PRESENT,
STU0478,31-07-2023,PRESENT,
STU0046,23-08-2025,PRESENT,
STU0057,06-09-2023,PRESENT,
STU0241,02-07-2024,PRESENT,
STU0332,12-05-2025,ABSENT,
STU0287,08-01-2026,LATE,
STU0349,01-02-2024,PRESENT,
STU0338,15-03-2025,PRESENT,
STU0033,14-04-2025,PRESENT,
STU0477,13-02-2024,PRESENT,
STU0073,05-08-2024,LEAVE,Family function
STU0055,12-01-2026,ABSENT,Sick
STU0211,19-04-2025,PRESENT,
STU0418,24-06-2023,PRESENT,
STU0275,01-07-2024,ABSENT,Sick
STU0143,01-08-2024,PRESENT,
STU0016,31-07-2024,PRESENT,
STU0157,01-11-2024,PRESENT,
STU0256,30-06-2025,ABSENT,Family event
STU0140,29-01-2024,PRESENT,
STU0457,17-07-2023,HALF_DAY,
STU0064,14-04-2023,PRESENT,
STU0380,10-01-2026,PRESENT,
STU0485,13-06-2023,PRESENT,
STU0041,20-06-2025,PRESENT,
STU0195,23-06-2025,PRESENT,
STU0041,02-02-2026,LEAVE,Medical leave
STU0478,10-05-2023,PRESENT,
STU0316,08-02-2024,PRESENT,
STU0188,23-06-2025,PRESENT,
STU0212,19-04-2025,PRESENT,
STU0157,15-07-2024,PRESENT,
STU0186,21-02-2024,PRESENT,
STU0311,09-01-2026,PRESENT,
STU0071,30-10-2025,PRESENT,
STU0016,23-09-2024,PRESENT,
STU0336,12-01-2026,PRESENT,
STU0425,09-12-2023,PRESENT,
STU0022,08-02-2024,ABSENT,
STU0185,15-07-2024,PRESENT,
STU0405,10-01-2026,PRESENT,
STU0276,30-09-2024,PRESENT,
STU0338,12-02-2025,PRESENT,
STU0111,28-08-2024,PRESENT,
STU0111,01-03-2024,PRESENT,
STU0216,23-12-2025,PRESENT,
STU0052,13-02-2024,PRESENT,
STU0010,06-02-2025,PRESENT,
STU0188,19-04-2025,PRESENT,
STU0034,09-11-2023,PRESENT,
STU0067,23-08-2025,PRESENT,
STU0111,31-07-2024,PRESENT,
STU0111,28-03-2025,PRESENT,
STU0338,27-06-2024,PRESENT,
STU0140,02-06-2023,PRESENT,
STU0241,30-07-2024,PRESENT,
STU0066,12-02-2025,ABSENT,Sick
STU0046,09-01-2026,ABSENT,Sick
STU0044,08-03-2025,PRESENT,
STU0188,08-12-2025,PRESENT,
STU0057,14-04-2023,PRESENT,
STU0361,09-12-2023,HALF_DAY,
STU0150,14-07-2025,PRESENT,
STU0332,23-06-2025,PRESENT,
STU0342,23-09-2024,PRESENT,
STU0476,11-09-2024,LATE,
STU0457,30-11-2023,LEAVE,
STU0046,12-05-2025,PRESENT,
STU0034,27-04-2023,ABSENT,Not informed
STU0053,30-10-2025,PRESENT,
STU0336,03-10-2023,PRESENT,
STU0016,12-04-2024,PRESENT,
STU0010,01-10-2024,PRESENT,
STU0008,22-06-2023,LATE,
STU0254,27-06-2024,PRESENT,
STU0052,08-07-2023,PRESENT,
STU0140,30-11-2023,PRESENT,
STU0343,03-10-2023,PRESENT,
STU0041,12-01-2026,LATE,
STU0188,14-07-2025,PRESENT,
STU0430,12-02-2026,PRESENT,
STU0242,12-04-2024,PRESENT,
STU0430,02-05-2025,PRESENT,
STU0380,02-01-2026,PRESENT,
STU0336,23-08-2025,PRESENT,
STU0222,28-08-2024,PRESENT,
STU0324,15-09-2023,PRESENT,
STU0450,15-09-2023,LATE,
STU0033,10-09-2025,PRESENT,
STU0342,02-09-2024,PRESENT,
STU0395,02-09-2024,PRESENT,
STU0112,01-10-2024,PRESENT,
STU0211,14-04-2025,PRESENT,
STU0216,05-01-2026,PRESENT,
STU0246,02-06-2025,ABSENT,
STU0192,28-03-2025,PRESENT,
STU0380,20-06-2025,ABSENT,
STU0053,08-01-2026,ABSENT,
STU0365,08-07-2023,PRESENT,
STU0033,04-06-2025,PRESENT,
STU0457,02-09-2024,PRESENT,
STU0325,30-09-2024,PRESENT,
STU0241,15-03-2025,PRESENT,
STU0041,08-12-2025,ABSENT,Not informed
STU0429,12-05-2025,PRESENT,
STU0195,22-11-2025,PRESENT,
STU0491,01-03-2024,PRESENT,
STU0485,22-01-2024,PRESENT,
STU0485,06-09-2023,HALF_DAY,
STU0055,05-09-2025,ABSENT,Sick
STU0392,06-01-2024,ABSENT,Not informed
STU0343,21-02-2024,PRESENT,
STU0034,17-11-2023,PRESENT,
STU0208,26-11-2024,PRESENT,
STU0325,17-08-2024,PRESENT,
STU0195,16-04-2025,PRESENT,
STU0509,01-02-2024,PRESENT,
STU0276,12-04-2024,PRESENT,
STU0476,16-05-2024,PRESENT,
STU0053,22-11-2025,PRESENT,
STU0457,05-02-2024,PRESENT,
STU0053,02-05-2025,PRESENT,
STU0258,13-06-2023,PRESENT,
STU0066,06-02-2025,PRESENT,
STU0105,12-02-2025,PRESENT,
STU0276,18-06-2024,PRESENT,
STU0073,16-05-2024,PRESENT,
STU0008,29-01-2024,PRESENT,
STU0274,17-07-2023,LATE,
STU0188,10-01-2026,PRESENT,
STU0208,31-07-2024,PRESENT,
STU0366,07-06-2023,ABSENT,Not informed
STU0026,04-07-2024,PRESENT,
STU0143,20-02-2025,PRESENT,
STU0319,16-05-2024,PRESENT,
STU0209,05-01-2026,PRESENT,
STU0457,02-11-2024,PRESENT,
STU0338,18-06-2024,PRESENT,
STU0125,04-07-2024,PRESENT,
STU0186,30-08-2023,PRESENT,
STU0357,05-08-2024,PRESENT,
STU0324,29-10-2025,PRESENT,
STU0278,14-04-2025,PRESENT,
STU0270,30-07-2024,PRESENT,
STU0212,03-06-2025,PRESENT,
STU0112,26-07-2024,PRESENT,
STU0256,02-02-2026,PRESENT,
STU0336,30-10-2025,LEAVE,
STU0254,10-12-2024,PRESENT,
STU0143,30-09-2024,PRESENT,
STU0332,08-01-2026,PRESENT,
STU0303,05-08-2024,PRESENT,
STU0486,22-01-2024,PRESENT,
STU0307,14-07-2025,PRESENT,
STU0010,27-03-2025,PRESENT,
STU0356,28-08-2023,PRESENT,
STU0067,13-01-2026,PRESENT,
STU0078,28-08-2025,PRESENT,
STU0276,16-05-2024,PRESENT,
STU0110,16-05-2024,PRESENT,
STU0207,06-01-2024,PRESENT,
STU0105,16-05-2024,PRESENT,
STU0041,14-07-2025,ABSENT,Not informed
STU0216,12-04-2025,PRESENT,
STU0278,13-01-2026,PRESENT,
STU0450,15-03-2024,HALF_DAY,
STU0113,30-07-2024,PRESENT,
STU0041,14-04-2025,PRESENT,
STU0403,23-12-2025,PRESENT,
STU0111,27-06-2024,PRESENT,
STU0242,26-09-2024,PRESENT,
STU0033,13-01-2026,PRESENT,
STU0347,30-08-2023,ABSENT,Not informed
STU0485,08-02-2024,PRESENT,
STU0405,14-06-2025,PRESENT,
STU0325,16-05-2024,PRESENT,
STU0254,06-07-2024,PRESENT,
STU0053,09-01-2026,PRESENT,
STU0071,20-02-2026,PRESENT,
STU0349,14-04-2023,LATE,
STU0336,09-11-2023,PRESENT,
STU0324,10-05-2023,PRESENT,
STU0094,15-03-2024,PRESENT,
STU0425,27-04-2023,PRESENT,
STU0078,13-02-2024,LEAVE,Family function
STU0026,28-03-2025,PRESENT,
STU0140,09-11-2023,PRESENT,
STU0188,05-09-2025,PRESENT,
STU0010,02-09-2024,PRESENT,
STU0476,19-11-2024,PRESENT,
STU0347,12-12-2023,PRESENT,
STU0112,05-08-2024,PRESENT,
STU0079,10-05-2023,PRESENT,
STU0357,17-08-2024,PRESENT,
STU0150,19-04-2025,PRESENT,
STU0157,02-09-2024,PRESENT,
STU0380,16-12-2025,PRESENT,
STU0111,15-09-2023,PRESENT,
STU0113,16-05-2024,PRESENT,
STU0071,12-04-2025,PRESENT,
STU0307,28-08-2025,PRESENT,
STU0052,17-11-2023,PRESENT,
STU0478,22-06-2023,PRESENT,
STU0450,07-06-2023,PRESENT,
STU0452,26-11-2024,PRESENT,
STU0461,03-12-2024,HALF_DAY,
STU0303,11-06-2024,PRESENT,
STU0192,30-09-2024,PRESENT,
STU0342,27-03-2025,PRESENT,
STU0136,30-10-2025,PRESENT,
STU0366,15-03-2024,ABSENT,Not informed
STU0185,06-02-2025,ABSENT,Not informed
STU0073,01-10-2024,PRESENT,
STU0365,02-06-2023,PRESENT,
STU0357,27-03-2025,HALF_DAY,
STU0136,02-02-2026,PRESENT,
STU0100,09-01-2026,HALF_DAY,
STU0207,10-12-2024,PRESENT,
STU0357,01-07-2024,LATE,
STU0260,03-11-2025,ABSENT,Not informed
STU0064,22-06-2023,PRESENT,
STU0212,22-08-2025,PRESENT,
STU0343,09-12-2023,PRESENT,
STU0457,01-02-2024,PRESENT,
STU0185,05-08-2024,PRESENT,
STU0152,20-06-2025,PRESENT,
STU0039,04-06-2025,LATE,
STU0143,11-09-2024,PRESENT,
STU0392,03-10-2023,PRESENT,
STU0057,12-03-2024,PRESENT,
STU0207,11-06-2024,PRESENT,
STU0478,03-10-2023,PRESENT,
STU0270,23-09-2024,LATE,
STU0211,27-06-2024,PRESENT,
STU0073,12-02-2025,PRESENT,
STU0278,09-07-2025,PRESENT,
STU0272,20-02-2026,PRESENT,
STU0067,12-04-2025,ABSENT,Not informed
STU0342,16-05-2024,PRESENT,
STU0380,03-02-2026,PRESENT,
STU0046,28-08-2025,LEAVE,Family function
STU0147,10-01-2026,PRESENT,
STU0380,14-04-2025,ABSENT,Not informed
STU0208,02-11-2024,PRESENT,
STU0039,03-06-2025,PRESENT,
STU0055,10-09-2025,PRESENT,
STU0438,12-03-2024,HALF_DAY,
STU0356,27-04-2023,PRESENT,
STU0429,08-01-2026,LATE,
STU0274,14-04-2023,PRESENT,
STU0491,15-03-2024,PRESENT,
STU0476,30-07-2024,PRESENT,
STU0222,30-09-2024,PRESENT,
STU0357,17-07-2023,PRESENT,
STU0216,30-10-2025,PRESENT,
STU0270,12-04-2024,PRESENT,
STU0052,06-01-2024,PRESENT,
STU0207,05-02-2024,PRESENT,
STU0162,15-10-2024,PRESENT,
STU0509,26-09-2023,PRESENT,
STU0057,26-09-2023,PRESENT,
STU0192,26-11-2024,PRESENT,
STU0242,08-03-2025,PRESENT,
STU0046,14-04-2025,PRESENT,
STU0067,10-01-2026,PRESENT,
STU0157,12-02-2025,PRESENT,
STU0476,27-03-2025,PRESENT,
STU0195,12-01-2026,PRESENT,
STU0316,24-06-2023,PRESENT,
STU0094,04-03-2024,PRESENT,
STU0207,01-03-2024,PRESENT,
STU0269,29-05-2024,PRESENT,
STU0382,28-08-2023,PRESENT,
STU0357,30-08-2023,PRESENT,
STU0136,12-04-2025,PRESENT,
STU0147,07-06-2023,HALF_DAY,
STU0211,28-08-2025,PRESENT,
STU0110,27-03-2025,PRESENT,
STU0211,17-11-2023,PRESENT,
STU0192,05-04-2024,LATE,
STU0342,31-07-2024,PRESENT,
STU0405,03-02-2026,PRESENT,
STU0110,28-03-2025,ABSENT,Sick
STU0365,19-03-2024,LEAVE,Family function
STU0366,12-12-2023,PRESENT,
STU0287,02-05-2025,PRESENT,
STU0432,20-02-2026,PRESENT,
STU0078,09-07-2025,PRESENT,
STU0418,22-06-2023,PRESENT,
STU0303,27-03-2025,PRESENT,
STU0216,19-04-2025,PRESENT,
STU0157,06-07-2024,ABSENT,Sick
STU0382,19-06-2023,HALF_DAY,
STU0064,01-02-2024,ABSENT,Family event
STU0476,29-05-2024,PRESENT,
STU0209,02-05-2025,ABSENT,Not informed
STU0450,05-02-2024,PRESENT,
STU0349,15-09-2023,ABSENT,
STU0361,30-11-2023,PRESENT,
STU0186,03-06-2023,PRESENT,
STU0061,15-10-2024,PRESENT,
STU0392,08-07-2023,LATE,
STU0192,31-07-2024,ABSENT,Not informed
STU0071,10-09-2025,PRESENT,
STU0055,02-06-2025,PRESENT,
STU0347,01-02-2024,PRESENT,
STU0307,04-06-2025,PRESENT,
STU0336,02-02-2026,PRESENT,
STU0403,03-11-2025,PRESENT,
STU0192,15-03-2025,PRESENT,
STU0125,17-08-2024,PRESENT,
STU0347,29-01-2024,PRESENT,
STU0147,09-12-2023,LATE,
STU0485,05-02-2024,PRESENT,
STU0066,05-08-2024,LATE,
STU0033,19-02-2026,ABSENT,Not informed
STU0055,22-11-2025,PRESENT,
STU0147,12-01-2026,PRESENT,
STU0034,17-07-2023,PRESENT,
STU0143,15-07-2024,PRESENT,
STU0064,03-10-2023,PRESENT,
STU0152,23-12-2025,PRESENT,
STU0067,19-04-2025,PRESENT,
STU0152,09-01-2026,PRESENT,
STU0207,18-06-2024,LATE,
STU0147,28-08-2023,ABSENT,Sick
STU0366,14-04-2023,PRESENT,
STU0207,26-11-2024,ABSENT,Sick
STU0055,22-08-2025,PRESENT,
STU0342,28-08-2024,PRESENT,
STU0216,12-05-2025,PRESENT,
STU0242,17-08-2024,PRESENT,
STU0152,02-06-2025,PRESENT,
STU0336,14-06-2025,PRESENT,
STU0147,12-03-2024,PRESENT,
STU0246,09-01-2026,PRESENT,
STU0241,26-09-2024,PRESENT,
STU0486,09-12-2023,PRESENT,
STU0207,30-07-2024,PRESENT,
STU0287,14-06-2025,PRESENT,
STU0052,13-06-2023,PRESENT,
STU0241,01-07-2024,PRESENT,
STU0392,15-09-2023,PRESENT,
STU0450,24-06-2023,PRESENT,
STU0230,24-06-2023,ABSENT,Not informed
STU0366,15-09-2023,PRESENT,
STU0073,15-10-2024,PRESENT,
STU0405,02-05-2025,PRESENT,
STU0230,14-04-2023,PRESENT,
STU0349,29-01-2024,PRESENT,
STU0053,19-02-2026,LATE,
STU0207,26-09-2023,PRESENT,
STU0336,22-01-2024,PRESENT,
STU0101,30-07-2024,LEAVE,Family function
STU0222,17-08-2024,PRESENT,
STU0429,30-06-2025,PRESENT,
STU0343,06-01-2024,LATE,
STU0254,28-08-2024,PRESENT,
STU0361,13-06-2023,PRESENT,
STU0242,29-05-2024,PRESENT,
STU0342,05-04-2024,PRESENT,
STU0010,02-07-2024,LATE,
STU0010,01-07-2024,PRESENT,
STU0022,17-11-2023,PRESENT,
STU0026,26-11-2024,PRESENT,
STU0380,14-07-2025,PRESENT,
STU0450,27-04-2023,PRESENT,
STU0073,29-05-2024,PRESENT,
STU0405,19-04-2025,PRESENT,
STU0111,31-07-2023,PRESENT,
STU0390,27-06-2024,PRESENT,
STU0272,20-06-2025,PRESENT,
STU0382,02-06-2023,ABSENT,Sick
STU0287,10-01-2026,PRESENT,
STU0256,12-02-2026,HALF_DAY,
STU0078,13-01-2026,PRESENT,
STU0380,20-02-2026,PRESENT,
STU0457,08-03-2025,PRESENT,
STU0390,02-09-2024,ABSENT,Sick
STU0357,08-02-2024,PRESENT,
STU0110,02-07-2024,ABSENT,Not informed
STU0052,15-03-2024,LEAVE,
STU0365,15-03-2024,PRESENT,
STU0079,13-06-2023,HALF_DAY,
STU0275,23-09-2024,PRESENT,
STU0152,16-12-2025,PRESENT,
STU0307,29-10-2025,PRESENT,
STU0101,01-11-2024,PRESENT,
STU0008,03-06-2023,PRESENT,
STU0010,11-06-2024,PRESENT,
STU0380,01-08-2024,PRESENT,
STU0450,09-12-2023,PRESENT,
STU0429,09-07-2025,PRESENT,
STU0113,19-11-2024,PRESENT,
STU0457,17-11-2023,LATE,
STU0298,01-03-2024,ABSENT,Sick
STU0046,23-06-2025,PRESENT,
STU0078,19-12-2023,PRESENT,
STU0357,19-12-2023,PRESENT,
STU0211,03-06-2023,PRESENT,
STU0066,11-09-2024,PRESENT,
STU0370,20-04-2023,PRESENT,
STU0357,29-01-2024,HALF_DAY,
STU0319,17-08-2024,PRESENT,
STU0457,22-06-2023,HALF_DAY,
STU0347,09-12-2023,PRESENT,
STU0476,21-05-2024,LATE,
STU0338,03-12-2024,HALF_DAY,
STU0370,05-02-2024,ABSENT,Family event
STU0186,02-06-2023,PRESENT,
STU0452,31-07-2024,PRESENT,
STU0111,12-03-2024,PRESENT,
STU0101,28-03-2025,LATE,
STU0241,06-07-2024,PRESENT,
STU0370,24-04-2023,PRESENT,
STU0041,04-06-2025,PRESENT,
STU0276,26-11-2024,PRESENT,
STU0023,12-02-2026,PRESENT,
STU0307,02-05-2025,HALF_DAY,
STU0429,03-11-2025,PRESENT,
STU0270,30-09-2024,PRESENT,
STU0217,19-02-2026,PRESENT,
STU0136,03-06-2025,PRESENT,
STU0211,03-12-2024,PRESENT,
STU0324,14-07-2025,PRESENT,
STU0110,10-12-2024,PRESENT,
STU0338,10-12-2024,PRESENT,
STU0256,13-01-2026,LATE,
STU0347,08-02-2024,PRESENT,
STU0276,02-09-2024,LATE,
STU0486,19-12-2023,PRESENT,
STU0389,05-04-2024,PRESENT,
STU0147,16-12-2025,PRESENT,
STU0319,02-09-2024,PRESENT,
STU0430,12-04-2025,PRESENT,
STU0366,30-08-2023,PRESENT,
STU0274,19-12-2023,PRESENT,
STU0211,03-10-2023,PRESENT,
STU0078,12-12-2023,PRESENT,
STU0509,19-12-2023,PRESENT,
STU0067,14-04-2025,PRESENT,
STU0357,14-04-2023,PRESENT,
STU0260,16-12-2025,LEAVE,Family function
STU0477,30-08-2023,ABSENT,Family event
STU0347,17-11-2023,PRESENT,
STU0370,04-03-2024,LEAVE,Family function
STU0211,01-08-2024,ABSENT,Sick
STU0207,12-02-2025,PRESENT,
STU0425,15-03-2024,PRESENT,
STU0289,04-06-2025,PRESENT,
STU0307,30-06-2025,PRESENT,
STU0278,16-12-2025,PRESENT,
STU0418,01-02-2024,PRESENT,
STU0275,11-09-2024,PRESENT,
STU0052,03-06-2023,PRESENT,
STU0064,08-07-2023,PRESENT,
STU0382,22-01-2024,PRESENT,
STU0079,12-12-2023,PRESENT,
STU0276,28-03-2025,ABSENT,
STU0286,20-02-2026,LATE,
STU0395,03-12-2024,PRESENT,
STU0242,27-03-2025,HALF_DAY,
STU0361,24-04-2023,PRESENT,
STU0057,04-03-2024,PRESENT,
STU0430,22-11-2025,PRESENT,
STU0022,24-04-2023,PRESENT,
STU0055,09-07-2025,PRESENT,
STU0086,13-02-2024,ABSENT,Family event
STU0311,19-04-2025,PRESENT,
STU0486,26-09-2023,ABSENT,
STU0274,02-06-2023,PRESENT,
STU0064,09-12-2023,PRESENT,
STU0052,27-04-2023,PRESENT,
STU0192,06-07-2024,HALF_DAY,
STU0390,05-04-2024,PRESENT,
STU0365,05-02-2024,PRESENT,
STU0101,08-03-2025,PRESENT,
STU0256,16-04-2025,PRESENT,
STU0112,31-07-2024,PRESENT,
STU0425,01-03-2024,PRESENT,
STU0438,08-07-2023,PRESENT,
STU0094,12-12-2023,PRESENT,
STU0101,11-06-2024,PRESENT,
STU0195,20-02-2026,PRESENT,
STU0456,12-04-2024,PRESENT,
STU0241,05-04-2024,PRESENT,
STU0166,04-03-2024,PRESENT,
STU0316,17-07-2023,ABSENT,
STU0078,08-01-2026,PRESENT,
STU0509,30-11-2023,PRESENT,
STU0356,17-07-2023,PRESENT,
STU0039,20-06-2025,PRESENT,
STU0276,10-12-2024,PRESENT,
STU0241,16-05-2024,PRESENT,
STU0275,12-04-2024,PRESENT,
STU0342,27-06-2024,ABSENT,
STU0476,01-08-2024,PRESENT,
STU0057,20-04-2023,PRESENT,
STU0432,08-01-2026,PRESENT,
STU0211,16-05-2024,HALF_DAY,
STU0324,01-02-2024,PRESENT,
STU0382,08-07-2023,PRESENT,
STU0066,28-03-2025,PRESENT,
STU0336,30-06-2025,PRESENT,
STU0324,30-06-2025,PRESENT,
STU0053,02-06-2025,ABSENT,Sick
STU0361,12-03-2024,PRESENT,
STU0392,10-05-2023,PRESENT,
STU0207,13-06-2023,PRESENT,
STU0342,05-08-2024,PRESENT,
STU0055,04-06-2025,PRESENT,
STU0461,28-08-2024,PRESENT,
STU0457,22-01-2024,PRESENT,
STU0395,31-07-2024,PRESENT,
STU0380,29-10-2025,PRESENT,
STU0208,11-09-2024,ABSENT,Not informed
STU0260,12-05-2025,PRESENT,
STU0366,05-02-2024,PRESENT,
STU0380,26-09-2024,ABSENT,Sick
STU0066,18-06-2024,PRESENT,
STU0188,20-06-2025,PRESENT,
STU0208,15-10-2024,PRESENT,
STU0476,01-11-2024,PRESENT,
STU0258,08-07-2023,LEAVE,
STU0034,20-04-2023,PRESENT,
STU0241,10-12-2024,PRESENT,
STU0287,23-06-2025,ABSENT,
STU0366,20-04-2023,PRESENT,
STU0057,24-04-2023,PRESENT,
STU0055,12-04-2025,PRESENT,
STU0370,19-12-2023,PRESENT,
STU0111,28-08-2023,PRESENT,
STU0289,20-06-2025,PRESENT,
STU0222,01-10-2024,PRESENT,
STU0110,05-08-2024,PRESENT,
STU0456,05-04-2024,PRESENT,
STU0067,08-01-2026,PRESENT,
STU0478,12-03-2024,PRESENT,
STU0477,19-12-2023,PRESENT,
STU0370,15-09-2023,ABSENT,
STU0136,02-06-2025,PRESENT,
STU0493,06-09-2023,PRESENT,
STU0008,10-05-2023,PRESENT,
STU0269,02-11-2024,PRESENT,
STU0241,27-06-2024,LATE,
STU0478,17-11-2023,PRESENT,
STU0367,20-06-2025,PRESENT,
STU0246,08-01-2026,PRESENT,
STU0438,22-01-2024,PRESENT,
STU0343,08-07-2023,ABSENT,
STU0338,21-05-2024,PRESENT,
STU0325,15-03-2025,PRESENT,
STU0457,01-07-2024,PRESENT,
STU0147,12-02-2026,PRESENT,
STU0185,30-07-2024,PRESENT,
STU0389,12-04-2024,PRESENT,
STU0061,04-07-2024,PRESENT,
STU0022,26-09-2023,HALF_DAY,
STU0493,14-04-2023,PRESENT,
STU0078,03-02-2026,PRESENT,
STU0325,11-09-2024,PRESENT,
STU0338,27-03-2025,PRESENT,
STU0430,14-04-2025,PRESENT,
STU0270,10-12-2024,PRESENT,
STU0260,12-04-2025,PRESENT,
STU0125,01-10-2024,PRESENT,
STU0403,13-01-2026,PRESENT,
STU0216,03-06-2025,PRESENT,
STU0274,19-06-2023,PRESENT,
STU0392,13-02-2024,PRESENT,
STU0152,02-01-2026,PRESENT,
STU0457,29-05-2024,LATE,
STU0429,14-06-2025,PRESENT,
STU0270,20-02-2025,PRESENT,
STU0254,26-11-2024,PRESENT,
STU0258,03-10-2023,HALF_DAY,
STU0418,21-02-2024,PRESENT,
STU0347,17-07-2023,PRESENT,
STU0010,15-03-2025,PRESENT,
STU0430,29-10-2025,PRESENT,
STU0111,02-06-2023,PRESENT,
STU0286,16-04-2025,HALF_DAY,
STU0209,02-02-2026,PRESENT,
STU0486,09-11-2023,PRESENT,
STU0008,19-03-2024,PRESENT,
STU0493,02-06-2023,PRESENT,
STU0260,10-01-2026,ABSENT,Sick
STU0026,03-12-2024,PRESENT,
STU0044,01-07-2024,PRESENT,
STU0418,06-09-2023,ABSENT,
STU0125,26-11-2024,ABSENT,Family event
STU0078,01-02-2024,PRESENT,
STU0086,03-06-2023,PRESENT,
STU0113,05-04-2024,PRESENT,
STU0052,15-09-2023,PRESENT,
STU0046,05-09-2025,LATE,
STU0216,09-07-2025,PRESENT,
STU0319,30-07-2024,PRESENT,
STU0073,15-03-2025,PRESENT,
STU0086,08-02-2024,PRESENT,
STU0509,06-09-2023,PRESENT,
STU0380,23-12-2025,LATE,
STU0057,01-02-2024,PRESENT,
STU0086,02-06-2023,ABSENT,Family event
STU0278,03-06-2025,LEAVE,Medical leave
STU0430,01-10-2024,PRESENT,
STU0212,29-10-2025,PRESENT,
STU0241,30-09-2024,PRESENT,
STU0180,27-04-2023,PRESENT,
STU0152,05-09-2025,PRESENT,
STU0430,08-12-2025,PRESENT,
STU0461,02-09-2024,PRESENT,
STU0216,10-05-2023,PRESENT,
STU0078,20-02-2026,PRESENT,
STU0269,31-07-2024,PRESENT,
STU0432,03-11-2025,PRESENT,
STU0023,23-12-2025,LEAVE,
STU0389,15-10-2024,ABSENT,
STU0336,03-06-2023,PRESENT,
STU0389,27-06-2024,PRESENT,
STU0209,20-02-2026,PRESENT,
STU0289,02-05-2025,PRESENT,
STU0450,06-09-2023,LATE,
STU0366,17-11-2023,PRESENT,
STU0289,14-06-2025,PRESENT,
STU0256,08-12-2025,PRESENT,
STU0258,19-03-2024,PRESENT,
STU0298,30-11-2023,LATE,
STU0392,24-04-2023,PRESENT,
STU0336,20-04-2023,PRESENT,
STU0162,01-11-2024,PRESENT,
STU0208,15-07-2024,PRESENT,
STU0380,17-08-2024,PRESENT,
STU0209,08-01-2026,PRESENT,
STU0112,02-07-2024,ABSENT,
STU0195,09-07-2025,LATE,
STU0269,11-06-2024,PRESENT,
STU0286,08-01-2026,PRESENT,
STU0324,09-07-2025,PRESENT,
STU0275,20-02-2025,PRESENT,
STU0166,19-12-2023,PRESENT,
STU0347,15-03-2024,PRESENT,
STU0126,15-10-2024,PRESENT,
STU0493,30-08-2023,PRESENT,
STU0111,30-11-2023,PRESENT,
STU0192,27-06-2024,PRESENT,
STU0486,06-01-2024,ABSENT,Not informed
STU0186,09-11-2023,PRESENT,
STU0206,22-01-2024,PRESENT,
STU0430,10-12-2024,LATE,
STU0307,23-12-2025,PRESENT,
STU0270,15-10-2024,PRESENT,
STU0246,12-01-2026,PRESENT,
STU0111,15-03-2024,PRESENT,
STU0140,19-03-2024,ABSENT,Sick
STU0110,15-10-2024,PRESENT,
STU0044,02-11-2024,PRESENT,
STU0064,07-06-2023,PRESENT,
STU0461,11-09-2024,LATE,
STU0111,05-02-2024,PRESENT,
STU0185,18-06-2024,ABSENT,Family event
STU0026,12-04-2024,PRESENT,
STU0338,15-07-2024,PRESENT,
STU0491,06-01-2024,LATE,
STU0390,01-07-2024,PRESENT,
STU0258,24-04-2023,PRESENT,
STU0456,26-07-2024,PRESENT,
STU0211,01-07-2024,PRESENT,
STU0457,24-06-2023,PRESENT,
STU0053,10-01-2026,PRESENT,
STU0052,19-12-2023,PRESENT,
STU0195,05-09-2025,PRESENT,
STU0476,20-02-2025,PRESENT,
STU0425,31-07-2023,PRESENT,
STU0380,28-08-2024,PRESENT,
STU0347,19-03-2024,PRESENT,
STU0046,29-10-2025,PRESENT,
STU0055,09-01-2026,PRESENT,
STU0212,20-06-2025,PRESENT,
STU0493,12-03-2024,PRESENT,
STU0217,05-09-2025,PRESENT,
STU0073,31-07-2024,PRESENT,
STU0212,03-02-2026,ABSENT,Not informed
STU0274,03-10-2023,PRESENT,
STU0461,11-06-2024,PRESENT,
STU0278,14-06-2025,PRESENT,
STU0349,13-06-2023,PRESENT,
STU0403,28-08-2025,ABSENT,Sick
STU0287,30-04-2025,PRESENT,
STU0389,05-08-2024,PRESENT,
STU0325,06-07-2024,PRESENT,
STU0342,28-03-2025,PRESENT,
STU0269,23-09-2024,PRESENT,
STU0389,01-11-2024,PRESENT,
STU0078,23-12-2025,PRESENT,
STU0125,30-09-2024,PRESENT,
STU0180,19-12-2023,PRESENT,
STU0055,14-04-2025,PRESENT,
STU0380,14-06-2025,PRESENT,
STU0206,15-03-2024,PRESENT,
STU0010,01-11-2024,PRESENT,
STU0100,19-04-2025,PRESENT,
STU0067,02-01-2026,PRESENT,
STU0071,05-09-2025,PRESENT,
STU0456,12-02-2025,ABSENT,Not informed
STU0429,05-09-2025,LATE,
STU0324,28-08-2023,PRESENT,
STU0166,07-06-2023,PRESENT,
STU0403,22-08-2025,PRESENT,
STU0217,10-01-2026,PRESENT,
STU0457,30-08-2023,PRESENT,
STU0343,08-02-2024,PRESENT,
STU0022,05-02-2024,PRESENT,
STU0324,23-12-2025,PRESENT,
STU0258,24-06-2023,PRESENT,
STU0456,31-07-2024,PRESENT,
STU0023,19-02-2026,ABSENT,
STU0324,26-09-2023,PRESENT,
STU0186,19-12-2023,PRESENT,
STU0269,03-12-2024,ABSENT,Not informed
STU0272,02-05-2025,LATE,
STU0491,13-02-2024,PRESENT,
STU0356,07-06-2023,ABSENT,
STU0324,24-06-2023,PRESENT,
STU0143,16-05-2024,PRESENT,
STU0111,14-04-2023,LEAVE,Family function
STU0477,29-01-2024,PRESENT,
STU0461,15-07-2024,ABSENT,
STU0022,12-12-2023,PRESENT,
STU0222,19-11-2024,ABSENT,
STU0230,26-09-2023,PRESENT,
STU0276,27-06-2024,PRESENT,
STU0023,13-01-2026,PRESENT,
STU0166,13-06-2023,PRESENT,
STU0270,27-03-2025,PRESENT,
STU0073,02-11-2024,PRESENT,
STU0111,30-08-2023,PRESENT,
STU0461,06-02-2025,ABSENT,
STU0405,02-06-2025,PRESENT,
STU0022,24-06-2023,PRESENT,
STU0057,08-07-2023,HALF_DAY,
STU0491,01-02-2024,PRESENT,
STU0260,14-06-2025,PRESENT,
STU0216,06-01-2024,PRESENT,
STU0493,21-02-2024,PRESENT,
STU0216,28-08-2025,PRESENT,
STU0336,10-09-2025,ABSENT,Sick
STU0157,01-10-2024,PRESENT,
STU0188,09-07-2025,PRESENT,
STU0485,24-04-2023,PRESENT,
STU0211,10-05-2023,PRESENT,
STU0053,12-02-2026,PRESENT,
STU0147,02-02-2026,PRESENT,
STU0166,19-06-2023,PRESENT,
STU0380,09-01-2026,ABSENT,Sick
STU0061,01-08-2024,PRESENT,
STU0289,20-02-2026,PRESENT,
STU0180,12-12-2023,PRESENT,
STU0206,19-03-2024,ABSENT,
STU0403,22-11-2025,PRESENT,
STU0270,28-03-2025,LATE,
STU0392,26-09-2023,PRESENT,
STU0457,01-03-2024,PRESENT,
STU0152,05-01-2026,PRESENT,
STU0147,17-11-2023,PRESENT,
STU0073,03-12-2024,PRESENT,
STU0166,15-09-2023,PRESENT,
STU0336,12-03-2024,PRESENT,
STU0278,05-09-2025,PRESENT,
STU0039,02-06-2025,PRESENT,
STU0452,26-09-2024,PRESENT,
STU0342,08-03-2025,PRESENT,
STU0485,24-06-2023,PRESENT,
STU0254,31-07-2024,PRESENT,
STU0022,13-02-2024,PRESENT,
STU0343,22-06-2023,PRESENT,
STU0324,30-10-2025,HALF_DAY,
STU0425,24-06-2023,PRESENT,
STU0452,15-10-2024,PRESENT,
STU0113,18-06-2024,PRESENT,
STU0452,30-07-2024,PRESENT,
STU0026,11-06-2024,HALF_DAY,
STU0418,13-02-2024,PRESENT,
STU0457,15-03-2025,PRESENT,
STU0461,17-08-2024,PRESENT,
STU0162,28-03-2025,PRESENT,
STU0425,07-06-2023,PRESENT,
STU0016,11-06-2024,PRESENT,
STU0276,11-09-2024,PRESENT,
STU0207,12-04-2024,PRESENT,
STU0157,04-07-2024,ABSENT,
STU0208,28-03-2025,PRESENT,
STU0078,02-06-2023,LATE,
STU0338,12-04-2024,PRESENT,
STU0325,19-11-2024,PRESENT,
STU0187,02-09-2024,HALF_DAY,
STU0241,28-03-2025,PRESENT,
STU0061,06-02-2025,PRESENT,
STU0478,08-02-2024,PRESENT,
STU0361,30-08-2023,LATE,
STU0311,23-06-2025,PRESENT,
STU0066,26-09-2024,PRESENT,
STU0319,02-07-2024,HALF_DAY,
STU0113,30-09-2024,PRESENT,
STU0216,14-06-2025,ABSENT,
STU0206,24-06-2023,PRESENT,
STU0380,01-11-2024,PRESENT,
STU0418,09-11-2023,PRESENT,
STU0370,01-03-2024,ABSENT,
STU0078,14-04-2023,PRESENT,
STU0365,17-11-2023,PRESENT,
STU0222,02-09-2024,PRESENT,
STU0450,28-08-2023,PRESENT,
STU0432,14-04-2025,PRESENT,
STU0430,15-07-2024,ABSENT,Not informed
STU0370,24-06-2023,PRESENT,
STU0086,09-11-2023,PRESENT,
STU0110,01-11-2024,PRESENT,
STU0008,24-04-2023,PRESENT,
STU0274,22-06-2023,ABSENT,Family event
STU0066,15-07-2024,ABSENT,Sick
STU0212,05-09-2025,PRESENT,
STU0052,30-11-2023,PRESENT,
STU0485,10-05-2023,HALF_DAY,
STU0217,02-01-2026,ABSENT,Sick
STU0429,10-01-2026,PRESENT,
STU0324,12-02-2026,PRESENT,
STU0112,28-08-2024,PRESENT,
STU0186,30-11-2023,PRESENT,
STU0111,15-10-2024,ABSENT,Family event
STU0456,01-07-2024,PRESENT,
STU0053,14-06-2025,LATE,
STU0380,05-01-2026,PRESENT,
STU0147,08-07-2023,ABSENT,Sick
STU0418,07-06-2023,PRESENT,
STU0008,09-11-2023,PRESENT,
STU0485,07-06-2023,PRESENT,
STU0287,12-05-2025,PRESENT,
STU0278,03-02-2026,PRESENT,
STU0033,19-04-2025,PRESENT,
STU0349,20-04-2023,ABSENT,Family event
STU0188,02-02-2026,PRESENT,
STU0392,03-06-2023,PRESENT,
STU0325,02-07-2024,LATE,
STU0078,07-06-2023,PRESENT,
STU0430,02-06-2025,PRESENT,
STU0143,01-10-2024,PRESENT,
STU0307,02-06-2025,PRESENT,
STU0478,30-11-2023,PRESENT,
STU0094,10-05-2023,PRESENT,
STU0078,17-07-2023,PRESENT,
STU0241,12-02-2025,PRESENT,
STU0278,30-06-2025,HALF_DAY,
STU0246,29-10-2025,PRESENT,
STU0509,17-11-2023,PRESENT,
STU0211,16-04-2025,PRESENT,
STU0066,29-05-2024,PRESENT,
STU0278,02-02-2026,PRESENT,
STU0336,02-01-2026,ABSENT,Sick
STU0140,13-02-2024,PRESENT,
STU0418,03-10-2023,PRESENT,
STU0272,22-11-2025,PRESENT,
STU0041,22-08-2025,ABSENT,Not informed
STU0477,12-12-2023,LATE,
STU0046,14-06-2025,PRESENT,
STU0432,02-06-2025,PRESENT,
STU0367,23-08-2025,PRESENT,
STU0286,03-02-2026,PRESENT,
STU0276,11-06-2024,PRESENT,
STU0242,28-08-2024,PRESENT,
STU0370,21-02-2024,PRESENT,
STU0343,28-08-2023,PRESENT,
STU0457,06-09-2023,PRESENT,
STU0357,31-07-2024,PRESENT,
STU0140,17-07-2023,PRESENT,
STU0347,20-04-2023,PRESENT,
STU0111,01-08-2024,PRESENT,
STU0180,02-06-2023,PRESENT,
STU0147,14-06-2025,PRESENT,
STU0478,28-08-2023,PRESENT,
STU0418,01-03-2024,PRESENT,
STU0100,20-06-2025,PRESENT,
STU0023,10-09-2025,PRESENT,
STU0162,01-07-2024,PRESENT,
STU0147,20-06-2025,ABSENT,Sick
STU0242,10-12-2024,PRESENT,
STU0438,10-05-2023,PRESENT,
STU0287,10-09-2025,PRESENT,
STU0450,12-03-2024,PRESENT,
STU0438,28-08-2023,ABSENT,Not informed
STU0311,03-06-2025,PRESENT,
STU0010,18-06-2024,PRESENT,
STU0509,06-01-2024,PRESENT,
STU0493,28-08-2023,PRESENT,
STU0430,03-02-2026,PRESENT,
STU0338,30-07-2024,PRESENT,
STU0034,19-06-2023,PRESENT,
STU0450,14-04-2023,PRESENT,
STU0418,19-06-2023,PRESENT,
STU0046,20-02-2026,PRESENT,
STU0343,26-09-2023,PRESENT,
STU0332,05-09-2025,PRESENT,
STU0430,14-06-2025,ABSENT,Not informed
STU0357,08-03-2025,HALF_DAY,
STU0307,05-01-2026,PRESENT,
STU0207,07-06-2023,PRESENT,
STU0140,03-06-2023,PRESENT,
STU0430,02-11-2024,PRESENT,
STU0395,30-09-2024,PRESENT,
STU0110,26-09-2024,PRESENT,
STU0270,01-08-2024,PRESENT,
STU0258,22-01-2024,PRESENT,
STU0041,03-11-2025,PRESENT,
STU0509,27-04-2023,PRESENT,
STU0039,16-04-2025,LATE,
STU0125,08-03-2025,PRESENT,
STU0260,29-10-2025,PRESENT,
STU0286,20-06-2025,PRESENT,
STU0140,08-02-2024,PRESENT,
STU0216,12-12-2023,ABSENT,
STU0052,04-03-2024,PRESENT,
STU0307,20-02-2026,PRESENT,
STU0457,29-01-2024,PRESENT,
STU0064,05-02-2024,PRESENT,
STU0222,11-09-2024,PRESENT,
STU0286,30-06-2025,PRESENT,
STU0039,09-01-2026,PRESENT,
STU0365,07-06-2023,PRESENT,
STU0370,28-08-2023,PRESENT,
STU0071,29-10-2025,PRESENT,
STU0078,05-09-2025,PRESENT,
STU0370,02-06-2023,ABSENT,Family event
STU0147,03-06-2023,PRESENT,
STU0052,10-05-2023,LATE,
STU0078,10-01-2026,PRESENT,
STU0150,22-08-2025,PRESENT,
STU0055,05-01-2026,LEAVE,
STU0405,05-09-2025,PRESENT,
STU0053,23-06-2025,ABSENT,Family event
STU0044,30-09-2024,PRESENT,
STU0010,19-11-2024,LATE,
STU0278,14-07-2025,HALF_DAY,
STU0461,02-11-2024,ABSENT,
STU0456,06-02-2025,PRESENT,
STU0316,09-11-2023,PRESENT,
STU0230,12-03-2024,PRESENT,
STU0485,15-09-2023,PRESENT,
STU0432,13-01-2026,PRESENT,
STU0289,12-04-2025,PRESENT,
STU0430,06-07-2024,PRESENT,
STU0332,13-01-2026,PRESENT,
STU0361,01-03-2024,PRESENT,
STU0486,13-06-2023,ABSENT,Not informed
STU0390,15-10-2024,PRESENT,
STU0211,03-06-2025,PRESENT,
STU0457,21-05-2024,PRESENT,
STU0212,16-04-2025,PRESENT,
STU0349,24-04-2023,PRESENT,
STU0111,08-02-2024,PRESENT,
STU0272,14-07-2025,PRESENT,
STU0324,17-11-2023,PRESENT,
STU0026,02-09-2024,PRESENT,
STU0026,30-09-2024,PRESENT,
STU0336,03-11-2025,PRESENT,
STU0289,23-06-2025,LATE,
STU0242,21-05-2024,PRESENT,
STU0143,26-07-2024,ABSENT,Family event
STU0289,19-04-2025,PRESENT,
STU0343,12-12-2023,LATE,
STU0046,03-11-2025,ABSENT,Sick
STU0491,17-11-2023,PRESENT,
STU0324,01-03-2024,PRESENT,
STU0192,26-09-2024,LEAVE,
STU0430,26-11-2024,PRESENT,
STU0206,24-04-2023,HALF_DAY,
STU0270,02-11-2024,PRESENT,
STU0207,10-05-2023,PRESENT,
STU0209,09-01-2026,PRESENT,
STU0429,16-04-2025,PRESENT,
STU0342,15-03-2025,PRESENT,
STU0324,02-06-2023,PRESENT,
STU0152,23-08-2025,PRESENT,
STU0274,30-11-2023,PRESENT,
STU0016,15-03-2025,PRESENT,
STU0101,19-11-2024,PRESENT,
STU0425,12-12-2023,PRESENT,
STU0438,14-04-2023,PRESENT,
STU0450,30-08-2023,PRESENT,
STU0367,28-08-2025,PRESENT,
STU0289,23-08-2025,PRESENT,
STU0403,14-07-2025,PRESENT,
STU0357,20-04-2023,PRESENT,
STU0162,23-09-2024,PRESENT,
STU0192,20-02-2025,PRESENT,
STU0140,04-03-2024,PRESENT,
STU0357,19-03-2024,PRESENT,
STU0457,23-09-2024,ABSENT,Sick
STU0274,31-07-2023,LATE,
STU0509,13-02-2024,PRESENT,
STU0319,15-10-2024,PRESENT,
STU0162,11-09-2024,PRESENT,
STU0477,07-06-2023,LATE,
STU0349,19-12-2023,PRESENT,
STU0366,01-03-2024,PRESENT,
STU0456,19-11-2024,PRESENT,
STU0016,29-05-2024,PRESENT,
STU0343,09-11-2023,PRESENT,
STU0325,04-07-2024,LATE,
STU0272,09-07-2025,PRESENT,
STU0241,01-08-2024,PRESENT,
STU0457,28-03-2025,PRESENT,
STU0180,19-06-2023,PRESENT,
STU0275,26-07-2024,LATE,
STU0430,05-09-2025,PRESENT,
STU0126,08-03-2025,PRESENT,
STU0478,04-03-2024,PRESENT,
STU0207,13-02-2024,PRESENT,
STU0110,21-05-2024,PRESENT,
STU0456,28-08-2024,PRESENT,
STU0343,17-11-2023,PRESENT,
STU0105,26-09-2024,PRESENT,
STU0457,13-02-2024,PRESENT,
STU0438,15-09-2023,PRESENT,
STU0111,01-10-2024,PRESENT,
STU0222,29-05-2024,PRESENT,
STU0325,29-05-2024,PRESENT,
STU0336,15-09-2023,PRESENT,
STU0111,27-03-2025,ABSENT,
STU0192,29-05-2024,LATE,
STU0026,12-02-2025,PRESENT,
STU0209,03-11-2025,PRESENT,
STU0023,23-06-2025,ABSENT,Family event
STU0126,10-12-2024,PRESENT,
STU0186,06-09-2023,PRESENT,
STU0307,19-02-2026,PRESENT,
STU0367,10-01-2026,PRESENT,
STU0100,08-12-2025,PRESENT,
STU0150,14-06-2025,PRESENT,
STU0188,22-11-2025,PRESENT,
STU0509,09-12-2023,PRESENT,
STU0195,02-01-2026,PRESENT,
STU0152,30-04-2025,PRESENT,
STU0026,27-03-2025,PRESENT,
STU0211,05-08-2024,PRESENT,
STU0276,01-08-2024,HALF_DAY,
STU0395,06-02-2025,PRESENT,
STU0216,05-09-2025,PRESENT,
STU0246,23-06-2025,PRESENT,
STU0230,17-07-2023,PRESENT,
STU0425,29-01-2024,ABSENT,
STU0254,01-10-2024,PRESENT,
STU0008,08-07-2023,PRESENT,
STU0105,18-06-2024,PRESENT,
STU0425,09-11-2023,PRESENT,
STU0064,15-09-2023,PRESENT,
STU0307,22-11-2025,HALF_DAY,
STU0094,08-07-2023,PRESENT,
STU0061,30-09-2024,LATE,
STU0039,08-12-2025,ABSENT,Not informed
STU0270,18-06-2024,PRESENT,
STU0216,01-02-2024,PRESENT,
STU0486,17-11-2023,PRESENT,
STU0430,14-07-2025,PRESENT,
STU0349,19-06-2023,PRESENT,
STU0418,15-09-2023,LATE,
STU0192,01-11-2024,PRESENT,
STU0150,23-06-2025,PRESENT,
STU0192,02-09-2024,PRESENT,
STU0380,08-12-2025,PRESENT,
STU0008,26-09-2023,PRESENT,
STU0039,29-10-2025,PRESENT,
STU0206,31-07-2023,LATE,
STU0162,30-09-2024,PRESENT,
STU0016,01-07-2024,PRESENT,
STU0216,02-06-2025,PRESENT,
STU0246,12-02-2026,PRESENT,
STU0053,04-06-2025,PRESENT,
STU0180,31-07-2023,PRESENT,
STU0380,12-02-2026,PRESENT,
STU0207,19-11-2024,PRESENT,
STU0478,30-08-2023,ABSENT,
STU0452,27-06-2024,PRESENT,
STU0316,20-04-2023,LEAVE,
STU0336,14-04-2023,LEAVE,Family function
STU0112,23-09-2024,PRESENT,
STU0342,10-12-2024,PRESENT,
STU0365,01-02-2024,PRESENT,
STU0195,23-12-2025,ABSENT,Family event
STU0207,28-08-2023,LATE,
STU0211,23-08-2025,PRESENT,
STU0430,03-11-2025,PRESENT,
STU0046,02-06-2025,LATE,
STU0438,19-12-2023,HALF_DAY,
STU0057,17-07-2023,PRESENT,
STU0110,26-11-2024,PRESENT,
STU0438,30-11-2023,PRESENT,
STU0269,01-10-2024,PRESENT,
STU0185,26-11-2024,PRESENT,
STU0188,04-06-2025,PRESENT,
STU0272,30-06-2025,HALF_DAY,
STU0357,31-07-2023,PRESENT,
STU0476,06-02-2025,LATE,
STU0349,30-08-2023,LATE,
STU0390,20-02-2025,PRESENT,
STU0289,12-01-2026,PRESENT,
STU0275,26-09-2024,PRESENT,
STU0094,07-06-2023,PRESENT,
STU0157,26-07-2024,PRESENT,
STU0457,07-06-2023,PRESENT,
STU0211,06-09-2023,PRESENT,
STU0366,28-08-2023,PRESENT,
STU0180,12-03-2024,PRESENT,
STU0418,19-03-2024,PRESENT,
STU0230,06-09-2023,PRESENT,
STU0493,17-11-2023,PRESENT,
STU0216,24-06-2023,PRESENT,
STU0254,20-02-2025,PRESENT,
STU0100,30-04-2025,PRESENT,
STU0275,15-03-2025,ABSENT,Family event
STU0111,02-09-2024,PRESENT,
STU0222,27-06-2024,PRESENT,
STU0324,23-06-2025,PRESENT,
STU0162,10-12-2024,PRESENT,
STU0395,18-06-2024,PRESENT,
STU0211,06-02-2025,PRESENT,
STU0180,19-03-2024,PRESENT,
STU0212,05-01-2026,ABSENT,Sick
STU0105,10-12-2024,PRESENT,
STU0208,26-09-2024,PRESENT,
STU0125,03-12-2024,PRESENT,
STU0026,02-07-2024,PRESENT,
STU0192,04-07-2024,PRESENT,
STU0319,31-07-2024,PRESENT,
STU0066,11-06-2024,ABSENT,
STU0105,26-07-2024,PRESENT,
STU0111,09-11-2023,PRESENT,
STU0111,29-01-2024,PRESENT,
STU0438,17-07-2023,PRESENT,
STU0430,27-03-2025,PRESENT,
STU0188,03-02-2026,PRESENT,
STU0338,28-03-2025,ABSENT,Not informed
STU0041,19-02-2026,PRESENT,
STU0150,02-02-2026,LEAVE,
STU0211,12-01-2026,PRESENT,
STU0276,27-03-2025,PRESENT,
STU0073,26-09-2024,PRESENT,
STU0044,02-07-2024,PRESENT,
STU0162,21-05-2024,PRESENT,
STU0066,01-08-2024,LEAVE,Family function
STU0389,21-05-2024,PRESENT,
STU0212,14-04-2025,PRESENT,
STU0287,23-08-2025,PRESENT,
STU0241,11-09-2024,ABSENT,
STU0143,26-11-2024,PRESENT,
STU0033,12-01-2026,PRESENT,
STU0324,12-12-2023,PRESENT,
STU0349,09-12-2023,PRESENT,
STU0509,17-07-2023,ABSENT,Sick
STU0143,17-08-2024,ABSENT,Family event
STU0140,15-03-2024,PRESENT,
STU0476,02-09-2024,PRESENT,
STU0425,06-09-2023,PRESENT,
STU0486,14-04-2023,PRESENT,
STU0477,22-01-2024,PRESENT,
STU0456,16-05-2024,PRESENT,
STU0022,19-06-2023,PRESENT,
STU0206,13-02-2024,PRESENT,
STU0457,26-09-2023,PRESENT,
STU0026,28-08-2024,PRESENT,
STU0110,15-07-2024,PRESENT,
STU0188,13-01-2026,PRESENT,
STU0303,15-10-2024,PRESENT,
STU0365,14-04-2023,PRESENT,
STU0311,03-11-2025,PRESENT,
STU0356,03-06-2023,PRESENT,
STU0254,15-07-2024,PRESENT,
STU0066,16-05-2024,PRESENT,
STU0111,01-11-2024,PRESENT,
STU0217,10-09-2025,LEAVE,Medical leave
STU0418,31-07-2023,PRESENT,
STU0430,16-05-2024,PRESENT,
STU0347,19-06-2023,PRESENT,
STU0356,29-01-2024,PRESENT,
STU0185,27-06-2024,HALF_DAY,
STU0347,19-12-2023,PRESENT,
STU0485,12-03-2024,PRESENT,
STU0438,31-07-2023,PRESENT,
STU0382,01-03-2024,PRESENT,
STU0324,04-03-2024,PRESENT,
STU0112,15-10-2024,PRESENT,
STU0380,09-07-2025,LATE,
STU0457,31-07-2024,PRESENT,
STU0078,22-08-2025,PRESENT,
STU0034,19-03-2024,PRESENT,
STU0405,28-08-2025,PRESENT,
STU0303,01-11-2024,LATE,
STU0187,18-06-2024,PRESENT,
STU0055,23-06-2025,PRESENT,
STU0430,03-06-2025,PRESENT,
STU0457,15-03-2024,PRESENT,
STU0425,08-02-2024,PRESENT,
STU0136,14-06-2025,PRESENT,
STU0332,16-04-2025,PRESENT,
STU0125,02-07-2024,LATE,
STU0429,03-02-2026,PRESENT,
STU0270,28-08-2024,PRESENT,
STU0324,30-04-2025,PRESENT,
STU0162,26-07-2024,PRESENT,
STU0053,08-12-2025,PRESENT,
STU0275,18-06-2024,ABSENT,Not informed
STU0061,01-11-2024,PRESENT,
STU0395,05-04-2024,PRESENT,
STU0016,03-12-2024,PRESENT,
STU0478,24-06-2023,PRESENT,
STU0110,12-04-2024,LEAVE,Medical leave
STU0143,11-06-2024,ABSENT,Not informed
STU0079,24-06-2023,LEAVE,Medical leave
STU0298,03-10-2023,LEAVE,Family function
STU0216,29-10-2025,PRESENT,
STU0430,20-02-2026,PRESENT,
STU0044,26-11-2024,PRESENT,
STU0211,19-02-2026,PRESENT,
STU0260,05-01-2026,PRESENT,
STU0275,06-02-2025,PRESENT,
STU0461,20-02-2025,PRESENT,
STU0100,03-11-2025,PRESENT,
STU0509,22-01-2024,LATE,
STU0207,17-08-2024,ABSENT,Family event
STU0286,12-01-2026,PRESENT,
STU0476,04-07-2024,PRESENT,
STU0370,06-09-2023,ABSENT,Sick
STU0111,24-06-2023,PRESENT,
STU0211,12-05-2025,PRESENT,
STU0324,16-04-2025,LEAVE,
STU0338,06-07-2024,PRESENT,
STU0157,11-06-2024,ABSENT,
STU0211,22-08-2025,PRESENT,
STU0450,22-01-2024,PRESENT,
STU0212,16-12-2025,PRESENT,
STU0211,02-06-2025,LEAVE,Family function
STU0332,22-08-2025,PRESENT,
STU0382,19-03-2024,PRESENT,
STU0429,05-01-2026,ABSENT,Not informed
STU0125,29-05-2024,PRESENT,
STU0370,14-04-2023,PRESENT,
STU0078,19-06-2023,PRESENT,
STU0066,05-04-2024,PRESENT,
STU0026,21-05-2024,PRESENT,
STU0078,24-06-2023,PRESENT,
STU0105,02-11-2024,PRESENT,
STU0162,02-07-2024,PRESENT,
STU0016,15-07-2024,PRESENT,
STU0086,31-07-2023,PRESENT,
STU0324,21-02-2024,HALF_DAY,
STU0061,12-04-2024,PRESENT,
STU0389,29-05-2024,PRESENT,
STU0044,28-08-2024,PRESENT,
STU0066,30-09-2024,PRESENT,
STU0212,23-08-2025,LATE,
STU0101,06-02-2025,PRESENT,
STU0361,01-02-2024,PRESENT,
STU0365,03-06-2023,PRESENT,
STU0211,29-01-2024,PRESENT,
STU0217,22-08-2025,LATE,
STU0211,15-07-2024,PRESENT,
STU0509,13-06-2023,ABSENT,
STU0136,13-01-2026,PRESENT,
STU0207,08-02-2024,HALF_DAY,
STU0230,06-01-2024,PRESENT,
STU0207,01-11-2024,PRESENT,
STU0046,16-12-2025,LATE,
STU0287,22-08-2025,PRESENT,
STU0101,12-02-2025,PRESENT,
STU0332,16-12-2025,ABSENT,
STU0478,03-06-2023,PRESENT,
STU0316,13-02-2024,LEAVE,
STU0452,26-07-2024,PRESENT,
STU0162,04-07-2024,PRESENT,
STU0207,19-06-2023,PRESENT,
STU0222,26-09-2024,PRESENT,
STU0509,15-03-2024,HALF_DAY,
STU0366,08-07-2023,PRESENT,
STU0403,08-12-2025,PRESENT,
STU0324,10-09-2025,PRESENT,
STU0147,19-06-2023,PRESENT,
STU0332,20-02-2026,PRESENT,
STU0208,17-08-2024,PRESENT,
STU0180,24-04-2023,PRESENT,
STU0274,09-11-2023,PRESENT,
STU0217,14-06-2025,PRESENT,
STU0457,06-01-2024,LATE,
STU0356,03-10-2023,PRESENT,
STU0347,22-01-2024,PRESENT,
STU0278,02-01-2026,PRESENT,
STU0136,29-10-2025,PRESENT,
STU0039,12-02-2026,ABSENT,
STU0052,28-08-2023,PRESENT,
STU0332,30-10-2025,PRESENT,
STU0100,02-01-2026,PRESENT,
STU0079,31-07-2023,PRESENT,
STU0186,01-03-2024,PRESENT,
STU0278,20-06-2025,PRESENT,
STU0125,26-09-2024,PRESENT,
STU0380,16-05-2024,PRESENT,
STU0150,30-10-2025,PRESENT,
STU0010,11-09-2024,PRESENT,
STU0357,30-07-2024,PRESENT,
STU0347,31-07-2023,PRESENT,
STU0324,02-06-2025,PRESENT,
STU0319,06-02-2025,PRESENT,
STU0216,20-04-2023,PRESENT,
STU0079,06-01-2024,PRESENT,
STU0432,10-01-2026,PRESENT,
STU0367,12-05-2025,PRESENT,
STU0270,15-03-2025,PRESENT,
STU0270,04-07-2024,PRESENT,
STU0079,26-09-2023,PRESENT,
STU0491,22-01-2024,PRESENT,
STU0044,20-02-2025,PRESENT,
STU0370,30-11-2023,PRESENT,
STU0366,30-11-2023,PRESENT,
STU0366,02-06-2023,PRESENT,
STU0195,02-06-2025,PRESENT,
STU0278,22-11-2025,PRESENT,
STU0382,30-11-2023,PRESENT,
STU0057,13-02-2024,HALF_DAY,
STU0147,30-10-2025,PRESENT,
STU0041,09-01-2026,PRESENT,
STU0332,05-01-2026,PRESENT,
STU0432,03-02-2026,PRESENT,
STU0162,01-08-2024,PRESENT,
STU0389,15-07-2024,PRESENT,
STU0367,30-10-2025,PRESENT,
STU0254,06-02-2025,PRESENT,
STU0078,05-01-2026,PRESENT,
STU0478,02-06-2023,PRESENT,
STU0430,17-08-2024,PRESENT,
STU0324,09-12-2023,LATE,
STU0258,02-06-2023,PRESENT,
STU0429,23-12-2025,PRESENT,
STU0438,01-02-2024,PRESENT,
STU0073,23-09-2024,PRESENT,
STU0380,12-04-2024,LATE,
STU0078,10-05-2023,PRESENT,
STU0061,15-03-2025,PRESENT,
STU0222,08-03-2025,HALF_DAY,
STU0357,03-10-2023,HALF_DAY,
STU0166,21-02-2024,PRESENT,
STU0298,22-01-2024,PRESENT,
STU0395,12-02-2025,PRESENT,
STU0450,22-06-2023,PRESENT,
STU0366,03-06-2023,PRESENT,
STU0140,07-06-2023,LATE,
STU0452,11-06-2024,PRESENT,
STU0457,06-02-2025,PRESENT,
STU0430,15-10-2024,PRESENT,
STU0272,04-06-2025,PRESENT,
STU0105,12-04-2024,ABSENT,Family event
STU0209,30-10-2025,PRESENT,
STU0101,23-09-2024,PRESENT,
STU0016,21-05-2024,PRESENT,
STU0478,09-11-2023,PRESENT,
STU0258,30-08-2023,PRESENT,
STU0112,02-11-2024,PRESENT,
STU0361,06-01-2024,ABSENT,Family event
STU0276,06-07-2024,PRESENT,
STU0113,28-03-2025,PRESENT,
STU0185,06-07-2024,LEAVE,
STU0100,05-01-2026,PRESENT,
STU0195,23-08-2025,PRESENT,
STU0111,27-04-2023,PRESENT,
STU0188,02-06-2025,PRESENT,
STU0493,01-02-2024,PRESENT,
STU0478,05-02-2024,PRESENT,
STU0185,08-03-2025,PRESENT,
STU0425,13-06-2023,PRESENT,
STU0046,14-07-2025,PRESENT,
STU0147,23-12-2025,PRESENT,
STU0429,30-10-2025,PRESENT,
STU0389,02-07-2024,LATE,
STU0208,12-04-2024,PRESENT,
STU0432,12-05-2025,PRESENT,
STU0222,06-02-2025,PRESENT,
STU0338,05-04-2024,PRESENT,
STU0276,01-11-2024,PRESENT,
STU0275,10-12-2024,PRESENT,
STU0101,26-07-2024,PRESENT,
STU0260,08-01-2026,PRESENT,
STU0061,02-11-2024,PRESENT,
STU0044,17-08-2024,PRESENT,
STU0217,20-02-2026,LEAVE,
STU0276,23-09-2024,PRESENT,
STU0366,24-04-2023,PRESENT,
STU0010,08-03-2025,LATE,
STU0390,26-11-2024,PRESENT,
STU0311,10-09-2025,PRESENT,
STU0152,30-06-2025,PRESENT,
STU0008,01-02-2024,PRESENT,
STU0143,28-08-2024,PRESENT,
STU0452,28-03-2025,PRESENT,
STU0303,31-07-2024,ABSENT,Sick
STU0067,02-05-2025,PRESENT,
STU0357,11-09-2024,PRESENT,
STU0187,08-03-2025,LATE,
STU0008,31-07-2023,PRESENT,
STU0206,29-01-2024,PRESENT,
STU0476,17-08-2024,PRESENT,
STU0211,20-04-2023,PRESENT,
STU0010,12-04-2024,PRESENT,
STU0242,31-07-2024,PRESENT,
STU0307,02-01-2026,PRESENT,
STU0055,08-01-2026,PRESENT,
STU0166,24-04-2023,PRESENT,
STU0485,09-11-2023,ABSENT,Family event
STU0162,31-07-2024,ABSENT,Family event
STU0113,03-12-2024,PRESENT,
STU0357,01-02-2024,PRESENT,
STU0185,01-11-2024,PRESENT,
STU0389,10-12-2024,PRESENT,
STU0311,16-04-2025,ABSENT,Sick
STU0430,08-03-2025,HALF_DAY,
STU0456,28-03-2025,PRESENT,
STU0022,21-02-2024,PRESENT,
STU0258,05-02-2024,PRESENT,
STU0432,30-04-2025,PRESENT,
STU0307,16-12-2025,PRESENT,
STU0246,22-11-2025,ABSENT,Not informed
STU0078,09-12-2023,PRESENT,
STU0010,23-09-2024,LEAVE,
STU0073,01-07-2024,PRESENT,
STU0187,01-11-2024,PRESENT,
STU0438,17-11-2023,PRESENT,
STU0044,01-11-2024,PRESENT,
STU0477,12-03-2024,LATE,
STU0086,17-11-2023,PRESENT,
STU0111,01-02-2024,PRESENT,
STU0275,06-07-2024,PRESENT,
STU0457,28-08-2023,PRESENT,
STU0450,19-12-2023,ABSENT,Not informed
STU0016,04-07-2024,ABSENT,
STU0057,01-03-2024,PRESENT,
STU0319,27-03-2025,PRESENT,
STU0222,18-06-2024,PRESENT,
STU0147,22-06-2023,PRESENT,
STU0342,03-12-2024,PRESENT,
STU0336,13-02-2024,LATE,
STU0026,26-07-2024,PRESENT,
STU0217,03-02-2026,PRESENT,
STU0044,21-05-2024,PRESENT,
STU0078,17-11-2023,PRESENT,
STU0336,10-05-2023,PRESENT,
STU0361,06-09-2023,PRESENT,
STU0126,23-09-2024,PRESENT,
STU0044,19-11-2024,PRESENT,
STU0311,23-08-2025,ABSENT,Sick
STU0246,12-05-2025,PRESENT,
STU0392,24-06-2023,PRESENT,
STU0343,02-06-2023,PRESENT,
STU0425,17-07-2023,PRESENT,
STU0347,10-05-2023,PRESENT,
STU0347,30-11-2023,PRESENT,
STU0324,02-01-2026,PRESENT,
STU0195,20-06-2025,PRESENT,
STU0105,11-06-2024,LATE,
STU0217,22-11-2025,PRESENT,
STU0260,10-09-2025,PRESENT,
STU0493,26-09-2023,ABSENT,Not informed
STU0324,15-03-2024,PRESENT,
STU0064,19-06-2023,PRESENT,
STU0332,29-10-2025,PRESENT,
STU0476,28-03-2025,PRESENT,
STU0272,02-06-2025,ABSENT,Not informed
STU0206,07-06-2023,PRESENT,
STU0338,01-10-2024,LATE,
STU0211,12-02-2026,PRESENT,
STU0336,02-05-2025,PRESENT,
STU0126,06-02-2025,PRESENT,
STU0390,04-07-2024,ABSENT,Not informed
STU0195,29-10-2025,PRESENT,
STU0152,28-08-2025,PRESENT,
STU0216,02-01-2026,PRESENT,
STU0366,09-11-2023,PRESENT,
STU0450,24-04-2023,PRESENT,
STU0039,02-05-2025,PRESENT,
STU0136,10-01-2026,PRESENT,
STU0324,12-01-2026,PRESENT,
STU0064,13-02-2024,PRESENT,
STU0382,30-08-2023,PRESENT,
STU0241,01-10-2024,PRESENT,
STU0258,04-03-2024,ABSENT,Sick
STU0356,08-02-2024,PRESENT,
STU0186,15-09-2023,PRESENT,
STU0298,02-06-2023,PRESENT,
STU0418,06-01-2024,PRESENT,
STU0126,12-04-2024,PRESENT,
STU0086,21-02-2024,PRESENT,
STU0270,01-10-2024,PRESENT,
STU0207,02-07-2024,PRESENT,
STU0079,20-04-2023,PRESENT,
STU0086,12-12-2023,PRESENT,
STU0390,02-11-2024,PRESENT,
STU0390,03-12-2024,PRESENT,
STU0438,26-09-2023,LATE,
STU0207,17-07-2023,PRESENT,
STU0061,06-07-2024,PRESENT,
STU0033,23-12-2025,PRESENT,
STU0365,19-06-2023,PRESENT,
STU0246,02-01-2026,PRESENT,
STU0022,03-10-2023,PRESENT,
STU0491,12-03-2024,PRESENT,
STU0418,13-06-2023,ABSENT,Not informed
STU0046,16-04-2025,PRESENT,
STU0010,01-08-2024,PRESENT,
STU0349,26-09-2023,PRESENT,
STU0101,26-11-2024,ABSENT,Family event
STU0157,28-03-2025,PRESENT,
STU0222,30-07-2024,PRESENT,
STU0382,26-09-2023,PRESENT,
STU0311,05-01-2026,PRESENT,
STU0192,12-04-2024,PRESENT,
STU0275,27-03-2025,PRESENT,
STU0078,10-09-2025,ABSENT,Not informed
STU0152,12-01-2026,PRESENT,
STU0186,19-03-2024,LATE,
STU0425,10-05-2023,PRESENT,
STU0274,13-06-2023,PRESENT,
STU0380,04-06-2025,PRESENT,
STU0211,05-09-2025,PRESENT,
STU0112,10-12-2024,LATE,
STU0126,02-09-2024,PRESENT,
STU0286,22-08-2025,PRESENT,
STU0111,19-03-2024,PRESENT,
STU0055,30-10-2025,PRESENT,
STU0055,23-12-2025,PRESENT,
STU0222,02-07-2024,PRESENT,
STU0016,08-03-2025,PRESENT,
STU0207,02-06-2023,PRESENT,
STU0256,04-06-2025,PRESENT,
STU0307,12-04-2025,PRESENT,
STU0316,22-06-2023,PRESENT,
STU0187,16-05-2024,PRESENT,
STU0493,31-07-2023,PRESENT,
STU0230,09-11-2023,HALF_DAY,
STU0430,21-05-2024,PRESENT,
STU0303,21-05-2024,PRESENT,
STU0319,10-12-2024,PRESENT,
STU0361,07-06-2023,PRESENT,
STU0509,12-12-2023,PRESENT,
STU0325,01-11-2024,PRESENT,
STU0456,01-08-2024,PRESENT,
STU0140,21-02-2024,PRESENT,
STU0162,12-02-2025,ABSENT,Sick
STU0086,28-08-2023,PRESENT,
STU0192,01-08-2024,PRESENT,
STU0055,16-04-2025,PRESENT,
STU0157,28-08-2024,PRESENT,
STU0380,10-12-2024,PRESENT,
STU0357,09-11-2023,ABSENT,Not informed
STU0418,20-04-2023,PRESENT,
STU0206,03-06-2023,PRESENT,
STU0113,29-05-2024,LATE,
STU0452,01-11-2024,PRESENT,
STU0395,30-07-2024,PRESENT,
STU0143,05-04-2024,PRESENT,
STU0342,01-11-2024,PRESENT,
STU0357,17-11-2023,PRESENT,
STU0185,02-07-2024,PRESENT,
STU0100,28-08-2025,PRESENT,
STU0258,14-04-2023,PRESENT,
STU0208,01-08-2024,ABSENT,
STU0361,20-04-2023,ABSENT,Family event
STU0111,26-11-2024,HALF_DAY,
STU0152,23-06-2025,LATE,
STU0493,22-01-2024,PRESENT,
STU0380,06-07-2024,PRESENT,
STU0206,01-02-2024,PRESENT,
STU0382,15-09-2023,PRESENT,
STU0430,10-09-2025,PRESENT,
STU0216,12-02-2026,PRESENT,
STU0260,03-02-2026,PRESENT,
STU0246,14-04-2025,PRESENT,
STU0418,22-01-2024,PRESENT,
STU0105,05-08-2024,PRESENT,
STU0389,12-02-2025,PRESENT,
STU0324,05-02-2024,PRESENT,
STU0258,19-12-2023,PRESENT,
STU0211,10-12-2024,PRESENT,
STU0324,06-09-2023,PRESENT,
STU0357,04-07-2024,PRESENT,
STU0287,08-12-2025,PRESENT,
STU0276,12-02-2025,PRESENT,
STU0057,07-06-2023,PRESENT,
STU0206,06-09-2023,PRESENT,
STU0061,27-03-2025,PRESENT,
STU0078,15-09-2023,ABSENT,Sick
STU0242,01-11-2024,PRESENT,
STU0382,07-06-2023,PRESENT,
STU0052,24-04-2023,PRESENT,
STU0079,19-03-2024,PRESENT,
STU0403,29-10-2025,PRESENT,
STU0022,20-04-2023,LEAVE,Medical leave
STU0338,11-09-2024,ABSENT,Sick
STU0405,16-12-2025,PRESENT,
STU0319,01-11-2024,PRESENT,
STU0207,30-11-2023,PRESENT,
STU0211,14-06-2025,ABSENT,
STU0432,30-10-2025,PRESENT,
STU0405,29-10-2025,PRESENT,
STU0101,05-08-2024,ABSENT,Sick
STU0316,19-06-2023,PRESENT,
STU0311,19-02-2026,ABSENT,
STU0113,15-07-2024,PRESENT,
STU0392,22-06-2023,PRESENT,
STU0403,02-01-2026,PRESENT,
STU0430,19-04-2025,PRESENT,
STU0258,15-09-2023,PRESENT,
STU0389,01-07-2024,ABSENT,
STU0112,26-09-2024,PRESENT,
STU0254,27-03-2025,PRESENT,
STU0126,21-05-2024,PRESENT,
STU0392,09-11-2023,PRESENT,
STU0425,03-06-2023,PRESENT,
STU0208,18-06-2024,PRESENT,
STU0457,09-12-2023,PRESENT,
STU0061,18-06-2024,PRESENT,
STU0066,15-10-2024,PRESENT,
STU0365,01-03-2024,PRESENT,
STU0452,19-11-2024,PRESENT,
STU0147,15-09-2023,PRESENT,
STU0258,12-12-2023,PRESENT,
STU0195,13-01-2026,PRESENT,
STU0429,29-10-2025,PRESENT,
STU0073,21-05-2024,PRESENT,
STU0212,20-02-2026,PRESENT,
STU0187,06-02-2025,PRESENT,
STU0034,14-04-2023,PRESENT,
STU0046,22-11-2025,LATE,
STU0477,09-11-2023,LEAVE,Medical leave
STU0493,01-03-2024,PRESENT,
STU0111,21-05-2024,PRESENT,
STU0287,05-09-2025,PRESENT,
STU0052,12-03-2024,ABSENT,Family event
STU0349,01-03-2024,PRESENT,
STU0258,06-09-2023,PRESENT,
STU0157,19-11-2024,PRESENT,
STU0195,22-08-2025,PRESENT,
STU0157,01-08-2024,PRESENT,
STU0073,01-11-2024,PRESENT,
STU0026,23-09-2024,PRESENT,
STU0242,05-08-2024,PRESENT,
STU0272,23-08-2025,PRESENT,
STU0258,21-02-2024,PRESENT,
STU0073,01-08-2024,PRESENT,
STU0278,05-01-2026,PRESENT,
STU0486,01-03-2024,PRESENT,
STU0380,02-09-2024,PRESENT,
STU0195,02-05-2025,PRESENT,
STU0143,02-11-2024,PRESENT,
STU0230,02-06-2023,PRESENT,
STU0034,04-03-2024,PRESENT,
STU0125,06-07-2024,PRESENT,
STU0491,27-04-2023,PRESENT,
STU0349,31-07-2023,PRESENT,
STU0298,15-03-2024,PRESENT,
STU0486,15-03-2024,PRESENT,
STU0307,09-01-2026,HALF_DAY,
STU0380,15-10-2024,PRESENT,
STU0476,27-06-2024,PRESENT,
STU0246,13-01-2026,PRESENT,
STU0456,15-10-2024,PRESENT,
STU0275,28-03-2025,PRESENT,
STU0425,04-03-2024,LATE,
STU0269,05-08-2024,LATE,
STU0395,26-11-2024,PRESENT,
STU0022,09-11-2023,PRESENT,
STU0380,21-05-2024,PRESENT,
STU0256,23-08-2025,PRESENT,
STU0057,12-12-2023,PRESENT,
STU0493,13-06-2023,PRESENT,
STU0338,23-09-2024,PRESENT,
STU0208,28-08-2024,PRESENT,
STU0195,30-04-2025,PRESENT,
STU0457,21-02-2024,PRESENT,
STU0361,19-03-2024,PRESENT,
STU0332,28-08-2025,PRESENT,
STU0477,14-04-2023,PRESENT,
STU0324,13-06-2023,LATE,
STU0064,24-04-2023,ABSENT,Family event
STU0147,26-09-2023,PRESENT,
STU0136,28-08-2025,PRESENT,
STU0452,05-04-2024,PRESENT,
STU0046,20-06-2025,ABSENT,Sick
STU0166,06-01-2024,PRESENT,
STU0486,21-02-2024,LEAVE,Family function
STU0112,03-12-2024,PRESENT,
STU0212,03-11-2025,PRESENT,
STU0061,19-11-2024,PRESENT,
STU0478,01-03-2024,PRESENT,
STU0325,28-03-2025,ABSENT,Sick
STU0390,06-07-2024,PRESENT,
STU0110,28-08-2024,PRESENT,
STU0230,19-12-2023,PRESENT,
STU0061,01-07-2024,PRESENT,
STU0105,02-09-2024,PRESENT,
STU0094,17-11-2023,ABSENT,Family event
STU0079,08-02-2024,PRESENT,
STU0478,19-03-2024,PRESENT,
STU0222,05-08-2024,ABSENT,Family event
STU0207,06-09-2023,PRESENT,
STU0101,10-12-2024,PRESENT,
STU0338,26-07-2024,PRESENT,
STU0325,28-08-2024,LATE,
STU0325,31-07-2024,PRESENT,
STU0357,06-01-2024,PRESENT,
STU0230,28-08-2023,LEAVE,Medical leave
STU0303,11-09-2024,PRESENT,
STU0230,31-07-2023,PRESENT,
STU0342,15-10-2024,PRESENT,
STU0026,27-06-2024,HALF_DAY,
STU0186,12-03-2024,PRESENT,
STU0365,21-02-2024,LEAVE,
STU0336,08-02-2024,PRESENT,
STU0485,17-11-2023,PRESENT,
STU0147,29-01-2024,PRESENT,
STU0125,11-06-2024,PRESENT,
STU0452,27-03-2025,PRESENT,
STU0478,15-03-2024,PRESENT,
STU0180,07-06-2023,PRESENT,
STU0270,02-07-2024,ABSENT,Not informed
STU0272,03-02-2026,PRESENT,
STU0094,13-02-2024,PRESENT,
STU0275,08-03-2025,PRESENT,
STU0325,02-11-2024,PRESENT,
STU0370,12-03-2024,PRESENT,
STU0241,28-08-2024,PRESENT,
STU0256,02-05-2025,PRESENT,
STU0207,26-09-2024,PRESENT,
STU0147,28-08-2025,PRESENT,
STU0258,17-11-2023,PRESENT,
STU0392,08-02-2024,PRESENT,
STU0485,08-07-2023,PRESENT,
STU0147,02-01-2026,PRESENT,
STU0022,01-02-2024,PRESENT,
STU0125,30-07-2024,PRESENT,
STU0272,23-06-2025,PRESENT,
STU0152,12-02-2026,ABSENT,Family event
STU0136,23-08-2025,PRESENT,
STU0395,12-04-2024,ABSENT,
STU0432,08-12-2025,HALF_DAY,
STU0078,29-01-2024,PRESENT,
STU0150,19-02-2026,PRESENT,
STU0044,15-03-2025,HALF_DAY,
STU0136,08-01-2026,PRESENT,
STU0033,05-01-2026,PRESENT,
STU0111,09-12-2023,PRESENT,
STU0278,02-06-2025,PRESENT,
STU0211,10-01-2026,PRESENT,
STU0211,19-12-2023,PRESENT,
STU0061,30-07-2024,ABSENT,Sick
STU0192,01-07-2024,PRESENT,
STU0276,15-03-2025,PRESENT,
STU0272,22-08-2025,ABSENT,Not informed
STU0357,26-09-2024,PRESENT,
STU0438,19-03-2024,PRESENT,
STU0380,22-11-2025,PRESENT,
STU0438,05-02-2024,PRESENT,
STU0450,19-06-2023,PRESENT,
STU0023,23-08-2025,ABSENT,Sick
STU0432,05-01-2026,PRESENT,
STU0010,31-07-2024,HALF_DAY,
STU0067,30-04-2025,PRESENT,
STU0425,06-01-2024,LEAVE,
STU0209,12-05-2025,ABSENT,Not informed
STU0216,23-08-2025,PRESENT,
STU0023,08-01-2026,PRESENT,
STU0380,05-08-2024,PRESENT,
STU0053,14-07-2025,LEAVE,
STU0260,23-06-2025,PRESENT,
STU0478,14-04-2023,LATE,
STU0276,05-08-2024,ABSENT,Family event
STU0491,14-04-2023,PRESENT,
STU0033,09-01-2026,PRESENT,
STU0258,31-07-2023,PRESENT,
STU0086,26-09-2023,PRESENT,
STU0209,05-09-2025,PRESENT,
STU0086,01-03-2024,PRESENT,
STU0086,19-03-2024,PRESENT,
STU0094,06-09-2023,PRESENT,
STU0485,01-03-2024,PRESENT,
STU0256,29-10-2025,PRESENT,
STU0356,01-02-2024,PRESENT,
STU0342,30-09-2024,PRESENT,
STU0216,04-03-2024,PRESENT,
STU0438,02-06-2023,PRESENT,
STU0055,14-06-2025,PRESENT,
STU0461,10-12-2024,PRESENT,
STU0289,28-08-2025,PRESENT,
STU0206,17-11-2023,PRESENT,
STU0008,06-01-2024,ABSENT,Not informed
STU0105,04-07-2024,PRESENT,
STU0143,15-03-2025,PRESENT,
STU0357,26-09-2023,PRESENT,
STU0432,30-06-2025,PRESENT,
STU0041,23-06-2025,PRESENT,
STU0112,18-06-2024,PRESENT,
STU0157,02-07-2024,PRESENT,
STU0425,19-03-2024,PRESENT,
STU0217,20-06-2025,PRESENT,
STU0260,09-01-2026,PRESENT,
STU0430,11-09-2024,PRESENT,
STU0336,20-06-2025,PRESENT,
STU0509,22-06-2023,PRESENT,
STU0023,10-01-2026,PRESENT,
STU0066,27-03-2025,PRESENT,
STU0260,30-06-2025,PRESENT,
STU0023,30-04-2025,PRESENT,
STU0392,17-07-2023,PRESENT,
STU0286,03-06-2025,PRESENT,
STU0052,22-01-2024,PRESENT,
STU0254,02-07-2024,PRESENT,
STU0357,12-12-2023,ABSENT,Family event
STU0211,17-08-2024,PRESENT,
STU0188,05-01-2026,PRESENT,
STU0380,02-07-2024,PRESENT,
STU0185,23-09-2024,HALF_DAY,
STU0390,15-03-2025,PRESENT,
STU0316,02-06-2023,PRESENT,
STU0026,16-05-2024,PRESENT,
STU0216,16-04-2025,PRESENT,
STU0100,16-04-2025,LEAVE,
STU0105,28-08-2024,PRESENT,
STU0380,22-08-2025,LATE,
STU0100,22-11-2025,PRESENT,
STU0026,02-11-2024,ABSENT,Sick
STU0382,05-02-2024,PRESENT,
STU0086,27-04-2023,PRESENT,
STU0274,28-08-2023,PRESENT,
STU0430,23-08-2025,PRESENT,
STU0343,07-06-2023,PRESENT,
STU0432,23-06-2025,ABSENT,Family event
STU0211,02-05-2025,PRESENT,
STU0389,02-09-2024,PRESENT,
STU0403,10-01-2026,PRESENT,
STU0370,26-09-2023,PRESENT,
STU0208,01-10-2024,PRESENT,
STU0392,13-06-2023,PRESENT,
STU0111,12-04-2024,PRESENT,
STU0457,09-11-2023,PRESENT,
STU0187,26-07-2024,LATE,
STU0405,16-04-2025,PRESENT,
STU0357,21-05-2024,PRESENT,
STU0343,13-02-2024,PRESENT,
STU0258,20-04-2023,PRESENT,
STU0187,27-03-2025,PRESENT,
STU0418,02-06-2023,PRESENT,
STU0336,10-01-2026,PRESENT,
STU0217,02-06-2025,PRESENT,
STU0241,26-07-2024,HALF_DAY,
STU0477,20-04-2023,PRESENT,
STU0476,02-11-2024,PRESENT,
STU0033,29-10-2025,PRESENT,
STU0418,29-01-2024,PRESENT,
STU0356,12-12-2023,PRESENT,
STU0150,09-07-2025,PRESENT,
STU0509,19-03-2024,PRESENT,
STU0438,12-12-2023,PRESENT,
STU0389,28-03-2025,PRESENT,
STU0112,01-07-2024,PRESENT,
STU0166,27-04-2023,PRESENT,
STU0157,02-11-2024,ABSENT,
STU0026,06-02-2025,PRESENT,
STU0150,20-06-2025,PRESENT,
STU0452,12-04-2024,PRESENT,
STU0207,05-08-2024,PRESENT,
STU0016,02-07-2024,PRESENT,
STU0067,03-11-2025,PRESENT,
STU0033,10-01-2026,PRESENT,
STU0429,12-04-2025,LATE,
STU0342,02-11-2024,LATE,
STU0071,09-07-2025,PRESENT,
STU0336,17-11-2023,PRESENT,
STU0211,13-02-2024,PRESENT,
STU0067,16-12-2025,PRESENT,
STU0452,02-09-2024,PRESENT,
STU0242,26-11-2024,PRESENT,
STU0211,12-12-2023,PRESENT,
STU0260,12-02-2026,PRESENT,
STU0230,30-11-2023,PRESENT,
STU0057,02-06-2023,PRESENT,
STU0275,29-05-2024,PRESENT,
STU0370,17-07-2023,PRESENT,
STU0188,30-10-2025,ABSENT,
STU0217,12-05-2025,PRESENT,
STU0230,09-12-2023,PRESENT,
STU0208,05-08-2024,PRESENT,
STU0298,06-09-2023,PRESENT,
STU0078,27-04-2023,PRESENT,
STU0361,15-03-2024,PRESENT,
STU0186,19-06-2023,PRESENT,
STU0041,20-02-2026,PRESENT,
STU0476,15-07-2024,PRESENT,
STU0450,03-06-2023,PRESENT,
STU0206,04-03-2024,PRESENT,
STU0260,05-09-2025,PRESENT,
STU0303,05-04-2024,HALF_DAY,
STU0276,15-07-2024,ABSENT,
STU0033,28-08-2025,PRESENT,
STU0217,12-02-2026,PRESENT,
STU0258,12-03-2024,PRESENT,
STU0272,12-05-2025,PRESENT,
STU0216,03-02-2026,PRESENT,
STU0395,20-02-2025,PRESENT,
STU0493,08-02-2024,PRESENT,
STU0110,03-12-2024,PRESENT,
STU0206,12-03-2024,PRESENT,
STU0110,02-09-2024,PRESENT,
STU0336,06-09-2023,PRESENT,
STU0438,01-03-2024,ABSENT,Sick
STU0289,22-08-2025,PRESENT,
STU0260,30-10-2025,PRESENT,
STU0289,16-12-2025,PRESENT,
STU0150,14-04-2025,PRESENT,
STU0370,08-02-2024,PRESENT,
STU0105,08-03-2025,PRESENT,
STU0222,15-03-2025,PRESENT,
STU0044,05-04-2024,PRESENT,
STU0166,20-04-2023,PRESENT,
STU0287,12-01-2026,PRESENT,
STU0316,04-03-2024,PRESENT,
STU0126,04-07-2024,PRESENT,
STU0336,03-02-2026,PRESENT,
STU0066,31-07-2024,PRESENT,
STU0256,22-08-2025,PRESENT,
STU0342,26-07-2024,PRESENT,
STU0390,28-03-2025,PRESENT,
STU0111,03-10-2023,PRESENT,
STU0270,01-07-2024,PRESENT,
STU0208,21-05-2024,PRESENT,
STU0303,30-07-2024,LATE,
STU0298,05-02-2024,PRESENT,
STU0067,14-07-2025,ABSENT,Not informed
STU0086,13-06-2023,PRESENT,
STU0147,13-06-2023,LEAVE,Medical leave
STU0272,10-09-2025,PRESENT,
STU0298,17-07-2023,ABSENT,
STU0041,12-04-2025,PRESENT,
STU0023,03-02-2026,PRESENT,
STU0269,20-02-2025,PRESENT,
STU0162,11-06-2024,PRESENT,
STU0046,02-02-2026,PRESENT,
STU0357,19-06-2023,PRESENT,
STU0272,28-08-2025,PRESENT,
STU0067,08-12-2025,HALF_DAY,
STU0332,03-02-2026,PRESENT,
STU0342,01-10-2024,PRESENT,
STU0023,04-06-2025,PRESENT,
STU0278,28-08-2025,LEAVE,
STU0180,05-02-2024,PRESENT,
STU0286,14-04-2025,PRESENT,
STU0456,23-09-2024,PRESENT,
STU0269,26-07-2024,PRESENT,
STU0452,20-02-2025,PRESENT,
STU0147,03-10-2023,PRESENT,
STU0079,24-04-2023,PRESENT,
STU0212,23-06-2025,PRESENT,
STU0392,07-06-2023,PRESENT,
STU0111,12-02-2025,LATE,
STU0086,10-05-2023,PRESENT,
STU0206,08-07-2023,ABSENT,Not informed
STU0325,27-06-2024,PRESENT,
STU0241,12-04-2024,PRESENT,
STU0311,30-10-2025,PRESENT,
STU0390,15-07-2024,PRESENT,
STU0147,14-07-2025,PRESENT,
STU0034,29-01-2024,PRESENT,
STU0195,12-02-2026,PRESENT,
STU0461,01-10-2024,PRESENT,
STU0343,19-06-2023,PRESENT,
STU0278,30-04-2025,PRESENT,
STU0052,31-07-2023,PRESENT,
STU0356,13-02-2024,LEAVE,Family function
STU0307,14-04-2025,PRESENT,
STU0456,01-10-2024,PRESENT,
STU0157,15-10-2024,PRESENT,
STU0185,31-07-2024,PRESENT,
STU0278,23-06-2025,PRESENT,
STU0136,19-04-2025,PRESENT,
STU0209,08-12-2025,PRESENT,
STU0026,08-03-2025,PRESENT,
STU0147,27-04-2023,PRESENT,
STU0450,03-10-2023,PRESENT,
STU0026,19-11-2024,LATE,
STU0147,17-07-2023,PRESENT,
STU0008,07-06-2023,PRESENT,
STU0367,08-12-2025,PRESENT,
STU0039,03-02-2026,PRESENT,
STU0041,30-04-2025,ABSENT,Family event
STU0052,01-02-2024,PRESENT,
STU0078,30-04-2025,PRESENT,
STU0143,30-07-2024,PRESENT,
STU0456,26-09-2024,PRESENT,
STU0357,10-05-2023,PRESENT,
STU0319,20-02-2025,PRESENT,
STU0357,13-02-2024,ABSENT,Sick
STU0274,15-03-2024,PRESENT,
STU0152,08-12-2025,LATE,
STU0125,28-03-2025,PRESENT,
STU0111,24-04-2023,ABSENT,Family event
STU0057,08-02-2024,PRESENT,
STU0491,08-07-2023,PRESENT,
STU0211,24-04-2023,LATE,
STU0342,06-07-2024,PRESENT,
STU0429,23-06-2025,PRESENT,
STU0150,16-04-2025,PRESENT,
STU0324,30-08-2023,PRESENT,
STU0361,02-06-2023,PRESENT,
STU0356,04-03-2024,PRESENT,
STU0403,14-06-2025,PRESENT,
STU0356,05-02-2024,PRESENT,
STU0430,12-05-2025,PRESENT,
STU0078,19-02-2026,PRESENT,
STU0101,27-03-2025,PRESENT,
STU0349,04-03-2024,ABSENT,
STU0370,07-06-2023,PRESENT,
STU0206,03-10-2023,PRESENT,
STU0078,03-10-2023,LATE,
STU0195,14-04-2025,PRESENT,
STU0100,03-02-2026,PRESENT,
STU0258,13-02-2024,PRESENT,
STU0403,20-02-2026,PRESENT,
STU0403,05-01-2026,PRESENT,
STU0278,02-05-2025,ABSENT,Not informed
STU0429,22-11-2025,PRESENT,
STU0211,02-02-2026,PRESENT,
STU0061,27-06-2024,PRESENT,
STU0150,12-05-2025,LATE,
STU0286,23-12-2025,PRESENT,
STU0343,04-03-2024,PRESENT,
STU0053,12-05-2025,PRESENT,
STU0022,14-04-2023,ABSENT,
STU0008,20-04-2023,ABSENT,
STU0336,08-01-2026,PRESENT,
STU0477,02-06-2023,PRESENT,
STU0111,26-09-2023,PRESENT,
STU0392,30-08-2023,PRESENT,
STU0230,27-04-2023,PRESENT,
STU0206,28-08-2023,ABSENT,Not informed
STU0258,30-11-2023,PRESENT,
STU0389,04-07-2024,PRESENT,
STU0064,20-04-2023,PRESENT,
STU0307,13-01-2026,PRESENT,
STU0478,29-01-2024,PRESENT,
STU0269,10-12-2024,ABSENT,Family event
STU0485,06-01-2024,PRESENT,
STU0367,14-07-2025,PRESENT,
STU0057,10-05-2023,PRESENT,
STU0110,18-06-2024,PRESENT,
STU0390,26-07-2024,PRESENT,
STU0438,03-06-2023,PRESENT,
STU0143,01-07-2024,PRESENT,
STU0380,30-07-2024,LATE,
STU0478,06-09-2023,PRESENT,
STU0100,02-02-2026,PRESENT,
STU0216,10-09-2025,PRESENT,
STU0180,22-06-2023,PRESENT,
STU0078,22-11-2025,PRESENT,
STU0016,10-12-2024,PRESENT,
STU0053,05-01-2026,PRESENT,
STU0307,03-02-2026,PRESENT,
STU0008,08-02-2024,HALF_DAY,
STU0152,22-11-2025,PRESENT,
STU0147,13-02-2024,PRESENT,
STU0289,23-12-2025,PRESENT,
STU0079,19-12-2023,PRESENT,
STU0254,01-07-2024,LATE,
STU0324,03-06-2025,HALF_DAY,
STU0053,30-06-2025,PRESENT,
STU0016,18-06-2024,PRESENT,
STU0324,03-11-2025,ABSENT,Family event
STU0325,30-07-2024,PRESENT,
STU0046,08-12-2025,PRESENT,
STU0207,02-09-2024,HALF_DAY,
STU0395,29-05-2024,PRESENT,
STU0152,09-07-2025,PRESENT,
STU0100,14-07-2025,PRESENT,
STU0476,30-09-2024,PRESENT,
STU0126,05-08-2024,LATE,
STU0509,21-02-2024,PRESENT,
STU0061,02-07-2024,PRESENT,
STU0461,26-07-2024,PRESENT,
STU0380,28-03-2025,PRESENT,
STU0211,20-06-2025,PRESENT,
STU0370,09-11-2023,PRESENT,
STU0033,30-06-2025,PRESENT,
STU0324,06-01-2024,PRESENT,
STU0016,26-11-2024,PRESENT,
STU0078,05-02-2024,PRESENT,
STU0478,15-09-2023,LATE,
STU0136,12-02-2026,LATE,
STU0010,27-06-2024,LATE,
STU0216,23-06-2025,PRESENT,
STU0208,27-06-2024,PRESENT,
STU0022,10-05-2023,PRESENT,
STU0186,03-10-2023,HALF_DAY,
STU0430,02-09-2024,PRESENT,
STU0254,05-04-2024,PRESENT,
STU0188,12-04-2025,PRESENT,
STU0319,12-02-2025,PRESENT,
STU0486,13-02-2024,PRESENT,
STU0298,31-07-2023,PRESENT,
STU0111,20-02-2025,PRESENT,
STU0039,14-07-2025,PRESENT,
STU0403,30-06-2025,PRESENT,
STU0211,04-06-2025,HALF_DAY,
STU0389,23-09-2024,PRESENT,
STU0162,20-02-2025,PRESENT,
STU0370,22-06-2023,PRESENT,
STU0126,01-07-2024,PRESENT,
STU0395,19-11-2024,PRESENT,
STU0166,28-08-2023,PRESENT,
STU0010,16-05-2024,PRESENT,
STU0052,19-03-2024,ABSENT,Sick
STU0094,22-06-2023,LEAVE,Medical leave
STU0207,05-04-2024,PRESENT,
STU0230,21-02-2024,PRESENT,
STU0034,19-12-2023,PRESENT,
STU0206,02-06-2023,PRESENT,
STU0493,19-06-2023,PRESENT,
STU0269,26-11-2024,PRESENT,
STU0256,02-06-2025,PRESENT,
STU0361,17-07-2023,PRESENT,
STU0287,29-10-2025,PRESENT,
STU0260,12-01-2026,PRESENT,
STU0187,05-04-2024,PRESENT,
STU0380,30-10-2025,PRESENT,
STU0324,19-06-2023,ABSENT,
STU0195,30-10-2025,PRESENT,
STU0343,20-04-2023,HALF_DAY,
STU0307,03-06-2025,PRESENT,
STU0211,12-02-2025,HALF_DAY,
STU0046,13-01-2026,HALF_DAY,
STU0100,08-01-2026,PRESENT,
STU0192,12-02-2025,HALF_DAY,
STU0010,30-07-2024,PRESENT,
STU0186,13-02-2024,PRESENT,
STU0418,12-03-2024,PRESENT,
STU0209,16-04-2025,PRESENT,
STU0125,12-02-2025,PRESENT,
STU0126,27-06-2024,PRESENT,
STU0192,03-12-2024,PRESENT,
STU0343,12-03-2024,PRESENT,
STU0078,14-04-2025,PRESENT,
STU0034,24-04-2023,PRESENT,
STU0211,11-09-2024,PRESENT,
STU0073,28-08-2024,ABSENT,Family event
STU0110,20-02-2025,PRESENT,
STU0071,05-01-2026,ABSENT,Sick
STU0461,01-11-2024,PRESENT,
STU0026,30-07-2024,PRESENT,
STU0066,19-11-2024,LATE,
STU0452,15-03-2025,ABSENT,Not informed
STU0211,02-01-2026,PRESENT,
STU0303,28-03-2025,PRESENT,
STU0125,05-04-2024,PRESENT,
STU0071,23-12-2025,PRESENT,
STU0254,02-11-2024,PRESENT,
STU0303,08-03-2025,LATE,
STU0246,04-06-2025,PRESENT,
STU0022,07-06-2023,HALF_DAY,
STU0055,12-02-2026,PRESENT,
STU0147,05-02-2024,PRESENT,
STU0185,02-09-2024,PRESENT,
STU0256,03-11-2025,PRESENT,
STU0493,09-11-2023,ABSENT,Sick
STU0192,01-10-2024,LATE,
STU0452,15-07-2024,PRESENT,
STU0061,16-05-2024,PRESENT,
STU0367,03-06-2025,ABSENT,
STU0438,22-06-2023,PRESENT,
STU0140,09-12-2023,PRESENT,
STU0338,28-08-2024,PRESENT,
STU0405,02-01-2026,PRESENT,
STU0491,13-06-2023,PRESENT,
STU0073,30-09-2024,PRESENT,
STU0316,01-03-2024,PRESENT,
STU0079,17-11-2023,PRESENT,
STU0079,22-06-2023,PRESENT,
STU0206,08-02-2024,PRESENT,
STU0053,03-02-2026,LATE,
STU0166,30-08-2023,PRESENT,
STU0357,12-02-2025,PRESENT,
STU0188,23-08-2025,LEAVE,
STU0307,08-01-2026,PRESENT,
STU0166,17-11-2023,ABSENT,Not informed
STU0140,22-01-2024,PRESENT,
STU0456,02-07-2024,PRESENT,
STU0147,30-04-2025,PRESENT,
STU0392,22-01-2024,PRESENT,
STU0478,19-06-2023,PRESENT,
STU0022,03-06-2023,LATE,
STU0361,05-02-2024,PRESENT,
STU0086,07-06-2023,PRESENT,
STU0457,03-10-2023,PRESENT,
STU0034,13-06-2023,PRESENT,
STU0079,30-11-2023,PRESENT,
STU0395,15-07-2024,PRESENT,
STU0272,14-06-2025,PRESENT,
STU0022,04-03-2024,PRESENT,
STU0209,14-04-2025,HALF_DAY,
STU0152,03-06-2025,LATE,
STU0211,06-01-2024,PRESENT,
STU0034,06-01-2024,PRESENT,
STU0105,01-11-2024,PRESENT,
STU0206,09-11-2023,PRESENT,
STU0367,19-04-2025,PRESENT,
STU0365,31-07-2023,PRESENT,
STU0166,03-10-2023,PRESENT,
STU0303,01-10-2024,PRESENT,
STU0094,19-06-2023,PRESENT,
STU0079,06-09-2023,PRESENT,
STU0216,14-07-2025,PRESENT,
STU0101,11-09-2024,PRESENT,
STU0039,30-04-2025,LEAVE,Family function
STU0208,02-07-2024,PRESENT,
STU0147,08-12-2025,PRESENT,
STU0207,08-07-2023,PRESENT,
STU0324,22-08-2025,ABSENT,
STU0256,19-02-2026,PRESENT,
STU0057,21-02-2024,HALF_DAY,
STU0478,01-02-2024,ABSENT,
STU0242,12-02-2025,PRESENT,
STU0493,13-02-2024,PRESENT,
STU0152,14-04-2025,PRESENT,
STU0094,29-01-2024,PRESENT,
STU0286,12-05-2025,PRESENT,
STU0207,20-04-2023,PRESENT,
STU0188,08-01-2026,HALF_DAY,
STU0105,15-07-2024,ABSENT,Family event
STU0254,01-08-2024,LATE,
STU0258,27-04-2023,PRESENT,
STU0336,07-06-2023,PRESENT,
STU0216,17-11-2023,PRESENT,
STU0311,02-06-2025,PRESENT,
STU0278,10-09-2025,PRESENT,
STU0347,21-02-2024,PRESENT,
STU0395,10-12-2024,PRESENT,
STU0370,03-10-2023,PRESENT,
STU0147,09-07-2025,PRESENT,
STU0192,18-06-2024,PRESENT,
STU0162,01-10-2024,PRESENT,
STU0016,17-08-2024,PRESENT,
STU0033,09-07-2025,PRESENT,
STU0324,08-12-2025,PRESENT,
STU0298,08-02-2024,PRESENT,
STU0366,21-02-2024,PRESENT,
STU0111,17-11-2023,PRESENT,
STU0180,29-01-2024,PRESENT,
STU0336,27-04-2023,PRESENT,
STU0486,22-06-2023,PRESENT,
STU0162,27-06-2024,PRESENT,
STU0101,18-06-2024,PRESENT,
STU0316,12-03-2024,PRESENT,
STU0113,05-08-2024,PRESENT,
STU0456,11-09-2024,PRESENT,
STU0143,27-06-2024,ABSENT,Not informed
STU0023,28-08-2025,PRESENT,
STU0055,03-11-2025,PRESENT,
STU0166,22-06-2023,ABSENT,Not informed
STU0026,31-07-2024,PRESENT,
STU0303,15-03-2025,PRESENT,
STU0209,23-12-2025,PRESENT,
STU0211,14-07-2025,PRESENT,
STU0365,26-09-2023,HALF_DAY,
STU0105,20-02-2025,PRESENT,
STU0101,01-08-2024,LATE,
STU0430,12-02-2025,PRESENT,
STU0053,13-01-2026,PRESENT,
STU0452,21-05-2024,PRESENT,
STU0073,04-07-2024,PRESENT,
STU0064,19-03-2024,PRESENT,
STU0147,19-02-2026,PRESENT,
STU0113,10-12-2024,PRESENT,
STU0008,15-09-2023,PRESENT,
STU0324,07-06-2023,PRESENT,
STU0157,06-02-2025,PRESENT,
STU0365,24-06-2023,PRESENT,
STU0336,29-10-2025,PRESENT,
STU0125,31-07-2024,ABSENT,Family event
STU0270,21-05-2024,PRESENT,
STU0382,06-01-2024,PRESENT,
STU0064,03-06-2023,PRESENT,
STU0432,14-06-2025,PRESENT,
STU0461,16-05-2024,LATE,
STU0389,02-11-2024,PRESENT,
STU0274,08-07-2023,HALF_DAY,
STU0100,30-06-2025,PRESENT,
STU0269,01-08-2024,PRESENT,
STU0365,09-12-2023,PRESENT,
STU0113,08-03-2025,PRESENT,
STU0303,30-09-2024,PRESENT,
STU0034,10-05-2023,ABSENT,Sick
STU0336,12-02-2026,PRESENT,
STU0392,19-06-2023,PRESENT,
STU0425,22-01-2024,PRESENT,
STU0287,02-01-2026,PRESENT,
STU0289,30-06-2025,LATE,
STU0380,03-06-2025,PRESENT,
STU0380,15-03-2025,PRESENT,
STU0269,18-06-2024,PRESENT,
STU0113,26-11-2024,PRESENT,
STU0361,19-06-2023,PRESENT,
STU0111,03-06-2023,PRESENT,
STU0100,23-06-2025,PRESENT,
STU0242,01-07-2024,PRESENT,
STU0403,12-04-2025,PRESENT,
STU0491,28-08-2023,LATE,
STU0380,27-06-2024,PRESENT,
STU0023,08-12-2025,PRESENT,
STU0192,08-03-2025,PRESENT,
STU0457,02-07-2024,PRESENT,
STU0044,01-08-2024,PRESENT,
STU0509,29-01-2024,HALF_DAY,
STU0010,05-04-2024,PRESENT,
STU0222,26-07-2024,ABSENT,Family event
STU0432,22-08-2025,PRESENT,
STU0152,22-08-2025,PRESENT,
STU0491,04-03-2024,PRESENT,
STU0336,17-07-2023,PRESENT,
STU0361,13-02-2024,ABSENT,Sick
STU0382,20-04-2023,PRESENT,
STU0389,06-02-2025,PRESENT,
STU0111,13-06-2023,PRESENT,
STU0395,16-05-2024,PRESENT,
STU0162,05-04-2024,PRESENT,
STU0493,20-04-2023,PRESENT,
STU0286,05-01-2026,ABSENT,
STU0276,02-07-2024,PRESENT,
STU0064,22-01-2024,PRESENT,
STU0380,02-11-2024,LATE,
STU0195,19-02-2026,PRESENT,
STU0457,20-02-2025,PRESENT,
STU0486,02-06-2023,PRESENT,
STU0307,23-08-2025,PRESENT,
STU0485,22-06-2023,PRESENT,
STU0185,28-08-2024,HALF_DAY,
STU0286,28-08-2025,PRESENT,
STU0022,15-03-2024,PRESENT,
STU0486,19-06-2023,PRESENT,
STU0316,26-09-2023,PRESENT,
STU0405,05-01-2026,PRESENT,
STU0395,15-10-2024,PRESENT,
STU0111,02-07-2024,PRESENT,
STU0026,29-05-2024,HALF_DAY,
STU0207,01-10-2024,PRESENT,
STU0256,19-04-2025,PRESENT,
STU0101,16-05-2024,PRESENT,
STU0338,19-11-2024,PRESENT,
STU0367,12-01-2026,LATE,
STU0418,26-09-2023,LATE,
STU0111,19-11-2024,PRESENT,
STU0461,18-06-2024,LATE,
STU0403,23-06-2025,PRESENT,
STU0112,06-07-2024,LATE,
STU0382,31-07-2023,PRESENT,
STU0023,16-04-2025,PRESENT,
STU0064,15-03-2024,PRESENT,
STU0053,02-02-2026,PRESENT,
STU0395,01-10-2024,PRESENT,
STU0382,06-09-2023,LATE,
STU0418,12-12-2023,PRESENT,
STU0143,06-02-2025,PRESENT,
STU0432,10-09-2025,PRESENT,
STU0275,27-06-2024,PRESENT,
STU0311,23-12-2025,PRESENT,
STU0476,18-06-2024,PRESENT,
STU0136,19-02-2026,PRESENT,
STU0432,02-02-2026,PRESENT,
STU0206,05-02-2024,PRESENT,
STU0491,03-06-2023,PRESENT,
STU0034,08-02-2024,PRESENT,
STU0403,19-02-2026,PRESENT,
STU0086,05-02-2024,PRESENT,
STU0010,26-09-2024,PRESENT,
STU0150,30-06-2025,PRESENT,
STU0222,10-12-2024,PRESENT,
STU0195,05-01-2026,PRESENT,
STU0491,19-03-2024,PRESENT,
STU0147,19-04-2025,PRESENT,
STU0324,08-02-2024,PRESENT,
STU0241,11-06-2024,PRESENT,
STU0476,01-10-2024,PRESENT,
STU0367,08-01-2026,PRESENT,
STU0430,30-04-2025,PRESENT,
STU0180,15-03-2024,PRESENT,
STU0125,12-04-2024,PRESENT,
STU0052,08-02-2024,PRESENT,
STU0367,02-01-2026,PRESENT,
STU0298,09-11-2023,HALF_DAY,
STU0067,22-11-2025,ABSENT,Family event
STU0349,22-01-2024,HALF_DAY,
STU0325,21-05-2024,PRESENT,
STU0208,03-12-2024,HALF_DAY,
STU0188,29-10-2025,ABSENT,Not informed
STU0332,14-07-2025,PRESENT,
STU0136,16-04-2025,PRESENT,
STU0493,09-12-2023,PRESENT,
STU0008,21-02-2024,LATE,
STU0254,16-05-2024,PRESENT,
STU0311,12-05-2025,PRESENT,
STU0336,31-07-2023,PRESENT,
STU0113,20-02-2025,PRESENT,
STU0278,12-02-2026,PRESENT,
STU0034,06-09-2023,PRESENT,
STU0390,28-08-2024,PRESENT,
STU0034,30-11-2023,PRESENT,
STU0222,31-07-2024,PRESENT,
STU0357,03-06-2023,PRESENT,
STU0064,12-12-2023,PRESENT,
STU0366,29-01-2024,LATE,
STU0071,09-01-2026,PRESENT,
STU0046,19-04-2025,PRESENT,
STU0403,16-04-2025,PRESENT,
STU0336,12-05-2025,LATE,
STU0140,13-06-2023,PRESENT,
STU0349,27-04-2023,PRESENT,
STU0111,23-09-2024,PRESENT,
STU0332,14-04-2025,ABSENT,Not informed
STU0254,15-10-2024,PRESENT,
STU0166,09-11-2023,PRESENT,
STU0367,09-01-2026,PRESENT,
STU0342,30-07-2024,PRESENT,
STU0332,14-06-2025,PRESENT,
STU0380,27-03-2025,PRESENT,
STU0010,28-03-2025,PRESENT,
STU0147,22-08-2025,HALF_DAY,
STU0126,20-02-2025,PRESENT,
STU0430,09-01-2026,ABSENT,Family event
STU0157,05-08-2024,PRESENT,
STU0125,15-10-2024,PRESENT,
STU0152,14-07-2025,PRESENT,
STU0276,28-08-2024,PRESENT,
STU0254,08-03-2025,PRESENT,
STU0071,22-11-2025,PRESENT,
STU0303,17-08-2024,PRESENT,
STU0365,20-04-2023,PRESENT,
STU0278,23-12-2025,PRESENT,
STU0078,19-04-2025,PRESENT,
STU0311,03-02-2026,PRESENT,
STU0491,10-05-2023,ABSENT,Not informed
STU0365,13-02-2024,PRESENT,
STU0111,19-12-2023,PRESENT,
STU0493,06-01-2024,LATE,
STU0365,24-04-2023,PRESENT,
STU0094,30-11-2023,LATE,
STU0039,22-08-2025,PRESENT,
STU0342,02-07-2024,PRESENT,
STU0216,05-02-2024,ABSENT,
STU0395,28-03-2025,PRESENT,
STU0016,01-11-2024,PRESENT,
STU0432,02-05-2025,PRESENT,
STU0110,11-09-2024,PRESENT,
STU0064,30-08-2023,PRESENT,
STU0217,05-01-2026,PRESENT,
STU0432,23-12-2025,PRESENT,
STU0269,30-07-2024,PRESENT,
STU0185,26-09-2024,PRESENT,
STU0336,09-01-2026,ABSENT,Not informed
STU0430,02-01-2026,PRESENT,
STU0461,12-02-2025,PRESENT,
STU0276,15-10-2024,PRESENT,
STU0071,20-06-2025,PRESENT,
STU0033,12-02-2026,PRESENT,
STU0195,02-02-2026,PRESENT,
STU0357,03-12-2024,LATE,
STU0485,03-06-2023,PRESENT,
STU0260,19-02-2026,PRESENT,
STU0079,09-12-2023,PRESENT,
STU0274,01-02-2024,PRESENT,
STU0456,03-12-2024,PRESENT,
STU0303,02-09-2024,PRESENT,
STU0430,29-05-2024,PRESENT,
STU0126,15-07-2024,PRESENT,
STU0079,02-06-2023,PRESENT,
STU0078,12-02-2026,PRESENT,
STU0343,03-06-2023,PRESENT,
STU0367,09-07-2025,PRESENT,
STU0336,03-06-2025,PRESENT,
STU0195,16-12-2025,PRESENT,
STU0112,06-02-2025,PRESENT,
STU0166,17-07-2023,PRESENT,
STU0217,08-12-2025,PRESENT,
STU0066,10-12-2024,PRESENT,
STU0186,04-03-2024,PRESENT,
STU0066,21-05-2024,PRESENT,
STU0392,02-06-2023,PRESENT,
STU0298,24-04-2023,PRESENT,
STU0276,31-07-2024,PRESENT,
STU0361,03-10-2023,PRESENT,
STU0256,10-09-2025,PRESENT,
STU0187,11-06-2024,PRESENT,
STU0457,12-02-2025,PRESENT,
STU0242,23-09-2024,ABSENT,
STU0162,06-07-2024,PRESENT,
STU0450,26-09-2023,ABSENT,Sick
STU0246,19-04-2025,PRESENT,
STU0456,10-12-2024,PRESENT,
STU0272,19-02-2026,PRESENT,
STU0246,28-08-2025,PRESENT,
STU0311,13-01-2026,PRESENT,
STU0395,28-08-2024,LEAVE,
STU0211,15-03-2025,PRESENT,
STU0016,06-07-2024,ABSENT,
STU0286,09-07-2025,PRESENT,
STU0286,02-02-2026,PRESENT,
STU0493,17-07-2023,PRESENT,
STU0272,02-01-2026,PRESENT,
STU0055,20-02-2026,LATE,
STU0143,08-03-2025,PRESENT,
STU0046,12-02-2026,PRESENT,
STU0319,08-03-2025,PRESENT,
STU0405,02-02-2026,PRESENT,
STU0034,12-03-2024,PRESENT,
STU0287,16-12-2025,PRESENT,
STU0152,30-10-2025,PRESENT,
STU0147,22-11-2025,PRESENT,
STU0491,29-01-2024,LATE,
STU0046,30-04-2025,PRESENT,
STU0208,06-07-2024,PRESENT,
STU0476,02-07-2024,PRESENT,
STU0066,06-07-2024,PRESENT,
STU0071,04-06-2025,PRESENT,
STU0298,19-03-2024,LATE,
STU0217,09-07-2025,PRESENT,
STU0274,04-03-2024,PRESENT,
STU0016,12-02-2025,PRESENT,
STU0044,26-07-2024,PRESENT,
STU0140,22-06-2023,PRESENT,
STU0316,30-08-2023,ABSENT,Family event
STU0185,26-07-2024,PRESENT,
STU0274,27-04-2023,PRESENT,
STU0208,27-03-2025,PRESENT,
STU0216,13-06-2023,PRESENT,
STU0246,02-02-2026,PRESENT,
STU0241,02-09-2024,PRESENT,
STU0275,28-08-2024,ABSENT,Sick
STU0185,16-05-2024,LEAVE,
STU0147,05-01-2026,PRESENT,
STU0094,01-02-2024,PRESENT,
STU0429,10-09-2025,PRESENT,
STU0486,03-06-2023,PRESENT,
STU0242,20-02-2025,PRESENT,
STU0140,06-09-2023,PRESENT,
STU0150,16-12-2025,PRESENT,
STU0343,24-04-2023,PRESENT,
STU0493,12-12-2023,LATE,
STU0044,05-08-2024,PRESENT,
STU0367,30-06-2025,PRESENT,
STU0319,06-07-2024,PRESENT,
STU0150,22-11-2025,PRESENT,
STU0187,12-04-2024,PRESENT,
STU0216,12-03-2024,HALF_DAY,
STU0324,03-10-2023,PRESENT,
STU0241,05-08-2024,PRESENT,
STU0246,14-07-2025,PRESENT,
STU0392,31-07-2023,PRESENT,
STU0260,02-06-2025,PRESENT,
STU0111,19-06-2023,PRESENT,
STU0162,16-05-2024,PRESENT,
STU0325,01-08-2024,LATE,
STU0342,01-08-2024,PRESENT,
STU0370,17-11-2023,PRESENT,
STU0307,22-08-2025,PRESENT,
STU0208,20-02-2025,LATE,
STU0270,11-06-2024,PRESENT,
STU0010,28-08-2024,LATE,
STU0356,13-06-2023,LATE,
STU0230,04-03-2024,PRESENT,
STU0274,22-01-2024,PRESENT,
STU0211,21-02-2024,PRESENT,
STU0260,08-12-2025,PRESENT,
STU0086,15-09-2023,HALF_DAY,
STU0147,10-09-2025,ABSENT,
STU0246,03-11-2025,PRESENT,
STU0110,12-02-2025,PRESENT,
STU0289,02-06-2025,PRESENT,
STU0217,02-02-2026,PRESENT,
STU0166,22-01-2024,PRESENT,
STU0136,23-06-2025,ABSENT,Sick
STU0298,04-03-2024,PRESENT,
STU0367,19-02-2026,PRESENT,
STU0270,05-08-2024,PRESENT,
STU0166,09-12-2023,PRESENT,
STU0111,08-03-2025,PRESENT,
STU0382,08-02-2024,PRESENT,
STU0366,06-01-2024,PRESENT,
STU0438,03-10-2023,PRESENT,
STU0044,18-06-2024,PRESENT,
STU0256,23-12-2025,ABSENT,
STU0380,18-06-2024,PRESENT,
STU0086,06-09-2023,PRESENT,
STU0192,11-09-2024,HALF_DAY,
STU0147,14-04-2025,PRESENT,
STU0110,26-07-2024,PRESENT,
STU0185,12-02-2025,PRESENT,
STU0260,20-02-2026,PRESENT,
STU0034,15-09-2023,PRESENT,
STU0105,03-12-2024,ABSENT,
STU0140,24-04-2023,PRESENT,
STU0432,05-09-2025,LATE,
STU0289,02-02-2026,PRESENT,
STU0324,02-05-2025,PRESENT,
STU0395,23-09-2024,PRESENT,
STU0212,14-06-2025,PRESENT,
STU0365,10-05-2023,PRESENT,
STU0336,08-07-2023,PRESENT,
STU0485,20-04-2023,PRESENT,
STU0367,05-01-2026,PRESENT,
STU0430,19-02-2026,PRESENT,
STU0457,27-06-2024,PRESENT,
STU0389,28-08-2024,PRESENT,
STU0150,08-01-2026,PRESENT,
STU0209,22-08-2025,PRESENT,
STU0491,07-06-2023,PRESENT,
STU0278,12-01-2026,PRESENT,
STU0112,11-06-2024,LEAVE,Medical leave
STU0276,03-12-2024,PRESENT,
STU0274,10-05-2023,PRESENT,
STU0452,02-07-2024,PRESENT,
STU0274,03-06-2023,PRESENT,
STU0380,05-09-2025,PRESENT,
STU0113,17-08-2024,PRESENT,
STU0457,17-08-2024,PRESENT,
STU0216,03-11-2025,PRESENT,
STU0211,31-07-2024,PRESENT,
STU0405,08-01-2026,PRESENT,
STU0418,17-11-2023,PRESENT,
STU0217,19-04-2025,HALF_DAY,
STU0432,16-12-2025,LATE,
STU0286,02-01-2026,PRESENT,
STU0461,02-07-2024,PRESENT,
STU0336,15-03-2024,PRESENT,
STU0111,03-12-2024,ABSENT,Sick
STU0287,23-12-2025,PRESENT,
STU0147,03-02-2026,PRESENT,
STU0078,16-12-2025,PRESENT,
STU0357,28-03-2025,PRESENT,
STU0078,28-08-2023,PRESENT,
STU0180,08-02-2024,ABSENT,
STU0418,19-12-2023,HALF_DAY,
STU0125,01-07-2024,LATE,
STU0324,16-12-2025,PRESENT,
STU0101,02-07-2024,ABSENT,Not informed
STU0246,20-02-2026,HALF_DAY,
STU0242,03-12-2024,ABSENT,
STU0457,12-04-2024,PRESENT,
STU0298,28-08-2023,PRESENT,
STU0356,20-04-2023,PRESENT,
STU0147,22-01-2024,HALF_DAY,
STU0418,27-04-2023,PRESENT,
STU0361,19-12-2023,PRESENT,
STU0079,08-07-2023,PRESENT,
STU0041,10-01-2026,PRESENT,
STU0254,12-04-2024,ABSENT,Not informed
STU0073,18-06-2024,LATE,
STU0324,13-02-2024,PRESENT,
STU0405,12-05-2025,HALF_DAY,
STU0230,05-02-2024,HALF_DAY,
STU0186,01-02-2024,PRESENT,
STU0217,14-04-2025,PRESENT,
STU0311,20-06-2025,PRESENT,
STU0380,28-08-2025,PRESENT,
STU0110,17-08-2024,PRESENT,
STU0126,15-03-2025,PRESENT,
STU0303,03-12-2024,ABSENT,Not informed
STU0166,06-09-2023,ABSENT,
STU0509,24-04-2023,PRESENT,
STU0207,03-10-2023,LATE,
STU0034,15-03-2024,PRESENT,
STU0078,30-06-2025,HALF_DAY,
STU0286,23-08-2025,PRESENT,
STU0276,02-11-2024,PRESENT,
STU0336,30-04-2025,HALF_DAY,
STU0486,15-09-2023,PRESENT,
STU0034,24-06-2023,PRESENT,
STU0242,02-07-2024,PRESENT,
STU0430,04-07-2024,PRESENT,
STU0162,05-08-2024,PRESENT,
STU0316,10-05-2023,PRESENT,
STU0064,26-09-2023,PRESENT,
STU0241,29-05-2024,PRESENT,
STU0211,10-09-2025,LATE,
STU0073,11-06-2024,PRESENT,
STU0100,12-04-2025,PRESENT,
STU0192,02-07-2024,PRESENT,
STU0113,02-07-2024,PRESENT,
STU0073,06-07-2024,PRESENT,
STU0206,17-07-2023,PRESENT,
STU0429,20-06-2025,LATE,
STU0211,31-07-2023,HALF_DAY,
STU0405,23-06-2025,PRESENT,
STU0342,26-09-2024,PRESENT,
STU0405,04-06-2025,PRESENT,
STU0270,05-04-2024,PRESENT,
STU0450,29-01-2024,LATE,
STU0303,04-07-2024,PRESENT,
STU0136,02-05-2025,PRESENT,
STU0390,16-05-2024,PRESENT,
STU0064,06-01-2024,PRESENT,
STU0136,05-09-2025,PRESENT,
STU0380,11-09-2024,PRESENT,
STU0275,04-07-2024,PRESENT,
STU0432,29-10-2025,PRESENT,
STU0307,12-02-2026,PRESENT,
STU0425,19-12-2023,PRESENT,
STU0066,26-07-2024,PRESENT,
STU0269,16-05-2024,PRESENT,
STU0071,28-08-2025,PRESENT,
STU0209,10-09-2025,PRESENT,
STU0343,10-05-2023,PRESENT,
STU0195,08-12-2025,PRESENT,
STU0143,12-02-2025,PRESENT,
STU0140,03-10-2023,PRESENT,
STU0429,20-02-2026,PRESENT,
STU0275,05-08-2024,HALF_DAY,
STU0450,06-01-2024,PRESENT,
STU0157,10-12-2024,PRESENT,
STU0430,23-09-2024,ABSENT,Sick
STU0457,26-11-2024,PRESENT,
STU0258,01-02-2024,ABSENT,Sick
STU0332,30-04-2025,PRESENT,
STU0274,29-01-2024,PRESENT,
STU0100,03-06-2025,PRESENT,
STU0389,18-06-2024,PRESENT,
STU0044,12-02-2025,PRESENT,
STU0034,03-10-2023,PRESENT,
STU0367,23-06-2025,PRESENT,
STU0392,27-04-2023,PRESENT,
STU0258,28-08-2023,PRESENT,
STU0286,09-01-2026,LATE,
STU0366,31-07-2023,ABSENT,Sick
STU0147,30-06-2025,ABSENT,Not informed
STU0100,12-05-2025,PRESENT,
STU0457,30-07-2024,PRESENT,
STU0212,04-06-2025,ABSENT,Family event
STU0450,19-03-2024,PRESENT,
STU0269,15-03-2025,PRESENT,
STU0303,28-08-2024,PRESENT,
STU0152,10-01-2026,PRESENT,
STU0485,30-08-2023,ABSENT,Family event
STU0349,06-09-2023,PRESENT,
STU0052,22-06-2023,PRESENT,
STU0071,03-11-2025,PRESENT,
STU0256,09-01-2026,PRESENT,
STU0143,19-11-2024,PRESENT,
STU0286,14-07-2025,PRESENT,
STU0278,08-12-2025,PRESENT,
STU0380,12-02-2025,PRESENT,
STU0187,27-06-2024,PRESENT,
STU0016,11-09-2024,HALF_DAY,
STU0275,21-05-2024,PRESENT,
STU0111,06-01-2024,PRESENT,
STU0166,12-03-2024,PRESENT,
STU0307,14-06-2025,PRESENT,
STU0347,06-09-2023,PRESENT,
STU0429,02-01-2026,PRESENT,
STU0367,29-10-2025,PRESENT,
STU0071,03-02-2026,PRESENT,
STU0022,01-03-2024,PRESENT,
STU0157,21-05-2024,PRESENT,
STU0336,05-09-2025,PRESENT,
STU0336,13-01-2026,PRESENT,
STU0162,26-11-2024,LEAVE,Family function
STU0078,15-03-2024,PRESENT,
STU0367,13-01-2026,PRESENT,
STU0452,08-03-2025,PRESENT,
STU0438,04-03-2024,PRESENT,
STU0336,19-06-2023,PRESENT,
STU0125,16-05-2024,PRESENT,
STU0367,12-02-2026,PRESENT,
STU0457,14-04-2023,PRESENT,
STU0180,17-07-2023,HALF_DAY,
STU0286,10-01-2026,HALF_DAY,
STU0185,03-12-2024,PRESENT,
STU0192,21-05-2024,ABSENT,Family event
STU0066,01-07-2024,LEAVE,Family function
STU0180,14-04-2023,HALF_DAY,
STU0026,05-08-2024,PRESENT,
STU0216,22-08-2025,PRESENT,
STU0207,01-07-2024,PRESENT,
STU0429,14-07-2025,LATE,
STU0208,01-07-2024,PRESENT,
STU0287,09-01-2026,PRESENT,
STU0456,05-08-2024,PRESENT,
STU0078,26-09-2023,LATE,
STU0008,03-10-2023,ABSENT,
STU0389,15-03-2025,PRESENT,
STU0140,26-09-2023,PRESENT,
STU0365,30-08-2023,ABSENT,Family event
STU0319,28-08-2024,PRESENT,
STU0008,12-12-2023,PRESENT,
STU0041,22-11-2025,ABSENT,Not informed
STU0110,04-07-2024,PRESENT,
STU0067,19-02-2026,PRESENT,
STU0477,17-11-2023,PRESENT,
STU0180,13-02-2024,LEAVE,Family function
STU0125,20-02-2025,PRESENT,
STU0311,08-01-2026,LATE,
STU0211,19-11-2024,PRESENT,
STU0152,08-01-2026,PRESENT,
STU0319,26-09-2024,PRESENT,
STU0486,01-02-2024,HALF_DAY,
STU0061,26-11-2024,PRESENT,
STU0356,06-01-2024,PRESENT,
STU0390,11-09-2024,PRESENT,
STU0126,02-07-2024,PRESENT,
STU0324,31-07-2023,PRESENT,
STU0311,12-04-2025,LEAVE,
STU0275,15-07-2024,PRESENT,
STU0105,21-05-2024,PRESENT,
STU0367,20-02-2026,PRESENT,
STU0086,29-01-2024,PRESENT,
STU0347,13-06-2023,PRESENT,
STU0166,26-09-2023,PRESENT,
STU0452,03-12-2024,PRESENT,
STU0332,02-02-2026,PRESENT,
STU0486,30-11-2023,LEAVE,Family function
STU0336,04-06-2025,PRESENT,
STU0349,13-02-2024,HALF_DAY,
STU0079,03-10-2023,HALF_DAY,
STU0057,06-01-2024,PRESENT,
STU0324,09-01-2026,PRESENT,
STU0166,01-03-2024,PRESENT,
STU0209,16-12-2025,PRESENT,
STU0432,09-01-2026,LATE,
STU0303,01-08-2024,ABSENT,Family event
STU0147,01-02-2024,ABSENT,Sick
STU0338,06-02-2025,PRESENT,
STU0023,19-04-2025,PRESENT,
STU0112,19-11-2024,PRESENT,
STU0071,03-06-2025,PRESENT,
STU0166,08-07-2023,LATE,
STU0055,30-04-2025,LATE,
STU0311,02-02-2026,PRESENT,
STU0217,09-01-2026,PRESENT,
STU0026,10-12-2024,PRESENT,
STU0110,01-07-2024,PRESENT,
STU0450,12-12-2023,PRESENT,
STU0055,12-05-2025,PRESENT,
STU0078,02-01-2026,PRESENT,
STU0230,07-06-2023,PRESENT,
STU0053,05-09-2025,ABSENT,Family event
STU0311,14-06-2025,PRESENT,
STU0052,29-01-2024,PRESENT,
STU0185,29-05-2024,PRESENT,
STU0316,24-04-2023,PRESENT,
STU0256,30-10-2025,PRESENT,
STU0347,05-02-2024,PRESENT,
STU0016,16-05-2024,PRESENT,
STU0216,19-03-2024,LEAVE,
STU0039,19-04-2025,PRESENT,
STU0147,12-04-2025,PRESENT,
STU0324,12-03-2024,PRESENT,
STU0010,29-05-2024,PRESENT,
STU0212,12-05-2025,PRESENT,
STU0188,02-01-2026,PRESENT,
STU0325,26-11-2024,PRESENT,
STU0324,17-07-2023,ABSENT,Not informed
STU0136,30-04-2025,PRESENT,
STU0209,28-08-2025,PRESENT,
STU0207,15-03-2025,PRESENT,
STU0086,15-03-2024,PRESENT,
STU0298,12-03-2024,PRESENT,
STU0382,19-12-2023,PRESENT,
STU0332,10-01-2026,PRESENT,
STU0071,02-02-2026,PRESENT,
STU0078,29-10-2025,PRESENT,
STU0016,30-09-2024,PRESENT,
STU0349,07-06-2023,LEAVE,
STU0357,15-03-2024,PRESENT,
STU0382,24-06-2023,PRESENT,
STU0357,01-11-2024,PRESENT,
STU0246,30-04-2025,PRESENT,
STU0256,05-01-2026,PRESENT,
STU0478,19-12-2023,PRESENT,
STU0485,30-11-2023,HALF_DAY,
STU0023,03-06-2025,LATE,
STU0342,20-02-2025,PRESENT,
STU0485,26-09-2023,PRESENT,
STU0430,30-10-2025,PRESENT,
STU0429,02-06-2025,PRESENT,
STU0256,05-09-2025,PRESENT,
STU0430,10-01-2026,HALF_DAY,
STU0216,12-01-2026,PRESENT,
STU0209,19-02-2026,HALF_DAY,
STU0039,09-07-2025,PRESENT,
STU0101,28-08-2024,PRESENT,
STU0357,06-07-2024,LEAVE,Family function
STU0274,12-03-2024,LATE,
STU0316,14-04-2023,PRESENT,
STU0380,02-02-2026,PRESENT,
STU0136,10-09-2025,PRESENT,
STU0111,13-02-2024,PRESENT,
STU0140,05-02-2024,LATE,
STU0286,30-10-2025,ABSENT,Sick
STU0509,31-07-2023,PRESENT,
STU0450,08-02-2024,PRESENT,
STU0370,29-01-2024,PRESENT,
STU0152,20-02-2026,ABSENT,Not informed
STU0033,14-07-2025,PRESENT,
STU0286,12-04-2025,PRESENT,
STU0101,15-10-2024,PRESENT,
STU0356,24-04-2023,PRESENT,
STU0216,09-12-2023,PRESENT,
STU0105,31-07-2024,PRESENT,
STU0053,03-06-2025,PRESENT,
STU0270,16-05-2024,PRESENT,
STU0477,27-04-2023,PRESENT,
STU0211,26-09-2023,PRESENT,
STU0324,08-01-2026,PRESENT,
STU0361,03-06-2023,ABSENT,Not informed
STU0073,19-11-2024,PRESENT,
STU0298,19-06-2023,PRESENT,
STU0272,05-09-2025,PRESENT,
STU0324,09-11-2023,PRESENT,
STU0100,05-09-2025,PRESENT,
STU0157,26-09-2024,PRESENT,
STU0270,27-06-2024,PRESENT,
STU0456,08-03-2025,PRESENT,
STU0254,12-02-2025,PRESENT,
STU0493,19-03-2024,LEAVE,Family function
STU0078,03-06-2025,PRESENT,
STU0105,23-09-2024,PRESENT,
STU0033,02-01-2026,PRESENT,
STU0456,18-06-2024,PRESENT,
STU0150,03-11-2025,ABSENT,Not informed
STU0157,08-03-2025,PRESENT,
STU0461,01-07-2024,ABSENT,Not informed
STU0010,04-07-2024,PRESENT,
STU0425,19-06-2023,PRESENT,
STU0367,12-04-2025,PRESENT,
STU0287,22-11-2025,PRESENT,
STU0211,22-11-2025,PRESENT,
STU0039,02-02-2026,LEAVE,
STU0241,26-11-2024,PRESENT,
STU0211,28-03-2025,PRESENT,
STU0008,28-08-2023,PRESENT,
STU0275,01-08-2024,PRESENT,
STU0064,29-01-2024,PRESENT,
STU0211,30-09-2024,PRESENT,
STU0258,09-12-2023,PRESENT,
STU0366,24-06-2023,PRESENT,
STU0429,12-02-2026,PRESENT,
STU0034,05-02-2024,PRESENT,
STU0067,12-01-2026,PRESENT,
STU0356,01-03-2024,PRESENT,
STU0477,15-09-2023,PRESENT,
STU0286,03-11-2025,PRESENT,
STU0008,19-06-2023,PRESENT,
STU0057,17-11-2023,PRESENT,
STU0207,31-07-2024,PRESENT,
STU0066,12-04-2024,PRESENT,
STU0111,15-03-2025,PRESENT,
STU0187,02-07-2024,ABSENT,Family event
STU0101,02-09-2024,PRESENT,
STU0476,05-08-2024,PRESENT,
STU0207,19-03-2024,ABSENT,Not informed
STU0071,14-06-2025,PRESENT,
STU0429,30-04-2025,PRESENT,
STU0046,03-06-2025,PRESENT,
STU0105,30-09-2024,PRESENT,
STU0039,12-04-2025,PRESENT,
STU0270,02-09-2024,PRESENT,
STU0278,10-01-2026,PRESENT,
STU0023,03-11-2025,PRESENT,
STU0491,24-04-2023,HALF_DAY,
STU0008,27-04-2023,HALF_DAY,
STU0258,19-06-2023,PRESENT,
STU0086,03-10-2023,PRESENT,
STU0111,30-09-2024,PRESENT,
STU0438,07-06-2023,PRESENT,
STU0256,22-11-2025,PRESENT,
STU0325,12-04-2024,PRESENT,
STU0222,04-07-2024,PRESENT,
STU0389,11-09-2024,PRESENT,
STU0125,01-08-2024,PRESENT,
STU0208,11-06-2024,PRESENT,
STU0366,03-10-2023,LATE,
STU0101,27-06-2024,PRESENT,
STU0272,12-04-2025,ABSENT,Sick
STU0186,29-01-2024,PRESENT,
STU0303,15-07-2024,PRESENT,
STU0457,18-06-2024,PRESENT,
STU0405,30-06-2025,PRESENT,
STU0039,23-06-2025,PRESENT,
STU0211,28-08-2023,PRESENT,
STU0105,11-09-2024,PRESENT,
STU0343,27-04-2023,PRESENT,
STU0086,24-04-2023,PRESENT,
STU0380,10-09-2025,ABSENT,Not informed
STU0211,23-12-2025,PRESENT,
STU0260,30-04-2025,PRESENT,
STU0217,12-04-2025,PRESENT,
STU0209,23-06-2025,PRESENT,
STU0078,14-07-2025,PRESENT,
STU0319,19-11-2024,PRESENT,
STU0347,03-10-2023,PRESENT,
STU0319,11-06-2024,HALF_DAY,
STU0395,02-07-2024,ABSENT,Not informed
STU0361,08-07-2023,PRESENT,
STU0246,12-04-2025,PRESENT,
STU0303,02-11-2024,PRESENT,
STU0392,01-03-2024,PRESENT,
STU0276,26-07-2024,PRESENT,
STU0242,15-10-2024,PRESENT,
STU0150,08-12-2025,PRESENT,
STU0325,05-04-2024,PRESENT,
STU0110,11-06-2024,PRESENT,
STU0461,21-05-2024,PRESENT,
STU0209,12-04-2025,PRESENT,
STU0429,19-04-2025,PRESENT,
STU0222,01-08-2024,PRESENT,
STU0270,12-02-2025,PRESENT,
STU0425,12-03-2024,PRESENT,
STU0438,08-02-2024,PRESENT,
STU0110,08-03-2025,PRESENT,
STU0192,11-06-2024,PRESENT,
STU0105,17-08-2024,PRESENT,
STU0347,12-03-2024,HALF_DAY,
STU0486,29-01-2024,ABSENT,
STU0418,05-02-2024,PRESENT,
STU0477,01-02-2024,PRESENT,
STU0064,30-11-2023,PRESENT,
STU0316,17-11-2023,LATE,
STU0101,15-03-2025,PRESENT,
STU0367,02-02-2026,LEAVE,Family function
STU0055,23-08-2025,PRESENT,
STU0100,09-07-2025,ABSENT,
STU0208,15-03-2025,PRESENT,
STU0216,30-11-2023,PRESENT,
STU0044,15-10-2024,HALF_DAY,
STU0185,20-02-2025,PRESENT,
STU0242,01-10-2024,PRESENT,
STU0324,22-01-2024,PRESENT,
STU0258,06-01-2024,PRESENT,
STU0150,28-08-2025,PRESENT,
STU0269,05-04-2024,PRESENT,
STU0152,12-05-2025,PRESENT,
STU0432,12-04-2025,PRESENT,
STU0380,26-07-2024,PRESENT,
STU0316,30-11-2023,PRESENT,
STU0079,04-03-2024,LATE,
STU0157,29-05-2024,PRESENT,
STU0332,19-02-2026,ABSENT,Family event
STU0477,03-06-2023,PRESENT,
STU0086,06-01-2024,PRESENT,
STU0289,22-11-2025,PRESENT,
STU0230,08-02-2024,ABSENT,
STU0430,06-02-2025,PRESENT,
STU0078,03-11-2025,PRESENT,
STU0216,08-01-2026,ABSENT,Family event
STU0485,02-06-2023,HALF_DAY,
STU0039,16-12-2025,PRESENT,
STU0274,07-06-2023,PRESENT,
STU0270,08-03-2025,PRESENT,
STU0110,15-03-2025,PRESENT,
STU0023,12-04-2025,PRESENT,
STU0349,30-11-2023,PRESENT,
STU0316,15-03-2024,PRESENT,
STU0357,02-07-2024,PRESENT,
STU0209,19-04-2025,PRESENT,
STU0395,05-08-2024,PRESENT,
STU0166,03-06-2023,PRESENT,
STU0365,03-10-2023,PRESENT,
STU0365,09-11-2023,PRESENT,
STU0272,12-02-2026,ABSENT,
STU0125,18-06-2024,PRESENT,
STU0270,26-11-2024,PRESENT,
STU0207,17-11-2023,PRESENT,
STU0307,23-06-2025,PRESENT,
STU0311,04-06-2025,LATE,
STU0254,17-08-2024,PRESENT,
STU0016,05-04-2024,PRESENT,
STU0287,04-06-2025,HALF_DAY,
STU0457,02-06-2023,PRESENT,
STU0270,06-02-2025,ABSENT,Family event
STU0370,08-07-2023,PRESENT,
STU0209,29-10-2025,PRESENT,
STU0307,30-04-2025,PRESENT,
STU0491,31-07-2023,PRESENT,
STU0303,01-07-2024,PRESENT,
STU0319,15-07-2024,PRESENT,
STU0336,14-07-2025,PRESENT,
STU0140,19-06-2023,ABSENT,
STU0073,28-03-2025,PRESENT,
STU0303,26-11-2024,PRESENT,
STU0432,02-01-2026,PRESENT,
STU0180,20-04-2023,PRESENT,
STU0008,13-02-2024,ABSENT,
STU0324,19-12-2023,PRESENT,
STU0298,07-06-2023,PRESENT,
STU0211,09-12-2023,PRESENT,
STU0457,15-09-2023,PRESENT,
STU0026,06-07-2024,PRESENT,
STU0486,19-03-2024,PRESENT,
STU0242,02-11-2024,ABSENT,
STU0509,19-06-2023,PRESENT,
STU0338,29-05-2024,PRESENT,
STU0365,22-06-2023,PRESENT,
STU0186,20-04-2023,PRESENT,
STU0343,15-09-2023,PRESENT,
STU0349,24-06-2023,PRESENT,
STU0111,11-06-2024,PRESENT,
STU0366,09-12-2023,PRESENT,
STU0023,29-10-2025,PRESENT,
STU0461,05-08-2024,PRESENT,
STU0044,12-04-2024,PRESENT,
STU0332,12-01-2026,PRESENT,
STU0207,15-07-2024,PRESENT,
STU0101,21-05-2024,ABSENT,Family event
STU0086,04-03-2024,PRESENT,
STU0319,26-11-2024,PRESENT,
STU0078,30-10-2025,PRESENT,
STU0380,02-06-2025,PRESENT,
STU0457,12-03-2024,PRESENT,
STU0022,30-08-2023,PRESENT,
STU0126,02-11-2024,PRESENT,
STU0216,14-04-2025,PRESENT,
STU0405,23-08-2025,PRESENT,
STU0316,06-01-2024,PRESENT,
STU0023,02-05-2025,PRESENT,
STU0143,05-08-2024,PRESENT,
STU0136,02-01-2026,PRESENT,
STU0452,16-05-2024,PRESENT,
STU0403,02-02-2026,ABSENT,
STU0207,24-04-2023,PRESENT,
STU0493,04-03-2024,ABSENT,Family event
STU0140,24-06-2023,PRESENT,
STU0405,22-11-2025,PRESENT,
STU0230,01-03-2024,PRESENT,
STU0357,19-11-2024,PRESENT,
STU0100,22-08-2025,PRESENT,
STU0125,10-12-2024,PRESENT,
STU0274,20-04-2023,PRESENT,
STU0126,31-07-2024,ABSENT,Not informed
STU0275,05-04-2024,PRESENT,
STU0207,21-05-2024,PRESENT,
STU0157,12-04-2024,PRESENT,
STU0112,27-03-2025,PRESENT,
STU0052,14-04-2023,PRESENT,
STU0212,13-01-2026,PRESENT,
STU0136,12-01-2026,PRESENT,
STU0209,04-06-2025,PRESENT,
STU0010,26-11-2024,ABSENT,Sick
STU0258,22-06-2023,PRESENT,
STU0430,23-12-2025,LEAVE,
STU0425,20-04-2023,PRESENT,
STU0022,13-06-2023,PRESENT,
STU0105,30-07-2024,PRESENT,
STU0216,15-03-2024,PRESENT,
STU0343,24-06-2023,PRESENT,
STU0319,27-06-2024,PRESENT,
STU0125,15-03-2025,PRESENT,
STU0316,05-02-2024,PRESENT,
STU0010,20-02-2025,PRESENT,
STU0457,01-10-2024,PRESENT,
STU0256,09-07-2025,PRESENT,
STU0325,18-06-2024,PRESENT,
STU0491,20-04-2023,PRESENT,
STU0367,22-08-2025,PRESENT,
STU0450,13-02-2024,PRESENT,
STU0212,19-02-2026,PRESENT,
STU0356,19-03-2024,PRESENT,
STU0100,16-12-2025,PRESENT,
STU0392,28-08-2023,LEAVE,Family function
STU0357,22-06-2023,PRESENT,
STU0207,23-09-2024,PRESENT,
STU0064,27-04-2023,PRESENT,
STU0336,28-08-2023,ABSENT,Family event
STU0078,04-03-2024,PRESENT,
STU0212,02-02-2026,PRESENT,
STU0278,30-10-2025,PRESENT,
STU0324,14-06-2025,ABSENT,
STU0023,22-08-2025,PRESENT,
STU0509,08-02-2024,PRESENT,
STU0256,28-08-2025,PRESENT,
STU0111,10-05-2023,PRESENT,
STU0195,12-05-2025,PRESENT,
STU0450,01-03-2024,PRESENT,
STU0061,11-09-2024,PRESENT,
STU0242,11-09-2024,LEAVE,Family function
STU0207,12-12-2023,PRESENT,
STU0457,06-07-2024,ABSENT,Sick
STU0298,14-04-2023,PRESENT,
STU0111,11-09-2024,ABSENT,Family event
STU0061,23-09-2024,PRESENT,
STU0456,27-03-2025,PRESENT,
STU0111,06-09-2023,PRESENT,
STU0370,13-06-2023,PRESENT,
STU0403,03-02-2026,PRESENT,
STU0418,14-04-2023,PRESENT,
STU0166,15-03-2024,PRESENT,
STU0230,22-06-2023,PRESENT,
STU0105,06-07-2024,PRESENT,
STU0073,17-08-2024,ABSENT,
STU0461,01-08-2024,PRESENT,
STU0112,29-05-2024,PRESENT,
STU0187,10-12-2024,PRESENT,
STU0188,12-02-2026,LEAVE,Medical leave
STU0188,28-08-2025,PRESENT,
STU0113,02-09-2024,PRESENT,
STU0429,04-06-2025,PRESENT,
STU0486,08-02-2024,PRESENT,
STU0246,02-05-2025,PRESENT,
STU0094,28-08-2023,PRESENT,
STU0022,19-12-2023,ABSENT,
STU0209,22-11-2025,PRESENT,
STU0061,08-03-2025,LATE,
STU0057,09-12-2023,PRESENT,
STU0180,03-06-2023,PRESENT,
STU0071,14-04-2025,PRESENT,
STU0222,01-11-2024,PRESENT,
STU0256,12-04-2025,ABSENT,Sick
STU0366,13-02-2024,PRESENT,
STU0113,21-05-2024,ABSENT,Sick
STU0023,22-11-2025,PRESENT,
STU0324,20-06-2025,PRESENT,
STU0094,30-08-2023,LATE,
STU0325,12-02-2025,PRESENT,
STU0207,27-06-2024,PRESENT,
STU0136,23-12-2025,ABSENT,Not informed
STU0486,28-08-2023,HALF_DAY,
STU0192,27-03-2025,PRESENT,
STU0212,30-10-2025,PRESENT,
STU0361,17-11-2023,PRESENT,
STU0389,19-11-2024,LATE,
STU0289,29-10-2025,PRESENT,
STU0125,01-11-2024,PRESENT,
STU0071,02-06-2025,PRESENT,
STU0207,04-03-2024,PRESENT,
STU0319,26-07-2024,PRESENT,
STU0298,13-02-2024,PRESENT,
STU0324,22-11-2025,ABSENT,Family event
STU0094,12-03-2024,LATE,
STU0357,22-01-2024,PRESENT,
STU0486,12-12-2023,PRESENT,
STU0430,31-07-2024,PRESENT,
STU0230,03-10-2023,PRESENT,
STU0211,08-01-2026,PRESENT,
STU0270,11-09-2024,PRESENT,
STU0061,26-07-2024,PRESENT,
STU0485,19-03-2024,PRESENT,
STU0486,30-08-2023,PRESENT,
STU0332,02-05-2025,PRESENT,
STU0367,10-09-2025,PRESENT,
STU0147,12-12-2023,PRESENT,
STU0064,12-03-2024,PRESENT,
STU0343,15-03-2024,ABSENT,Not informed
STU0157,27-06-2024,ABSENT,Family event
STU0023,14-06-2025,LEAVE,Medical leave
STU0222,28-03-2025,PRESENT,
STU0347,02-06-2023,PRESENT,
STU0456,01-11-2024,ABSENT,Not informed
STU0216,22-01-2024,PRESENT,
STU0111,15-07-2024,PRESENT,
STU0325,05-08-2024,PRESENT,
STU0356,30-11-2023,PRESENT,
STU0111,08-07-2023,PRESENT,
STU0166,05-02-2024,PRESENT,
STU0010,30-09-2024,PRESENT,
STU0180,13-06-2023,PRESENT,
STU0389,03-12-2024,PRESENT,
STU0287,19-04-2025,PRESENT,
STU0186,09-12-2023,PRESENT,
STU0185,17-08-2024,PRESENT,
STU0222,12-02-2025,PRESENT,
STU0477,13-06-2023,ABSENT,Sick
STU0046,23-12-2025,PRESENT,
STU0476,11-06-2024,LATE,
STU0022,22-06-2023,PRESENT,
STU0452,06-02-2025,PRESENT,
STU0186,28-08-2023,PRESENT,
STU0260,22-08-2025,LATE,
STU0452,06-07-2024,PRESENT,
STU0258,29-01-2024,PRESENT,
STU0457,26-09-2024,HALF_DAY,
STU0356,09-11-2023,PRESENT,
STU0342,19-11-2024,PRESENT,
STU0034,28-08-2023,PRESENT,
STU0113,23-09-2024,LEAVE,
STU0380,08-03-2025,PRESENT,
STU0187,04-07-2024,PRESENT,
STU0010,26-07-2024,PRESENT,
STU0311,30-06-2025,PRESENT,
STU0010,05-08-2024,LATE,
STU0162,03-12-2024,PRESENT,
STU0457,31-07-2023,PRESENT,
STU0456,04-07-2024,LATE,
STU0023,02-01-2026,PRESENT,
STU0208,29-05-2024,ABSENT,
STU0071,10-01-2026,ABSENT,Not informed
STU0180,30-11-2023,PRESENT,
STU0207,29-05-2024,PRESENT,
STU0254,30-07-2024,PRESENT,
STU0347,13-02-2024,PRESENT,
STU0126,30-09-2024,PRESENT,
STU0041,29-10-2025,PRESENT,
STU0241,03-12-2024,PRESENT,
STU0256,20-02-2026,PRESENT,
STU0207,09-12-2023,PRESENT,
STU0071,30-04-2025,PRESENT,
STU0270,26-09-2024,PRESENT,
STU0382,03-06-2023,PRESENT,
STU0152,29-10-2025,PRESENT,
STU0324,20-04-2023,PRESENT,
STU0071,22-08-2025,PRESENT,
STU0452,02-11-2024,PRESENT,
STU0478,27-04-2023,PRESENT,
STU0079,09-11-2023,LEAVE,
STU0192,19-11-2024,PRESENT,
STU0216,22-06-2023,ABSENT,Not informed
STU0390,29-05-2024,PRESENT,
STU0061,29-05-2024,PRESENT,
STU0147,19-12-2023,ABSENT,Family event
STU0066,02-11-2024,PRESENT,
STU0222,11-06-2024,PRESENT,
STU0476,15-10-2024,ABSENT,Sick
STU0023,14-07-2025,PRESENT,
STU0055,13-01-2026,PRESENT,
STU0438,15-03-2024,PRESENT,
STU0209,14-07-2025,PRESENT,
STU0278,19-04-2025,PRESENT,
STU0347,24-04-2023,PRESENT,
STU0432,12-02-2026,PRESENT,
STU0361,29-01-2024,PRESENT,
STU0269,15-10-2024,PRESENT,
STU0147,06-01-2024,LATE,
STU0208,12-02-2025,PRESENT,
STU0450,31-07-2023,PRESENT,
STU0152,02-02-2026,PRESENT,
STU0112,08-03-2025,PRESENT,
STU0187,15-10-2024,PRESENT,
STU0126,06-07-2024,PRESENT,
STU0303,29-05-2024,PRESENT,
STU0078,12-03-2024,PRESENT,
STU0067,28-08-2025,PRESENT,
STU0026,18-06-2024,PRESENT,
STU0078,21-02-2024,ABSENT,Not informed
STU0195,08-01-2026,PRESENT,
STU0491,15-09-2023,PRESENT,
STU0457,10-05-2023,PRESENT,
STU0338,02-11-2024,LEAVE,Medical leave
STU0101,03-12-2024,LEAVE,
STU0478,09-12-2023,PRESENT,
STU0311,30-04-2025,PRESENT,
STU0403,14-04-2025,ABSENT,Not informed
STU0395,08-03-2025,PRESENT,
STU0311,14-07-2025,PRESENT,
STU0272,16-12-2025,PRESENT,
STU0332,19-04-2025,PRESENT,
STU0287,03-02-2026,PRESENT,
STU0112,30-09-2024,PRESENT,
STU0061,05-04-2024,ABSENT,Not informed
STU0185,01-10-2024,PRESENT,
STU0195,03-06-2025,LATE,
STU0461,31-07-2024,PRESENT,
STU0303,12-02-2025,PRESENT,
STU0216,01-03-2024,PRESENT,
STU0246,10-09-2025,PRESENT,
STU0438,20-04-2023,PRESENT,
STU0461,19-11-2024,PRESENT,
STU0143,12-04-2024,LATE,
STU0357,30-09-2024,LATE,
STU0162,30-07-2024,HALF_DAY,
STU0125,05-08-2024,PRESENT,
STU0319,23-09-2024,PRESENT,
STU0034,26-09-2023,PRESENT,
STU0143,10-12-2024,HALF_DAY,
STU0111,06-07-2024,PRESENT,
STU0192,16-05-2024,PRESENT,
STU0357,27-04-2023,PRESENT,
STU0361,08-02-2024,PRESENT,
STU0438,24-04-2023,PRESENT,
STU0260,23-12-2025,PRESENT,
STU0324,19-03-2024,PRESENT,
STU0207,30-08-2023,PRESENT,
STU0485,21-02-2024,PRESENT,
STU0509,10-05-2023,PRESENT,
STU0033,12-05-2025,PRESENT,
STU0216,04-06-2025,PRESENT,
STU0289,14-04-2025,PRESENT,
STU0207,15-10-2024,PRESENT,
STU0195,03-11-2025,HALF_DAY,
STU0486,27-04-2023,PRESENT,
STU0246,05-09-2025,PRESENT,
STU0430,01-07-2024,PRESENT,
STU0162,15-07-2024,LATE,
STU0450,21-02-2024,PRESENT,
STU0260,23-08-2025,ABSENT,Sick
STU0008,24-06-2023,PRESENT,
STU0356,30-08-2023,PRESENT,
STU0491,19-06-2023,PRESENT,
STU0186,06-01-2024,PRESENT,
STU0073,10-12-2024,PRESENT,
STU0382,09-11-2023,PRESENT,
STU0493,24-06-2023,PRESENT,
STU0016,20-02-2025,PRESENT,
STU0357,28-08-2023,PRESENT,
STU0403,04-06-2025,PRESENT,
STU0260,14-04-2025,PRESENT,
STU0208,04-07-2024,PRESENT,
STU0336,28-08-2025,PRESENT,
STU0140,28-08-2023,PRESENT,
STU0113,06-07-2024,PRESENT,
STU0389,26-07-2024,PRESENT,
STU0367,05-09-2025,PRESENT,
STU0319,05-08-2024,LATE,
STU0311,14-04-2025,PRESENT,
STU0022,09-12-2023,PRESENT,
STU0430,05-08-2024,PRESENT,
STU0457,08-07-2023,PRESENT,
STU0349,08-02-2024,HALF_DAY,
STU0367,16-12-2025,PRESENT,
STU0152,14-06-2025,PRESENT,
STU0150,10-01-2026,PRESENT,
STU0100,30-10-2025,PRESENT,
STU0126,01-11-2024,PRESENT,
STU0395,04-07-2024,PRESENT,
STU0125,27-03-2025,PRESENT,
STU0061,02-09-2024,PRESENT,
STU0478,24-04-2023,PRESENT,
STU0079,21-02-2024,PRESENT,
STU0272,08-12-2025,PRESENT,
STU0286,08-12-2025,PRESENT,
STU0078,08-07-2023,PRESENT,
STU0342,26-11-2024,PRESENT,
STU0269,30-09-2024,PRESENT,
STU0222,05-04-2024,PRESENT,
STU0188,09-01-2026,PRESENT,
STU0370,15-03-2024,PRESENT,
STU0476,05-04-2024,PRESENT,
STU0216,30-06-2025,LATE,
STU0365,30-11-2023,LATE,
STU0461,06-07-2024,PRESENT,
STU0039,20-02-2026,ABSENT,Sick
STU0425,22-06-2023,PRESENT,
STU0041,30-06-2025,PRESENT,
STU0325,08-03-2025,PRESENT,
STU0311,05-09-2025,PRESENT,
STU0113,26-07-2024,PRESENT,
STU0357,26-07-2024,PRESENT,
STU0491,06-09-2023,PRESENT,
STU0211,11-06-2024,PRESENT,
STU0207,19-12-2023,PRESENT,
STU0211,06-07-2024,PRESENT,
STU0287,12-04-2025,PRESENT,
STU0211,30-07-2024,PRESENT,
STU0430,09-07-2025,PRESENT,
STU0325,02-09-2024,PRESENT,
STU0207,09-11-2023,PRESENT,
STU0192,15-07-2024,PRESENT,
STU0217,28-08-2025,PRESENT,
STU0298,26-09-2023,PRESENT,
STU0457,15-07-2024,PRESENT,
STU0112,20-02-2025,PRESENT,
STU0079,15-03-2024,PRESENT,
STU0022,17-07-2023,PRESENT,
STU0493,03-06-2023,LATE,
STU0073,27-03-2025,PRESENT,
STU0044,03-12-2024,PRESENT,
STU0039,30-06-2025,PRESENT,
STU0195,12-04-2025,PRESENT,
STU0216,03-10-2023,PRESENT,
STU0113,06-02-2025,PRESENT,
STU0079,01-02-2024,PRESENT,
STU0357,12-03-2024,LATE,
STU0064,02-06-2023,PRESENT,
STU0212,12-02-2026,PRESENT,
STU0390,10-12-2024,PRESENT,
STU0052,01-03-2024,PRESENT,
STU0395,27-06-2024,ABSENT,
STU0357,09-12-2023,PRESENT,
STU0357,10-12-2024,PRESENT,
STU0365,28-08-2023,PRESENT,
STU0477,22-06-2023,PRESENT,
STU0044,27-06-2024,PRESENT,
STU0136,08-12-2025,PRESENT,
STU0126,11-09-2024,PRESENT,
STU0425,30-08-2023,PRESENT,
STU0209,30-06-2025,PRESENT,
STU0476,03-12-2024,PRESENT,
STU0086,22-06-2023,PRESENT,
STU0147,14-04-2023,PRESENT,
STU0343,22-01-2024,PRESENT,
STU0209,14-06-2025,PRESENT,
STU0338,02-07-2024,PRESENT,
STU0126,30-07-2024,PRESENT,
STU0319,30-09-2024,PRESENT,
STU0269,02-07-2024,ABSENT,
STU0246,16-04-2025,PRESENT,
STU0343,19-03-2024,PRESENT,
STU0185,30-09-2024,PRESENT,
STU0061,28-03-2025,PRESENT,
STU0456,30-09-2024,PRESENT,
STU0456,15-07-2024,PRESENT,
STU0113,15-10-2024,PRESENT,
STU0241,18-06-2024,PRESENT,
STU0185,21-05-2024,PRESENT,
STU0212,30-04-2025,ABSENT,
STU0493,05-02-2024,PRESENT,
STU0298,06-01-2024,PRESENT,
STU0452,01-07-2024,PRESENT,
STU0140,06-01-2024,PRESENT,
STU0230,15-09-2023,PRESENT,
STU0286,30-04-2025,PRESENT,
STU0064,17-07-2023,ABSENT,Sick
STU0157,30-07-2024,PRESENT,
STU0452,01-08-2024,PRESENT,
STU0258,01-03-2024,PRESENT,
STU0222,21-05-2024,PRESENT,
STU0357,02-11-2024,PRESENT,
STU0256,02-01-2026,PRESENT,
STU0112,11-09-2024,PRESENT,
STU0269,06-02-2025,PRESENT,
STU0086,08-07-2023,PRESENT,
STU0289,30-04-2025,PRESENT,
STU0509,02-06-2023,PRESENT,
STU0491,26-09-2023,LATE,
STU0061,01-10-2024,PRESENT,
STU0370,19-03-2024,PRESENT,
STU0325,26-07-2024,PRESENT,
STU0033,08-12-2025,PRESENT,
STU0389,11-06-2024,PRESENT,
STU0211,28-08-2024,PRESENT,
STU0078,14-06-2025,PRESENT,
STU0008,30-08-2023,PRESENT,
STU0113,04-07-2024,PRESENT,
STU0079,13-02-2024,PRESENT,
STU0276,08-03-2025,LATE,
STU0269,12-02-2025,ABSENT,Family event
STU0486,08-07-2023,PRESENT,
STU0162,17-08-2024,PRESENT,
STU0066,08-03-2025,LATE,
STU0486,04-03-2024,PRESENT,
STU0311,02-01-2026,PRESENT,
STU0287,12-02-2026,PRESENT,
STU0053,16-12-2025,PRESENT,
STU0046,19-02-2026,PRESENT,
STU0389,20-02-2025,LATE,
STU0269,15-07-2024,PRESENT,
STU0157,11-09-2024,PRESENT,
STU0016,06-02-2025,PRESENT,
STU0046,09-07-2025,PRESENT,
STU0073,12-04-2024,PRESENT,
STU0195,10-01-2026,ABSENT,Not informed
STU0242,04-07-2024,PRESENT,
STU0053,23-12-2025,PRESENT,
STU0356,24-06-2023,PRESENT,
STU0112,28-03-2025,PRESENT,
STU0457,19-06-2023,PRESENT,
STU0425,17-11-2023,PRESENT,
STU0079,27-04-2023,PRESENT,
STU0242,06-02-2025,PRESENT,
STU0066,01-11-2024,HALF_DAY,
STU0094,14-04-2023,PRESENT,
STU0429,19-02-2026,PRESENT,
STU0008,06-09-2023,PRESENT,
STU0208,30-09-2024,PRESENT,
STU0078,16-04-2025,PRESENT,
STU0143,31-07-2024,PRESENT,
STU0336,08-12-2025,PRESENT,
STU0073,05-04-2024,PRESENT,
STU0066,30-07-2024,PRESENT,
STU0157,15-03-2025,PRESENT,
STU0078,06-09-2023,PRESENT,
STU0298,08-07-2023,PRESENT,
STU0113,12-02-2025,PRESENT,
STU0298,13-06-2023,PRESENT,
STU0209,03-02-2026,PRESENT,
STU0064,17-11-2023,PRESENT,
STU0356,08-07-2023,PRESENT,
STU0211,14-04-2023,PRESENT,
STU0230,13-02-2024,ABSENT,
STU0211,08-02-2024,PRESENT,
STU0046,03-02-2026,PRESENT,
STU0094,03-06-2023,PRESENT,
STU0016,27-03-2025,PRESENT,
STU0258,08-02-2024,PRESENT,
STU0347,07-06-2023,PRESENT,
STU0395,21-05-2024,PRESENT,
STU0390,17-08-2024,PRESENT,
STU0241,04-07-2024,PRESENT,
STU0456,21-05-2024,PRESENT,
STU0380,30-04-2025,PRESENT,
STU0270,29-05-2024,PRESENT,
STU0316,07-06-2023,LATE,
STU0016,05-08-2024,PRESENT,
STU0316,08-07-2023,PRESENT,
STU0067,12-02-2026,PRESENT,
STU0307,19-04-2025,PRESENT,
STU0147,23-08-2025,ABSENT,
STU0126,01-10-2024,PRESENT,
STU0485,04-03-2024,ABSENT,
STU0211,02-07-2024,PRESENT,
STU0230,22-01-2024,PRESENT,
STU0311,16-12-2025,PRESENT,
STU0493,22-06-2023,ABSENT,
STU0046,30-06-2025,ABSENT,Family event
STU0357,15-07-2024,PRESENT,
STU0272,12-01-2026,PRESENT,
STU0046,12-04-2025,PRESENT,
STU0216,17-07-2023,PRESENT,
STU0286,02-06-2025,ABSENT,Not informed
STU0332,10-09-2025,PRESENT,
STU0298,19-12-2023,PRESENT,
STU0112,01-11-2024,PRESENT,
STU0336,02-06-2025,PRESENT,
STU0023,14-04-2025,PRESENT,
STU0405,03-06-2025,PRESENT,
STU0216,09-11-2023,PRESENT,
STU0008,14-04-2023,LATE,
STU0111,29-05-2024,LATE,
STU0457,10-12-2024,PRESENT,
STU0094,05-02-2024,PRESENT,
STU0026,01-07-2024,LATE,
STU0192,15-10-2024,LATE,
STU0274,13-02-2024,PRESENT,
STU0477,03-10-2023,PRESENT,
STU0052,09-11-2023,PRESENT,
STU0207,15-03-2024,PRESENT,
STU0336,26-09-2023,PRESENT,
STU0338,15-10-2024,PRESENT,
STU0023,20-06-2025,PRESENT,
STU0366,19-12-2023,PRESENT,
STU0217,23-12-2025,PRESENT,
STU0053,20-06-2025,ABSENT,Sick
STU0418,30-11-2023,PRESENT,
STU0126,16-05-2024,PRESENT,
STU0242,18-06-2024,LATE,
STU0336,16-04-2025,PRESENT,
STU0071,19-02-2026,PRESENT,
STU0094,02-06-2023,PRESENT,
STU0008,19-12-2023,HALF_DAY,
STU0486,31-07-2023,PRESENT,
STU0389,26-09-2024,PRESENT,
STU0073,27-06-2024,PRESENT,
STU0073,26-07-2024,PRESENT,
STU0287,30-06-2025,PRESENT,
STU0478,12-12-2023,PRESENT,
STU0303,19-11-2024,ABSENT,Sick
STU0241,02-11-2024,PRESENT,
STU0405,30-04-2025,HALF_DAY,
STU0246,30-06-2025,PRESENT,
STU0067,09-01-2026,PRESENT,
STU0150,09-01-2026,PRESENT,
STU0111,22-01-2024,PRESENT,
STU0246,10-01-2026,LEAVE,Medical leave
STU0338,16-05-2024,PRESENT,
STU0208,02-09-2024,PRESENT,
STU0064,09-11-2023,PRESENT,
STU0289,12-02-2026,PRESENT,
STU0211,22-01-2024,PRESENT,
STU0338,17-08-2024,PRESENT,
STU0113,26-09-2024,ABSENT,Sick
STU0207,06-07-2024,PRESENT,
STU0061,26-09-2024,PRESENT,
STU0286,19-04-2025,PRESENT,
STU0052,26-09-2023,PRESENT,
STU0187,11-09-2024,PRESENT,
STU0461,26-09-2024,PRESENT,
STU0395,11-09-2024,PRESENT,
STU0046,10-01-2026,PRESENT,
STU0143,02-07-2024,PRESENT,
STU0100,20-02-2026,PRESENT,
STU0055,29-10-2025,PRESENT,
STU0041,05-09-2025,PRESENT,
STU0192,30-07-2024,PRESENT,
STU0140,20-04-2023,PRESENT,
STU0485,03-10-2023,PRESENT,
STU0365,08-02-2024,PRESENT,
STU0349,28-08-2023,ABSENT,Not informed
STU0272,03-06-2025,PRESENT,
STU0143,03-12-2024,PRESENT,
STU0389,27-03-2025,PRESENT,
STU0390,08-03-2025,PRESENT,
STU0289,03-11-2025,PRESENT,
STU0147,19-03-2024,PRESENT,
STU0485,29-01-2024,PRESENT,
STU0211,09-01-2026,ABSENT,Sick
STU0217,14-07-2025,PRESENT,
STU0430,30-07-2024,PRESENT,
STU0390,11-06-2024,PRESENT,
STU0212,10-09-2025,ABSENT,Not informed
STU0207,06-02-2025,PRESENT,
STU0212,12-04-2025,PRESENT,
STU0289,10-01-2026,PRESENT,
STU0110,01-08-2024,PRESENT,
STU0370,03-06-2023,PRESENT,
STU0478,21-02-2024,PRESENT,
STU0342,12-04-2024,PRESENT,
STU0289,13-01-2026,LATE,
STU0079,14-04-2023,LATE,
STU0105,27-03-2025,PRESENT,
STU0041,12-05-2025,PRESENT,
STU0367,14-06-2025,PRESENT,
STU0311,20-02-2026,PRESENT,
STU0057,31-07-2023,ABSENT,
STU0216,30-08-2023,PRESENT,
STU0026,01-11-2024,PRESENT,
STU0010,15-10-2024,PRESENT,
STU0316,06-09-2023,LATE,
STU0064,10-05-2023,PRESENT,
STU0343,14-04-2023,PRESENT,
STU0347,03-06-2023,PRESENT,
STU0389,16-05-2024,PRESENT,
STU0055,03-06-2025,PRESENT,
STU0289,05-01-2026,PRESENT,
STU0041,13-01-2026,PRESENT,
STU0008,01-03-2024,PRESENT,
STU0338,31-07-2024,PRESENT,
STU0034,01-03-2024,PRESENT,
STU0336,23-12-2025,PRESENT,
STU0382,17-07-2023,PRESENT,
STU0260,02-05-2025,PRESENT,
STU0147,02-05-2025,PRESENT,
STU0111,12-12-2023,PRESENT,
STU0311,02-05-2025,PRESENT,
STU0432,12-01-2026,LEAVE,
STU0186,17-07-2023,PRESENT,
STU0509,03-06-2023,PRESENT,
STU0256,12-05-2025,PRESENT,
STU0186,05-02-2024,PRESENT,
STU0392,30-11-2023,ABSENT,Family event
STU0152,02-05-2025,PRESENT,
STU0140,08-07-2023,PRESENT,
STU0349,05-02-2024,PRESENT,
STU0450,09-11-2023,LATE,
STU0491,08-02-2024,PRESENT,
STU0254,23-09-2024,PRESENT,
STU0316,29-01-2024,PRESENT,
STU0209,13-01-2026,PRESENT,
STU0367,14-04-2025,PRESENT,
STU0343,17-07-2023,PRESENT,
STU0222,15-10-2024,PRESENT,
STU0491,09-11-2023,PRESENT,
STU0380,23-08-2025,PRESENT,
STU0217,30-06-2025,PRESENT,
STU0461,30-09-2024,PRESENT,
STU0079,28-08-2023,PRESENT,
STU0044,31-07-2024,PRESENT,
STU0349,03-06-2023,PRESENT,
STU0207,28-08-2024,PRESENT,
STU0110,30-07-2024,ABSENT,
STU0493,29-01-2024,PRESENT,
STU0347,28-08-2023,PRESENT,
STU0053,14-04-2025,PRESENT,
STU0274,21-02-2024,PRESENT,
STU0150,03-06-2025,PRESENT,
STU0403,09-01-2026,PRESENT,
STU0325,26-09-2024,PRESENT,
STU0319,05-04-2024,PRESENT,
STU0418,17-07-2023,PRESENT,
STU0347,15-09-2023,PRESENT,
STU0211,12-03-2024,PRESENT,
STU0486,10-05-2023,PRESENT,
STU0112,05-04-2024,PRESENT,
STU0207,11-09-2024,PRESENT,
STU0476,12-04-2024,LATE,
STU0022,06-09-2023,PRESENT,
STU0241,17-08-2024,LATE,
STU0150,12-02-2026,PRESENT,
STU0078,09-01-2026,PRESENT,
STU0382,14-04-2023,LATE,
STU0039,08-01-2026,PRESENT,
STU0278,09-01-2026,PRESENT,
STU0064,31-07-2023,PRESENT,
STU0126,26-09-2024,PRESENT,
STU0022,22-01-2024,PRESENT,
STU0452,18-06-2024,PRESENT,
STU0126,12-02-2025,PRESENT,
STU0066,27-06-2024,ABSENT,Sick
STU0260,14-07-2025,HALF_DAY,
STU0418,08-07-2023,PRESENT,
STU0052,17-07-2023,PRESENT,
STU0166,02-06-2023,PRESENT,
STU0061,17-08-2024,PRESENT,
STU0055,02-01-2026,PRESENT,
STU0034,08-07-2023,PRESENT,
STU0509,30-08-2023,ABSENT,Family event
STU0246,08-12-2025,PRESENT,
STU0187,23-09-2024,PRESENT,
STU0429,22-08-2025,PRESENT,
STU0278,23-08-2025,LATE,
STU0242,27-06-2024,PRESENT,
STU0207,24-06-2023,LATE,
STU0286,22-11-2025,PRESENT,
STU0338,02-09-2024,PRESENT,
STU0457,03-12-2024,PRESENT,
STU0055,30-06-2025,LATE,
STU0380,12-05-2025,PRESENT,
STU0147,30-08-2023,PRESENT,
STU0456,20-02-2025,PRESENT,
STU0342,21-05-2024,ABSENT,
STU0287,03-11-2025,PRESENT,
STU0461,15-10-2024,ABSENT,
STU0274,24-06-2023,PRESENT,
STU0269,01-11-2024,PRESENT,
STU0395,01-08-2024,PRESENT,
STU0430,16-12-2025,PRESENT,
STU0044,04-07-2024,PRESENT,
STU0382,27-04-2023,PRESENT,
STU0254,11-09-2024,PRESENT,
STU0111,04-07-2024,PRESENT,
STU0211,29-05-2024,PRESENT,
STU0101,04-07-2024,PRESENT,
STU0187,29-05-2024,PRESENT,
STU0166,13-02-2024,PRESENT,
STU0382,24-04-2023,PRESENT,
STU0046,12-01-2026,PRESENT,
STU0430,28-08-2024,PRESENT,
STU0380,19-11-2024,PRESENT,
STU0016,26-07-2024,LEAVE,Family function
STU0094,13-06-2023,PRESENT,
STU0079,15-09-2023,PRESENT,
STU0450,20-04-2023,PRESENT,
STU0509,01-03-2024,PRESENT,
STU0217,29-10-2025,LATE,
STU0491,03-10-2023,ABSENT,Not informed
STU0044,29-05-2024,PRESENT,
STU0125,11-09-2024,PRESENT,
STU0289,08-01-2026,PRESENT,
STU0111,21-02-2024,PRESENT,
STU0324,03-06-2023,PRESENT,
STU0298,12-12-2023,LATE,
STU0112,27-06-2024,PRESENT,
STU0405,14-04-2025,PRESENT,
STU0217,30-10-2025,PRESENT,
STU0041,12-02-2026,PRESENT,
STU0380,23-09-2024,PRESENT,
STU0491,21-02-2024,PRESENT,
STU0211,01-02-2024,PRESENT,
STU0186,22-06-2023,ABSENT,Sick
STU0086,09-12-2023,PRESENT,
STU0206,20-04-2023,PRESENT,
STU0343,13-06-2023,PRESENT,
STU0211,02-09-2024,ABSENT,Family event
STU0112,17-08-2024,PRESENT,
STU0324,19-02-2026,PRESENT,
STU0477,28-08-2023,LATE,
STU0389,17-08-2024,PRESENT,
STU0491,22-06-2023,LEAVE,Medical leave
STU0110,19-11-2024,PRESENT,
STU0126,27-03-2025,PRESENT,
STU0008,02-06-2023,PRESENT,
STU0211,30-11-2023,PRESENT,
STU0057,19-12-2023,PRESENT,
STU0023,12-01-2026,PRESENT,
STU0289,05-09-2025,PRESENT,
STU0356,06-09-2023,PRESENT,
STU0275,15-10-2024,HALF_DAY,
STU0425,28-08-2023,PRESENT,
STU0349,15-03-2024,LATE,
STU0209,02-06-2025,PRESENT,
STU0125,23-09-2024,PRESENT,
STU0270,06-07-2024,PRESENT,
STU0041,14-06-2025,PRESENT,
STU0324,23-08-2025,PRESENT,
STU0357,05-04-2024,PRESENT,
STU0382,12-12-2023,PRESENT,
STU0187,20-02-2025,PRESENT,
STU0026,26-09-2024,PRESENT,
STU0166,24-06-2023,PRESENT,
STU0316,27-04-2023,ABSENT,
STU0311,22-11-2025,LEAVE,Medical leave
STU0185,27-03-2025,PRESENT,
STU0324,12-04-2025,PRESENT,
STU0111,01-07-2024,ABSENT,Not informed
STU0207,12-03-2024,LEAVE,Family function
STU0361,10-05-2023,PRESENT,
STU0186,13-06-2023,PRESENT,
STU0349,10-05-2023,ABSENT,Not informed
STU0274,01-03-2024,PRESENT,
STU0064,24-06-2023,PRESENT,
STU0126,17-08-2024,PRESENT,
STU0486,24-06-2023,PRESENT,
STU0094,26-09-2023,LEAVE,Medical leave
STU0022,15-09-2023,PRESENT,
STU0066,28-08-2024,PRESENT,
STU0152,16-04-2025,PRESENT,
STU0395,02-11-2024,PRESENT,
STU0094,31-07-2023,PRESENT,
STU0206,22-06-2023,PRESENT,
STU0287,16-04-2025,PRESENT,
STU0298,09-12-2023,PRESENT,
STU0216,29-01-2024,ABSENT,Not informed
STU0066,04-07-2024,ABSENT,Sick
STU0026,05-04-2024,ABSENT,Family event
STU0209,20-06-2025,PRESENT,
STU0303,06-02-2025,PRESENT,
STU0456,02-09-2024,ABSENT,Not informed
STU0254,02-09-2024,PRESENT,
STU0450,17-11-2023,PRESENT,
STU0111,18-06-2024,PRESENT,
STU0101,06-07-2024,PRESENT,
STU0270,19-11-2024,PRESENT,
STU0066,03-12-2024,PRESENT,
STU0461,23-09-2024,PRESENT,
STU0209,02-01-2026,PRESENT,
STU0034,22-01-2024,PRESENT,
STU0485,17-07-2023,PRESENT,
STU0105,15-10-2024,LATE,
STU0041,28-08-2025,PRESENT,
STU0390,19-11-2024,PRESENT,
STU0211,26-07-2024,PRESENT,
STU0452,23-09-2024,PRESENT,
STU0380,03-12-2024,HALF_DAY,
STU0150,05-01-2026,ABSENT,
STU0150,23-08-2025,PRESENT,
STU0370,12-12-2023,PRESENT,
STU0357,23-09-2024,PRESENT,
STU0110,01-10-2024,PRESENT,
STU0457,12-12-2023,PRESENT,
STU0016,28-03-2025,PRESENT,
STU0307,03-11-2025,PRESENT,
STU0052,02-06-2023,LEAVE,
STU0357,15-09-2023,PRESENT,
STU0052,06-09-2023,PRESENT,
STU0207,03-12-2024,PRESENT,
STU0053,12-04-2025,LATE,
STU0430,02-07-2024,LATE,
STU0395,17-08-2024,LATE,
STU0207,01-02-2024,ABSENT,
STU0425,14-04-2023,PRESENT,
STU0044,23-09-2024,PRESENT,
STU0270,15-07-2024,ABSENT,Sick
STU0356,31-07-2023,PRESENT,
STU0023,30-10-2025,PRESENT,
STU0392,12-12-2023,PRESENT,
STU0143,28-03-2025,PRESENT,
STU0380,01-07-2024,PRESENT,
STU0208,01-11-2024,PRESENT,
STU0188,20-02-2026,PRESENT,
STU0057,28-08-2023,ABSENT,Sick
STU0023,05-01-2026,PRESENT,
STU0057,22-06-2023,PRESENT,
STU0057,05-02-2024,PRESENT,
STU0111,02-11-2024,PRESENT,
STU0405,23-12-2025,PRESENT,
STU0260,13-01-2026,PRESENT,
STU0316,22-01-2024,PRESENT,
STU0008,15-03-2024,PRESENT,
STU0073,06-02-2025,PRESENT,
STU0211,27-03-2025,PRESENT,
STU0430,01-11-2024,PRESENT,
STU0275,30-09-2024,PRESENT,
STU0389,08-03-2025,PRESENT,
STU0067,05-09-2025,PRESENT,
STU0347,08-07-2023,HALF_DAY,
STU0188,03-11-2025,PRESENT,
STU0066,20-02-2025,PRESENT,
STU0425,15-09-2023,ABSENT,
STU0111,05-08-2024,ABSENT,Not informed
STU0211,03-11-2025,PRESENT,
STU0180,01-02-2024,PRESENT,
STU0044,27-03-2025,PRESENT,
STU0206,19-06-2023,LEAVE,Medical leave
STU0429,09-01-2026,PRESENT,
STU0336,12-04-2025,PRESENT,
STU0057,30-08-2023,PRESENT,
STU0208,23-09-2024,LATE,
STU0478,08-07-2023,PRESENT,
STU0064,28-08-2023,PRESENT,
STU0110,02-11-2024,PRESENT,
STU0457,03-06-2023,PRESENT,
STU0188,30-06-2025,PRESENT,
STU0216,13-01-2026,PRESENT,
STU0057,15-09-2023,PRESENT,
STU0211,04-03-2024,PRESENT,
STU0211,30-08-2023,PRESENT,
STU0034,07-06-2023,PRESENT,
STU0361,09-11-2023,PRESENT,
STU0055,02-02-2026,PRESENT,
STU0457,24-04-2023,PRESENT,
STU0212,14-07-2025,PRESENT,
STU0390,23-09-2024,PRESENT,
STU0067,30-06-2025,PRESENT,
STU0188,12-05-2025,HALF_DAY,
STU0338,26-11-2024,LEAVE,Family function
STU0269,19-11-2024,PRESENT,
STU0034,09-12-2023,PRESENT,
STU0026,17-08-2024,PRESENT,
STU0230,15-03-2024,LATE,
STU0390,18-06-2024,PRESENT,
STU0162,28-08-2024,PRESENT,
STU0438,06-01-2024,PRESENT,
STU0216,19-06-2023,PRESENT,
STU0147,24-06-2023,PRESENT,
STU0101,20-02-2025,PRESENT,
STU0298,01-02-2024,LATE,
STU0366,01-02-2024,LEAVE,
STU0366,19-06-2023,ABSENT,Family event
STU0272,08-01-2026,PRESENT,
STU0008,17-07-2023,PRESENT,
STU0046,02-01-2026,PRESENT,
STU0432,20-06-2025,PRESENT,
STU0332,22-11-2025,PRESENT,
STU0338,01-11-2024,PRESENT,
STU0430,13-01-2026,PRESENT,
STU0389,06-07-2024,PRESENT,
STU0256,14-04-2025,PRESENT,
STU0380,12-01-2026,PRESENT,
STU0188,02-05-2025,PRESENT,
STU0086,20-04-2023,PRESENT,
STU0509,15-09-2023,PRESENT,
STU0430,01-08-2024,PRESENT,
STU0053,28-08-2025,PRESENT,
STU0100,29-10-2025,PRESENT,
STU0336,05-01-2026,PRESENT,
STU0211,23-09-2024,PRESENT,
STU0477,19-06-2023,PRESENT,
STU0298,20-04-2023,PRESENT,
STU0486,20-04-2023,PRESENT,
STU0380,06-02-2025,PRESENT,
STU0256,20-06-2025,PRESENT,
STU0016,28-08-2024,PRESENT,
STU0242,19-11-2024,PRESENT,
STU0357,27-06-2024,PRESENT,
STU0147,23-06-2025,PRESENT,
STU0392,06-09-2023,PRESENT,
STU0101,29-05-2024,PRESENT,
STU0010,21-05-2024,PRESENT,
STU0101,05-04-2024,LATE,
STU0033,30-10-2025,PRESENT,
STU0289,08-12-2025,PRESENT,
STU0325,01-10-2024,PRESENT,
STU0254,21-05-2024,PRESENT,
STU0418,10-05-2023,PRESENT,
STU0357,26-11-2024,LATE,
STU0067,14-06-2025,PRESENT,
STU0033,08-01-2026,PRESENT,
STU0477,04-03-2024,PRESENT,
STU0485,09-12-2023,PRESENT,
STU0211,30-06-2025,PRESENT,
STU0477,24-04-2023,PRESENT,
STU0111,17-07-2023,PRESENT,
STU0222,01-07-2024,PRESENT,
STU0071,13-01-2026,PRESENT,
STU0476,15-03-2025,PRESENT,
STU0275,01-11-2024,PRESENT,
STU0086,30-08-2023,PRESENT,
STU0105,28-03-2025,PRESENT,
STU0207,14-04-2023,PRESENT,
STU0336,20-02-2026,PRESENT,
STU0366,22-06-2023,PRESENT,
STU0147,09-11-2023,PRESENT,
STU0365,17-07-2023,PRESENT,
STU0303,26-09-2024,PRESENT,
STU0357,13-06-2023,PRESENT,
STU0425,24-04-2023,PRESENT,
STU0064,06-09-2023,PRESENT,
STU0457,04-03-2024,PRESENT,
STU0136,09-07-2025,PRESENT,
STU0230,24-04-2023,PRESENT,
STU0338,30-09-2024,PRESENT,
STU0380,13-01-2026,PRESENT,
STU0278,16-04-2025,LEAVE,Family function
STU0066,26-11-2024,PRESENT,
STU0260,28-08-2025,PRESENT,
STU0216,08-12-2025,HALF_DAY,
STU0485,31-07-2023,ABSENT,
STU0111,16-05-2024,ABSENT,Not informed
STU0336,14-04-2025,ABSENT,Family event
STU0357,05-02-2024,PRESENT,
STU0254,11-06-2024,PRESENT,
STU0361,24-06-2023,PRESENT,
STU0192,10-12-2024,PRESENT,
STU0270,01-11-2024,PRESENT,
STU0303,02-07-2024,PRESENT,
STU0324,28-08-2025,PRESENT,
STU0298,17-11-2023,PRESENT,
STU0105,29-05-2024,PRESENT,
STU0272,03-11-2025,PRESENT,
STU0230,01-02-2024,ABSENT,Family event
STU0430,26-07-2024,PRESENT,
STU0211,12-04-2025,PRESENT,
STU0125,02-11-2024,PRESENT,
STU0041,16-04-2025,PRESENT,
STU0207,29-01-2024,PRESENT,
STU0336,22-06-2023,PRESENT,
STU0349,17-07-2023,PRESENT,
STU0382,17-11-2023,PRESENT,
STU0041,19-04-2025,PRESENT,
STU0180,01-03-2024,LEAVE,Medical leave
STU0392,09-12-2023,PRESENT,
STU0287,09-07-2025,PRESENT,
STU0254,18-06-2024,LATE,
STU0147,30-11-2023,PRESENT,
STU0053,16-04-2025,PRESENT,
STU0057,13-06-2023,PRESENT,
STU0209,10-01-2026,PRESENT,
STU0157,05-04-2024,PRESENT,
STU0016,27-06-2024,PRESENT,
STU0269,02-09-2024,PRESENT,
STU0067,20-06-2025,PRESENT,
STU0432,22-11-2025,LEAVE,
STU0256,30-04-2025,PRESENT,
STU0457,08-02-2024,PRESENT,
STU0195,28-08-2025,PRESENT,
STU0111,07-06-2023,PRESENT,
STU0382,03-10-2023,PRESENT,
STU0073,30-07-2024,PRESENT,
STU0452,29-05-2024,PRESENT,
STU0113,01-08-2024,PRESENT,
STU0275,31-07-2024,PRESENT,
STU0289,30-10-2025,PRESENT,
STU0311,09-07-2025,PRESENT,
STU0311,22-08-2025,PRESENT,
STU0186,22-01-2024,ABSENT,Not informed
STU0316,03-06-2023,PRESENT,
STU0100,12-01-2026,ABSENT,Not informed
STU0254,19-11-2024,PRESENT,
STU0180,09-12-2023,PRESENT,
STU0208,19-11-2024,PRESENT,
STU0509,03-10-2023,PRESENT,
STU0403,05-09-2025,PRESENT,
STU0222,12-04-2024,PRESENT,
STU0187,28-03-2025,PRESENT,
STU0485,28-08-2023,PRESENT,
STU0216,06-09-2023,PRESENT,
STU0055,19-02-2026,PRESENT,
STU0216,31-07-2023,PRESENT,
STU0286,05-09-2025,PRESENT,
STU0008,05-02-2024,PRESENT,
STU0403,16-12-2025,PRESENT,
STU0461,27-03-2025,PRESENT,
STU0382,13-02-2024,PRESENT,
STU0325,10-12-2024,PRESENT,
STU0347,27-04-2023,LEAVE,
STU0452,05-08-2024,HALF_DAY,
STU0140,27-04-2023,PRESENT,
STU0023,16-12-2025,LATE,
STU0311,12-02-2026,PRESENT,
STU0147,05-09-2025,HALF_DAY,
STU0046,02-05-2025,ABSENT,Family event
STU0026,01-10-2024,ABSENT,Sick
STU0208,26-07-2024,PRESENT,
STU0033,23-06-2025,PRESENT,
STU0430,19-11-2024,PRESENT,
STU0365,12-03-2024,PRESENT,
STU0357,08-07-2023,ABSENT,Sick
STU0357,06-09-2023,PRESENT,
STU0303,10-12-2024,PRESENT,
STU0211,08-03-2025,ABSENT,Not informed
STU0187,31-07-2024,PRESENT,
STU0392,20-04-2023,PRESENT,
STU0246,05-01-2026,PRESENT,
STU0016,01-10-2024,PRESENT,
STU0357,29-05-2024,PRESENT,
STU0078,23-06-2025,PRESENT,
STU0478,06-01-2024,PRESENT,
STU0188,14-06-2025,PRESENT,
STU0332,04-06-2025,PRESENT,
STU0395,06-07-2024,HALF_DAY,
STU0254,05-08-2024,PRESENT,
STU0367,03-11-2025,PRESENT,
STU0430,02-02-2026,PRESENT,
STU0105,26-11-2024,PRESENT,
STU0039,05-09-2025,PRESENT,
STU0242,30-07-2024,PRESENT,
STU0430,26-09-2024,PRESENT,
STU0286,02-05-2025,PRESENT,
STU0389,30-09-2024,HALF_DAY,
STU0078,22-01-2024,PRESENT,
STU0143,15-10-2024,LATE,
STU0152,19-04-2025,PRESENT,
STU0429,02-05-2025,PRESENT,
STU0211,24-06-2023,PRESENT,
STU0343,05-02-2024,PRESENT,
STU0078,30-08-2023,PRESENT,
STU0477,17-07-2023,PRESENT,
