admission_number,exam_name,subject_code,max_marks,marks_obtained,grade,exam_date,academic_year
STU0161,Unit Test 1,SST4,100,83.5,A,31-05-2025,2025-26
STU0472,Midterm,SST10,100,100.0,A+,30-07-2024,2024-25
STU0020,Final,ARTNursery,50,34.9,B,26-01-2024,2023-24
STU0184,Final,CS2,50,30.5,B,26-01-2024,2023-24
STU0407,Midterm,SST8,100,56.2,C,30-07-2023,2023-24
STU0336,Final,CS8,100,85.6,A,26-01-2026,2025-26
STU0153,Midterm,CS1,50,30.5,B,30-07-2023,2023-24
STU0416,Unit Test 1,SST9,100,100.0,A+,31-05-2024,2024-25
STU0087,Midterm,SST1,100,88.7,A,30-07-2024,2024-25
STU0017,Midterm,TELNursery,100,81.2,A,30-07-2023,2023-24
STU0364,Unit Test 1,SCI7,100,87.2,A,31-05-2023,2023-24
STU0360,Unit Test 2,TEL7,100,98.1,A+,28-10-2024,2024-25
STU0132,Unit Test 2,CS3,50,24.5,D,28-10-2025,2025-26
STU0503,Unit Test 1,SST10,100,64.8,B,31-05-2023,2023-24
STU0300,Final,TEL7,100,56.1,C,26-01-2026,2025-26
STU0153,Final,ENG3,100,75.3,B+,26-01-2026,2025-26
STU0153,Midterm,ENG1,100,65.4,B,30-07-2023,2023-24
STU0513,Final,ENG10,100,86.7,A,26-01-2024,2023-24
STU0351,Unit Test 1,MATH7,100,71.5,B+,31-05-2024,2024-25
STU0359,Unit Test 1,PE8,50,36.7,B+,31-05-2025,2025-26
STU0360,Final,ART6,50,36.0,B+,26-01-2024,2023-24
STU0139,Unit Test 2,TEL2,100,71.9,B+,28-10-2024,2024-25
STU0140,Final,HIN2,100,41.4,D,26-01-2025,2024-25
STU0282,Unit Test 2,CS5,50,34.4,B,28-10-2023,2023-24
STU0241,Midterm,PE6,50,50.0,A+,30-07-2025,2025-26
STU0107,Midterm,ENG2,100,87.6,A,30-07-2025,2025-26
STU0323,Midterm,TEL6,100,84.5,A,30-07-2023,2023-24
STU0158,Unit Test 1,PE1,50,44.3,A,31-05-2023,2023-24
STU0165,Unit Test 1,CS4,50,40.0,A,31-05-2025,2025-26
STU0088,Unit Test 2,SST1,100,43.6,D,28-10-2024,2024-25
STU0249,Unit Test 1,SCI4,100,70.6,B+,31-05-2023,2023-24
STU0107,Final,MATH2,100,71.7,B+,26-01-2026,2025-26
STU0271,Unit Test 2,TEL6,100,58.9,C,28-10-2025,2025-26
STU0147,Unit Test 2,SST1,100,48.7,D,28-10-2023,2023-24
STU0165,Final,SCI4,100,100.0,A+,26-01-2026,2025-26
STU0277,Midterm,TEL4,100,71.4,B+,30-07-2023,2023-24
STU0301,Unit Test 1,MATH5,100,51.8,C,31-05-2023,2023-24
STU0351,Final,ART8,50,42.6,A,26-01-2026,2025-26
STU0107,Unit Test 1,MATH1,100,60.7,B,31-05-2024,2024-25
STU0196,Final,TEL2,100,77.8,B+,26-01-2024,2023-24
STU0278,Unit Test 2,PE5,50,15.7,F,28-10-2024,2024-25
STU0095,Unit Test 2,TEL1,100,78.9,B+,28-10-2024,2024-25
STU0165,Unit Test 2,HIN4,100,97.7,A+,28-10-2025,2025-26
STU0497,Final,ENG10,100,57.3,C,26-01-2024,2023-24
STU0161,Final,PE2,50,23.5,D,26-01-2024,2023-24
STU0301,Unit Test 1,MATH6,100,75.5,B+,31-05-2024,2024-25
STU0366,Unit Test 1,ART8,50,44.9,A,31-05-2024,2024-25
STU0102,Unit Test 2,SCI1,100,78.5,B+,28-10-2024,2024-25
STU0208,Unit Test 1,HIN4,100,83.1,A,31-05-2024,2024-25
STU0278,Unit Test 1,MATH6,100,77.1,B+,31-05-2025,2025-26
STU0358,Midterm,SST7,100,90.1,A+,30-07-2024,2024-25
STU0332,Unit Test 1,CS7,100,59.7,C,31-05-2024,2024-25
STU0328,Final,HIN8,100,88.0,A,26-01-2026,2025-26
STU0338,Unit Test 1,SCI8,100,85.6,A,31-05-2025,2025-26
STU0360,Midterm,PE6,50,50.0,A+,30-07-2023,2023-24
STU0506,Unit Test 1,SCI10,100,75.9,B+,31-05-2023,2023-24
STU0155,Unit Test 1,TEL2,100,93.1,A+,31-05-2024,2024-25
STU0171,Final,HIN2,100,63.5,B,26-01-2024,2023-24
STU0472,Final,TEL9,100,79.3,B+,26-01-2024,2023-24
STU0356,Unit Test 2,ENG7,100,72.4,B+,28-10-2024,2024-25
STU0271,Unit Test 1,ART6,50,36.3,B+,31-05-2025,2025-26
STU0441,Unit Test 2,MATH10,100,71.1,B+,28-10-2024,2024-25
STU0017,Final,EVSUKG,100,64.3,B,26-01-2026,2025-26
STU0277,Unit Test 1,CS5,50,42.6,A,31-05-2024,2024-25
STU0320,Unit Test 1,ART7,50,23.3,D,31-05-2025,2025-26
STU0300,Final,PE7,50,40.2,A,26-01-2026,2025-26
STU0359,Midterm,CS7,100,96.9,A+,30-07-2024,2024-25
STU0358,Unit Test 1,HIN7,100,61.9,B,31-05-2024,2024-25
STU0420,Unit Test 2,SCI10,100,55.6,C,28-10-2025,2025-26
STU0320,Midterm,PE5,50,42.6,A,30-07-2023,2023-24
STU0139,Midterm,HIN3,100,71.6,B+,30-07-2025,2025-26
STU0024,Unit Test 2,EVSLKG,100,77.0,B+,28-10-2024,2024-25
STU0211,Unit Test 1,TEL3,100,75.9,B+,31-05-2023,2023-24
STU0107,Unit Test 1,HIN2,100,45.2,D,31-05-2025,2025-26
STU0262,Midterm,TEL4,100,66.9,B,30-07-2023,2023-24
STU0200,Unit Test 2,SCI2,100,67.8,B,28-10-2023,2023-24
STU0050,Midterm,HINUKG,100,47.1,D,30-07-2024,2024-25
STU0459,Final,TEL10,100,79.9,B+,26-01-2025,2024-25
STU0475,Unit Test 2,SST9,100,68.6,B,28-10-2023,2023-24
STU0149,Unit Test 1,SST1,100,66.1,B,31-05-2023,2023-24
STU0420,Final,ENG9,100,73.8,B+,26-01-2025,2024-25
STU0278,Final,ENG5,100,51.1,C,26-01-2025,2024-25
STU0352,Unit Test 2,TEL6,100,75.1,B+,28-10-2023,2023-24
STU0161,Unit Test 2,PE4,50,27.8,C,28-10-2025,2025-26
STU0262,Unit Test 2,MATH6,100,76.6,B+,28-10-2025,2025-26
STU0308,Unit Test 2,MATH6,100,78.9,B+,28-10-2024,2024-25
STU0016,Unit Test 2,MATHUKG,100,52.2,C,28-10-2025,2025-26
STU0177,Unit Test 2,SCI3,100,52.4,C,28-10-2024,2024-25
STU0308,Unit Test 2,SST5,100,67.1,B,28-10-2023,2023-24
STU0328,Final,SCI7,100,30.6,F,26-01-2025,2024-25
STU0515,Unit Test 2,SCI10,100,44.0,D,28-10-2023,2023-24
STU0424,Unit Test 2,SST9,100,70.8,B+,28-10-2024,2024-25
STU0171,Midterm,CS4,50,36.3,B+,30-07-2025,2025-26
STU0338,Final,CS7,100,75.4,B+,26-01-2025,2024-25
STU0357,Midterm,SST8,100,92.3,A+,30-07-2025,2025-26
STU0459,Midterm,ENG9,100,88.3,A,30-07-2023,2023-24
STU0262,Final,ENG6,100,97.2,A+,26-01-2026,2025-26
STU0161,Final,TEL2,100,99.2,A+,26-01-2024,2023-24
STU0277,Final,HIN4,100,66.8,B,26-01-2024,2023-24
STU0358,Final,SST6,100,94.5,A+,26-01-2024,2023-24
STU0189,Final,TEL4,100,63.3,B,26-01-2026,2025-26
STU0073,Unit Test 2,ARTLKG,50,38.6,B+,28-10-2023,2023-24
STU0277,Unit Test 1,PE4,50,43.0,A,31-05-2023,2023-24
STU0097,Unit Test 2,MATH2,100,85.3,A,28-10-2025,2025-26
STU0320,Unit Test 1,SCI6,100,72.4,B+,31-05-2024,2024-25
STU0231,Final,TEL3,100,49.7,D,26-01-2024,2023-24
STU0304,Midterm,PE7,50,37.7,B+,30-07-2025,2025-26
STU0338,Unit Test 2,CS8,100,86.2,A,28-10-2025,2025-26
STU0356,Final,ART6,50,40.7,A,26-01-2024,2023-24
STU0241,Unit Test 1,MATH5,100,65.5,B,31-05-2024,2024-25
STU0283,Final,PE5,50,38.5,B+,26-01-2024,2023-24
STU0037,Midterm,ARTNursery,50,32.7,B,30-07-2023,2023-24
STU0360,Unit Test 2,ART6,50,31.6,B,28-10-2023,2023-24
STU0249,Final,CS4,50,32.4,B,26-01-2024,2023-24
STU0407,Final,TEL8,100,56.8,C,26-01-2024,2023-24
STU0107,Unit Test 2,SCI1,100,100.0,A+,28-10-2024,2024-25
STU0301,Unit Test 1,PE7,50,27.6,C,31-05-2025,2025-26
STU0509,Final,SST10,100,90.9,A+,26-01-2024,2023-24
STU0381,Unit Test 2,ART9,50,29.3,C,28-10-2025,2025-26
STU0358,Unit Test 2,SST6,100,65.2,B,28-10-2023,2023-24
STU0420,Unit Test 2,SST8,100,66.5,B,28-10-2023,2023-24
STU0304,Unit Test 2,TEL5,100,55.4,C,28-10-2023,2023-24
STU0024,Unit Test 1,ENGNursery,100,71.8,B+,31-05-2023,2023-24
STU0441,Midterm,ART9,50,38.4,B+,30-07-2023,2023-24
STU0277,Unit Test 2,HIN6,100,91.5,A+,28-10-2025,2025-26
STU0149,Unit Test 2,SST1,100,56.5,C,28-10-2023,2023-24
STU0360,Unit Test 2,SST8,100,82.3,A,28-10-2025,2025-26
STU0497,Midterm,PE10,50,37.0,B+,30-07-2023,2023-24
STU0308,Midterm,CS7,100,80.5,A,30-07-2025,2025-26
STU0320,Unit Test 1,PE5,50,30.2,B,31-05-2023,2023-24
STU0351,Unit Test 2,TEL8,100,59.2,C,28-10-2025,2025-26
STU0356,Final,TEL7,100,83.3,A,26-01-2025,2024-25
STU0147,Unit Test 1,TEL2,100,81.9,A,31-05-2024,2024-25
STU0109,Midterm,HIN2,100,63.7,B,30-07-2025,2025-26
STU0097,Midterm,SST2,100,66.6,B,30-07-2025,2025-26
STU0184,Unit Test 1,HIN2,100,95.6,A+,31-05-2023,2023-24
STU0336,Unit Test 2,CS6,100,91.3,A+,28-10-2023,2023-24
STU0407,Final,TEL10,100,80.6,A,26-01-2026,2025-26
STU0132,Final,PE3,50,35.9,B+,26-01-2026,2025-26
STU0140,Unit Test 2,SCI3,100,73.1,B+,28-10-2025,2025-26
STU0024,Unit Test 2,EVSUKG,100,100.0,A+,28-10-2025,2025-26
STU0407,Unit Test 2,MATH10,100,50.0,D,28-10-2025,2025-26
STU0351,Unit Test 2,SCI8,100,72.9,B+,28-10-2025,2025-26
STU0153,Unit Test 1,SCI3,100,80.9,A,31-05-2025,2025-26
STU0139,Unit Test 2,SCI3,100,75.2,B+,28-10-2025,2025-26
STU0416,Final,CS9,100,95.2,A+,26-01-2025,2024-25
STU0149,Midterm,CS1,50,31.5,B,30-07-2023,2023-24
STU0102,Unit Test 2,CS1,50,38.4,B+,28-10-2024,2024-25
STU0095,Midterm,SCI2,100,66.7,B,30-07-2025,2025-26
STU0360,Unit Test 2,SCI8,100,78.6,B+,28-10-2025,2025-26
STU0271,Unit Test 2,PE5,50,34.7,B,28-10-2024,2024-25
STU0185,Unit Test 1,PE3,50,34.9,B,31-05-2024,2024-25
STU0185,Final,CS3,50,41.5,A,26-01-2025,2024-25
STU0132,Unit Test 2,CS1,50,26.5,C,28-10-2023,2023-24
STU0132,Unit Test 2,ENG3,100,80.9,A,28-10-2025,2025-26
STU0352,Unit Test 2,CS7,100,32.8,F,28-10-2024,2024-25
STU0278,Final,SCI5,100,67.4,B,26-01-2025,2024-25
STU0073,Unit Test 1,MATHLKG,100,61.9,B,31-05-2023,2023-24
STU0102,Final,ENGUKG,100,88.3,A,26-01-2024,2023-24
STU0095,Unit Test 1,CS2,50,42.5,A,31-05-2025,2025-26
STU0165,Unit Test 1,ENG3,100,78.3,B+,31-05-2024,2024-25
STU0109,Final,PE1,50,35.6,B+,26-01-2025,2024-25
STU0155,Final,MATH1,100,44.2,D,26-01-2024,2023-24
STU0271,Final,TEL4,100,56.9,C,26-01-2024,2023-24
STU0277,Unit Test 2,MATH5,100,64.1,B,28-10-2024,2024-25
STU0139,Unit Test 1,HIN2,100,80.5,A,31-05-2024,2024-25
STU0465,Midterm,TEL10,100,88.6,A,30-07-2024,2024-25
STU0241,Unit Test 2,SCI5,100,74.4,B+,28-10-2024,2024-25
STU0088,Midterm,SCI2,100,67.3,B,30-07-2025,2025-26
STU0323,Unit Test 2,MATH6,100,59.8,C,28-10-2023,2023-24
STU0391,Midterm,TEL7,100,62.7,B,30-07-2023,2023-24
STU0357,Unit Test 1,SST8,100,86.7,A,31-05-2025,2025-26
STU0189,Final,HIN2,100,89.1,A,26-01-2024,2023-24
STU0283,Final,MATH7,100,56.9,C,26-01-2026,2025-26
STU0139,Midterm,SCI1,100,72.7,B+,30-07-2023,2023-24
STU0024,Midterm,HINLKG,100,74.2,B+,30-07-2024,2024-25
STU0017,Final,MATHLKG,100,78.0,B+,26-01-2025,2024-25
STU0456,Midterm,ENG10,100,70.2,B+,30-07-2024,2024-25
STU0424,Unit Test 2,TEL10,100,88.2,A,28-10-2025,2025-26
STU0384,Unit Test 1,SST8,100,68.8,B,31-05-2024,2024-25
STU0111,Final,HINUKG,100,57.6,C,26-01-2024,2023-24
STU0351,Unit Test 2,PE7,50,26.2,C,28-10-2024,2024-25
STU0278,Final,SCI4,100,99.3,A+,26-01-2024,2023-24
STU0456,Unit Test 1,SST10,100,66.2,B,31-05-2024,2024-25
STU0161,Midterm,TEL4,100,55.6,C,30-07-2025,2025-26
STU0300,Midterm,CS7,100,60.9,B,30-07-2025,2025-26
STU0456,Unit Test 1,ART9,50,29.8,C,31-05-2023,2023-24
STU0282,Final,PE7,50,32.3,B,26-01-2026,2025-26
STU0381,Final,CS7,100,73.3,B+,26-01-2024,2023-24
STU0301,Unit Test 2,CS5,50,35.2,B+,28-10-2023,2023-24
STU0287,Midterm,PE5,50,34.8,B,30-07-2023,2023-24
STU0241,Final,TEL4,100,60.6,B,26-01-2024,2023-24
STU0320,Midterm,SST7,100,81.8,A,30-07-2025,2025-26
STU0384,Final,PE7,50,33.5,B,26-01-2024,2023-24
STU0277,Unit Test 1,MATH5,100,64.9,B,31-05-2024,2024-25
STU0008,Midterm,HINLKG,100,82.4,A,30-07-2024,2024-25
STU0283,Final,CS7,100,63.9,B,26-01-2026,2025-26
STU0050,Unit Test 2,MATHUKG,100,78.9,B+,28-10-2024,2024-25
STU0208,Unit Test 1,HIN5,100,55.5,C,31-05-2025,2025-26
STU0024,Final,TELNursery,100,85.0,A,26-01-2024,2023-24
STU0132,Midterm,TEL3,100,49.0,D,30-07-2025,2025-26
STU0132,Unit Test 1,PE3,50,34.5,B,31-05-2025,2025-26
STU0308,Unit Test 1,HIN5,100,72.0,B+,31-05-2023,2023-24
STU0420,Final,MATH8,100,57.7,C,26-01-2024,2023-24
STU0149,Unit Test 1,PE1,50,40.2,A,31-05-2023,2023-24
STU0475,Unit Test 2,TEL10,100,35.6,F,28-10-2024,2024-25
STU0352,Unit Test 1,HIN7,100,66.4,B,31-05-2024,2024-25
STU0420,Unit Test 1,ENG8,100,94.8,A+,31-05-2023,2023-24
STU0165,Unit Test 1,ENG4,100,78.2,B+,31-05-2025,2025-26
STU0153,Unit Test 1,ENG3,100,76.0,B+,31-05-2025,2025-26
STU0332,Unit Test 1,TEL7,100,76.0,B+,31-05-2024,2024-25
STU0161,Final,SCI4,100,69.3,B,26-01-2026,2025-26
STU0475,Midterm,HIN9,100,67.6,B,30-07-2023,2023-24
STU0390,Unit Test 2,ART9,50,26.6,C,28-10-2025,2025-26
STU0283,Midterm,ENG7,100,85.7,A,30-07-2025,2025-26
STU0423,Midterm,ENG8,100,56.9,C,30-07-2023,2023-24
STU0423,Unit Test 2,SST10,100,85.9,A,28-10-2025,2025-26
STU0358,Unit Test 1,HIN6,100,85.0,A,31-05-2023,2023-24
STU0444,Unit Test 1,MATH10,100,70.2,B+,31-05-2024,2024-25
STU0308,Midterm,SCI5,100,91.1,A+,30-07-2023,2023-24
STU0171,Midterm,ENG3,100,79.2,B+,30-07-2024,2024-25
STU0111,Final,SST1,100,89.1,A,26-01-2025,2024-25
STU0140,Midterm,TEL1,100,85.2,A,30-07-2023,2023-24
STU0309,Unit Test 2,SST7,100,45.1,D,28-10-2025,2025-26
STU0185,Midterm,TEL2,100,72.7,B+,30-07-2023,2023-24
STU0366,Midterm,ART9,50,44.7,A,30-07-2025,2025-26
STU0155,Unit Test 1,SCI3,100,73.1,B+,31-05-2025,2025-26
STU0358,Unit Test 2,CS8,100,75.9,B+,28-10-2025,2025-26
STU0155,Final,PE2,50,39.0,B+,26-01-2025,2024-25
STU0016,Unit Test 2,ENGUKG,100,81.9,A,28-10-2025,2025-26
STU0185,Midterm,HIN2,100,95.2,A+,30-07-2023,2023-24
STU0241,Unit Test 1,PE5,50,27.4,C,31-05-2024,2024-25
STU0097,Unit Test 2,HINUKG,100,100.0,A+,28-10-2023,2023-24
STU0287,Final,TEL6,100,77.2,B+,26-01-2025,2024-25
STU0097,Unit Test 1,SCI2,100,66.8,B,31-05-2025,2025-26
STU0465,Final,SST9,100,93.9,A+,26-01-2024,2023-24
STU0202,Unit Test 2,TEL3,100,65.7,B,28-10-2023,2023-24
STU0407,Final,HIN10,100,70.5,B+,26-01-2026,2025-26
STU0271,Unit Test 2,CS4,50,35.7,B+,28-10-2023,2023-24
STU0102,Unit Test 1,MATH1,100,73.8,B+,31-05-2024,2024-25
STU0097,Unit Test 2,HIN2,100,76.3,B+,28-10-2025,2025-26
STU0171,Midterm,SCI2,100,59.7,C,30-07-2023,2023-24
STU0497,Unit Test 1,SST10,100,90.1,A+,31-05-2023,2023-24
STU0158,Unit Test 1,MATH3,100,65.4,B,31-05-2025,2025-26
STU0384,Unit Test 1,CS7,100,83.9,A,31-05-2023,2023-24
STU0446,Unit Test 1,SST10,100,95.1,A+,31-05-2024,2024-25
STU0301,Unit Test 2,MATH6,100,96.5,A+,28-10-2024,2024-25
STU0459,Final,ENG9,100,94.7,A+,26-01-2024,2023-24
STU0111,Unit Test 2,SCI1,100,100.0,A+,28-10-2024,2024-25
STU0420,Unit Test 1,PE9,50,38.3,B+,31-05-2024,2024-25
STU0513,Unit Test 2,MATH10,100,65.9,B,28-10-2023,2023-24
STU0323,Final,PE8,50,33.5,B,26-01-2026,2025-26
STU0416,Unit Test 1,TEL8,100,65.7,B,31-05-2023,2023-24
STU0097,Unit Test 2,SST2,100,36.4,F,28-10-2025,2025-26
STU0090,Unit Test 1,HIN1,100,78.3,B+,31-05-2024,2024-25
STU0271,Unit Test 2,PE4,50,44.4,A,28-10-2023,2023-24
STU0196,Unit Test 1,PE2,50,42.4,A,31-05-2023,2023-24
STU0196,Final,MATH4,100,43.5,D,26-01-2026,2025-26
STU0155,Midterm,ENG3,100,92.2,A+,30-07-2025,2025-26
STU0132,Midterm,ENG1,100,76.0,B+,30-07-2023,2023-24
STU0441,Midterm,CS10,100,100.0,A+,30-07-2024,2024-25
STU0465,Unit Test 2,ENG10,100,52.9,C,28-10-2024,2024-25
STU0283,Unit Test 1,ENG7,100,99.7,A+,31-05-2025,2025-26
STU0352,Midterm,TEL8,100,40.7,D,30-07-2025,2025-26
STU0184,Unit Test 1,PE2,50,36.5,B+,31-05-2023,2023-24
STU0357,Midterm,TEL8,100,66.2,B,30-07-2025,2025-26
STU0241,Final,TEL6,100,76.0,B+,26-01-2026,2025-26
STU0017,Final,EVSNursery,100,62.1,B,26-01-2024,2023-24
STU0300,Midterm,SST6,100,71.1,B+,30-07-2024,2024-25
STU0416,Unit Test 1,SCI8,100,61.0,B,31-05-2023,2023-24
STU0208,Final,SST4,100,60.7,B,26-01-2025,2024-25
STU0282,Unit Test 1,CS7,100,58.7,C,31-05-2025,2025-26
STU0102,Unit Test 2,ENG2,100,76.1,B+,28-10-2025,2025-26
STU0161,Unit Test 2,ENG4,100,77.0,B+,28-10-2025,2025-26
STU0391,Final,HIN8,100,66.4,B,26-01-2025,2024-25
STU0503,Unit Test 1,ART10,50,23.0,D,31-05-2023,2023-24
STU0470,Midterm,PE10,50,20.9,D,30-07-2024,2024-25
STU0109,Unit Test 2,ENG2,100,87.4,A,28-10-2025,2025-26
STU0358,Unit Test 2,HIN7,100,78.3,B+,28-10-2024,2024-25
STU0515,Final,HIN10,100,71.8,B+,26-01-2024,2023-24
STU0444,Unit Test 1,ENG10,100,68.1,B,31-05-2024,2024-25
STU0095,Unit Test 1,EVSUKG,100,57.9,C,31-05-2023,2023-24
STU0352,Unit Test 1,MATH8,100,100.0,A+,31-05-2025,2025-26
STU0107,Final,ENG1,100,56.4,C,26-01-2025,2024-25
STU0171,Midterm,PE3,50,45.9,A+,30-07-2024,2024-25
STU0338,Unit Test 1,TEL8,100,96.9,A+,31-05-2025,2025-26
STU0356,Final,TEL8,100,56.6,C,26-01-2026,2025-26
STU0424,Final,ENG9,100,75.4,B+,26-01-2025,2024-25
STU0381,Unit Test 1,MATH7,100,83.2,A,31-05-2023,2023-24
STU0336,Final,HIN8,100,64.0,B,26-01-2026,2025-26
STU0441,Final,CS10,100,92.4,A+,26-01-2025,2024-25
STU0456,Final,PE9,50,33.9,B,26-01-2024,2023-24
STU0249,Final,TEL5,100,70.4,B+,26-01-2025,2024-25
STU0184,Final,PE3,50,26.9,C,26-01-2025,2024-25
STU0271,Final,ENG4,100,73.3,B+,26-01-2024,2023-24
STU0503,Midterm,SST10,100,90.7,A+,30-07-2023,2023-24
STU0262,Unit Test 2,SCI5,100,66.7,B,28-10-2024,2024-25
STU0158,Final,HIN1,100,80.9,A,26-01-2024,2023-24
STU0283,Midterm,PE7,50,43.4,A,30-07-2025,2025-26
STU0208,Final,PE5,50,34.2,B,26-01-2026,2025-26
STU0336,Final,ENG7,100,65.1,B,26-01-2025,2024-25
STU0132,Final,SCI3,100,60.7,B,26-01-2026,2025-26
STU0441,Final,CS9,100,80.1,A,26-01-2024,2023-24
STU0140,Unit Test 2,PE2,50,36.6,B+,28-10-2024,2024-25
STU0161,Unit Test 1,SCI2,100,85.6,A,31-05-2023,2023-24
STU0192,Unit Test 1,SCI2,100,58.3,C,31-05-2023,2023-24
STU0308,Final,PE7,50,38.5,B+,26-01-2026,2025-26
STU0165,Unit Test 2,PE2,50,41.4,A,28-10-2023,2023-24
STU0309,Unit Test 1,SST5,100,75.3,B+,31-05-2023,2023-24
STU0332,Unit Test 2,TEL8,100,73.7,B+,28-10-2025,2025-26
STU0470,Final,TEL9,100,52.2,C,26-01-2024,2023-24
STU0278,Final,ENG6,100,85.9,A,26-01-2026,2025-26
STU0107,Midterm,SST1,100,53.6,C,30-07-2024,2024-25
STU0300,Midterm,CS5,50,27.5,C,30-07-2023,2023-24
STU0359,Unit Test 2,CS8,100,74.2,B+,28-10-2025,2025-26
STU0271,Unit Test 1,CS5,50,36.3,B+,31-05-2024,2024-25
STU0161,Unit Test 1,MATH4,100,76.5,B+,31-05-2025,2025-26
STU0155,Unit Test 2,SST1,100,100.0,A+,28-10-2023,2023-24
STU0102,Unit Test 2,CS2,50,27.3,C,28-10-2025,2025-26
STU0357,Midterm,ENG6,100,100.0,A+,30-07-2023,2023-24
STU0278,Final,TEL5,100,69.3,B,26-01-2025,2024-25
STU0093,Unit Test 1,TEL1,100,57.2,C,31-05-2024,2024-25
STU0231,Unit Test 2,SST3,100,76.5,B+,28-10-2023,2023-24
STU0107,Unit Test 2,ENG1,100,75.1,B+,28-10-2024,2024-25
STU0309,Final,MATH5,100,80.4,A,26-01-2024,2023-24
STU0357,Final,ENG8,100,66.6,B,26-01-2026,2025-26
STU0283,Unit Test 1,MATH5,100,72.5,B+,31-05-2023,2023-24
STU0301,Midterm,CS5,50,28.6,C,30-07-2023,2023-24
STU0208,Unit Test 2,MATH4,100,62.4,B,28-10-2024,2024-25
STU0111,Unit Test 1,TEL2,100,100.0,A+,31-05-2025,2025-26
STU0008,Unit Test 1,TELNursery,100,60.7,B,31-05-2023,2023-24
STU0093,Unit Test 2,TEL2,100,61.8,B,28-10-2025,2025-26
STU0364,Final,TEL8,100,84.7,A,26-01-2025,2024-25
STU0332,Unit Test 2,SCI8,100,61.6,B,28-10-2025,2025-26
STU0301,Unit Test 2,HIN5,100,74.3,B+,28-10-2023,2023-24
STU0107,Unit Test 1,SST2,100,70.3,B+,31-05-2025,2025-26
STU0424,Unit Test 1,SCI10,100,55.0,C,31-05-2025,2025-26
STU0364,Unit Test 2,PE7,50,40.8,A,28-10-2023,2023-24
STU0359,Final,ENG8,100,55.7,C,26-01-2026,2025-26
STU0189,Unit Test 1,SST4,100,60.9,B,31-05-2025,2025-26
STU0247,Midterm,ART6,50,29.5,C,30-07-2025,2025-26
STU0271,Unit Test 1,TEL4,100,72.8,B+,31-05-2023,2023-24
STU0090,Midterm,ENG1,100,52.1,C,30-07-2024,2024-25
STU0090,Final,ENG2,100,72.1,B+,26-01-2026,2025-26
STU0155,Midterm,PE1,50,31.4,B,30-07-2023,2023-24
STU0171,Unit Test 1,TEL3,100,57.0,C,31-05-2024,2024-25
STU0390,Unit Test 2,ART7,50,33.2,B,28-10-2023,2023-24
STU0366,Unit Test 2,ENG8,100,59.0,C,28-10-2024,2024-25
STU0177,Final,MATH4,100,73.9,B+,26-01-2026,2025-26
STU0283,Unit Test 2,CS7,100,68.4,B,28-10-2025,2025-26
STU0140,Unit Test 1,SST3,100,85.7,A,31-05-2025,2025-26
STU0356,Unit Test 2,PE7,50,22.6,D,28-10-2024,2024-25
STU0301,Final,SST7,100,76.4,B+,26-01-2026,2025-26
STU0132,Midterm,CS1,50,41.9,A,30-07-2023,2023-24
STU0301,Unit Test 2,CS7,100,63.9,B,28-10-2025,2025-26
STU0202,Midterm,SCI4,100,65.2,B,30-07-2024,2024-25
STU0308,Unit Test 2,TEL7,100,70.4,B+,28-10-2025,2025-26
STU0416,Unit Test 2,CS9,100,89.4,A,28-10-2024,2024-25
STU0158,Midterm,ENG2,100,54.2,C,30-07-2024,2024-25
STU0444,Final,SCI10,100,59.4,C,26-01-2025,2024-25
STU0202,Midterm,SST4,100,48.3,D,30-07-2024,2024-25
STU0165,Final,MATH4,100,66.4,B,26-01-2026,2025-26
STU0356,Midterm,TEL8,100,60.2,B,30-07-2025,2025-26
STU0357,Final,ENG6,100,80.1,A,26-01-2024,2023-24
STU0424,Unit Test 2,TEL9,100,62.3,B,28-10-2024,2024-25
STU0140,Unit Test 1,PE2,50,43.2,A,31-05-2024,2024-25
STU0338,Midterm,SST6,100,74.1,B+,30-07-2023,2023-24
STU0359,Final,HIN8,100,59.6,C,26-01-2026,2025-26
STU0037,Midterm,ENGNursery,100,77.8,B+,30-07-2023,2023-24
STU0423,Midterm,CS8,100,48.3,D,30-07-2023,2023-24
STU0356,Unit Test 2,SCI6,100,89.1,A,28-10-2023,2023-24
STU0338,Midterm,ENG7,100,82.8,A,30-07-2024,2024-25
STU0132,Midterm,MATH3,100,64.0,B,30-07-2025,2025-26
STU0247,Midterm,PE6,50,34.3,B,30-07-2025,2025-26
STU0320,Midterm,PE6,50,34.1,B,30-07-2024,2024-25
STU0200,Final,TEL3,100,73.1,B+,26-01-2025,2024-25
STU0159,Unit Test 1,ENG3,100,62.5,B,31-05-2025,2025-26
STU0439,Midterm,CS10,100,100.0,A+,30-07-2025,2025-26
STU0090,Unit Test 2,TELUKG,100,100.0,A+,28-10-2023,2023-24
STU0139,Unit Test 1,PE2,50,31.1,B,31-05-2024,2024-25
STU0093,Unit Test 2,CS2,50,43.3,A,28-10-2025,2025-26
STU0390,Final,HIN9,100,79.0,B+,26-01-2026,2025-26
STU0177,Midterm,SST2,100,55.4,C,30-07-2023,2023-24
STU0202,Midterm,PE4,50,28.5,C,30-07-2024,2024-25
STU0475,Midterm,PE9,50,29.5,C,30-07-2023,2023-24
STU0208,Unit Test 2,HIN3,100,74.6,B+,28-10-2023,2023-24
STU0189,Midterm,HIN2,100,55.9,C,30-07-2023,2023-24
STU0159,Final,SCI2,100,77.4,B+,26-01-2025,2024-25
STU0439,Unit Test 2,SCI8,100,67.9,B,28-10-2023,2023-24
STU0050,Final,MATH1,100,88.1,A,26-01-2026,2025-26
STU0016,Midterm,TELLKG,100,82.3,A,30-07-2024,2024-25
STU0366,Midterm,SCI7,100,77.8,B+,30-07-2023,2023-24
STU0155,Final,MATH2,100,76.6,B+,26-01-2025,2024-25
STU0364,Unit Test 1,MATH8,100,60.1,B,31-05-2024,2024-25
STU0090,Unit Test 2,PE1,50,39.4,B+,28-10-2024,2024-25
STU0132,Unit Test 1,CS1,50,39.1,B+,31-05-2023,2023-24
STU0155,Unit Test 2,SST3,100,87.6,A,28-10-2025,2025-26
STU0381,Unit Test 2,CS9,100,50.4,C,28-10-2025,2025-26
STU0155,Unit Test 1,HIN3,100,55.9,C,31-05-2025,2025-26
STU0420,Midterm,HIN10,100,57.4,C,30-07-2025,2025-26
STU0093,Final,TEL2,100,52.7,C,26-01-2026,2025-26
STU0107,Midterm,HIN2,100,65.5,B,30-07-2025,2025-26
STU0304,Final,SST7,100,46.0,D,26-01-2026,2025-26
STU0107,Final,PE1,50,46.9,A+,26-01-2025,2024-25
STU0097,Unit Test 1,PE1,50,41.0,A,31-05-2024,2024-25
STU0017,Final,ARTLKG,50,32.9,B,26-01-2025,2024-25
STU0147,Unit Test 2,PE2,50,24.6,D,28-10-2024,2024-25
STU0208,Final,HIN4,100,63.0,B,26-01-2025,2024-25
STU0416,Unit Test 2,ENG10,100,49.0,D,28-10-2025,2025-26
STU0358,Unit Test 1,PE6,50,48.1,A+,31-05-2023,2023-24
STU0200,Unit Test 2,ENG3,100,59.9,C,28-10-2024,2024-25
STU0338,Unit Test 1,ENG7,100,90.9,A+,31-05-2024,2024-25
STU0155,Final,TEL1,100,74.1,B+,26-01-2024,2023-24
STU0155,Final,SCI1,100,68.8,B,26-01-2024,2023-24
STU0509,Unit Test 1,ENG10,100,54.5,C,31-05-2023,2023-24
STU0338,Final,CS6,100,65.9,B,26-01-2024,2023-24
STU0308,Unit Test 1,PE7,50,24.1,D,31-05-2025,2025-26
STU0338,Midterm,PE8,50,43.2,A,30-07-2025,2025-26
STU0097,Final,ENG2,100,77.4,B+,26-01-2026,2025-26
STU0513,Unit Test 1,PE10,50,38.7,B+,31-05-2023,2023-24
STU0111,Midterm,HIN2,100,69.4,B,30-07-2025,2025-26
STU0192,Unit Test 1,PE3,50,36.3,B+,31-05-2024,2024-25
STU0423,Midterm,ENG10,100,83.1,A,30-07-2025,2025-26
STU0249,Final,PE4,50,45.6,A+,26-01-2024,2023-24
STU0328,Unit Test 2,SCI7,100,63.1,B,28-10-2024,2024-25
STU0407,Unit Test 1,ART8,50,40.7,A,31-05-2023,2023-24
STU0424,Final,ENG8,100,81.0,A,26-01-2024,2023-24
STU0356,Final,ENG8,100,81.3,A,26-01-2026,2025-26
STU0439,Unit Test 1,MATH9,100,77.2,B+,31-05-2024,2024-25
STU0364,Unit Test 2,ENG8,100,76.7,B+,28-10-2024,2024-25
STU0300,Unit Test 1,ART7,50,43.0,A,31-05-2025,2025-26
STU0357,Unit Test 2,SST6,100,63.5,B,28-10-2023,2023-24
STU0336,Unit Test 1,MATH8,100,96.2,A+,31-05-2025,2025-26
STU0356,Unit Test 2,PE6,50,43.3,A,28-10-2023,2023-24
STU0416,Midterm,HIN10,100,58.7,C,30-07-2025,2025-26
STU0132,Unit Test 1,SCI2,100,69.7,B,31-05-2024,2024-25
STU0472,Unit Test 1,PE9,50,35.7,B+,31-05-2023,2023-24
STU0095,Unit Test 1,TEL1,100,78.9,B+,31-05-2024,2024-25
STU0497,Midterm,CS10,100,59.5,C,30-07-2023,2023-24
STU0087,Final,HINUKG,100,88.2,A,26-01-2024,2023-24
STU0475,Unit Test 1,SST9,100,64.5,B,31-05-2023,2023-24
STU0300,Unit Test 1,PE7,50,28.4,C,31-05-2025,2025-26
STU0153,Unit Test 2,HIN3,100,89.7,A,28-10-2025,2025-26
STU0017,Midterm,ARTNursery,50,39.1,B+,30-07-2023,2023-24
STU0184,Midterm,CS3,50,24.8,D,30-07-2024,2024-25
STU0465,Final,SST10,100,84.5,A,26-01-2025,2024-25
STU0472,Unit Test 2,ENG9,100,68.6,B,28-10-2023,2023-24
STU0065,Midterm,CS1,50,38.9,B+,30-07-2025,2025-26
STU0472,Unit Test 1,SST10,100,73.1,B+,31-05-2024,2024-25
STU0247,Unit Test 2,CS4,50,45.7,A+,28-10-2023,2023-24
STU0308,Unit Test 1,MATH7,100,86.1,A,31-05-2025,2025-26
STU0109,Unit Test 2,MATHUKG,100,82.0,A,28-10-2023,2023-24
STU0390,Midterm,PE8,50,47.5,A+,30-07-2024,2024-25
STU0111,Midterm,TELUKG,100,100.0,A+,30-07-2023,2023-24
STU0249,Midterm,SST4,100,77.6,B+,30-07-2023,2023-24
STU0424,Unit Test 2,SCI8,100,77.7,B+,28-10-2023,2023-24
STU0161,Midterm,ENG3,100,61.1,B,30-07-2024,2024-25
STU0423,Midterm,TEL10,100,80.9,A,30-07-2025,2025-26
STU0073,Unit Test 1,HINUKG,100,61.3,B,31-05-2024,2024-25
STU0444,Midterm,PE10,50,24.5,D,30-07-2024,2024-25
STU0364,Final,SST9,100,64.0,B,26-01-2026,2025-26
STU0423,Unit Test 1,PE9,50,43.0,A,31-05-2024,2024-25
STU0196,Midterm,HIN3,100,86.6,A,30-07-2024,2024-25
STU0090,Unit Test 2,HIN1,100,67.9,B,28-10-2024,2024-25
STU0357,Final,SCI6,100,71.9,B+,26-01-2024,2023-24
STU0037,Unit Test 2,ENGUKG,100,76.2,B+,28-10-2025,2025-26
STU0208,Midterm,ENG3,100,78.9,B+,30-07-2023,2023-24
STU0155,Unit Test 1,ENG3,100,69.2,B,31-05-2025,2025-26
STU0277,Final,SCI4,100,79.5,B+,26-01-2024,2023-24
STU0287,Midterm,SCI6,100,83.4,A,30-07-2024,2024-25
STU0073,Midterm,TELUKG,100,67.2,B,30-07-2024,2024-25
STU0161,Midterm,SST3,100,57.9,C,30-07-2024,2024-25
STU0097,Unit Test 1,MATH2,100,82.0,A,31-05-2025,2025-26
STU0444,Final,ART10,50,28.9,C,26-01-2025,2024-25
STU0192,Unit Test 1,ENG3,100,85.5,A,31-05-2024,2024-25
STU0420,Unit Test 1,HIN9,100,92.2,A+,31-05-2024,2024-25
STU0149,Midterm,TEL2,100,62.6,B,30-07-2024,2024-25
STU0017,Unit Test 1,TELNursery,100,60.0,B,31-05-2023,2023-24
STU0444,Final,ART9,50,39.9,B+,26-01-2024,2023-24
STU0407,Unit Test 1,TEL10,100,66.0,B,31-05-2025,2025-26
STU0147,Final,SST2,100,65.1,B,26-01-2025,2024-25
STU0189,Midterm,ENG2,100,71.4,B+,30-07-2023,2023-24
STU0423,Unit Test 2,ART9,50,48.1,A+,28-10-2024,2024-25
STU0050,Midterm,ENG1,100,62.5,B,30-07-2025,2025-26
STU0211,Final,CS3,50,50.0,A+,26-01-2024,2023-24
STU0439,Unit Test 2,SST8,100,78.8,B+,28-10-2023,2023-24
STU0300,Unit Test 1,PE6,50,20.0,D,31-05-2024,2024-25
STU0147,Unit Test 1,SST2,100,71.1,B+,31-05-2024,2024-25
STU0139,Unit Test 1,ENG3,100,59.6,C,31-05-2025,2025-26
STU0470,Final,SST9,100,62.0,B,26-01-2024,2023-24
STU0364,Unit Test 2,MATH7,100,100.0,A+,28-10-2023,2023-24
STU0332,Unit Test 1,ART8,50,34.4,B,31-05-2025,2025-26
STU0459,Final,HIN10,100,76.0,B+,26-01-2025,2024-25
STU0211,Final,SCI4,100,59.2,C,26-01-2025,2024-25
STU0132,Unit Test 2,CS2,50,43.1,A,28-10-2024,2024-25
STU0328,Unit Test 1,ENG8,100,66.5,B,31-05-2025,2025-26
STU0016,Unit Test 1,HINLKG,100,74.8,B+,31-05-2024,2024-25
STU0171,Unit Test 1,SST2,100,69.5,B,31-05-2023,2023-24
STU0407,Unit Test 1,HIN9,100,68.1,B,31-05-2024,2024-25
STU0444,Unit Test 1,SST10,100,100.0,A+,31-05-2024,2024-25
STU0177,Midterm,TEL3,100,58.3,C,30-07-2024,2024-25
STU0304,Final,PE7,50,39.8,B+,26-01-2026,2025-26
STU0139,Final,CS1,50,32.8,B,26-01-2024,2023-24
STU0390,Unit Test 1,SST9,100,77.4,B+,31-05-2025,2025-26
STU0459,Midterm,MATH10,100,52.3,C,30-07-2024,2024-25
STU0155,Unit Test 2,MATH2,100,62.2,B,28-10-2024,2024-25
STU0249,Final,HIN4,100,87.5,A,26-01-2024,2023-24
STU0241,Midterm,SCI5,100,77.0,B+,30-07-2024,2024-25
STU0381,Final,PE9,50,24.9,D,26-01-2026,2025-26
STU0503,Unit Test 1,ENG10,100,79.5,B+,31-05-2023,2023-24
STU0200,Final,ENG4,100,81.8,A,26-01-2026,2025-26
STU0184,Unit Test 2,SST4,100,100.0,A+,28-10-2025,2025-26
STU0328,Unit Test 1,TEL7,100,89.2,A,31-05-2024,2024-25
STU0037,Final,TELLKG,100,86.9,A,26-01-2025,2024-25
STU0132,Unit Test 2,PE3,50,39.9,B+,28-10-2025,2025-26
STU0165,Unit Test 1,SST3,100,71.4,B+,31-05-2024,2024-25
STU0241,Final,SCI6,100,56.1,C,26-01-2026,2025-26
STU0185,Unit Test 2,CS3,50,37.6,B+,28-10-2024,2024-25
STU0300,Unit Test 2,MATH5,100,52.9,C,28-10-2023,2023-24
STU0196,Midterm,TEL4,100,52.1,C,30-07-2025,2025-26
STU0065,Unit Test 1,HINLKG,100,76.5,B+,31-05-2023,2023-24
STU0352,Unit Test 2,TEL8,100,99.7,A+,28-10-2025,2025-26
STU0208,Final,CS4,50,31.6,B,26-01-2025,2024-25
STU0017,Midterm,EVSNursery,100,97.2,A+,30-07-2023,2023-24
STU0241,Unit Test 2,PE5,50,40.6,A,28-10-2024,2024-25
STU0323,Final,HIN6,100,37.6,F,26-01-2024,2023-24
STU0384,Unit Test 2,HIN9,100,69.7,B,28-10-2025,2025-26
STU0202,Unit Test 1,TEL3,100,66.3,B,31-05-2023,2023-24
STU0366,Final,SST9,100,92.4,A+,26-01-2026,2025-26
STU0439,Final,SST8,100,67.9,B,26-01-2024,2023-24
STU0196,Unit Test 1,ENG3,100,89.3,A,31-05-2024,2024-25
STU0087,Unit Test 1,TELUKG,100,79.2,B+,31-05-2023,2023-24
STU0090,Midterm,TEL2,100,61.7,B,30-07-2025,2025-26
STU0262,Unit Test 2,CS6,100,47.7,D,28-10-2025,2025-26
STU0202,Final,PE3,50,33.7,B,26-01-2024,2023-24
STU0336,Final,HIN7,100,86.0,A,26-01-2025,2024-25
STU0200,Midterm,HIN3,100,53.2,C,30-07-2024,2024-25
STU0189,Unit Test 1,SCI4,100,96.9,A+,31-05-2025,2025-26
STU0008,Unit Test 2,TELUKG,100,63.7,B,28-10-2025,2025-26
STU0323,Unit Test 2,SST8,100,64.1,B,28-10-2025,2025-26
STU0200,Final,HIN3,100,59.6,C,26-01-2025,2024-25
STU0278,Unit Test 2,SCI6,100,88.3,A,28-10-2025,2025-26
STU0282,Unit Test 1,MATH7,100,80.4,A,31-05-2025,2025-26
STU0271,Unit Test 1,CS4,50,41.6,A,31-05-2023,2023-24
STU0423,Unit Test 2,MATH8,100,59.2,C,28-10-2023,2023-24
STU0247,Unit Test 1,ART6,50,29.3,C,31-05-2025,2025-26
STU0147,Unit Test 2,MATH3,100,100.0,A+,28-10-2025,2025-26
STU0153,Final,CS1,50,25.1,C,26-01-2024,2023-24
STU0247,Unit Test 1,HIN6,100,84.2,A,31-05-2025,2025-26
STU0102,Unit Test 2,SST1,100,82.1,A,28-10-2024,2024-25
STU0446,Midterm,TEL9,100,65.4,B,30-07-2023,2023-24
STU0332,Final,PE7,50,28.7,C,26-01-2025,2024-25
STU0161,Unit Test 1,ENG2,100,75.5,B+,31-05-2023,2023-24
STU0351,Final,SST7,100,53.1,C,26-01-2025,2024-25
STU0073,Final,SCI1,100,60.4,B,26-01-2026,2025-26
STU0278,Midterm,ENG5,100,59.5,C,30-07-2024,2024-25
STU0171,Final,ENG3,100,59.0,C,26-01-2025,2024-25
STU0509,Midterm,HIN10,100,52.4,C,30-07-2023,2023-24
STU0320,Unit Test 1,SST6,100,90.3,A+,31-05-2024,2024-25
STU0384,Unit Test 2,ART9,50,48.7,A+,28-10-2025,2025-26
STU0109,Unit Test 2,ENGUKG,100,80.9,A,28-10-2023,2023-24
STU0456,Unit Test 2,MATH9,100,79.8,B+,28-10-2023,2023-24
STU0283,Midterm,ENG6,100,78.8,B+,30-07-2024,2024-25
STU0300,Midterm,ART7,50,44.1,A,30-07-2025,2025-26
STU0177,Midterm,MATH4,100,91.6,A+,30-07-2025,2025-26
STU0360,Unit Test 1,ART8,50,23.3,D,31-05-2025,2025-26
STU0109,Midterm,TEL2,100,68.7,B,30-07-2025,2025-26
STU0161,Unit Test 2,MATH3,100,68.7,B,28-10-2024,2024-25
STU0277,Final,SST5,100,92.3,A+,26-01-2025,2024-25
STU0093,Midterm,SCI1,100,45.7,D,30-07-2024,2024-25
STU0140,Final,SCI1,100,91.4,A+,26-01-2024,2023-24
STU0359,Unit Test 2,SCI8,100,86.3,A,28-10-2025,2025-26
STU0357,Unit Test 2,HIN8,100,56.6,C,28-10-2025,2025-26
STU0211,Unit Test 2,SCI3,100,66.1,B,28-10-2023,2023-24
STU0497,Final,TEL10,100,36.6,F,26-01-2024,2023-24
STU0472,Midterm,HIN9,100,86.1,A,30-07-2023,2023-24
STU0171,Midterm,SST3,100,74.6,B+,30-07-2024,2024-25
STU0153,Midterm,PE2,50,32.4,B,30-07-2024,2024-25
STU0249,Final,ENG6,100,99.8,A+,26-01-2026,2025-26
STU0441,Unit Test 1,ART10,50,34.2,B,31-05-2024,2024-25
STU0159,Unit Test 2,ENG3,100,55.4,C,28-10-2025,2025-26
STU0093,Unit Test 2,PE1,50,37.2,B+,28-10-2024,2024-25
STU0016,Unit Test 2,ARTUKG,50,47.7,A+,28-10-2025,2025-26
STU0161,Final,SST3,100,61.8,B,26-01-2025,2024-25
STU0506,Midterm,CS10,100,52.7,C,30-07-2023,2023-24
STU0087,Unit Test 1,SCI2,100,44.6,D,31-05-2025,2025-26
STU0416,Final,SCI8,100,72.2,B+,26-01-2024,2023-24
STU0184,Final,CS3,50,31.2,B,26-01-2025,2024-25
STU0165,Unit Test 2,ENG3,100,57.5,C,28-10-2024,2024-25
STU0109,Final,SCI2,100,53.2,C,26-01-2026,2025-26
STU0278,Unit Test 2,HIN4,100,75.6,B+,28-10-2023,2023-24
STU0177,Unit Test 2,ENG2,100,82.3,A,28-10-2023,2023-24
STU0184,Final,SCI4,100,88.4,A,26-01-2026,2025-26
STU0472,Unit Test 2,HIN9,100,100.0,A+,28-10-2023,2023-24
STU0231,Final,MATH5,100,64.6,B,26-01-2026,2025-26
STU0446,Unit Test 2,CS10,100,72.4,B+,28-10-2024,2024-25
STU0159,Final,SST2,100,93.4,A+,26-01-2025,2024-25
STU0323,Final,ART8,50,36.7,B+,26-01-2026,2025-26
STU0088,Unit Test 2,ENGUKG,100,81.0,A,28-10-2023,2023-24
STU0271,Midterm,PE5,50,36.2,B+,30-07-2024,2024-25
STU0087,Final,MATH2,100,60.2,B,26-01-2026,2025-26
STU0189,Final,CS4,50,41.1,A,26-01-2026,2025-26
STU0165,Unit Test 1,TEL4,100,71.3,B+,31-05-2025,2025-26
STU0357,Unit Test 1,HIN6,100,86.7,A,31-05-2023,2023-24
STU0196,Midterm,MATH3,100,40.0,F,30-07-2024,2024-25
STU0491,Unit Test 2,HIN10,100,99.8,A+,28-10-2023,2023-24
STU0359,Midterm,SST8,100,65.3,B,30-07-2025,2025-26
STU0177,Unit Test 1,ENG4,100,51.1,C,31-05-2025,2025-26
STU0301,Unit Test 2,TEL6,100,79.5,B+,28-10-2024,2024-25
STU0456,Unit Test 2,CS9,100,66.4,B,28-10-2023,2023-24
STU0088,Final,HIN2,100,73.9,B+,26-01-2026,2025-26
STU0439,Final,SST10,100,78.5,B+,26-01-2026,2025-26
STU0247,Midterm,ENG6,100,74.1,B+,30-07-2025,2025-26
STU0338,Unit Test 1,SCI6,100,72.6,B+,31-05-2023,2023-24
STU0300,Final,MATH7,100,68.8,B,26-01-2026,2025-26
STU0323,Unit Test 1,CS6,100,80.0,B+,31-05-2023,2023-24
STU0308,Unit Test 1,CS7,100,67.8,B,31-05-2025,2025-26
STU0159,Unit Test 1,SCI3,100,71.5,B+,31-05-2025,2025-26
STU0444,Final,SCI9,100,75.9,B+,26-01-2024,2023-24
STU0095,Midterm,HIN2,100,91.9,A+,30-07-2025,2025-26
STU0020,Final,HINLKG,100,57.6,C,26-01-2025,2024-25
STU0470,Final,ENG10,100,70.5,B+,26-01-2025,2024-25
STU0439,Unit Test 1,SST8,100,66.4,B,31-05-2023,2023-24
STU0420,Unit Test 2,CS9,100,86.4,A,28-10-2024,2024-25
STU0416,Final,MATH10,100,88.5,A,26-01-2026,2025-26
STU0423,Midterm,SST8,100,59.7,C,30-07-2023,2023-24
STU0456,Unit Test 1,TEL9,100,79.3,B+,31-05-2023,2023-24
STU0423,Unit Test 2,TEL8,100,76.6,B+,28-10-2023,2023-24
STU0020,Midterm,ARTUKG,50,39.2,B+,30-07-2025,2025-26
STU0211,Unit Test 2,TEL5,100,74.5,B+,28-10-2025,2025-26
STU0420,Final,TEL8,100,59.8,C,26-01-2024,2023-24
STU0159,Final,PE1,50,33.4,B,26-01-2024,2023-24
STU0016,Unit Test 2,EVSNursery,100,69.9,B,28-10-2023,2023-24
STU0192,Midterm,SCI2,100,61.1,B,30-07-2023,2023-24
STU0278,Midterm,SCI6,100,65.2,B,30-07-2025,2025-26
STU0158,Final,PE3,50,25.0,C,26-01-2026,2025-26
STU0139,Final,PE2,50,23.9,D,26-01-2025,2024-25
STU0384,Unit Test 2,MATH8,100,85.3,A,28-10-2024,2024-25
STU0161,Unit Test 2,CS4,50,42.9,A,28-10-2025,2025-26
STU0282,Unit Test 1,SCI7,100,48.7,D,31-05-2025,2025-26
STU0300,Midterm,TEL6,100,86.3,A,30-07-2024,2024-25
STU0249,Unit Test 1,SST6,100,53.8,C,31-05-2025,2025-26
STU0249,Final,CS6,100,81.8,A,26-01-2026,2025-26
STU0271,Midterm,SCI4,100,71.4,B+,30-07-2023,2023-24
STU0231,Final,SST5,100,85.4,A,26-01-2026,2025-26
STU0139,Unit Test 1,SCI3,100,76.4,B+,31-05-2025,2025-26
STU0184,Unit Test 1,SST4,100,86.9,A,31-05-2025,2025-26
STU0309,Midterm,ART6,50,33.6,B,30-07-2024,2024-25
STU0509,Final,PE10,50,32.4,B,26-01-2024,2023-24
STU0090,Midterm,SCI2,100,89.5,A,30-07-2025,2025-26
STU0358,Unit Test 1,ART6,50,32.3,B,31-05-2023,2023-24
STU0090,Final,MATH1,100,44.0,D,26-01-2025,2024-25
STU0357,Unit Test 1,ENG8,100,75.8,B+,31-05-2025,2025-26
STU0446,Final,SST9,100,93.6,A+,26-01-2024,2023-24
STU0159,Final,TEL1,100,40.9,D,26-01-2024,2023-24
STU0241,Unit Test 2,MATH5,100,72.5,B+,28-10-2024,2024-25
STU0444,Unit Test 2,HIN10,100,75.4,B+,28-10-2024,2024-25
STU0262,Final,CS6,100,99.7,A+,26-01-2026,2025-26
STU0211,Unit Test 1,HIN3,100,73.9,B+,31-05-2023,2023-24
STU0271,Midterm,TEL6,100,66.6,B,30-07-2025,2025-26
STU0132,Final,ENG2,100,65.1,B,26-01-2025,2024-25
STU0241,Final,CS6,100,84.7,A,26-01-2026,2025-26
STU0356,Unit Test 1,CS7,100,47.1,D,31-05-2024,2024-25
STU0390,Unit Test 2,CS8,100,99.7,A+,28-10-2024,2024-25
STU0300,Unit Test 2,SST5,100,83.6,A,28-10-2023,2023-24
STU0241,Unit Test 2,ENG5,100,76.2,B+,28-10-2024,2024-25
STU0301,Unit Test 2,HIN7,100,38.7,F,28-10-2025,2025-26
STU0444,Unit Test 1,HIN9,100,45.4,D,31-05-2023,2023-24
STU0153,Unit Test 1,CS3,50,29.9,C,31-05-2025,2025-26
STU0202,Unit Test 1,MATH5,100,71.9,B+,31-05-2025,2025-26
STU0351,Final,CS6,100,74.8,B+,26-01-2024,2023-24
STU0202,Unit Test 2,CS4,50,47.2,A+,28-10-2024,2024-25
STU0309,Unit Test 2,ENG6,100,100.0,A+,28-10-2024,2024-25
STU0202,Unit Test 2,CS3,50,45.5,A+,28-10-2023,2023-24
STU0481,Midterm,MATH10,100,94.9,A+,30-07-2023,2023-24
STU0107,Midterm,SCI1,100,80.0,B+,30-07-2024,2024-25
STU0381,Final,TEL9,100,51.1,C,26-01-2026,2025-26
STU0088,Unit Test 1,ENGUKG,100,73.4,B+,31-05-2023,2023-24
STU0149,Final,HIN3,100,59.4,C,26-01-2026,2025-26
STU0323,Midterm,MATH8,100,92.1,A+,30-07-2025,2025-26
STU0304,Unit Test 1,MATH7,100,79.9,B+,31-05-2025,2025-26
STU0249,Unit Test 1,HIN5,100,67.9,B,31-05-2024,2024-25
STU0147,Final,CS3,50,31.5,B,26-01-2026,2025-26
STU0308,Midterm,CS5,50,37.1,B+,30-07-2023,2023-24
STU0153,Unit Test 2,ENG3,100,84.0,A,28-10-2025,2025-26
STU0472,Midterm,SCI10,100,58.5,C,30-07-2024,2024-25
STU0308,Unit Test 2,TEL5,100,69.5,B,28-10-2023,2023-24
STU0155,Midterm,CS3,50,42.7,A,30-07-2025,2025-26
STU0247,Unit Test 2,SCI6,100,74.7,B+,28-10-2025,2025-26
STU0287,Final,TEL5,100,60.4,B,26-01-2024,2023-24
STU0184,Final,SST3,100,92.4,A+,26-01-2025,2024-25
STU0278,Unit Test 2,SST4,100,68.9,B,28-10-2023,2023-24
STU0356,Unit Test 1,ENG8,100,66.5,B,31-05-2025,2025-26
STU0271,Final,SCI4,100,67.2,B,26-01-2024,2023-24
STU0024,Unit Test 2,MATHUKG,100,66.2,B,28-10-2025,2025-26
STU0391,Unit Test 1,ENG9,100,75.4,B+,31-05-2025,2025-26
STU0111,Final,TELUKG,100,91.6,A+,26-01-2024,2023-24
STU0192,Midterm,SST2,100,90.4,A+,30-07-2023,2023-24
STU0308,Unit Test 2,ENG6,100,67.1,B,28-10-2024,2024-25
STU0465,Midterm,ART9,50,32.9,B,30-07-2023,2023-24
STU0352,Unit Test 2,SCI7,100,49.0,D,28-10-2024,2024-25
STU0338,Final,ART8,50,36.2,B+,26-01-2026,2025-26
STU0107,Unit Test 2,PE1,50,45.1,A+,28-10-2024,2024-25
STU0132,Unit Test 2,TEL2,100,54.6,C,28-10-2024,2024-25
STU0309,Midterm,ART7,50,31.8,B,30-07-2025,2025-26
STU0357,Midterm,ENG7,100,58.9,C,30-07-2024,2024-25
STU0262,Unit Test 2,HIN6,100,69.1,B,28-10-2025,2025-26
STU0107,Midterm,TEL1,100,71.3,B+,30-07-2024,2024-25
STU0424,Midterm,ENG9,100,70.6,B+,30-07-2024,2024-25
STU0515,Final,CS10,100,66.3,B,26-01-2024,2023-24
STU0016,Midterm,ARTUKG,50,37.0,B+,30-07-2025,2025-26
STU0328,Final,ART7,50,25.4,C,26-01-2025,2024-25
STU0351,Midterm,SCI6,100,100.0,A+,30-07-2023,2023-24
STU0441,Unit Test 1,SCI10,100,90.3,A+,31-05-2024,2024-25
STU0509,Unit Test 2,CS10,100,56.8,C,28-10-2023,2023-24
STU0247,Unit Test 1,SCI4,100,56.1,C,31-05-2023,2023-24
STU0391,Midterm,SCI7,100,64.7,B,30-07-2023,2023-24
STU0159,Final,CS3,50,39.1,B+,26-01-2026,2025-26
STU0381,Unit Test 2,CS7,100,60.6,B,28-10-2023,2023-24
STU0304,Midterm,SST5,100,79.6,B+,30-07-2023,2023-24
STU0423,Unit Test 1,ART8,50,36.8,B+,31-05-2023,2023-24
STU0159,Unit Test 2,CS3,50,46.4,A+,28-10-2025,2025-26
STU0171,Unit Test 2,HIN2,100,78.3,B+,28-10-2023,2023-24
STU0308,Unit Test 1,SST7,100,64.3,B,31-05-2025,2025-26
STU0351,Unit Test 1,ART7,50,43.4,A,31-05-2024,2024-25
STU0416,Midterm,SCI8,100,68.8,B,30-07-2023,2023-24
STU0016,Unit Test 1,TELLKG,100,88.4,A,31-05-2024,2024-25
STU0446,Midterm,HIN9,100,85.7,A,30-07-2023,2023-24
STU0165,Unit Test 2,TEL2,100,79.5,B+,28-10-2023,2023-24
STU0352,Unit Test 1,MATH7,100,68.4,B,31-05-2024,2024-25
STU0111,Final,HIN2,100,86.8,A,26-01-2026,2025-26
STU0088,Unit Test 1,CS2,50,36.8,B+,31-05-2025,2025-26
STU0192,Midterm,CS4,50,41.6,A,30-07-2025,2025-26
STU0231,Midterm,PE5,50,34.0,B,30-07-2025,2025-26
STU0020,Unit Test 2,MATHUKG,100,62.7,B,28-10-2025,2025-26
STU0381,Midterm,SCI7,100,85.7,A,30-07-2023,2023-24
STU0320,Midterm,TEL5,100,68.2,B,30-07-2023,2023-24
STU0336,Unit Test 1,TEL7,100,78.4,B+,31-05-2024,2024-25
STU0155,Final,ENG3,100,87.9,A,26-01-2026,2025-26
STU0147,Unit Test 2,ENG1,100,72.8,B+,28-10-2023,2023-24
STU0456,Midterm,SCI9,100,69.6,B,30-07-2023,2023-24
STU0093,Midterm,HIN1,100,62.3,B,30-07-2024,2024-25
STU0357,Final,PE6,50,38.5,B+,26-01-2024,2023-24
STU0262,Midterm,ART6,50,28.0,C,30-07-2025,2025-26
STU0008,Unit Test 1,MATHNursery,100,54.2,C,31-05-2023,2023-24
STU0271,Unit Test 1,SCI5,100,81.9,A,31-05-2024,2024-25
STU0304,Unit Test 1,ENG7,100,77.0,B+,31-05-2025,2025-26
STU0308,Final,PE6,50,49.2,A+,26-01-2025,2024-25
STU0095,Midterm,TEL1,100,77.8,B+,30-07-2024,2024-25
STU0356,Unit Test 1,HIN7,100,80.4,A,31-05-2024,2024-25
STU0278,Final,ENG4,100,67.8,B,26-01-2024,2023-24
STU0351,Unit Test 1,MATH8,100,68.7,B,31-05-2025,2025-26
STU0359,Unit Test 1,SCI8,100,89.0,A,31-05-2025,2025-26
STU0231,Unit Test 2,HIN3,100,44.2,D,28-10-2023,2023-24
STU0165,Unit Test 1,PE2,50,26.5,C,31-05-2023,2023-24
STU0090,Final,TEL1,100,85.2,A,26-01-2025,2024-25
STU0102,Unit Test 2,TELUKG,100,91.4,A+,28-10-2023,2023-24
STU0336,Final,MATH7,100,49.0,D,26-01-2025,2024-25
STU0155,Final,HIN2,100,56.6,C,26-01-2025,2024-25
STU0304,Final,HIN5,100,66.3,B,26-01-2024,2023-24
STU0153,Unit Test 2,SCI1,100,70.6,B+,28-10-2023,2023-24
STU0184,Unit Test 1,MATH4,100,76.6,B+,31-05-2025,2025-26
STU0177,Unit Test 2,MATH3,100,83.6,A,28-10-2024,2024-25
STU0200,Final,PE4,50,32.2,B,26-01-2026,2025-26
STU0366,Final,TEL8,100,84.8,A,26-01-2025,2024-25
STU0088,Unit Test 1,SCI1,100,87.4,A,31-05-2024,2024-25
STU0200,Unit Test 2,CS4,50,42.3,A,28-10-2025,2025-26
STU0192,Unit Test 2,CS2,50,36.5,B+,28-10-2023,2023-24
STU0159,Midterm,HIN1,100,78.3,B+,30-07-2023,2023-24
STU0017,Unit Test 1,EVSLKG,100,80.3,A,31-05-2024,2024-25
STU0283,Unit Test 2,PE6,50,27.5,C,28-10-2024,2024-25
STU0391,Unit Test 1,MATH7,100,68.8,B,31-05-2023,2023-24
STU0153,Final,MATH1,100,60.0,B,26-01-2024,2023-24
STU0391,Midterm,TEL8,100,78.2,B+,30-07-2024,2024-25
STU0192,Final,PE3,50,29.7,C,26-01-2025,2024-25
STU0304,Unit Test 1,TEL7,100,88.5,A,31-05-2025,2025-26
STU0366,Midterm,SST7,100,67.5,B,30-07-2023,2023-24
STU0309,Final,ENG5,100,51.0,C,26-01-2024,2023-24
STU0338,Midterm,SCI7,100,65.4,B,30-07-2024,2024-25
STU0171,Unit Test 1,SST3,100,46.6,D,31-05-2024,2024-25
STU0050,Unit Test 1,MATHUKG,100,87.7,A,31-05-2024,2024-25
STU0277,Midterm,CS4,50,30.7,B,30-07-2023,2023-24
STU0456,Final,PE10,50,35.1,B+,26-01-2025,2024-25
STU0155,Final,SCI3,100,60.9,B,26-01-2026,2025-26
STU0381,Midterm,SST9,100,63.1,B,30-07-2025,2025-26
STU0423,Midterm,ART8,50,31.7,B,30-07-2023,2023-24
STU0037,Midterm,ARTLKG,50,36.8,B+,30-07-2024,2024-25
STU0140,Final,MATH1,100,48.9,D,26-01-2024,2023-24
STU0177,Unit Test 2,SST3,100,55.3,C,28-10-2024,2024-25
STU0185,Final,SST2,100,61.1,B,26-01-2024,2023-24
STU0171,Unit Test 1,SST4,100,76.9,B+,31-05-2025,2025-26
STU0109,Final,TEL1,100,77.0,B+,26-01-2025,2024-25
STU0282,Final,HIN6,100,68.8,B,26-01-2025,2024-25
STU0153,Unit Test 1,TEL1,100,67.2,B,31-05-2023,2023-24
STU0282,Midterm,SST5,100,99.4,A+,30-07-2023,2023-24
STU0088,Midterm,ENG1,100,81.1,A,30-07-2024,2024-25
STU0196,Unit Test 2,PE2,50,22.9,D,28-10-2023,2023-24
STU0323,Unit Test 1,SCI6,100,89.7,A,31-05-2023,2023-24
STU0159,Unit Test 1,CS2,50,46.7,A+,31-05-2024,2024-25
STU0037,Midterm,MATHNursery,100,66.4,B,30-07-2023,2023-24
STU0308,Final,ART6,50,32.0,B,26-01-2025,2024-25
STU0153,Final,MATH3,100,29.6,F,26-01-2026,2025-26
STU0008,Midterm,TELLKG,100,57.2,C,30-07-2024,2024-25
STU0475,Unit Test 2,HIN10,100,68.5,B,28-10-2024,2024-25
STU0456,Final,ART10,50,40.1,A,26-01-2025,2024-25
STU0366,Final,SCI9,100,71.0,B+,26-01-2026,2025-26
STU0008,Unit Test 2,HINUKG,100,40.2,D,28-10-2025,2025-26
STU0161,Midterm,CS4,50,42.2,A,30-07-2025,2025-26
STU0184,Midterm,ENG3,100,50.2,C,30-07-2024,2024-25
STU0287,Midterm,SCI5,100,76.7,B+,30-07-2023,2023-24
STU0008,Unit Test 1,HINUKG,100,67.9,B,31-05-2025,2025-26
STU0336,Unit Test 2,TEL6,100,55.9,C,28-10-2023,2023-24
STU0090,Midterm,MATH2,100,78.8,B+,30-07-2025,2025-26
STU0384,Unit Test 1,PE9,50,38.5,B+,31-05-2025,2025-26
STU0475,Unit Test 1,PE9,50,22.2,D,31-05-2023,2023-24
STU0420,Unit Test 1,PE10,50,32.7,B,31-05-2025,2025-26
STU0390,Unit Test 2,SCI9,100,100.0,A+,28-10-2025,2025-26
STU0390,Unit Test 2,HIN7,100,69.0,B,28-10-2023,2023-24
STU0491,Midterm,SST10,100,70.1,B+,30-07-2023,2023-24
STU0185,Final,TEL2,100,84.2,A,26-01-2024,2023-24
STU0439,Final,ART9,50,23.9,D,26-01-2025,2024-25
STU0140,Midterm,SST3,100,55.6,C,30-07-2025,2025-26
STU0037,Unit Test 2,EVSUKG,100,68.5,B,28-10-2025,2025-26
STU0200,Final,MATH4,100,92.0,A+,26-01-2026,2025-26
STU0304,Final,SST5,100,64.1,B,26-01-2024,2023-24
STU0171,Unit Test 2,CS3,50,38.0,B+,28-10-2024,2024-25
STU0384,Midterm,SCI8,100,82.3,A,30-07-2024,2024-25
STU0336,Unit Test 2,ART6,50,30.5,B,28-10-2023,2023-24
STU0277,Unit Test 1,SCI5,100,81.0,A,31-05-2024,2024-25
STU0304,Unit Test 2,ENG5,100,75.7,B+,28-10-2023,2023-24
STU0155,Final,SST2,100,55.1,C,26-01-2025,2024-25
STU0147,Unit Test 2,TEL1,100,78.4,B+,28-10-2023,2023-24
STU0202,Midterm,MATH4,100,76.0,B+,30-07-2024,2024-25
STU0016,Unit Test 1,MATHLKG,100,69.4,B,31-05-2024,2024-25
STU0008,Final,TELNursery,100,54.2,C,26-01-2024,2023-24
STU0158,Unit Test 2,SCI1,100,55.8,C,28-10-2023,2023-24
STU0158,Final,MATH1,100,52.9,C,26-01-2024,2023-24
STU0446,Unit Test 2,TEL9,100,75.2,B+,28-10-2023,2023-24
STU0241,Unit Test 1,TEL5,100,69.6,B,31-05-2024,2024-25
STU0278,Final,SCI6,100,80.8,A,26-01-2026,2025-26
STU0308,Midterm,TEL6,100,45.0,D,30-07-2024,2024-25
STU0359,Unit Test 2,PE8,50,19.7,F,28-10-2025,2025-26
STU0328,Final,CS6,100,85.6,A,26-01-2024,2023-24
STU0439,Midterm,MATH10,100,52.5,C,30-07-2025,2025-26
STU0381,Midterm,TEL7,100,40.7,D,30-07-2023,2023-24
STU0506,Final,CS10,100,84.0,A,26-01-2024,2023-24
STU0308,Midterm,ENG5,100,80.3,A,30-07-2023,2023-24
STU0149,Midterm,CS3,50,46.6,A+,30-07-2025,2025-26
STU0184,Midterm,PE4,50,47.1,A+,30-07-2025,2025-26
STU0338,Unit Test 2,HIN7,100,54.2,C,28-10-2024,2024-25
STU0357,Unit Test 2,TEL8,100,83.5,A,28-10-2025,2025-26
STU0446,Final,TEL9,100,54.7,C,26-01-2024,2023-24
STU0465,Unit Test 1,TEL10,100,61.4,B,31-05-2024,2024-25
STU0139,Unit Test 1,SST1,100,81.5,A,31-05-2023,2023-24
STU0423,Midterm,TEL9,100,71.0,B+,30-07-2024,2024-25
STU0017,Midterm,MATHLKG,100,57.5,C,30-07-2024,2024-25
STU0155,Unit Test 2,HIN1,100,73.9,B+,28-10-2023,2023-24
STU0301,Midterm,SCI6,100,66.7,B,30-07-2024,2024-25
STU0277,Final,CS5,50,45.4,A+,26-01-2025,2024-25
STU0308,Unit Test 2,SCI6,100,89.3,A,28-10-2024,2024-25
STU0352,Unit Test 1,ART6,50,42.8,A,31-05-2023,2023-24
STU0352,Midterm,ENG7,100,73.3,B+,30-07-2024,2024-25
STU0090,Unit Test 2,ENG1,100,81.5,A,28-10-2024,2024-25
STU0149,Final,CS3,50,44.6,A,26-01-2026,2025-26
STU0102,Unit Test 2,HIN2,100,53.1,C,28-10-2025,2025-26
STU0211,Unit Test 1,TEL4,100,66.0,B,31-05-2024,2024-25
STU0177,Midterm,SST4,100,89.8,A,30-07-2025,2025-26
STU0024,Unit Test 1,EVSLKG,100,82.5,A,31-05-2024,2024-25
STU0304,Unit Test 2,SST5,100,76.7,B+,28-10-2023,2023-24
STU0420,Unit Test 1,ENG10,100,85.2,A,31-05-2025,2025-26
STU0357,Unit Test 2,ENG6,100,57.1,C,28-10-2023,2023-24
STU0358,Unit Test 1,TEL7,100,67.5,B,31-05-2024,2024-25
STU0231,Midterm,SST5,100,75.6,B+,30-07-2025,2025-26
STU0189,Final,SST3,100,92.9,A+,26-01-2025,2024-25
STU0332,Final,CS6,100,95.2,A+,26-01-2024,2023-24
STU0352,Midterm,CS6,100,66.4,B,30-07-2023,2023-24
STU0390,Midterm,SST8,100,78.0,B+,30-07-2024,2024-25
STU0192,Unit Test 2,HIN3,100,88.4,A,28-10-2024,2024-25
STU0202,Unit Test 2,CS5,50,36.6,B+,28-10-2025,2025-26
STU0247,Unit Test 1,TEL4,100,84.0,A,31-05-2023,2023-24
STU0211,Final,SST3,100,60.4,B,26-01-2024,2023-24
STU0472,Unit Test 1,SCI9,100,28.9,F,31-05-2023,2023-24
STU0287,Final,ENG5,100,51.1,C,26-01-2024,2023-24
STU0391,Final,PE9,50,35.1,B+,26-01-2026,2025-26
STU0088,Midterm,ENG2,100,77.4,B+,30-07-2025,2025-26
STU0149,Final,MATH1,100,50.3,C,26-01-2024,2023-24
STU0391,Unit Test 1,ENG8,100,54.5,C,31-05-2024,2024-25
STU0446,Midterm,PE9,50,25.2,C,30-07-2023,2023-24
STU0472,Midterm,CS10,100,69.1,B,30-07-2024,2024-25
STU0356,Final,PE8,50,29.0,C,26-01-2026,2025-26
STU0065,Midterm,TEL1,100,80.3,A,30-07-2025,2025-26
STU0424,Unit Test 1,SCI8,100,61.4,B,31-05-2023,2023-24
STU0338,Midterm,ART6,50,50.0,A+,30-07-2023,2023-24
STU0301,Final,HIN7,100,75.0,B+,26-01-2026,2025-26
STU0332,Midterm,SST8,100,45.8,D,30-07-2025,2025-26
STU0470,Final,MATH9,100,95.4,A+,26-01-2024,2023-24
STU0241,Midterm,HIN6,100,63.9,B,30-07-2025,2025-26
STU0475,Midterm,SCI10,100,57.9,C,30-07-2024,2024-25
STU0241,Final,PE4,50,39.9,B+,26-01-2024,2023-24
STU0323,Final,CS6,100,61.3,B,26-01-2024,2023-24
STU0351,Unit Test 1,CS8,100,67.0,B,31-05-2025,2025-26
STU0384,Unit Test 1,ENG9,100,94.6,A+,31-05-2025,2025-26
STU0357,Final,SST7,100,70.4,B+,26-01-2025,2024-25
STU0139,Unit Test 2,HIN1,100,59.4,C,28-10-2023,2023-24
STU0444,Unit Test 1,ENG9,100,76.4,B+,31-05-2023,2023-24
STU0050,Unit Test 1,ARTLKG,50,34.5,B,31-05-2023,2023-24
STU0390,Unit Test 1,ART7,50,32.5,B,31-05-2023,2023-24
STU0309,Midterm,PE6,50,37.4,B+,30-07-2024,2024-25
STU0336,Midterm,ART7,50,36.1,B+,30-07-2024,2024-25
STU0109,Final,CS2,50,30.7,B,26-01-2026,2025-26
STU0357,Unit Test 1,HIN7,100,75.9,B+,31-05-2024,2024-25
STU0309,Midterm,CS5,50,42.4,A,30-07-2023,2023-24
STU0184,Midterm,ENG4,100,90.3,A+,30-07-2025,2025-26
STU0262,Unit Test 2,TEL6,100,79.3,B+,28-10-2025,2025-26
STU0391,Unit Test 2,ART9,50,23.1,D,28-10-2025,2025-26
STU0247,Midterm,HIN6,100,86.9,A,30-07-2025,2025-26
STU0024,Unit Test 1,ENGLKG,100,99.2,A+,31-05-2024,2024-25
STU0241,Unit Test 1,ART6,50,38.7,B+,31-05-2025,2025-26
STU0423,Unit Test 1,MATH8,100,52.2,C,31-05-2023,2023-24
STU0420,Midterm,CS10,100,76.3,B+,30-07-2025,2025-26
STU0475,Unit Test 1,HIN9,100,62.9,B,31-05-2023,2023-24
STU0439,Final,ENG8,100,73.7,B+,26-01-2024,2023-24
STU0017,Midterm,EVSLKG,100,87.6,A,30-07-2024,2024-25
STU0159,Unit Test 2,MATH2,100,75.1,B+,28-10-2024,2024-25
STU0384,Final,TEL7,100,54.5,C,26-01-2024,2023-24
STU0359,Final,PE6,50,27.9,C,26-01-2024,2023-24
STU0304,Unit Test 2,SST7,100,56.3,C,28-10-2025,2025-26
STU0200,Final,CS2,50,46.3,A+,26-01-2024,2023-24
STU0384,Unit Test 1,TEL9,100,68.6,B,31-05-2025,2025-26
STU0185,Unit Test 1,TEL2,100,75.4,B+,31-05-2023,2023-24
STU0441,Unit Test 1,CS10,100,63.6,B,31-05-2024,2024-25
STU0171,Unit Test 1,TEL2,100,70.9,B+,31-05-2023,2023-24
STU0192,Final,SST4,100,73.2,B+,26-01-2026,2025-26
STU0336,Unit Test 1,HIN6,100,80.3,A,31-05-2023,2023-24
STU0338,Unit Test 1,PE6,50,32.9,B,31-05-2023,2023-24
STU0359,Unit Test 2,HIN8,100,77.9,B+,28-10-2025,2025-26
STU0465,Final,PE10,50,44.0,A,26-01-2025,2024-25
STU0111,Unit Test 1,ENG2,100,72.2,B+,31-05-2025,2025-26
STU0420,Unit Test 2,ART9,50,39.5,B+,28-10-2024,2024-25
STU0352,Unit Test 1,SCI8,100,74.4,B+,31-05-2025,2025-26
STU0356,Unit Test 2,CS6,100,77.7,B+,28-10-2023,2023-24
STU0093,Unit Test 2,ENG1,100,90.1,A+,28-10-2024,2024-25
STU0356,Final,ART7,50,43.3,A,26-01-2025,2024-25
STU0139,Unit Test 2,SCI1,100,66.7,B,28-10-2023,2023-24
STU0065,Unit Test 2,ENG1,100,45.7,D,28-10-2025,2025-26
STU0420,Midterm,SST9,100,84.8,A,30-07-2024,2024-25
STU0016,Final,ARTUKG,50,41.1,A,26-01-2026,2025-26
STU0202,Midterm,SCI3,100,91.7,A+,30-07-2023,2023-24
STU0111,Midterm,ARTUKG,50,26.3,C,30-07-2023,2023-24
STU0165,Final,TEL3,100,72.0,B+,26-01-2025,2024-25
STU0424,Final,ENG10,100,76.3,B+,26-01-2026,2025-26
STU0132,Unit Test 1,ENG2,100,58.6,C,31-05-2024,2024-25
STU0328,Unit Test 2,ENG8,100,51.1,C,28-10-2025,2025-26
STU0249,Midterm,SST6,100,92.1,A+,30-07-2025,2025-26
STU0202,Unit Test 1,MATH3,100,100.0,A+,31-05-2023,2023-24
STU0200,Final,SCI2,100,85.1,A,26-01-2024,2023-24
STU0459,Unit Test 2,MATH10,100,84.2,A,28-10-2024,2024-25
STU0147,Final,PE2,50,32.4,B,26-01-2025,2024-25
STU0211,Final,CS4,50,34.6,B,26-01-2025,2024-25
STU0491,Final,PE10,50,50.0,A+,26-01-2024,2023-24
STU0359,Final,TEL8,100,62.3,B,26-01-2026,2025-26
STU0416,Unit Test 2,SCI8,100,43.6,D,28-10-2023,2023-24
STU0177,Unit Test 1,SCI3,100,55.6,C,31-05-2024,2024-25
STU0441,Midterm,SST9,100,84.4,A,30-07-2023,2023-24
STU0149,Midterm,SST2,100,53.6,C,30-07-2024,2024-25
STU0513,Final,TEL10,100,69.2,B,26-01-2024,2023-24
STU0065,Midterm,HINUKG,100,65.4,B,30-07-2024,2024-25
STU0366,Final,SCI7,100,69.3,B,26-01-2024,2023-24
STU0088,Unit Test 2,TEL1,100,78.7,B+,28-10-2024,2024-25
STU0320,Unit Test 1,CS6,100,76.7,B+,31-05-2024,2024-25
STU0420,Final,SST10,100,46.8,D,26-01-2026,2025-26
STU0481,Unit Test 1,TEL10,100,60.4,B,31-05-2023,2023-24
STU0352,Unit Test 2,HIN7,100,85.4,A,28-10-2024,2024-25
STU0352,Unit Test 1,CS8,100,67.2,B,31-05-2025,2025-26
STU0208,Midterm,ENG4,100,80.2,A,30-07-2024,2024-25
STU0184,Midterm,SCI3,100,85.3,A,30-07-2024,2024-25
STU0200,Unit Test 1,TEL4,100,51.4,C,31-05-2025,2025-26
STU0241,Midterm,CS5,50,32.4,B,30-07-2024,2024-25
STU0073,Midterm,TELLKG,100,61.1,B,30-07-2023,2023-24
STU0102,Unit Test 1,ENGUKG,100,75.4,B+,31-05-2023,2023-24
STU0459,Unit Test 1,CS9,100,60.4,B,31-05-2023,2023-24
STU0185,Final,HIN4,100,75.5,B+,26-01-2026,2025-26
STU0470,Unit Test 1,HIN9,100,77.9,B+,31-05-2023,2023-24
STU0287,Final,ART6,50,37.4,B+,26-01-2025,2024-25
STU0470,Unit Test 2,ENG10,100,75.2,B+,28-10-2024,2024-25
STU0304,Unit Test 1,CS5,50,35.0,B,31-05-2023,2023-24
STU0301,Unit Test 1,TEL7,100,75.6,B+,31-05-2025,2025-26
STU0202,Unit Test 2,MATH4,100,58.0,C,28-10-2024,2024-25
STU0304,Final,MATH5,100,80.1,A,26-01-2024,2023-24
STU0097,Final,SCI2,100,64.3,B,26-01-2026,2025-26
STU0491,Unit Test 2,ENG10,100,61.5,B,28-10-2023,2023-24
STU0109,Midterm,SCI1,100,74.8,B+,30-07-2024,2024-25
STU0416,Unit Test 1,MATH8,100,71.3,B+,31-05-2023,2023-24
STU0390,Midterm,ENG9,100,55.1,C,30-07-2025,2025-26
STU0231,Final,SCI3,100,77.1,B+,26-01-2024,2023-24
STU0308,Midterm,HIN7,100,57.0,C,30-07-2025,2025-26
STU0359,Unit Test 1,HIN6,100,88.3,A,31-05-2023,2023-24
STU0309,Final,HIN7,100,100.0,A+,26-01-2026,2025-26
STU0132,Final,MATH3,100,91.0,A+,26-01-2026,2025-26
STU0328,Midterm,CS8,100,71.0,B+,30-07-2025,2025-26
STU0320,Final,PE7,50,31.4,B,26-01-2026,2025-26
STU0149,Unit Test 2,SST3,100,42.6,D,28-10-2025,2025-26
STU0249,Unit Test 1,PE5,50,35.8,B+,31-05-2024,2024-25
STU0416,Midterm,PE9,50,30.3,B,30-07-2024,2024-25
STU0140,Unit Test 1,MATH2,100,66.8,B,31-05-2024,2024-25
STU0192,Midterm,CS2,50,24.2,D,30-07-2023,2023-24
STU0211,Midterm,SCI4,100,99.1,A+,30-07-2024,2024-25
STU0087,Final,MATH1,100,68.5,B,26-01-2025,2024-25
STU0481,Midterm,CS10,100,32.2,F,30-07-2023,2023-24
STU0390,Unit Test 2,MATH8,100,74.4,B+,28-10-2024,2024-25
STU0155,Unit Test 1,SCI1,100,56.9,C,31-05-2023,2023-24
STU0472,Unit Test 1,PE10,50,36.3,B+,31-05-2024,2024-25
STU0391,Unit Test 2,MATH7,100,69.9,B,28-10-2023,2023-24
STU0149,Midterm,HIN2,100,85.5,A,30-07-2024,2024-25
STU0196,Unit Test 1,TEL3,100,63.5,B,31-05-2024,2024-25
STU0439,Unit Test 2,PE9,50,36.6,B+,28-10-2024,2024-25
STU0301,Midterm,ENG7,100,93.4,A+,30-07-2025,2025-26
STU0271,Unit Test 1,MATH6,100,78.7,B+,31-05-2025,2025-26
STU0358,Unit Test 2,ENG6,100,66.7,B,28-10-2023,2023-24
STU0323,Final,TEL7,100,52.0,C,26-01-2025,2024-25
STU0515,Unit Test 2,ART10,50,40.2,A,28-10-2023,2023-24
STU0391,Unit Test 2,SST9,100,87.0,A,28-10-2025,2025-26
STU0037,Unit Test 1,ARTLKG,50,39.8,B+,31-05-2024,2024-25
STU0416,Unit Test 1,SST10,100,82.4,A,31-05-2025,2025-26
STU0465,Unit Test 1,SCI10,100,63.5,B,31-05-2024,2024-25
STU0231,Unit Test 1,CS3,50,25.2,C,31-05-2023,2023-24
STU0304,Midterm,TEL5,100,79.2,B+,30-07-2023,2023-24
STU0278,Final,CS5,50,31.3,B,26-01-2025,2024-25
STU0441,Midterm,HIN10,100,69.1,B,30-07-2024,2024-25
STU0278,Unit Test 2,TEL5,100,75.9,B+,28-10-2024,2024-25
STU0017,Final,ENGLKG,100,58.9,C,26-01-2025,2024-25
STU0470,Unit Test 1,ART10,50,37.1,B+,31-05-2024,2024-25
STU0456,Midterm,TEL9,100,71.2,B+,30-07-2023,2023-24
STU0109,Unit Test 1,CS1,50,49.0,A+,31-05-2024,2024-25
STU0465,Final,ENG10,100,83.6,A,26-01-2025,2024-25
STU0416,Final,TEL9,100,39.2,F,26-01-2025,2024-25
STU0407,Unit Test 1,ART9,50,44.7,A,31-05-2024,2024-25
STU0465,Unit Test 1,MATH10,100,44.9,D,31-05-2024,2024-25
STU0338,Final,SST6,100,53.6,C,26-01-2024,2023-24
STU0308,Unit Test 1,MATH6,100,67.9,B,31-05-2024,2024-25
STU0050,Final,HINUKG,100,82.5,A,26-01-2025,2024-25
STU0161,Midterm,HIN2,100,77.3,B+,30-07-2023,2023-24
STU0282,Final,HIN5,100,67.3,B,26-01-2024,2023-24
STU0097,Midterm,SCI2,100,54.0,C,30-07-2025,2025-26
STU0323,Unit Test 1,HIN8,100,72.9,B+,31-05-2025,2025-26
STU0332,Unit Test 1,ART7,50,33.0,B,31-05-2024,2024-25
STU0366,Midterm,TEL7,100,55.6,C,30-07-2023,2023-24
STU0140,Unit Test 1,CS3,50,37.1,B+,31-05-2025,2025-26
STU0093,Midterm,PE1,50,32.1,B,30-07-2024,2024-25
STU0147,Unit Test 1,CS2,50,28.3,C,31-05-2024,2024-25
STU0159,Midterm,CS1,50,32.9,B,30-07-2023,2023-24
STU0332,Midterm,MATH7,100,72.5,B+,30-07-2024,2024-25
STU0328,Unit Test 1,HIN8,100,74.9,B+,31-05-2025,2025-26
STU0439,Midterm,ENG8,100,60.6,B,30-07-2023,2023-24
STU0351,Unit Test 1,CS6,100,86.2,A,31-05-2023,2023-24
STU0364,Midterm,SCI7,100,96.0,A+,30-07-2023,2023-24
STU0381,Final,CS9,100,56.1,C,26-01-2026,2025-26
STU0407,Midterm,HIN9,100,51.3,C,30-07-2024,2024-25
STU0241,Final,SST6,100,68.5,B,26-01-2026,2025-26
STU0407,Unit Test 1,ENG10,100,57.8,C,31-05-2025,2025-26
STU0202,Unit Test 2,ENG5,100,91.2,A+,28-10-2025,2025-26
STU0165,Unit Test 2,MATH4,100,73.5,B+,28-10-2025,2025-26
STU0323,Unit Test 2,ENG6,100,84.9,A,28-10-2023,2023-24
STU0024,Midterm,ENGLKG,100,65.2,B,30-07-2024,2024-25
STU0287,Final,SCI5,100,80.1,A,26-01-2024,2023-24
STU0147,Unit Test 2,PE3,50,19.2,F,28-10-2025,2025-26
STU0208,Midterm,HIN4,100,75.7,B+,30-07-2024,2024-25
STU0475,Final,ENG9,100,58.0,C,26-01-2024,2023-24
STU0073,Final,ARTLKG,50,30.1,B,26-01-2024,2023-24
STU0444,Final,ENG9,100,60.4,B,26-01-2024,2023-24
STU0109,Unit Test 2,TEL1,100,61.8,B,28-10-2024,2024-25
STU0356,Final,TEL6,100,75.1,B+,26-01-2024,2023-24
STU0189,Unit Test 1,HIN2,100,54.9,C,31-05-2023,2023-24
STU0200,Midterm,SST4,100,84.8,A,30-07-2025,2025-26
STU0366,Final,SST8,100,78.9,B+,26-01-2025,2024-25
STU0192,Midterm,MATH3,100,60.4,B,30-07-2024,2024-25
STU0320,Unit Test 1,CS5,50,29.4,C,31-05-2023,2023-24
STU0111,Midterm,EVSUKG,100,58.1,C,30-07-2023,2023-24
STU0271,Midterm,HIN4,100,55.3,C,30-07-2023,2023-24
STU0278,Midterm,SST5,100,62.4,B,30-07-2024,2024-25
STU0301,Unit Test 2,MATH7,100,72.9,B+,28-10-2025,2025-26
STU0364,Unit Test 2,SCI8,100,78.2,B+,28-10-2024,2024-25
STU0262,Unit Test 2,HIN4,100,65.6,B,28-10-2023,2023-24
STU0301,Final,MATH5,100,79.1,B+,26-01-2024,2023-24
STU0323,Final,HIN7,100,71.1,B+,26-01-2025,2024-25
STU0475,Unit Test 1,ART10,50,41.1,A,31-05-2024,2024-25
STU0189,Unit Test 1,PE3,50,38.1,B+,31-05-2024,2024-25
STU0358,Unit Test 2,TEL8,100,81.8,A,28-10-2025,2025-26
STU0356,Midterm,SCI8,100,81.0,A,30-07-2025,2025-26
STU0111,Unit Test 2,HIN2,100,66.3,B,28-10-2025,2025-26
STU0328,Midterm,CS7,100,60.0,C,30-07-2024,2024-25
STU0087,Final,ENG1,100,51.1,C,26-01-2025,2024-25
STU0446,Midterm,ART10,50,34.8,B,30-07-2024,2024-25
STU0459,Final,PE9,50,41.2,A,26-01-2024,2023-24
STU0020,Midterm,HINNursery,100,83.2,A,30-07-2023,2023-24
STU0282,Midterm,SCI6,100,71.0,B+,30-07-2024,2024-25
STU0381,Midterm,ENG8,100,62.9,B,30-07-2024,2024-25
STU0247,Unit Test 2,MATH6,100,72.7,B+,28-10-2025,2025-26
STU0231,Unit Test 1,SST3,100,75.9,B+,31-05-2023,2023-24
STU0424,Midterm,MATH8,100,80.4,A,30-07-2023,2023-24
STU0087,Unit Test 2,MATH2,100,90.0,A+,28-10-2025,2025-26
STU0308,Final,TEL5,100,69.6,B,26-01-2024,2023-24
STU0515,Unit Test 2,CS10,100,61.6,B,28-10-2023,2023-24
STU0107,Unit Test 1,ENG1,100,73.5,B+,31-05-2024,2024-25
STU0153,Midterm,PE3,50,35.3,B+,30-07-2025,2025-26
STU0278,Unit Test 2,CS6,100,62.3,B,28-10-2025,2025-26
STU0282,Final,SCI7,100,88.4,A,26-01-2026,2025-26
STU0309,Final,SCI7,100,79.1,B+,26-01-2026,2025-26
STU0456,Unit Test 2,HIN9,100,73.6,B+,28-10-2023,2023-24
STU0171,Final,MATH4,100,43.7,D,26-01-2026,2025-26
STU0287,Unit Test 2,CS6,100,100.0,A+,28-10-2024,2024-25
STU0016,Unit Test 2,HINUKG,100,88.1,A,28-10-2025,2025-26
STU0165,Unit Test 2,HIN3,100,91.5,A+,28-10-2024,2024-25
STU0357,Final,ART8,50,31.2,B,26-01-2026,2025-26
STU0200,Midterm,CS4,50,36.4,B+,30-07-2025,2025-26
STU0352,Midterm,TEL6,100,84.5,A,30-07-2023,2023-24
STU0177,Unit Test 1,HIN2,100,87.3,A,31-05-2023,2023-24
STU0073,Midterm,HINUKG,100,65.2,B,30-07-2024,2024-25
STU0391,Unit Test 1,SCI8,100,57.9,C,31-05-2024,2024-25
STU0189,Unit Test 2,MATH4,100,74.4,B+,28-10-2025,2025-26
STU0352,Unit Test 2,SCI6,100,53.0,C,28-10-2023,2023-24
STU0016,Unit Test 1,MATHUKG,100,78.9,B+,31-05-2025,2025-26
STU0444,Final,HIN9,100,99.3,A+,26-01-2024,2023-24
STU0513,Final,SCI10,100,75.9,B+,26-01-2024,2023-24
STU0491,Final,ENG10,100,61.3,B,26-01-2024,2023-24
STU0184,Unit Test 1,HIN4,100,70.6,B+,31-05-2025,2025-26
STU0107,Unit Test 1,HIN1,100,67.0,B,31-05-2024,2024-25
STU0165,Unit Test 2,CS2,50,35.4,B+,28-10-2023,2023-24
STU0192,Final,HIN2,100,58.7,C,26-01-2024,2023-24
STU0391,Midterm,ENG8,100,71.3,B+,30-07-2024,2024-25
STU0304,Unit Test 2,HIN5,100,74.8,B+,28-10-2023,2023-24
STU0111,Unit Test 2,ARTUKG,50,45.5,A+,28-10-2023,2023-24
STU0196,Unit Test 1,SST3,100,74.3,B+,31-05-2024,2024-25
STU0465,Final,TEL10,100,84.6,A,26-01-2025,2024-25
STU0102,Midterm,SCI1,100,51.5,C,30-07-2024,2024-25
STU0073,Final,MATHUKG,100,75.4,B+,26-01-2025,2024-25
STU0149,Unit Test 2,TEL3,100,81.8,A,28-10-2025,2025-26
STU0147,Unit Test 2,SCI1,100,53.7,C,28-10-2023,2023-24
STU0037,Unit Test 2,HINNursery,100,45.9,D,28-10-2023,2023-24
STU0262,Unit Test 1,TEL4,100,86.2,A,31-05-2023,2023-24
STU0165,Final,SCI3,100,66.8,B,26-01-2025,2024-25
STU0484,Midterm,ART10,50,21.5,D,30-07-2023,2023-24
STU0357,Unit Test 2,SCI6,100,84.0,A,28-10-2023,2023-24
STU0320,Unit Test 2,SST5,100,48.0,D,28-10-2023,2023-24
STU0470,Unit Test 1,CS10,100,90.7,A+,31-05-2024,2024-25
STU0407,Midterm,ART10,50,49.1,A+,30-07-2025,2025-26
STU0132,Unit Test 1,CS2,50,35.4,B+,31-05-2024,2024-25
STU0420,Unit Test 1,CS8,100,72.8,B+,31-05-2023,2023-24
STU0271,Midterm,PE4,50,41.2,A,30-07-2023,2023-24
STU0192,Unit Test 2,CS4,50,27.8,C,28-10-2025,2025-26
STU0384,Midterm,PE7,50,41.7,A,30-07-2023,2023-24
STU0459,Final,ART10,50,24.7,D,26-01-2025,2024-25
STU0208,Unit Test 2,PE3,50,33.9,B,28-10-2023,2023-24
STU0095,Unit Test 2,CS2,50,47.8,A+,28-10-2025,2025-26
STU0304,Midterm,ART7,50,30.0,B,30-07-2025,2025-26
STU0109,Midterm,PE1,50,44.0,A,30-07-2024,2024-25
STU0352,Unit Test 1,ART7,50,35.9,B+,31-05-2024,2024-25
STU0336,Unit Test 1,MATH6,100,83.2,A,31-05-2023,2023-24
STU0300,Unit Test 1,HIN5,100,83.4,A,31-05-2023,2023-24
STU0328,Midterm,HIN8,100,66.6,B,30-07-2025,2025-26
STU0381,Unit Test 2,ART7,50,35.6,B+,28-10-2023,2023-24
STU0381,Final,SST7,100,56.0,C,26-01-2024,2023-24
STU0332,Midterm,TEL6,100,60.5,B,30-07-2023,2023-24
STU0309,Midterm,ENG5,100,80.0,A,30-07-2023,2023-24
STU0037,Unit Test 2,ARTLKG,50,48.0,A+,28-10-2024,2024-25
STU0196,Unit Test 2,TEL4,100,53.8,C,28-10-2025,2025-26
STU0008,Unit Test 2,HINNursery,100,58.2,C,28-10-2023,2023-24
STU0338,Unit Test 1,ENG6,100,60.0,C,31-05-2023,2023-24
STU0470,Unit Test 2,CS10,100,88.8,A,28-10-2024,2024-25
STU0278,Unit Test 1,CS4,50,26.4,C,31-05-2023,2023-24
STU0357,Midterm,TEL7,100,81.1,A,30-07-2024,2024-25
STU0158,Final,SCI2,100,86.3,A,26-01-2025,2024-25
STU0024,Final,MATHUKG,100,66.2,B,26-01-2026,2025-26
STU0308,Final,TEL7,100,63.2,B,26-01-2026,2025-26
STU0441,Unit Test 2,SCI10,100,76.6,B+,28-10-2024,2024-25
STU0338,Unit Test 1,MATH7,100,70.7,B+,31-05-2024,2024-25
STU0149,Unit Test 1,TEL1,100,62.0,B,31-05-2023,2023-24
STU0509,Midterm,MATH10,100,68.8,B,30-07-2023,2023-24
STU0050,Final,SST1,100,56.1,C,26-01-2026,2025-26
STU0459,Unit Test 1,ART9,50,24.8,D,31-05-2023,2023-24
STU0491,Unit Test 2,PE10,50,43.8,A,28-10-2023,2023-24
STU0073,Unit Test 1,TEL1,100,73.8,B+,31-05-2025,2025-26
STU0196,Unit Test 2,MATH3,100,82.5,A,28-10-2024,2024-25
STU0420,Unit Test 2,SCI8,100,67.8,B,28-10-2023,2023-24
STU0008,Midterm,TELUKG,100,86.0,A,30-07-2025,2025-26
STU0140,Midterm,TEL3,100,72.1,B+,30-07-2025,2025-26
STU0336,Final,ENG8,100,61.0,B,26-01-2026,2025-26
STU0308,Midterm,HIN6,100,68.8,B,30-07-2024,2024-25
STU0278,Final,SST4,100,60.2,B,26-01-2024,2023-24
STU0472,Midterm,PE10,50,37.7,B+,30-07-2024,2024-25
STU0241,Unit Test 2,ART6,50,32.1,B,28-10-2025,2025-26
STU0287,Unit Test 2,MATH5,100,56.4,C,28-10-2023,2023-24
STU0308,Unit Test 1,SST6,100,87.4,A,31-05-2024,2024-25
STU0407,Final,PE10,50,21.5,D,26-01-2026,2025-26
STU0366,Unit Test 1,PE8,50,41.1,A,31-05-2024,2024-25
STU0271,Unit Test 2,CS6,100,72.2,B+,28-10-2025,2025-26
STU0208,Unit Test 1,CS3,50,30.0,C,31-05-2023,2023-24
STU0497,Unit Test 1,CS10,100,96.6,A+,31-05-2023,2023-24
STU0016,Midterm,ENGLKG,100,46.6,D,30-07-2024,2024-25
STU0262,Unit Test 1,SST4,100,55.8,C,31-05-2023,2023-24
STU0456,Midterm,MATH9,100,63.8,B,30-07-2023,2023-24
STU0171,Unit Test 2,SCI3,100,59.5,C,28-10-2024,2024-25
STU0017,Final,EVSLKG,100,75.7,B+,26-01-2025,2024-25
STU0475,Unit Test 1,HIN10,100,89.4,A,31-05-2024,2024-25
STU0446,Midterm,MATH9,100,77.3,B+,30-07-2023,2023-24
STU0140,Midterm,CS1,50,50.0,A+,30-07-2023,2023-24
STU0441,Unit Test 1,PE10,50,37.0,B+,31-05-2024,2024-25
STU0249,Midterm,TEL6,100,70.9,B+,30-07-2025,2025-26
STU0139,Unit Test 1,ENG1,100,54.2,C,31-05-2023,2023-24
STU0301,Final,SST6,100,94.2,A+,26-01-2025,2024-25
STU0102,Unit Test 1,HIN2,100,60.0,B,31-05-2025,2025-26
STU0231,Final,MATH4,100,95.1,A+,26-01-2025,2024-25
STU0359,Midterm,MATH7,100,56.0,C,30-07-2024,2024-25
STU0189,Unit Test 1,TEL2,100,66.4,B,31-05-2023,2023-24
STU0093,Final,SCI1,100,68.2,B,26-01-2025,2024-25
STU0301,Unit Test 2,SCI6,100,50.8,C,28-10-2024,2024-25
STU0050,Final,ENG1,100,96.6,A+,26-01-2026,2025-26
STU0107,Final,PE2,50,34.4,B,26-01-2026,2025-26
STU0165,Final,PE3,50,50.0,A+,26-01-2025,2024-25
STU0153,Midterm,TEL3,100,100.0,A+,30-07-2025,2025-26
STU0139,Unit Test 2,SST2,100,73.3,B+,28-10-2024,2024-25
STU0185,Final,SST3,100,77.3,B+,26-01-2025,2024-25
STU0359,Midterm,SST7,100,90.1,A+,30-07-2024,2024-25
STU0359,Final,HIN6,100,70.4,B+,26-01-2024,2023-24
STU0278,Midterm,MATH4,100,87.0,A,30-07-2023,2023-24
STU0475,Midterm,ART10,50,39.1,B+,30-07-2024,2024-25
STU0139,Unit Test 2,HIN3,100,66.7,B,28-10-2025,2025-26
STU0351,Unit Test 1,HIN7,100,62.4,B,31-05-2024,2024-25
STU0328,Unit Test 1,TEL8,100,59.1,C,31-05-2025,2025-26
STU0416,Unit Test 1,CS9,100,20.8,F,31-05-2024,2024-25
STU0177,Final,CS3,50,40.0,A,26-01-2025,2024-25
STU0196,Final,CS2,50,31.0,B,26-01-2024,2023-24
STU0095,Unit Test 1,SST1,100,61.1,B,31-05-2024,2024-25
STU0262,Midterm,TEL6,100,89.6,A,30-07-2025,2025-26
STU0384,Midterm,MATH8,100,73.8,B+,30-07-2024,2024-25
STU0073,Final,HINLKG,100,71.8,B+,26-01-2024,2023-24
STU0391,Midterm,PE8,50,39.7,B+,30-07-2024,2024-25
STU0282,Unit Test 2,HIN6,100,56.8,C,28-10-2024,2024-25
STU0465,Final,TEL9,100,65.0,B,26-01-2024,2023-24
STU0139,Midterm,MATH1,100,59.3,C,30-07-2023,2023-24
STU0008,Unit Test 2,TELNursery,100,69.9,B,28-10-2023,2023-24
STU0481,Unit Test 2,SST10,100,61.3,B,28-10-2023,2023-24
STU0231,Final,SST4,100,83.3,A,26-01-2025,2024-25
STU0459,Unit Test 2,CS10,100,91.9,A+,28-10-2024,2024-25
STU0338,Midterm,CS7,100,32.3,F,30-07-2024,2024-25
STU0202,Final,CS5,50,42.1,A,26-01-2026,2025-26
STU0439,Unit Test 1,TEL10,100,72.0,B+,31-05-2025,2025-26
STU0320,Unit Test 2,ART6,50,25.6,C,28-10-2024,2024-25
STU0097,Midterm,ENG1,100,57.4,C,30-07-2024,2024-25
STU0366,Midterm,CS9,100,100.0,A+,30-07-2025,2025-26
STU0465,Midterm,PE9,50,42.9,A,30-07-2023,2023-24
STU0336,Unit Test 1,PE7,50,30.9,B,31-05-2024,2024-25
STU0351,Unit Test 2,SST8,100,84.9,A,28-10-2025,2025-26
STU0189,Final,MATH4,100,84.5,A,26-01-2026,2025-26
STU0416,Unit Test 2,ENG9,100,96.5,A+,28-10-2024,2024-25
STU0088,Final,MATH2,100,91.7,A+,26-01-2026,2025-26
STU0165,Midterm,TEL2,100,91.0,A+,30-07-2023,2023-24
STU0090,Unit Test 2,CS2,50,24.1,D,28-10-2025,2025-26
STU0336,Unit Test 1,HIN7,100,100.0,A+,31-05-2024,2024-25
STU0200,Unit Test 1,PE3,50,31.3,B,31-05-2024,2024-25
STU0017,Unit Test 1,ARTLKG,50,26.2,C,31-05-2024,2024-25
STU0095,Final,TEL1,100,61.7,B,26-01-2025,2024-25
STU0475,Final,CS10,100,89.1,A,26-01-2025,2024-25
STU0336,Midterm,MATH7,100,90.4,A+,30-07-2024,2024-25
STU0336,Unit Test 1,SCI8,100,72.5,B+,31-05-2025,2025-26
STU0050,Unit Test 2,TELLKG,100,59.2,C,28-10-2023,2023-24
STU0351,Midterm,TEL8,100,70.0,B+,30-07-2025,2025-26
STU0472,Midterm,PE9,50,26.6,C,30-07-2023,2023-24
STU0444,Final,CS10,100,57.8,C,26-01-2025,2024-25
STU0139,Unit Test 1,SST2,100,67.8,B,31-05-2024,2024-25
STU0200,Midterm,PE3,50,45.9,A+,30-07-2024,2024-25
STU0147,Midterm,CS2,50,47.7,A+,30-07-2024,2024-25
STU0309,Final,HIN6,100,70.3,B+,26-01-2025,2024-25
STU0357,Unit Test 1,TEL7,100,63.6,B,31-05-2024,2024-25
STU0211,Midterm,HIN3,100,85.5,A,30-07-2023,2023-24
STU0364,Midterm,TEL7,100,88.5,A,30-07-2023,2023-24
STU0439,Final,SCI9,100,67.6,B,26-01-2025,2024-25
STU0155,Midterm,SCI2,100,71.1,B+,30-07-2024,2024-25
STU0472,Final,SST10,100,73.2,B+,26-01-2025,2024-25
STU0271,Midterm,ART6,50,29.4,C,30-07-2025,2025-26
STU0088,Unit Test 1,SST2,100,87.5,A,31-05-2025,2025-26
STU0189,Unit Test 2,ENG2,100,56.3,C,28-10-2023,2023-24
STU0171,Unit Test 2,PE4,50,31.4,B,28-10-2025,2025-26
STU0509,Midterm,TEL10,100,57.8,C,30-07-2023,2023-24
STU0356,Final,SCI7,100,83.4,A,26-01-2025,2024-25
STU0132,Unit Test 1,TEL1,100,69.1,B,31-05-2023,2023-24
STU0444,Unit Test 1,PE9,50,34.8,B,31-05-2023,2023-24
STU0202,Final,HIN3,100,80.8,A,26-01-2024,2023-24
STU0407,Unit Test 2,ENG10,100,59.4,C,28-10-2025,2025-26
STU0171,Unit Test 1,SCI4,100,99.3,A+,31-05-2025,2025-26
STU0320,Final,SCI5,100,84.7,A,26-01-2024,2023-24
STU0357,Unit Test 1,PE6,50,22.8,D,31-05-2023,2023-24
STU0360,Unit Test 2,SCI7,100,60.5,B,28-10-2024,2024-25
STU0366,Midterm,MATH9,100,72.7,B+,30-07-2025,2025-26
STU0287,Unit Test 2,HIN7,100,74.4,B+,28-10-2025,2025-26
STU0140,Midterm,MATH2,100,66.6,B,30-07-2024,2024-25
STU0097,Midterm,CS2,50,36.0,B+,30-07-2025,2025-26
STU0338,Midterm,ENG6,100,72.6,B+,30-07-2023,2023-24
STU0065,Final,EVSLKG,100,100.0,A+,26-01-2024,2023-24
STU0287,Final,MATH6,100,98.9,A+,26-01-2025,2024-25
STU0139,Unit Test 2,ENG3,100,94.0,A+,28-10-2025,2025-26
STU0271,Midterm,MATH4,100,81.5,A,30-07-2023,2023-24
STU0357,Final,HIN7,100,63.7,B,26-01-2025,2024-25
STU0384,Unit Test 1,ART8,50,43.8,A,31-05-2024,2024-25
STU0093,Unit Test 2,TEL1,100,71.9,B+,28-10-2024,2024-25
STU0192,Unit Test 2,HIN4,100,81.2,A,28-10-2025,2025-26
STU0390,Unit Test 1,HIN8,100,82.1,A,31-05-2024,2024-25
STU0132,Midterm,ENG3,100,82.9,A,30-07-2025,2025-26
STU0192,Unit Test 1,SCI3,100,69.3,B,31-05-2024,2024-25
STU0424,Unit Test 2,ART8,50,29.2,C,28-10-2023,2023-24
STU0185,Unit Test 2,MATH4,100,83.4,A,28-10-2025,2025-26
STU0423,Unit Test 1,HIN9,100,53.2,C,31-05-2024,2024-25
STU0470,Final,ART9,50,32.0,B,26-01-2024,2023-24
STU0050,Final,PE1,50,27.4,C,26-01-2026,2025-26
STU0444,Midterm,CS10,100,60.1,B,30-07-2024,2024-25
STU0107,Unit Test 1,TEL2,100,60.6,B,31-05-2025,2025-26
STU0177,Unit Test 1,SST4,100,65.9,B,31-05-2025,2025-26
STU0278,Unit Test 2,SST5,100,78.9,B+,28-10-2024,2024-25
STU0192,Midterm,SST3,100,36.0,F,30-07-2024,2024-25
STU0444,Unit Test 1,SCI10,100,81.9,A,31-05-2024,2024-25
STU0308,Final,CS6,100,73.9,B+,26-01-2025,2024-25
STU0211,Unit Test 2,ENG5,100,89.5,A,28-10-2025,2025-26
STU0491,Unit Test 2,MATH10,100,56.1,C,28-10-2023,2023-24
STU0017,Unit Test 1,MATHUKG,100,66.9,B,31-05-2025,2025-26
STU0111,Midterm,MATH2,100,58.4,C,30-07-2025,2025-26
STU0211,Final,ENG4,100,54.7,C,26-01-2025,2024-25
STU0338,Unit Test 2,ART7,50,31.3,B,28-10-2024,2024-25
STU0357,Unit Test 2,HIN6,100,50.4,C,28-10-2023,2023-24
STU0491,Final,SST10,100,69.6,B,26-01-2024,2023-24
STU0184,Unit Test 1,ENG3,100,86.1,A,31-05-2024,2024-25
STU0208,Unit Test 2,MATH3,100,81.6,A,28-10-2023,2023-24
STU0332,Unit Test 2,ENG8,100,82.1,A,28-10-2025,2025-26
STU0200,Unit Test 2,MATH2,100,89.2,A,28-10-2023,2023-24
STU0147,Midterm,TEL2,100,49.1,D,30-07-2024,2024-25
STU0159,Unit Test 2,SST1,100,65.2,B,28-10-2023,2023-24
STU0065,Unit Test 1,EVSUKG,100,55.6,C,31-05-2024,2024-25
STU0301,Unit Test 1,HIN7,100,84.7,A,31-05-2025,2025-26
STU0262,Unit Test 2,SST5,100,62.1,B,28-10-2024,2024-25
STU0016,Final,ARTLKG,50,28.3,C,26-01-2025,2024-25
STU0497,Final,MATH10,100,61.3,B,26-01-2024,2023-24
STU0336,Midterm,TEL6,100,69.4,B,30-07-2023,2023-24
STU0158,Unit Test 2,TEL1,100,58.7,C,28-10-2023,2023-24
STU0202,Midterm,TEL3,100,79.3,B+,30-07-2023,2023-24
STU0475,Unit Test 1,CS10,100,78.7,B+,31-05-2024,2024-25
STU0441,Unit Test 2,PE10,50,39.3,B+,28-10-2024,2024-25
STU0196,Unit Test 2,HIN4,100,53.8,C,28-10-2025,2025-26
STU0171,Unit Test 2,PE3,50,45.4,A+,28-10-2024,2024-25
STU0282,Unit Test 1,PE6,50,49.5,A+,31-05-2024,2024-25
STU0271,Final,SCI5,100,79.2,B+,26-01-2025,2024-25
STU0196,Unit Test 1,ENG2,100,46.8,D,31-05-2023,2023-24
STU0153,Unit Test 1,SST2,100,68.9,B,31-05-2024,2024-25
STU0196,Unit Test 1,SCI4,100,57.5,C,31-05-2025,2025-26
STU0189,Unit Test 2,HIN2,100,79.0,B+,28-10-2023,2023-24
STU0481,Final,TEL10,100,88.5,A,26-01-2024,2023-24
STU0102,Final,SST2,100,70.6,B+,26-01-2026,2025-26
STU0140,Midterm,MATH3,100,91.0,A+,30-07-2025,2025-26
STU0158,Unit Test 2,SST1,100,61.1,B,28-10-2023,2023-24
STU0470,Unit Test 2,SCI9,100,68.8,B,28-10-2023,2023-24
STU0020,Midterm,MATHUKG,100,71.0,B+,30-07-2025,2025-26
STU0184,Final,SST2,100,81.9,A,26-01-2024,2023-24
STU0161,Midterm,CS3,50,27.9,C,30-07-2024,2024-25
STU0381,Final,ENG8,100,67.2,B,26-01-2025,2024-25
STU0132,Unit Test 2,SCI3,100,56.5,C,28-10-2025,2025-26
STU0366,Midterm,MATH8,100,66.4,B,30-07-2024,2024-25
STU0147,Unit Test 1,SCI2,100,87.4,A,31-05-2024,2024-25
STU0308,Final,MATH7,100,72.3,B+,26-01-2026,2025-26
STU0149,Final,PE3,50,42.1,A,26-01-2026,2025-26
STU0390,Midterm,CS9,100,76.3,B+,30-07-2025,2025-26
STU0283,Final,SCI5,100,64.3,B,26-01-2024,2023-24
STU0465,Unit Test 2,TEL10,100,100.0,A+,28-10-2024,2024-25
STU0177,Unit Test 1,CS2,50,37.4,B+,31-05-2023,2023-24
STU0155,Final,SST1,100,76.3,B+,26-01-2024,2023-24
STU0364,Midterm,HIN9,100,66.8,B,30-07-2025,2025-26
STU0189,Unit Test 2,PE2,50,32.7,B,28-10-2023,2023-24
STU0247,Unit Test 1,PE6,50,34.1,B,31-05-2025,2025-26
STU0088,Final,EVSUKG,100,53.8,C,26-01-2024,2023-24
STU0147,Unit Test 2,SST3,100,64.5,B,28-10-2025,2025-26
STU0338,Midterm,MATH6,100,100.0,A+,30-07-2023,2023-24
STU0262,Midterm,CS6,100,94.2,A+,30-07-2025,2025-26
STU0016,Unit Test 1,TELUKG,100,56.1,C,31-05-2025,2025-26
STU0282,Unit Test 1,MATH5,100,82.2,A,31-05-2023,2023-24
STU0384,Final,PE9,50,45.8,A+,26-01-2026,2025-26
STU0200,Unit Test 2,TEL3,100,80.5,A,28-10-2024,2024-25
STU0073,Unit Test 2,PE1,50,32.8,B,28-10-2025,2025-26
STU0287,Final,CS7,100,59.5,C,26-01-2026,2025-26
STU0185,Unit Test 1,MATH4,100,48.6,D,31-05-2025,2025-26
STU0208,Unit Test 1,SST5,100,75.5,B+,31-05-2025,2025-26
STU0139,Midterm,PE1,50,36.3,B+,30-07-2023,2023-24
STU0177,Unit Test 2,SST4,100,61.9,B,28-10-2025,2025-26
STU0459,Unit Test 2,HIN10,100,74.0,B+,28-10-2024,2024-25
STU0095,Unit Test 2,ENG1,100,96.4,A+,28-10-2024,2024-25
STU0020,Midterm,ARTLKG,50,24.6,D,30-07-2024,2024-25
STU0202,Unit Test 2,ENG4,100,64.7,B,28-10-2024,2024-25
STU0308,Final,TEL6,100,69.2,B,26-01-2025,2024-25
STU0093,Unit Test 1,TELUKG,100,54.8,C,31-05-2023,2023-24
STU0336,Unit Test 2,SCI7,100,56.9,C,28-10-2024,2024-25
STU0390,Unit Test 1,TEL9,100,51.2,C,31-05-2025,2025-26
STU0139,Unit Test 2,SST3,100,68.5,B,28-10-2025,2025-26
STU0366,Midterm,SST8,100,78.0,B+,30-07-2024,2024-25
STU0359,Final,SST6,100,55.4,C,26-01-2024,2023-24
STU0277,Unit Test 1,PE6,50,25.4,C,31-05-2025,2025-26
STU0513,Midterm,HIN10,100,50.8,C,30-07-2023,2023-24
STU0515,Unit Test 2,HIN10,100,76.2,B+,28-10-2023,2023-24
STU0211,Final,HIN4,100,55.2,C,26-01-2025,2024-25
STU0155,Unit Test 1,TEL3,100,82.6,A,31-05-2025,2025-26
STU0153,Unit Test 1,ENG1,100,90.9,A+,31-05-2023,2023-24
STU0277,Final,TEL6,100,85.7,A,26-01-2026,2025-26
STU0140,Final,TEL3,100,64.8,B,26-01-2026,2025-26
STU0140,Unit Test 2,CS2,50,42.6,A,28-10-2024,2024-25
STU0111,Unit Test 2,SST2,100,46.6,D,28-10-2025,2025-26
STU0439,Unit Test 2,ENG9,100,71.1,B+,28-10-2024,2024-25
STU0304,Unit Test 2,MATH5,100,54.6,C,28-10-2023,2023-24
STU0196,Final,SCI3,100,89.1,A,26-01-2025,2024-25
STU0364,Final,PE9,50,46.7,A+,26-01-2026,2025-26
STU0202,Unit Test 1,ENG3,100,76.4,B+,31-05-2023,2023-24
STU0515,Unit Test 1,TEL10,100,56.0,C,31-05-2023,2023-24
STU0320,Midterm,SST5,100,65.4,B,30-07-2023,2023-24
STU0308,Final,SCI5,100,27.7,F,26-01-2024,2023-24
STU0249,Unit Test 1,PE6,50,33.6,B,31-05-2025,2025-26
STU0475,Final,MATH10,100,82.8,A,26-01-2025,2024-25
STU0200,Unit Test 2,ENG2,100,92.9,A+,28-10-2023,2023-24
STU0278,Final,CS6,100,69.3,B,26-01-2026,2025-26
STU0095,Midterm,HINUKG,100,75.1,B+,30-07-2023,2023-24
STU0155,Unit Test 1,SST2,100,74.4,B+,31-05-2024,2024-25
STU0381,Unit Test 2,TEL8,100,70.6,B+,28-10-2024,2024-25
STU0088,Unit Test 2,HIN1,100,74.2,B+,28-10-2024,2024-25
STU0211,Final,TEL3,100,81.0,A,26-01-2024,2023-24
STU0456,Final,SCI10,100,77.8,B+,26-01-2025,2024-25
STU0407,Midterm,MATH9,100,48.5,D,30-07-2024,2024-25
STU0139,Final,SCI3,100,58.9,C,26-01-2026,2025-26
STU0351,Midterm,PE6,50,33.3,B,30-07-2023,2023-24
STU0407,Final,HIN9,100,52.2,C,26-01-2025,2024-25
STU0024,Unit Test 1,EVSUKG,100,67.9,B,31-05-2025,2025-26
STU0037,Final,EVSNursery,100,90.9,A+,26-01-2024,2023-24
STU0351,Final,TEL8,100,52.5,C,26-01-2026,2025-26
STU0358,Midterm,TEL8,100,72.2,B+,30-07-2025,2025-26
STU0277,Midterm,TEL6,100,63.2,B,30-07-2025,2025-26
STU0351,Midterm,TEL6,100,81.7,A,30-07-2023,2023-24
STU0177,Midterm,CS4,50,43.7,A,30-07-2025,2025-26
STU0300,Midterm,PE5,50,34.1,B,30-07-2023,2023-24
STU0366,Unit Test 1,HIN9,100,70.0,B,31-05-2025,2025-26
STU0065,Final,TEL1,100,84.6,A,26-01-2026,2025-26
STU0088,Midterm,PE1,50,35.7,B+,30-07-2024,2024-25
STU0309,Final,TEL7,100,70.4,B+,26-01-2026,2025-26
STU0359,Final,PE7,50,35.2,B+,26-01-2025,2024-25
STU0323,Midterm,CS8,100,63.2,B,30-07-2025,2025-26
STU0277,Midterm,MATH4,100,87.6,A,30-07-2023,2023-24
STU0139,Midterm,CS3,50,37.8,B+,30-07-2025,2025-26
STU0155,Unit Test 2,HIN2,100,65.9,B,28-10-2024,2024-25
STU0020,Unit Test 1,EVSUKG,100,83.4,A,31-05-2025,2025-26
STU0037,Midterm,HINLKG,100,98.0,A+,30-07-2024,2024-25
STU0020,Final,ARTLKG,50,35.4,B+,26-01-2025,2024-25
STU0359,Unit Test 2,SST6,100,77.7,B+,28-10-2023,2023-24
STU0287,Unit Test 1,HIN7,100,73.9,B+,31-05-2025,2025-26
STU0503,Unit Test 1,SCI10,100,75.6,B+,31-05-2023,2023-24
STU0301,Unit Test 1,TEL5,100,58.5,C,31-05-2023,2023-24
STU0249,Unit Test 1,ENG6,100,77.2,B+,31-05-2025,2025-26
STU0165,Midterm,CS2,50,39.3,B+,30-07-2023,2023-24
STU0328,Final,ART8,50,25.8,C,26-01-2026,2025-26
STU0016,Final,ARTNursery,50,38.5,B+,26-01-2024,2023-24
STU0262,Midterm,MATH4,100,67.5,B,30-07-2023,2023-24
STU0459,Unit Test 1,ENG9,100,90.3,A+,31-05-2023,2023-24
STU0357,Midterm,CS7,100,59.2,C,30-07-2024,2024-25
STU0271,Unit Test 2,TEL4,100,74.0,B+,28-10-2023,2023-24
STU0211,Unit Test 1,SCI5,100,72.1,B+,31-05-2025,2025-26
STU0196,Midterm,PE2,50,36.8,B+,30-07-2023,2023-24
STU0283,Final,TEL6,100,99.8,A+,26-01-2025,2024-25
STU0424,Unit Test 2,ENG8,100,71.5,B+,28-10-2023,2023-24
STU0287,Unit Test 1,ART6,50,33.7,B,31-05-2024,2024-25
STU0481,Unit Test 2,ART10,50,36.7,B+,28-10-2023,2023-24
STU0390,Unit Test 1,PE9,50,41.5,A,31-05-2025,2025-26
STU0097,Midterm,PE1,50,33.2,B,30-07-2024,2024-25
STU0185,Unit Test 2,SCI3,100,72.2,B+,28-10-2024,2024-25
STU0381,Midterm,ENG7,100,69.2,B,30-07-2023,2023-24
STU0444,Midterm,ENG10,100,43.0,D,30-07-2024,2024-25
STU0171,Unit Test 2,SST4,100,81.1,A,28-10-2025,2025-26
STU0282,Final,ART6,50,42.3,A,26-01-2025,2024-25
STU0165,Final,HIN4,100,75.2,B+,26-01-2026,2025-26
STU0416,Unit Test 2,SCI10,100,64.8,B,28-10-2025,2025-26
STU0107,Midterm,HINUKG,100,69.7,B,30-07-2023,2023-24
STU0384,Midterm,ENG9,100,67.4,B,30-07-2025,2025-26
STU0132,Final,ENG1,100,88.1,A,26-01-2024,2023-24
STU0301,Unit Test 1,ART6,50,29.5,C,31-05-2024,2024-25
STU0509,Unit Test 2,MATH10,100,50.4,C,28-10-2023,2023-24
STU0200,Unit Test 1,SST3,100,92.9,A+,31-05-2024,2024-25
STU0420,Final,ART9,50,36.6,B+,26-01-2025,2024-25
STU0208,Unit Test 2,HIN4,100,96.5,A+,28-10-2024,2024-25
STU0304,Unit Test 2,SST6,100,79.8,B+,28-10-2024,2024-25
STU0161,Unit Test 2,HIN4,100,77.1,B+,28-10-2025,2025-26
STU0231,Final,CS4,50,30.7,B,26-01-2025,2024-25
STU0384,Unit Test 1,CS9,100,61.7,B,31-05-2025,2025-26
STU0465,Unit Test 2,ART9,50,38.6,B+,28-10-2023,2023-24
STU0153,Midterm,SST2,100,61.2,B,30-07-2024,2024-25
STU0390,Midterm,TEL8,100,70.1,B+,30-07-2024,2024-25
STU0444,Unit Test 1,ART9,50,35.4,B+,31-05-2023,2023-24
STU0208,Midterm,HIN5,100,63.2,B,30-07-2025,2025-26
STU0384,Midterm,SST9,100,72.0,B+,30-07-2025,2025-26
STU0416,Final,HIN8,100,74.1,B+,26-01-2024,2023-24
STU0147,Midterm,CS1,50,44.2,A,30-07-2023,2023-24
STU0271,Midterm,MATH5,100,80.1,A,30-07-2024,2024-25
STU0513,Final,SST10,100,73.3,B+,26-01-2024,2023-24
STU0323,Midterm,HIN8,100,66.7,B,30-07-2025,2025-26
STU0208,Unit Test 1,PE3,50,28.8,C,31-05-2023,2023-24
STU0420,Unit Test 2,HIN9,100,53.9,C,28-10-2024,2024-25
STU0249,Final,HIN5,100,90.0,A,26-01-2025,2024-25
STU0364,Unit Test 1,MATH9,100,68.2,B,31-05-2025,2025-26
STU0441,Unit Test 1,SST10,100,47.3,D,31-05-2024,2024-25
STU0037,Final,MATHNursery,100,75.8,B+,26-01-2024,2023-24
STU0171,Unit Test 2,ENG4,100,66.1,B,28-10-2025,2025-26
STU0249,Midterm,MATH5,100,100.0,A+,30-07-2024,2024-25
STU0189,Final,ENG2,100,63.4,B,26-01-2024,2023-24
STU0384,Final,CS9,100,72.5,B+,26-01-2026,2025-26
STU0283,Final,SCI7,100,66.7,B,26-01-2026,2025-26
STU0300,Midterm,ART6,50,38.0,B+,30-07-2024,2024-25
STU0320,Unit Test 2,HIN6,100,75.6,B+,28-10-2024,2024-25
STU0509,Unit Test 1,SST10,100,69.7,B,31-05-2023,2023-24
STU0381,Midterm,PE7,50,44.1,A,30-07-2023,2023-24
STU0159,Unit Test 1,HIN3,100,98.3,A+,31-05-2025,2025-26
STU0050,Unit Test 2,HIN1,100,79.1,B+,28-10-2025,2025-26
STU0149,Unit Test 2,CS3,50,28.6,C,28-10-2025,2025-26
STU0196,Unit Test 2,ENG2,100,73.5,B+,28-10-2023,2023-24
STU0407,Unit Test 1,SST9,100,69.7,B,31-05-2024,2024-25
STU0158,Unit Test 2,ENG3,100,59.6,C,28-10-2025,2025-26
STU0364,Unit Test 2,SCI7,100,100.0,A+,28-10-2023,2023-24
STU0109,Midterm,MATH2,100,84.9,A,30-07-2025,2025-26
STU0241,Midterm,ENG4,100,72.2,B+,30-07-2023,2023-24
STU0211,Midterm,PE5,50,32.6,B,30-07-2025,2025-26
STU0364,Unit Test 2,ENG7,100,70.8,B+,28-10-2023,2023-24
STU0158,Midterm,PE2,50,33.4,B,30-07-2024,2024-25
STU0262,Midterm,SST5,100,86.5,A,30-07-2024,2024-25
STU0283,Unit Test 1,SST7,100,96.9,A+,31-05-2025,2025-26
STU0416,Unit Test 1,HIN9,100,56.6,C,31-05-2024,2024-25
STU0249,Unit Test 1,MATH5,100,51.3,C,31-05-2024,2024-25
STU0171,Unit Test 1,HIN3,100,83.8,A,31-05-2024,2024-25
STU0177,Midterm,SST3,100,62.1,B,30-07-2024,2024-25
STU0323,Unit Test 2,SST6,100,92.4,A+,28-10-2023,2023-24
STU0159,Unit Test 2,MATH3,100,63.3,B,28-10-2025,2025-26
STU0308,Midterm,ART7,50,34.4,B,30-07-2025,2025-26
STU0446,Unit Test 2,MATH10,100,66.6,B,28-10-2024,2024-25
STU0475,Midterm,ENG10,100,68.7,B,30-07-2024,2024-25
STU0140,Unit Test 1,SCI1,100,63.0,B,31-05-2023,2023-24
STU0149,Unit Test 1,CS2,50,33.0,B,31-05-2024,2024-25
STU0165,Midterm,ENG3,100,77.9,B+,30-07-2024,2024-25
STU0165,Midterm,SST2,100,75.0,B+,30-07-2023,2023-24
STU0472,Unit Test 1,SST9,100,57.3,C,31-05-2023,2023-24
STU0017,Unit Test 2,TELUKG,100,64.8,B,28-10-2025,2025-26
STU0262,Midterm,SCI4,100,69.4,B,30-07-2023,2023-24
STU0147,Final,MATH1,100,100.0,A+,26-01-2024,2023-24
STU0153,Final,PE3,50,37.8,B+,26-01-2026,2025-26
STU0481,Unit Test 1,PE10,50,41.8,A,31-05-2023,2023-24
STU0423,Midterm,HIN10,100,96.2,A+,30-07-2025,2025-26
STU0231,Unit Test 1,TEL5,100,57.2,C,31-05-2025,2025-26
STU0381,Final,ART9,50,40.5,A,26-01-2026,2025-26
STU0208,Unit Test 1,MATH3,100,65.4,B,31-05-2023,2023-24
STU0309,Midterm,HIN6,100,66.6,B,30-07-2024,2024-25
STU0087,Midterm,ENGUKG,100,88.7,A,30-07-2023,2023-24
STU0241,Final,CS4,50,31.7,B,26-01-2024,2023-24
STU0149,Unit Test 2,TEL2,100,95.0,A+,28-10-2024,2024-25
STU0352,Final,SST7,100,76.7,B+,26-01-2025,2024-25
STU0287,Unit Test 2,ART7,50,28.7,C,28-10-2025,2025-26
STU0420,Unit Test 2,CS10,100,71.2,B+,28-10-2025,2025-26
STU0102,Final,ENG2,100,60.4,B,26-01-2026,2025-26
STU0024,Unit Test 2,TELUKG,100,67.0,B,28-10-2025,2025-26
STU0202,Unit Test 2,SST3,100,64.6,B,28-10-2023,2023-24
STU0423,Unit Test 2,HIN9,100,79.2,B+,28-10-2024,2024-25
STU0016,Unit Test 2,TELLKG,100,31.1,F,28-10-2024,2024-25
STU0484,Midterm,SST10,100,83.3,A,30-07-2023,2023-24
STU0111,Final,HIN1,100,73.2,B+,26-01-2025,2024-25
STU0211,Unit Test 1,SST4,100,68.8,B,31-05-2024,2024-25
STU0249,Midterm,SCI5,100,64.8,B,30-07-2024,2024-25
STU0111,Unit Test 1,HINUKG,100,61.7,B,31-05-2023,2023-24
STU0320,Midterm,MATH6,100,70.7,B+,30-07-2024,2024-25
STU0282,Final,PE5,50,34.3,B,26-01-2024,2023-24
STU0087,Unit Test 1,HINUKG,100,46.4,D,31-05-2023,2023-24
STU0283,Unit Test 1,SST6,100,61.1,B,31-05-2024,2024-25
STU0470,Unit Test 2,TEL10,100,78.5,B+,28-10-2024,2024-25
STU0503,Unit Test 1,PE10,50,44.5,A,31-05-2023,2023-24
STU0132,Unit Test 1,SCI3,100,63.0,B,31-05-2025,2025-26
STU0358,Unit Test 1,CS8,100,55.4,C,31-05-2025,2025-26
STU0208,Unit Test 2,ENG5,100,64.2,B,28-10-2025,2025-26
STU0171,Unit Test 1,ENG2,100,79.1,B+,31-05-2023,2023-24
STU0446,Midterm,HIN10,100,68.9,B,30-07-2024,2024-25
STU0111,Unit Test 2,SST1,100,86.4,A,28-10-2024,2024-25
STU0357,Unit Test 2,SCI7,100,76.8,B+,28-10-2024,2024-25
STU0420,Final,PE9,50,33.5,B,26-01-2025,2024-25
STU0158,Final,HIN3,100,70.4,B+,26-01-2026,2025-26
STU0192,Final,SST3,100,83.5,A,26-01-2025,2024-25
STU0336,Unit Test 1,PE6,50,36.5,B+,31-05-2023,2023-24
STU0459,Final,SST9,100,63.7,B,26-01-2024,2023-24
STU0357,Midterm,ART7,50,31.9,B,30-07-2024,2024-25
STU0177,Unit Test 2,SCI4,100,60.8,B,28-10-2025,2025-26
STU0446,Midterm,ENG9,100,51.0,C,30-07-2023,2023-24
STU0282,Final,TEL7,100,90.9,A+,26-01-2026,2025-26
STU0184,Unit Test 2,PE3,50,43.2,A,28-10-2024,2024-25
STU0420,Unit Test 2,SST10,100,79.3,B+,28-10-2025,2025-26
STU0282,Midterm,ART7,50,23.5,D,30-07-2025,2025-26
STU0420,Unit Test 2,SCI9,100,71.4,B+,28-10-2024,2024-25
STU0177,Midterm,ENG2,100,36.8,F,30-07-2023,2023-24
STU0185,Midterm,CS3,50,41.2,A,30-07-2024,2024-25
STU0149,Midterm,TEL1,100,68.3,B,30-07-2023,2023-24
STU0384,Final,ART8,50,41.2,A,26-01-2025,2024-25
STU0278,Unit Test 1,TEL4,100,80.0,A,31-05-2023,2023-24
STU0271,Midterm,ENG4,100,70.0,B+,30-07-2023,2023-24
STU0364,Midterm,HIN7,100,68.8,B,30-07-2023,2023-24
STU0147,Midterm,CS3,50,40.6,A,30-07-2025,2025-26
STU0247,Midterm,PE4,50,16.2,F,30-07-2023,2023-24
STU0407,Final,SCI8,100,89.1,A,26-01-2024,2023-24
STU0308,Unit Test 1,MATH5,100,69.9,B,31-05-2023,2023-24
STU0323,Midterm,CS7,100,59.3,C,30-07-2024,2024-25
STU0087,Final,ENGUKG,100,71.7,B+,26-01-2024,2023-24
STU0093,Midterm,MATH1,100,74.5,B+,30-07-2024,2024-25
STU0132,Midterm,MATH1,100,56.8,C,30-07-2023,2023-24
STU0247,Final,MATH6,100,65.0,B,26-01-2026,2025-26
STU0320,Midterm,TEL7,100,77.6,B+,30-07-2025,2025-26
STU0283,Final,CS6,100,97.8,A+,26-01-2025,2024-25
STU0459,Unit Test 2,SST9,100,78.1,B+,28-10-2023,2023-24
STU0424,Unit Test 1,SCI9,100,59.9,C,31-05-2024,2024-25
STU0381,Unit Test 2,CS8,100,67.1,B,28-10-2024,2024-25
STU0352,Midterm,SCI6,100,88.4,A,30-07-2023,2023-24
STU0278,Final,MATH6,100,91.2,A+,26-01-2026,2025-26
STU0282,Unit Test 1,PE7,50,33.1,B,31-05-2025,2025-26
STU0390,Final,TEL7,100,86.4,A,26-01-2024,2023-24
STU0192,Unit Test 2,TEL4,100,71.9,B+,28-10-2025,2025-26
STU0093,Final,PE2,50,46.1,A+,26-01-2026,2025-26
STU0323,Unit Test 1,ART7,50,19.2,F,31-05-2024,2024-25
STU0200,Final,TEL4,100,57.3,C,26-01-2026,2025-26
STU0158,Midterm,TEL2,100,72.1,B+,30-07-2024,2024-25
STU0360,Unit Test 2,ENG6,100,77.3,B+,28-10-2023,2023-24
STU0308,Midterm,TEL7,100,85.2,A,30-07-2025,2025-26
STU0357,Unit Test 1,TEL8,100,100.0,A+,31-05-2025,2025-26
STU0202,Unit Test 1,CS4,50,24.5,D,31-05-2024,2024-25
STU0416,Midterm,TEL8,100,37.6,F,30-07-2023,2023-24
STU0356,Unit Test 1,MATH6,100,83.0,A,31-05-2023,2023-24
STU0132,Final,HIN3,100,81.6,A,26-01-2026,2025-26
STU0416,Unit Test 1,SCI9,100,100.0,A+,31-05-2024,2024-25
STU0472,Unit Test 2,ART10,50,34.5,B,28-10-2024,2024-25
STU0423,Unit Test 2,ENG9,100,95.5,A+,28-10-2024,2024-25
STU0364,Midterm,SST8,100,55.5,C,30-07-2024,2024-25
STU0202,Unit Test 1,SST5,100,96.9,A+,31-05-2025,2025-26
STU0153,Midterm,HIN1,100,76.9,B+,30-07-2023,2023-24
STU0320,Final,SST5,100,90.9,A+,26-01-2024,2023-24
STU0366,Midterm,PE9,50,36.9,B+,30-07-2025,2025-26
STU0439,Unit Test 1,HIN8,100,100.0,A+,31-05-2023,2023-24
STU0359,Unit Test 1,SCI7,100,69.9,B,31-05-2024,2024-25
STU0328,Final,TEL6,100,89.4,A,26-01-2024,2023-24
STU0102,Midterm,TEL2,100,98.0,A+,30-07-2025,2025-26
STU0147,Midterm,HIN1,100,81.3,A,30-07-2023,2023-24
STU0278,Unit Test 1,ENG4,100,59.9,C,31-05-2023,2023-24
STU0155,Unit Test 2,SCI2,100,91.7,A+,28-10-2024,2024-25
STU0278,Unit Test 1,SCI6,100,54.0,C,31-05-2025,2025-26
STU0366,Unit Test 1,TEL9,100,86.7,A,31-05-2025,2025-26
STU0165,Final,ENG3,100,80.8,A,26-01-2025,2024-25
STU0338,Final,HIN8,100,57.1,C,26-01-2026,2025-26
STU0497,Unit Test 1,ENG10,100,53.6,C,31-05-2023,2023-24
STU0008,Final,ARTNursery,50,40.2,A,26-01-2024,2023-24
STU0147,Unit Test 1,MATH3,100,76.5,B+,31-05-2025,2025-26
STU0277,Midterm,SCI6,100,77.4,B+,30-07-2025,2025-26
STU0309,Midterm,MATH7,100,76.1,B+,30-07-2025,2025-26
STU0470,Unit Test 2,ENG9,100,61.7,B,28-10-2023,2023-24
STU0262,Final,SST6,100,76.7,B+,26-01-2026,2025-26
STU0332,Unit Test 1,PE7,50,49.2,A+,31-05-2024,2024-25
STU0139,Unit Test 2,MATH3,100,100.0,A+,28-10-2025,2025-26
STU0390,Unit Test 2,SCI7,100,56.5,C,28-10-2023,2023-24
STU0513,Unit Test 1,TEL10,100,47.3,D,31-05-2023,2023-24
STU0444,Midterm,PE9,50,42.2,A,30-07-2023,2023-24
STU0231,Unit Test 2,ENG4,100,68.8,B,28-10-2024,2024-25
STU0384,Midterm,PE9,50,42.4,A,30-07-2025,2025-26
STU0024,Unit Test 2,EVSNursery,100,70.5,B+,28-10-2023,2023-24
STU0249,Final,ENG5,100,47.6,D,26-01-2025,2024-25
STU0328,Unit Test 2,HIN6,100,71.1,B+,28-10-2023,2023-24
STU0407,Final,SST10,100,86.8,A,26-01-2026,2025-26
STU0282,Final,CS5,50,42.8,A,26-01-2024,2023-24
STU0359,Unit Test 1,CS7,100,94.5,A+,31-05-2024,2024-25
STU0192,Unit Test 2,SST2,100,91.9,A+,28-10-2023,2023-24
STU0211,Unit Test 2,SST4,100,79.6,B+,28-10-2024,2024-25
STU0149,Unit Test 2,MATH3,100,90.2,A+,28-10-2025,2025-26
STU0093,Final,HINUKG,100,90.9,A+,26-01-2024,2023-24
STU0359,Unit Test 2,MATH8,100,75.2,B+,28-10-2025,2025-26
STU0200,Unit Test 1,CS4,50,34.2,B,31-05-2025,2025-26
STU0381,Unit Test 1,SST8,100,87.8,A,31-05-2024,2024-25
STU0308,Unit Test 1,TEL7,100,54.4,C,31-05-2025,2025-26
STU0481,Final,HIN10,100,55.7,C,26-01-2024,2023-24
STU0300,Midterm,ENG5,100,89.6,A,30-07-2023,2023-24
STU0358,Final,ENG7,100,100.0,A+,26-01-2025,2024-25
STU0320,Unit Test 1,SCI5,100,93.2,A+,31-05-2023,2023-24
STU0320,Final,MATH6,100,82.8,A,26-01-2025,2024-25
STU0338,Midterm,SCI8,100,42.6,D,30-07-2025,2025-26
STU0088,Final,MATH1,100,69.5,B,26-01-2025,2024-25
STU0262,Unit Test 2,SCI4,100,70.7,B+,28-10-2023,2023-24
STU0391,Midterm,MATH8,100,80.3,A,30-07-2024,2024-25
STU0323,Unit Test 1,ENG6,100,98.6,A+,31-05-2023,2023-24
STU0497,Final,HIN10,100,95.0,A+,26-01-2024,2023-24
STU0446,Unit Test 1,MATH9,100,73.1,B+,31-05-2023,2023-24
STU0249,Midterm,SCI6,100,77.4,B+,30-07-2025,2025-26
STU0287,Final,PE7,50,47.3,A+,26-01-2026,2025-26
STU0420,Final,HIN8,100,95.3,A+,26-01-2024,2023-24
STU0050,Midterm,MATHUKG,100,86.3,A,30-07-2024,2024-25
STU0304,Unit Test 1,PE5,50,45.5,A+,31-05-2023,2023-24
STU0231,Unit Test 2,ENG5,100,64.5,B,28-10-2025,2025-26
STU0247,Unit Test 1,ENG5,100,51.4,C,31-05-2024,2024-25
STU0423,Unit Test 1,HIN8,100,57.4,C,31-05-2023,2023-24
STU0360,Midterm,SCI8,100,77.2,B+,30-07-2025,2025-26
STU0323,Unit Test 2,MATH8,100,56.2,C,28-10-2025,2025-26
STU0165,Midterm,PE4,50,46.9,A+,30-07-2025,2025-26
STU0111,Midterm,TEL1,100,55.4,C,30-07-2024,2024-25
STU0416,Midterm,TEL9,100,72.7,B+,30-07-2024,2024-25
STU0358,Midterm,ENG8,100,56.4,C,30-07-2025,2025-26
STU0301,Unit Test 2,SST6,100,77.7,B+,28-10-2024,2024-25
STU0441,Unit Test 2,SCI9,100,75.7,B+,28-10-2023,2023-24
STU0338,Final,TEL8,100,63.6,B,26-01-2026,2025-26
STU0364,Final,SST7,100,74.2,B+,26-01-2024,2023-24
STU0366,Unit Test 2,MATH8,100,69.6,B,28-10-2024,2024-25
STU0165,Unit Test 2,SCI3,100,90.6,A+,28-10-2024,2024-25
STU0037,Unit Test 1,HINLKG,100,67.0,B,31-05-2024,2024-25
STU0016,Final,EVSNursery,100,86.3,A,26-01-2024,2023-24
STU0159,Final,SCI1,100,81.2,A,26-01-2024,2023-24
STU0139,Unit Test 2,CS2,50,28.1,C,28-10-2024,2024-25
STU0300,Final,CS5,50,31.1,B,26-01-2024,2023-24
STU0301,Unit Test 1,ART7,50,39.5,B+,31-05-2025,2025-26
STU0065,Unit Test 2,HINUKG,100,55.0,C,28-10-2024,2024-25
STU0016,Unit Test 1,TELNursery,100,80.3,A,31-05-2023,2023-24
STU0475,Midterm,ART9,50,31.5,B,30-07-2023,2023-24
STU0360,Unit Test 1,TEL6,100,85.2,A,31-05-2023,2023-24
STU0109,Unit Test 1,MATH2,100,68.5,B,31-05-2025,2025-26
STU0390,Midterm,CS7,100,72.5,B+,30-07-2023,2023-24
STU0277,Midterm,ENG5,100,60.4,B,30-07-2024,2024-25
STU0357,Unit Test 1,MATH7,100,58.5,C,31-05-2024,2024-25
STU0211,Unit Test 1,PE5,50,39.4,B+,31-05-2025,2025-26
STU0149,Final,TEL2,100,65.6,B,26-01-2025,2024-25
STU0208,Unit Test 2,PE4,50,30.0,B,28-10-2024,2024-25
STU0247,Midterm,SCI5,100,88.0,A,30-07-2024,2024-25
STU0356,Unit Test 1,MATH8,100,81.0,A,31-05-2025,2025-26
STU0065,Midterm,TELLKG,100,82.9,A,30-07-2023,2023-24
STU0287,Unit Test 1,PE7,50,27.5,C,31-05-2025,2025-26
STU0247,Final,ENG5,100,70.1,B+,26-01-2025,2024-25
STU0420,Unit Test 1,SST8,100,80.9,A,31-05-2023,2023-24
STU0211,Unit Test 1,CS5,50,33.5,B,31-05-2025,2025-26
STU0390,Midterm,SST7,100,62.2,B,30-07-2023,2023-24
STU0472,Final,ART9,50,32.3,B,26-01-2024,2023-24
STU0024,Final,EVSUKG,100,95.8,A+,26-01-2026,2025-26
STU0132,Midterm,SST1,100,57.0,C,30-07-2023,2023-24
STU0446,Unit Test 1,HIN9,100,70.0,B+,31-05-2023,2023-24
STU0509,Unit Test 1,SCI10,100,46.1,D,31-05-2023,2023-24
STU0102,Unit Test 2,TEL2,100,70.5,B+,28-10-2025,2025-26
STU0189,Unit Test 1,CS2,50,29.6,C,31-05-2023,2023-24
STU0351,Final,PE6,50,32.1,B,26-01-2024,2023-24
STU0050,Unit Test 1,EVSLKG,100,91.8,A+,31-05-2023,2023-24
STU0095,Midterm,MATH1,100,55.6,C,30-07-2024,2024-25
STU0202,Midterm,ENG5,100,69.4,B,30-07-2025,2025-26
STU0093,Unit Test 1,MATHUKG,100,70.1,B+,31-05-2023,2023-24
STU0200,Final,CS4,50,28.3,C,26-01-2026,2025-26
STU0424,Midterm,SCI10,100,53.9,C,30-07-2025,2025-26
STU0320,Final,CS5,50,49.7,A+,26-01-2024,2023-24
STU0332,Midterm,SCI8,100,79.3,B+,30-07-2025,2025-26
STU0332,Unit Test 1,SCI6,100,65.1,B,31-05-2023,2023-24
STU0095,Unit Test 1,CS1,50,37.9,B+,31-05-2024,2024-25
STU0008,Final,HINUKG,100,94.2,A+,26-01-2026,2025-26
STU0384,Unit Test 1,ART9,50,37.5,B+,31-05-2025,2025-26
STU0200,Unit Test 2,CS2,50,49.8,A+,28-10-2023,2023-24
STU0088,Unit Test 2,CS1,50,39.0,B+,28-10-2024,2024-25
STU0107,Final,HIN1,100,94.4,A+,26-01-2025,2024-25
STU0444,Midterm,CS9,100,46.2,D,30-07-2023,2023-24
STU0357,Unit Test 2,CS6,100,64.6,B,28-10-2023,2023-24
STU0247,Final,SCI6,100,48.7,D,26-01-2026,2025-26
STU0088,Final,CS2,50,45.3,A+,26-01-2026,2025-26
STU0282,Midterm,TEL6,100,56.6,C,30-07-2024,2024-25
STU0497,Unit Test 2,MATH10,100,89.0,A,28-10-2023,2023-24
STU0008,Midterm,MATHLKG,100,72.7,B+,30-07-2024,2024-25
STU0149,Final,SCI2,100,62.3,B,26-01-2025,2024-25
STU0328,Unit Test 1,MATH6,100,68.2,B,31-05-2023,2023-24
STU0301,Unit Test 2,ENG5,100,74.3,B+,28-10-2023,2023-24
STU0459,Midterm,SCI9,100,73.6,B+,30-07-2023,2023-24
STU0364,Midterm,TEL8,100,50.0,C,30-07-2024,2024-25
STU0513,Midterm,ART10,50,33.4,B,30-07-2023,2023-24
STU0470,Midterm,SST9,100,66.2,B,30-07-2023,2023-24
STU0420,Midterm,MATH10,100,70.9,B+,30-07-2025,2025-26
STU0416,Unit Test 2,CS10,100,53.0,C,28-10-2025,2025-26
STU0231,Unit Test 2,PE3,50,36.9,B+,28-10-2023,2023-24
STU0320,Unit Test 1,HIN7,100,100.0,A+,31-05-2025,2025-26
STU0336,Final,TEL8,100,81.9,A,26-01-2026,2025-26
STU0211,Final,MATH5,100,97.4,A+,26-01-2026,2025-26
STU0149,Midterm,ENG2,100,42.4,D,30-07-2024,2024-25
STU0132,Midterm,CS2,50,34.3,B,30-07-2024,2024-25
STU0364,Unit Test 2,ART9,50,21.4,D,28-10-2025,2025-26
STU0093,Unit Test 1,HINUKG,100,53.7,C,31-05-2023,2023-24
STU0441,Midterm,PE10,50,40.2,A,30-07-2024,2024-25
STU0185,Unit Test 2,HIN4,100,89.9,A,28-10-2025,2025-26
STU0158,Unit Test 1,SCI2,100,90.1,A+,31-05-2024,2024-25
STU0249,Midterm,HIN5,100,64.5,B,30-07-2024,2024-25
STU0200,Unit Test 2,HIN2,100,58.9,C,28-10-2023,2023-24
STU0196,Unit Test 2,HIN3,100,55.8,C,28-10-2024,2024-25
STU0271,Unit Test 2,ENG6,100,58.7,C,28-10-2025,2025-26
STU0465,Final,PE9,50,35.1,B+,26-01-2024,2023-24
STU0278,Midterm,SCI4,100,62.2,B,30-07-2023,2023-24
STU0308,Final,HIN5,100,78.3,B+,26-01-2024,2023-24
STU0416,Midterm,HIN9,100,72.7,B+,30-07-2024,2024-25
STU0456,Unit Test 2,TEL9,100,67.4,B,28-10-2023,2023-24
STU0360,Final,MATH7,100,62.1,B,26-01-2025,2024-25
STU0384,Midterm,SCI7,100,47.0,D,30-07-2023,2023-24
STU0008,Unit Test 1,ARTNursery,50,30.3,B,31-05-2023,2023-24
STU0159,Midterm,ENG3,100,73.3,B+,30-07-2025,2025-26
STU0472,Midterm,HIN10,100,64.3,B,30-07-2024,2024-25
STU0352,Final,HIN6,100,87.1,A,26-01-2024,2023-24
STU0301,Unit Test 1,SCI6,100,39.4,F,31-05-2024,2024-25
STU0407,Final,MATH8,100,54.7,C,26-01-2024,2023-24
STU0231,Final,SST3,100,88.0,A,26-01-2024,2023-24
STU0095,Final,SCI1,100,81.0,A,26-01-2025,2024-25
STU0309,Unit Test 2,SCI7,100,61.8,B,28-10-2025,2025-26
STU0200,Unit Test 2,HIN3,100,76.1,B+,28-10-2024,2024-25
STU0439,Final,TEL9,100,93.5,A+,26-01-2025,2024-25
STU0332,Midterm,PE6,50,29.5,C,30-07-2023,2023-24
STU0202,Midterm,PE3,50,24.2,D,30-07-2023,2023-24
STU0506,Midterm,PE10,50,39.4,B+,30-07-2023,2023-24
STU0441,Final,ART9,50,43.2,A,26-01-2024,2023-24
STU0241,Final,PE5,50,42.4,A,26-01-2025,2024-25
STU0171,Midterm,HIN4,100,72.6,B+,30-07-2025,2025-26
STU0481,Final,PE10,50,30.6,B,26-01-2024,2023-24
STU0065,Unit Test 2,MATHLKG,100,76.6,B+,28-10-2023,2023-24
STU0300,Final,SST7,100,58.0,C,26-01-2026,2025-26
STU0278,Midterm,CS6,100,86.9,A,30-07-2025,2025-26
STU0249,Unit Test 2,SCI4,100,79.8,B+,28-10-2023,2023-24
STU0192,Unit Test 1,TEL2,100,68.9,B,31-05-2023,2023-24
STU0465,Final,SCI10,100,88.4,A,26-01-2025,2024-25
STU0249,Unit Test 1,SCI6,100,84.9,A,31-05-2025,2025-26
STU0459,Unit Test 2,SST10,100,62.7,B,28-10-2024,2024-25
STU0338,Unit Test 1,HIN6,100,90.5,A+,31-05-2023,2023-24
STU0391,Midterm,TEL9,100,75.4,B+,30-07-2025,2025-26
STU0262,Unit Test 1,SCI6,100,48.3,D,31-05-2025,2025-26
STU0439,Final,HIN8,100,69.6,B,26-01-2024,2023-24
STU0423,Unit Test 1,MATH10,100,71.2,B+,31-05-2025,2025-26
STU0149,Final,CS1,50,24.5,D,26-01-2024,2023-24
STU0352,Unit Test 2,ENG8,100,64.6,B,28-10-2025,2025-26
STU0200,Final,SST3,100,40.2,D,26-01-2025,2024-25
STU0308,Unit Test 2,ENG7,100,59.7,C,28-10-2025,2025-26
STU0192,Midterm,HIN2,100,75.4,B+,30-07-2023,2023-24
STU0336,Final,MATH8,100,70.4,B+,26-01-2026,2025-26
STU0097,Unit Test 1,SST1,100,88.1,A,31-05-2024,2024-25
STU0184,Midterm,TEL2,100,39.3,F,30-07-2023,2023-24
STU0366,Unit Test 1,SCI8,100,83.6,A,31-05-2024,2024-25
STU0441,Midterm,CS9,100,62.4,B,30-07-2023,2023-24
STU0087,Unit Test 2,PE2,50,24.6,D,28-10-2025,2025-26
STU0095,Midterm,CS2,50,30.7,B,30-07-2025,2025-26
STU0446,Unit Test 2,PE9,50,36.3,B+,28-10-2023,2023-24
STU0439,Midterm,TEL8,100,79.5,B+,30-07-2023,2023-24
STU0287,Midterm,TEL6,100,58.1,C,30-07-2024,2024-25
STU0109,Final,MATHUKG,100,80.8,A,26-01-2024,2023-24
STU0416,Final,SCI9,100,86.6,A,26-01-2025,2024-25
STU0271,Midterm,SST5,100,71.0,B+,30-07-2024,2024-25
STU0231,Midterm,SCI4,100,67.8,B,30-07-2024,2024-25
STU0024,Midterm,ARTUKG,50,24.3,D,30-07-2025,2025-26
STU0301,Unit Test 2,PE5,50,45.5,A+,28-10-2023,2023-24
STU0202,Midterm,SST5,100,59.3,C,30-07-2025,2025-26
STU0231,Midterm,SST4,100,69.3,B,30-07-2024,2024-25
STU0366,Unit Test 2,SST8,100,80.0,A,28-10-2024,2024-25
STU0356,Unit Test 2,MATH7,100,64.9,B,28-10-2024,2024-25
STU0456,Midterm,PE10,50,38.7,B+,30-07-2024,2024-25
STU0497,Final,SCI10,100,45.1,D,26-01-2024,2023-24
STU0109,Midterm,EVSUKG,100,71.1,B+,30-07-2023,2023-24
STU0140,Unit Test 2,HIN3,100,53.7,C,28-10-2025,2025-26
STU0352,Unit Test 1,HIN8,100,100.0,A+,31-05-2025,2025-26
STU0309,Unit Test 1,SCI5,100,84.7,A,31-05-2023,2023-24
STU0472,Unit Test 1,SCI10,100,18.9,F,31-05-2024,2024-25
STU0283,Unit Test 1,ENG6,100,56.4,C,31-05-2024,2024-25
STU0472,Unit Test 1,MATH9,100,77.4,B+,31-05-2023,2023-24
STU0515,Midterm,HIN10,100,70.3,B+,30-07-2023,2023-24
STU0338,Unit Test 2,HIN6,100,74.1,B+,28-10-2023,2023-24
STU0358,Unit Test 1,SST7,100,100.0,A+,31-05-2024,2024-25
STU0149,Final,SCI3,100,60.9,B,26-01-2026,2025-26
STU0171,Midterm,SST4,100,71.3,B+,30-07-2025,2025-26
STU0277,Midterm,SST6,100,86.5,A,30-07-2025,2025-26
STU0384,Unit Test 1,CS8,100,56.3,C,31-05-2024,2024-25
STU0444,Final,MATH9,100,62.7,B,26-01-2024,2023-24
STU0132,Final,MATH2,100,78.5,B+,26-01-2025,2024-25
STU0332,Unit Test 1,SST7,100,64.9,B,31-05-2024,2024-25
STU0017,Unit Test 2,ENGLKG,100,66.1,B,28-10-2024,2024-25
STU0391,Midterm,MATH7,100,73.8,B+,30-07-2023,2023-24
STU0441,Midterm,SST10,100,49.9,D,30-07-2024,2024-25
STU0497,Midterm,SCI10,100,74.5,B+,30-07-2023,2023-24
STU0278,Unit Test 2,ART6,50,24.6,D,28-10-2025,2025-26
STU0147,Final,TEL2,100,67.3,B,26-01-2025,2024-25
STU0073,Midterm,EVSLKG,100,92.5,A+,30-07-2023,2023-24
STU0359,Midterm,TEL7,100,73.6,B+,30-07-2024,2024-25
STU0390,Final,ART8,50,36.2,B+,26-01-2025,2024-25
STU0424,Unit Test 1,ART9,50,37.4,B+,31-05-2024,2024-25
STU0073,Midterm,MATH1,100,60.6,B,30-07-2025,2025-26
STU0390,Final,ENG8,100,61.3,B,26-01-2025,2024-25
STU0097,Unit Test 2,PE2,50,33.8,B,28-10-2025,2025-26
STU0390,Unit Test 2,ENG9,100,44.2,D,28-10-2025,2025-26
STU0503,Unit Test 2,TEL10,100,64.6,B,28-10-2023,2023-24
STU0358,Unit Test 2,ENG8,100,48.9,D,28-10-2025,2025-26
STU0358,Unit Test 2,SST7,100,60.7,B,28-10-2024,2024-25
STU0016,Final,TELNursery,100,57.8,C,26-01-2024,2023-24
STU0277,Final,TEL5,100,92.6,A+,26-01-2025,2024-25
STU0357,Unit Test 1,SST6,100,89.0,A,31-05-2023,2023-24
STU0364,Midterm,MATH8,100,64.9,B,30-07-2024,2024-25
STU0351,Final,ENG8,100,58.0,C,26-01-2026,2025-26
STU0200,Midterm,TEL4,100,64.6,B,30-07-2025,2025-26
STU0211,Final,ENG5,100,67.6,B,26-01-2026,2025-26
STU0444,Unit Test 2,CS10,100,56.7,C,28-10-2024,2024-25
STU0351,Midterm,SST8,100,87.5,A,30-07-2025,2025-26
STU0189,Final,MATH2,100,63.2,B,26-01-2024,2023-24
STU0391,Unit Test 2,HIN7,100,71.8,B+,28-10-2023,2023-24
STU0420,Unit Test 1,ART9,50,33.8,B,31-05-2024,2024-25
STU0192,Final,CS2,50,28.9,C,26-01-2024,2023-24
STU0407,Midterm,PE10,50,34.3,B,30-07-2025,2025-26
STU0139,Unit Test 1,TEL2,100,61.4,B,31-05-2024,2024-25
STU0465,Unit Test 1,ENG9,100,50.1,C,31-05-2023,2023-24
STU0277,Midterm,PE4,50,39.9,B+,30-07-2023,2023-24
STU0391,Unit Test 1,ART8,50,30.7,B,31-05-2024,2024-25
STU0356,Unit Test 2,SST8,100,67.7,B,28-10-2025,2025-26
STU0359,Midterm,ENG8,100,75.1,B+,30-07-2025,2025-26
STU0308,Midterm,MATH7,100,88.5,A,30-07-2025,2025-26
STU0192,Final,TEL2,100,67.3,B,26-01-2024,2023-24
STU0320,Midterm,CS7,100,79.6,B+,30-07-2025,2025-26
STU0338,Final,PE6,50,45.0,A+,26-01-2024,2023-24
STU0459,Unit Test 1,TEL10,100,57.0,C,31-05-2024,2024-25
STU0189,Midterm,TEL2,100,87.0,A,30-07-2023,2023-24
STU0065,Midterm,HINLKG,100,78.6,B+,30-07-2023,2023-24
STU0491,Unit Test 2,ART10,50,47.4,A+,28-10-2023,2023-24
STU0359,Unit Test 2,ART6,50,38.6,B+,28-10-2023,2023-24
STU0364,Unit Test 1,HIN8,100,76.0,B+,31-05-2024,2024-25
STU0423,Midterm,HIN8,100,99.1,A+,30-07-2023,2023-24
STU0202,Midterm,HIN4,100,76.9,B+,30-07-2024,2024-25
STU0271,Final,TEL5,100,77.8,B+,26-01-2025,2024-25
STU0277,Final,PE5,50,50.0,A+,26-01-2025,2024-25
STU0300,Unit Test 1,SST6,100,48.9,D,31-05-2024,2024-25
STU0008,Unit Test 2,TELLKG,100,63.2,B,28-10-2024,2024-25
STU0441,Midterm,PE9,50,42.5,A,30-07-2023,2023-24
STU0328,Final,SST6,100,70.7,B+,26-01-2024,2023-24
STU0509,Midterm,CS10,100,85.6,A,30-07-2023,2023-24
STU0155,Unit Test 2,MATH3,100,92.2,A+,28-10-2025,2025-26
STU0271,Midterm,HIN6,100,88.4,A,30-07-2025,2025-26
STU0472,Unit Test 2,SCI9,100,100.0,A+,28-10-2023,2023-24
STU0202,Midterm,HIN3,100,92.3,A+,30-07-2023,2023-24
STU0470,Unit Test 1,TEL9,100,62.2,B,31-05-2023,2023-24
STU0423,Unit Test 2,TEL9,100,64.7,B,28-10-2024,2024-25
STU0309,Unit Test 2,ART7,50,34.5,B,28-10-2025,2025-26
STU0481,Unit Test 1,HIN10,100,67.6,B,31-05-2023,2023-24
STU0304,Midterm,TEL6,100,80.1,A,30-07-2024,2024-25
STU0088,Final,HIN1,100,65.7,B,26-01-2025,2024-25
STU0390,Final,TEL8,100,76.1,B+,26-01-2025,2024-25
STU0153,Unit Test 1,CS2,50,37.8,B+,31-05-2024,2024-25
STU0097,Unit Test 2,CS1,50,32.2,B,28-10-2024,2024-25
STU0336,Midterm,HIN7,100,79.9,B+,30-07-2024,2024-25
STU0147,Midterm,ENG2,100,56.2,C,30-07-2024,2024-25
STU0155,Unit Test 1,PE3,50,47.8,A+,31-05-2025,2025-26
STU0351,Final,SCI7,100,87.3,A,26-01-2025,2024-25
STU0338,Final,SCI7,100,87.9,A,26-01-2025,2024-25
STU0364,Unit Test 1,ART8,50,26.8,C,31-05-2024,2024-25
STU0356,Final,SCI8,100,79.8,B+,26-01-2026,2025-26
STU0384,Unit Test 1,ART7,50,50.0,A+,31-05-2023,2023-24
STU0277,Final,CS6,100,68.0,B,26-01-2026,2025-26
STU0304,Final,SCI7,100,75.2,B+,26-01-2026,2025-26
STU0165,Unit Test 2,SCI4,100,77.2,B+,28-10-2025,2025-26
STU0475,Unit Test 2,SCI10,100,67.5,B,28-10-2024,2024-25
STU0356,Unit Test 1,SCI6,100,60.1,B,31-05-2023,2023-24
STU0065,Unit Test 2,EVSUKG,100,84.6,A,28-10-2024,2024-25
STU0093,Unit Test 1,HIN1,100,38.8,F,31-05-2024,2024-25
STU0515,Midterm,ENG10,100,76.4,B+,30-07-2023,2023-24
STU0278,Midterm,PE5,50,43.2,A,30-07-2024,2024-25
STU0097,Midterm,ENG2,100,65.0,B,30-07-2025,2025-26
STU0357,Unit Test 1,ART8,50,48.3,A+,31-05-2025,2025-26
STU0065,Final,PE1,50,48.2,A+,26-01-2026,2025-26
STU0161,Midterm,SCI2,100,59.5,C,30-07-2023,2023-24
STU0287,Midterm,SST7,100,82.3,A,30-07-2025,2025-26
STU0470,Unit Test 1,SCI10,100,52.2,C,31-05-2024,2024-25
STU0037,Final,EVSLKG,100,100.0,A+,26-01-2025,2024-25
STU0097,Unit Test 2,ENGUKG,100,50.9,C,28-10-2023,2023-24
STU0020,Unit Test 2,ENGLKG,100,54.4,C,28-10-2024,2024-25
STU0132,Final,SCI1,100,78.4,B+,26-01-2024,2023-24
STU0424,Unit Test 2,ART10,50,47.6,A+,28-10-2025,2025-26
STU0481,Unit Test 2,SCI10,100,88.3,A,28-10-2023,2023-24
STU0065,Final,SCI1,100,61.3,B,26-01-2026,2025-26
STU0165,Unit Test 1,TEL3,100,74.1,B+,31-05-2024,2024-25
STU0231,Midterm,MATH4,100,97.4,A+,30-07-2024,2024-25
STU0308,Midterm,SST5,100,50.2,C,30-07-2023,2023-24
STU0282,Unit Test 1,TEL7,100,99.3,A+,31-05-2025,2025-26
STU0208,Unit Test 2,SST3,100,95.1,A+,28-10-2023,2023-24
STU0184,Midterm,HIN4,100,78.5,B+,30-07-2025,2025-26
STU0465,Midterm,ART10,50,37.7,B+,30-07-2024,2024-25
STU0241,Unit Test 1,MATH4,100,66.5,B,31-05-2023,2023-24
STU0360,Final,ENG8,100,62.2,B,26-01-2026,2025-26
STU0008,Unit Test 2,ARTLKG,50,31.1,B,28-10-2024,2024-25
STU0139,Final,HIN2,100,74.4,B+,26-01-2025,2024-25
STU0304,Final,ART6,50,29.8,C,26-01-2025,2024-25
STU0364,Unit Test 1,SST9,100,68.1,B,31-05-2025,2025-26
STU0097,Unit Test 1,TELUKG,100,80.9,A,31-05-2023,2023-24
STU0241,Unit Test 2,ENG4,100,62.5,B,28-10-2023,2023-24
STU0287,Midterm,TEL5,100,79.6,B+,30-07-2023,2023-24
STU0241,Final,TEL5,100,88.0,A,26-01-2025,2024-25
STU0149,Midterm,ENG1,100,84.1,A,30-07-2023,2023-24
STU0140,Midterm,PE3,50,43.7,A,30-07-2025,2025-26
STU0446,Final,PE10,50,48.2,A+,26-01-2025,2024-25
STU0200,Unit Test 1,TEL2,100,65.7,B,31-05-2023,2023-24
STU0420,Midterm,HIN9,100,81.2,A,30-07-2024,2024-25
STU0338,Midterm,ART8,50,44.0,A,30-07-2025,2025-26
STU0352,Midterm,PE6,50,43.7,A,30-07-2023,2023-24
STU0271,Unit Test 1,MATH5,100,73.4,B+,31-05-2024,2024-25
STU0020,Final,TELNursery,100,81.5,A,26-01-2024,2023-24
STU0171,Midterm,SCI3,100,84.5,A,30-07-2024,2024-25
STU0185,Unit Test 1,TEL4,100,86.8,A,31-05-2025,2025-26
STU0300,Unit Test 2,MATH7,100,80.2,A,28-10-2025,2025-26
STU0358,Midterm,ART7,50,30.9,B,30-07-2024,2024-25
STU0247,Unit Test 1,MATH6,100,100.0,A+,31-05-2025,2025-26
STU0390,Midterm,SST9,100,69.3,B,30-07-2025,2025-26
STU0158,Unit Test 1,HIN2,100,60.4,B,31-05-2024,2024-25
STU0424,Unit Test 1,ENG8,100,59.8,C,31-05-2023,2023-24
STU0140,Midterm,MATH1,100,84.6,A,30-07-2023,2023-24
STU0381,Final,ART8,50,30.0,C,26-01-2025,2024-25
STU0336,Unit Test 2,PE8,50,47.7,A+,28-10-2025,2025-26
STU0050,Midterm,EVSLKG,100,55.3,C,30-07-2023,2023-24
STU0185,Midterm,HIN4,100,59.8,C,30-07-2025,2025-26
STU0358,Midterm,ART6,50,33.8,B,30-07-2023,2023-24
STU0271,Unit Test 1,HIN5,100,57.1,C,31-05-2024,2024-25
STU0271,Unit Test 2,SCI5,100,68.5,B,28-10-2024,2024-25
STU0309,Unit Test 2,SCI5,100,75.0,B+,28-10-2023,2023-24
STU0097,Unit Test 2,SCI1,100,74.2,B+,28-10-2024,2024-25
STU0208,Final,SCI4,100,78.3,B+,26-01-2025,2024-25
STU0328,Midterm,ART7,50,34.3,B,30-07-2024,2024-25
STU0249,Unit Test 1,HIN4,100,82.0,A,31-05-2023,2023-24
STU0095,Midterm,ENG1,100,100.0,A+,30-07-2024,2024-25
STU0159,Unit Test 2,CS1,50,14.6,F,28-10-2023,2023-24
STU0338,Final,ENG7,100,48.2,D,26-01-2025,2024-25
STU0360,Final,PE8,50,34.2,B,26-01-2026,2025-26
STU0352,Unit Test 1,PE6,50,36.8,B+,31-05-2023,2023-24
STU0088,Unit Test 2,ARTUKG,50,46.3,A+,28-10-2023,2023-24
STU0050,Unit Test 1,EVSUKG,100,88.0,A,31-05-2024,2024-25
STU0287,Final,ENG6,100,98.9,A+,26-01-2025,2024-25
STU0185,Midterm,ENG4,100,77.2,B+,30-07-2025,2025-26
STU0391,Unit Test 1,PE8,50,36.8,B+,31-05-2024,2024-25
STU0139,Final,ENG1,100,68.2,B,26-01-2024,2023-24
STU0336,Unit Test 1,ART7,50,34.9,B,31-05-2024,2024-25
STU0491,Final,TEL10,100,58.0,C,26-01-2024,2023-24
STU0177,Midterm,PE2,50,42.8,A,30-07-2023,2023-24
STU0336,Unit Test 2,MATH6,100,76.3,B+,28-10-2023,2023-24
STU0384,Final,PE8,50,41.0,A,26-01-2025,2024-25
STU0073,Unit Test 2,ENGLKG,100,49.7,D,28-10-2023,2023-24
STU0381,Final,SCI7,100,67.8,B,26-01-2024,2023-24
STU0109,Midterm,SST1,100,77.0,B+,30-07-2024,2024-25
STU0456,Unit Test 1,TEL10,100,74.0,B+,31-05-2024,2024-25
STU0161,Unit Test 1,CS2,50,35.9,B+,31-05-2023,2023-24
STU0185,Final,SCI2,100,86.4,A,26-01-2024,2023-24
STU0247,Unit Test 2,SST4,100,75.5,B+,28-10-2023,2023-24
STU0097,Unit Test 1,ARTUKG,50,39.9,B+,31-05-2023,2023-24
STU0087,Unit Test 1,ENG2,100,56.7,C,31-05-2025,2025-26
STU0088,Unit Test 1,MATHUKG,100,62.6,B,31-05-2023,2023-24
STU0506,Final,SST10,100,63.7,B,26-01-2024,2023-24
STU0159,Unit Test 1,SST1,100,90.8,A+,31-05-2023,2023-24
STU0366,Unit Test 2,PE7,50,31.6,B,28-10-2023,2023-24
STU0271,Final,PE4,50,30.9,B,26-01-2024,2023-24
STU0262,Unit Test 2,PE4,50,35.8,B+,28-10-2023,2023-24
STU0159,Unit Test 2,ENG2,100,71.3,B+,28-10-2024,2024-25
STU0097,Unit Test 2,MATHUKG,100,68.8,B,28-10-2023,2023-24
STU0159,Final,PE2,50,33.0,B,26-01-2025,2024-25
STU0277,Final,PE6,50,35.4,B+,26-01-2026,2025-26
STU0391,Midterm,CS7,100,77.9,B+,30-07-2023,2023-24
STU0277,Unit Test 1,MATH6,100,68.6,B,31-05-2025,2025-26
STU0384,Final,MATH9,100,67.5,B,26-01-2026,2025-26
STU0165,Midterm,CS3,50,24.7,D,30-07-2024,2024-25
STU0357,Unit Test 1,MATH8,100,85.1,A,31-05-2025,2025-26
STU0384,Final,ENG8,100,58.1,C,26-01-2025,2024-25
STU0249,Unit Test 2,PE6,50,37.2,B+,28-10-2025,2025-26
STU0283,Unit Test 2,ENG5,100,74.6,B+,28-10-2023,2023-24
STU0184,Midterm,SCI4,100,72.6,B+,30-07-2025,2025-26
STU0231,Final,PE4,50,31.3,B,26-01-2025,2024-25
STU0073,Unit Test 2,TELUKG,100,81.2,A,28-10-2024,2024-25
STU0161,Final,SST2,100,75.0,B+,26-01-2024,2023-24
STU0208,Unit Test 2,ENG4,100,60.8,B,28-10-2024,2024-25
STU0073,Unit Test 2,CS1,50,40.7,A,28-10-2025,2025-26
STU0208,Unit Test 2,PE5,50,34.1,B,28-10-2025,2025-26
STU0277,Unit Test 2,SCI6,100,100.0,A+,28-10-2025,2025-26
STU0309,Final,PE6,50,32.8,B,26-01-2025,2024-25
STU0208,Midterm,CS4,50,38.7,B+,30-07-2024,2024-25
STU0087,Final,TEL2,100,49.9,D,26-01-2026,2025-26
STU0140,Unit Test 1,HIN1,100,57.4,C,31-05-2023,2023-24
STU0147,Unit Test 1,HIN2,100,57.1,C,31-05-2024,2024-25
STU0189,Unit Test 2,TEL2,100,53.0,C,28-10-2023,2023-24
STU0200,Unit Test 1,SCI4,100,93.1,A+,31-05-2025,2025-26
STU0271,Final,MATH4,100,100.0,A+,26-01-2024,2023-24
STU0241,Unit Test 1,SST4,100,78.1,B+,31-05-2023,2023-24
STU0407,Final,ENG8,100,61.8,B,26-01-2024,2023-24
STU0249,Unit Test 2,SST5,100,82.9,A,28-10-2024,2024-25
STU0439,Unit Test 2,ART9,50,43.2,A,28-10-2024,2024-25
STU0283,Midterm,HIN6,100,76.7,B+,30-07-2024,2024-25
STU0161,Unit Test 1,SST3,100,38.3,F,31-05-2024,2024-25
STU0196,Unit Test 2,SST3,100,86.2,A,28-10-2024,2024-25
STU0165,Final,HIN2,100,88.1,A,26-01-2024,2023-24
STU0095,Unit Test 1,HIN2,100,66.8,B,31-05-2025,2025-26
STU0231,Unit Test 2,CS4,50,41.8,A,28-10-2024,2024-25
STU0065,Unit Test 1,ARTUKG,50,36.9,B+,31-05-2024,2024-25
STU0093,Unit Test 2,HINUKG,100,51.8,C,28-10-2023,2023-24
STU0356,Unit Test 1,CS6,100,55.9,C,31-05-2023,2023-24
STU0360,Unit Test 1,ENG7,100,64.2,B,31-05-2024,2024-25
STU0107,Unit Test 1,CS2,50,34.1,B,31-05-2025,2025-26
STU0095,Unit Test 2,HIN1,100,46.3,D,28-10-2024,2024-25
STU0184,Unit Test 2,HIN4,100,71.3,B+,28-10-2025,2025-26
STU0111,Midterm,HIN1,100,70.3,B+,30-07-2024,2024-25
STU0241,Final,CS5,50,33.1,B,26-01-2025,2024-25
STU0336,Final,SCI6,100,95.9,A+,26-01-2024,2023-24
STU0155,Final,TEL2,100,85.1,A,26-01-2025,2024-25
STU0352,Midterm,ENG6,100,62.2,B,30-07-2023,2023-24
STU0024,Final,ENGNursery,100,61.2,B,26-01-2024,2023-24
STU0446,Unit Test 1,HIN10,100,67.2,B,31-05-2024,2024-25
STU0020,Midterm,EVSUKG,100,75.8,B+,30-07-2025,2025-26
STU0102,Midterm,CS2,50,32.9,B,30-07-2025,2025-26
STU0073,Midterm,CS1,50,44.3,A,30-07-2025,2025-26
STU0359,Midterm,SST6,100,62.0,B,30-07-2023,2023-24
STU0090,Midterm,ENGUKG,100,76.0,B+,30-07-2023,2023-24
STU0017,Unit Test 2,ARTUKG,50,31.3,B,28-10-2025,2025-26
STU0102,Final,EVSUKG,100,84.4,A,26-01-2024,2023-24
STU0304,Unit Test 1,SST6,100,68.7,B,31-05-2024,2024-25
STU0446,Final,MATH9,100,83.1,A,26-01-2024,2023-24
STU0481,Unit Test 1,SCI10,100,83.4,A,31-05-2023,2023-24
STU0420,Unit Test 1,CS9,100,74.8,B+,31-05-2024,2024-25
STU0484,Unit Test 1,MATH10,100,78.5,B+,31-05-2023,2023-24
STU0008,Unit Test 1,ARTLKG,50,46.2,A+,31-05-2024,2024-25
STU0024,Midterm,TELUKG,100,59.1,C,30-07-2025,2025-26
STU0153,Unit Test 1,PE1,50,33.8,B,31-05-2023,2023-24
STU0037,Unit Test 2,MATHUKG,100,70.6,B+,28-10-2025,2025-26
STU0241,Unit Test 2,SST5,100,45.5,D,28-10-2024,2024-25
STU0470,Unit Test 2,SST10,100,63.3,B,28-10-2024,2024-25
STU0287,Final,MATH7,100,69.8,B,26-01-2026,2025-26
STU0202,Midterm,MATH3,100,72.0,B+,30-07-2023,2023-24
STU0416,Unit Test 1,HIN8,100,96.6,A+,31-05-2023,2023-24
STU0391,Unit Test 2,SCI9,100,60.0,C,28-10-2025,2025-26
STU0390,Midterm,MATH9,100,99.4,A+,30-07-2025,2025-26
STU0465,Unit Test 2,TEL9,100,57.8,C,28-10-2023,2023-24
STU0177,Final,MATH2,100,86.0,A,26-01-2024,2023-24
STU0277,Unit Test 1,SST4,100,76.1,B+,31-05-2023,2023-24
STU0102,Unit Test 2,PE2,50,26.1,C,28-10-2025,2025-26
STU0262,Unit Test 1,SCI4,100,75.5,B+,31-05-2023,2023-24
STU0356,Unit Test 2,MATH6,100,71.5,B+,28-10-2023,2023-24
STU0420,Midterm,ART9,50,49.8,A+,30-07-2024,2024-25
STU0423,Midterm,TEL8,100,77.8,B+,30-07-2023,2023-24
STU0271,Unit Test 2,ART6,50,25.0,D,28-10-2025,2025-26
STU0423,Final,ENG10,100,79.1,B+,26-01-2026,2025-26
STU0366,Unit Test 1,SCI7,100,76.3,B+,31-05-2023,2023-24
STU0420,Midterm,PE8,50,40.6,A,30-07-2023,2023-24
STU0332,Midterm,HIN8,100,74.1,B+,30-07-2025,2025-26
STU0356,Final,HIN8,100,76.3,B+,26-01-2026,2025-26
STU0271,Unit Test 1,SST6,100,64.6,B,31-05-2025,2025-26
STU0320,Midterm,SCI6,100,56.8,C,30-07-2024,2024-25
STU0282,Unit Test 2,ART6,50,26.5,C,28-10-2024,2024-25
STU0441,Unit Test 2,TEL10,100,100.0,A+,28-10-2024,2024-25
STU0287,Unit Test 2,PE7,50,35.4,B+,28-10-2025,2025-26
STU0391,Unit Test 1,PE7,50,33.4,B,31-05-2023,2023-24
STU0262,Midterm,MATH5,100,73.1,B+,30-07-2024,2024-25
STU0202,Midterm,CS4,50,32.8,B,30-07-2024,2024-25
STU0336,Midterm,ART6,50,30.1,B,30-07-2023,2023-24
STU0140,Unit Test 2,TEL2,100,59.9,C,28-10-2024,2024-25
STU0283,Unit Test 1,SCI6,100,76.6,B+,31-05-2024,2024-25
STU0308,Unit Test 2,PE7,50,32.9,B,28-10-2025,2025-26
STU0441,Final,HIN10,100,64.5,B,26-01-2025,2024-25
STU0359,Unit Test 2,ART8,50,38.9,B+,28-10-2025,2025-26
STU0278,Final,SST6,100,73.9,B+,26-01-2026,2025-26
STU0073,Midterm,SCI1,100,70.4,B+,30-07-2025,2025-26
STU0351,Unit Test 1,PE7,50,41.0,A,31-05-2024,2024-25
STU0277,Unit Test 2,PE5,50,39.4,B+,28-10-2024,2024-25
STU0109,Unit Test 1,MATHUKG,100,72.9,B+,31-05-2023,2023-24
STU0147,Midterm,ENG3,100,52.3,C,30-07-2025,2025-26
STU0247,Unit Test 1,CS6,100,34.8,F,31-05-2025,2025-26
STU0189,Final,SCI4,100,45.1,D,26-01-2026,2025-26
STU0304,Midterm,ENG7,100,57.2,C,30-07-2025,2025-26
STU0381,Unit Test 1,HIN9,100,82.1,A,31-05-2025,2025-26
STU0484,Midterm,ENG10,100,66.0,B,30-07-2023,2023-24
STU0416,Final,ENG9,100,82.8,A,26-01-2025,2024-25
STU0391,Midterm,ENG9,100,79.0,B+,30-07-2025,2025-26
STU0161,Final,ENG4,100,61.3,B,26-01-2026,2025-26
STU0308,Midterm,MATH6,100,84.7,A,30-07-2024,2024-25
STU0364,Unit Test 2,HIN9,100,67.6,B,28-10-2025,2025-26
STU0147,Unit Test 2,HIN3,100,85.5,A,28-10-2025,2025-26
STU0184,Final,TEL2,100,94.1,A+,26-01-2024,2023-24
STU0416,Unit Test 1,MATH10,100,60.8,B,31-05-2025,2025-26
STU0416,Midterm,PE8,50,40.0,B+,30-07-2023,2023-24
STU0497,Unit Test 1,PE10,50,31.3,B,31-05-2023,2023-24
STU0323,Final,ENG6,100,70.1,B+,26-01-2024,2023-24
STU0155,Midterm,TEL2,100,70.3,B+,30-07-2024,2024-25
STU0351,Final,ART6,50,24.8,D,26-01-2024,2023-24
STU0338,Final,MATH6,100,57.6,C,26-01-2024,2023-24
STU0336,Unit Test 2,SCI6,100,70.5,B+,28-10-2023,2023-24
STU0189,Final,CS2,50,25.2,C,26-01-2024,2023-24
STU0328,Unit Test 1,CS6,100,93.3,A+,31-05-2023,2023-24
STU0277,Final,HIN5,100,78.2,B+,26-01-2025,2024-25
STU0357,Unit Test 2,PE7,50,31.4,B,28-10-2024,2024-25
STU0090,Unit Test 1,SCI2,100,74.5,B+,31-05-2025,2025-26
STU0184,Midterm,PE2,50,39.0,B+,30-07-2023,2023-24
STU0283,Midterm,SCI7,100,64.9,B,30-07-2025,2025-26
STU0351,Midterm,TEL7,100,55.4,C,30-07-2024,2024-25
STU0008,Final,MATHNursery,100,50.7,C,26-01-2024,2023-24
STU0153,Final,SCI1,100,82.4,A,26-01-2024,2023-24
STU0202,Midterm,ENG3,100,87.0,A,30-07-2023,2023-24
STU0338,Midterm,TEL6,100,79.6,B+,30-07-2023,2023-24
STU0111,Midterm,SST1,100,75.7,B+,30-07-2024,2024-25
STU0192,Unit Test 2,MATH4,100,81.2,A,28-10-2025,2025-26
STU0192,Unit Test 1,ENG4,100,77.9,B+,31-05-2025,2025-26
STU0420,Unit Test 1,CS10,100,83.5,A,31-05-2025,2025-26
STU0016,Midterm,ARTNursery,50,32.6,B,30-07-2023,2023-24
STU0338,Midterm,SCI6,100,73.9,B+,30-07-2023,2023-24
STU0456,Midterm,ART10,50,50.0,A+,30-07-2024,2024-25
STU0088,Final,ARTUKG,50,38.9,B+,26-01-2024,2023-24
STU0249,Unit Test 2,SST4,100,81.9,A,28-10-2023,2023-24
STU0241,Unit Test 2,TEL4,100,100.0,A+,28-10-2023,2023-24
STU0287,Final,HIN6,100,88.1,A,26-01-2025,2024-25
STU0390,Unit Test 2,MATH9,100,86.9,A,28-10-2025,2025-26
STU0323,Unit Test 1,ENG8,100,78.1,B+,31-05-2025,2025-26
STU0139,Midterm,ENG1,100,96.5,A+,30-07-2023,2023-24
STU0247,Unit Test 2,TEL4,100,45.2,D,28-10-2023,2023-24
STU0024,Midterm,EVSNursery,100,74.8,B+,30-07-2023,2023-24
STU0390,Midterm,CS8,100,55.2,C,30-07-2024,2024-25
STU0161,Unit Test 2,ENG2,100,89.5,A,28-10-2023,2023-24
STU0424,Midterm,MATH9,100,65.4,B,30-07-2024,2024-25
STU0211,Final,SST4,100,56.9,C,26-01-2025,2024-25
STU0241,Unit Test 2,SST4,100,48.7,D,28-10-2023,2023-24
STU0278,Unit Test 1,ENG5,100,95.0,A+,31-05-2024,2024-25
STU0323,Unit Test 1,PE7,50,28.4,C,31-05-2024,2024-25
STU0177,Midterm,SCI3,100,92.9,A+,30-07-2024,2024-25
STU0192,Final,ENG4,100,67.9,B,26-01-2026,2025-26
STU0196,Final,SST4,100,98.7,A+,26-01-2026,2025-26
STU0277,Final,ENG5,100,88.8,A,26-01-2025,2024-25
STU0364,Unit Test 1,CS7,100,68.6,B,31-05-2023,2023-24
STU0050,Midterm,TELUKG,100,70.6,B+,30-07-2024,2024-25
STU0088,Final,SST2,100,37.5,F,26-01-2026,2025-26
STU0095,Midterm,MATHUKG,100,89.6,A,30-07-2023,2023-24
STU0304,Final,CS7,100,65.5,B,26-01-2026,2025-26
STU0171,Midterm,PE4,50,33.9,B,30-07-2025,2025-26
STU0359,Unit Test 2,ART7,50,31.1,B,28-10-2024,2024-25
STU0423,Unit Test 2,HIN8,100,70.7,B+,28-10-2023,2023-24
STU0424,Final,CS8,100,80.5,A,26-01-2024,2023-24
STU0366,Unit Test 2,ART9,50,33.5,B,28-10-2025,2025-26
STU0446,Unit Test 1,TEL9,100,64.8,B,31-05-2023,2023-24
STU0356,Midterm,MATH8,100,69.9,B,30-07-2025,2025-26
STU0196,Final,PE3,50,33.3,B,26-01-2025,2024-25
STU0366,Final,TEL7,100,68.1,B,26-01-2024,2023-24
STU0087,Midterm,TEL2,100,93.0,A+,30-07-2025,2025-26
STU0336,Midterm,SST7,100,86.4,A,30-07-2024,2024-25
STU0158,Unit Test 1,SCI1,100,64.6,B,31-05-2023,2023-24
STU0444,Unit Test 2,PE10,50,29.0,C,28-10-2024,2024-25
STU0484,Midterm,MATH10,100,70.6,B+,30-07-2023,2023-24
STU0271,Final,SCI6,100,98.3,A+,26-01-2026,2025-26
STU0459,Midterm,PE9,50,33.5,B,30-07-2023,2023-24
STU0446,Unit Test 1,CS10,100,74.4,B+,31-05-2024,2024-25
STU0456,Final,ART9,50,36.5,B+,26-01-2024,2023-24
STU0304,Unit Test 2,CS5,50,30.4,B,28-10-2023,2023-24
STU0472,Final,SCI9,100,84.2,A,26-01-2024,2023-24
STU0515,Unit Test 1,SCI10,100,84.1,A,31-05-2023,2023-24
STU0132,Midterm,SCI2,100,67.4,B,30-07-2024,2024-25
STU0366,Unit Test 2,ENG7,100,72.5,B+,28-10-2023,2023-24
STU0484,Unit Test 2,PE10,50,40.7,A,28-10-2023,2023-24
STU0509,Unit Test 1,ART10,50,28.5,C,31-05-2023,2023-24
STU0366,Unit Test 1,ART7,50,40.1,A,31-05-2023,2023-24
STU0149,Unit Test 1,SCI3,100,64.5,B,31-05-2025,2025-26
STU0171,Unit Test 2,SST2,100,55.5,C,28-10-2023,2023-24
STU0202,Final,SCI4,100,75.4,B+,26-01-2025,2024-25
STU0515,Unit Test 1,MATH10,100,82.0,A,31-05-2023,2023-24
STU0300,Midterm,HIN6,100,53.6,C,30-07-2024,2024-25
STU0503,Unit Test 2,CS10,100,78.5,B+,28-10-2023,2023-24
STU0416,Midterm,ENG10,100,63.1,B,30-07-2025,2025-26
STU0300,Unit Test 1,ENG5,100,96.3,A+,31-05-2023,2023-24
STU0155,Final,PE3,50,36.7,B+,26-01-2026,2025-26
STU0202,Unit Test 2,ENG3,100,81.3,A,28-10-2023,2023-24
STU0472,Final,CS10,100,79.5,B+,26-01-2025,2024-25
STU0364,Unit Test 2,CS9,100,73.2,B+,28-10-2025,2025-26
STU0300,Midterm,SCI7,100,36.9,F,30-07-2025,2025-26
STU0416,Midterm,SCI9,100,87.0,A,30-07-2024,2024-25
STU0309,Midterm,PE7,50,38.5,B+,30-07-2025,2025-26
STU0444,Unit Test 2,MATH10,100,66.4,B,28-10-2024,2024-25
STU0192,Final,CS3,50,35.4,B+,26-01-2025,2024-25
STU0109,Unit Test 2,TEL2,100,73.2,B+,28-10-2025,2025-26
STU0420,Midterm,SST10,100,77.6,B+,30-07-2025,2025-26
STU0090,Final,PE2,50,38.4,B+,26-01-2026,2025-26
STU0211,Final,SST5,100,49.3,D,26-01-2026,2025-26
STU0287,Midterm,ENG6,100,100.0,A+,30-07-2024,2024-25
STU0278,Final,TEL6,100,59.7,C,26-01-2026,2025-26
STU0200,Unit Test 2,SST2,100,70.9,B+,28-10-2023,2023-24
STU0336,Unit Test 2,PE6,50,47.6,A+,28-10-2023,2023-24
STU0202,Midterm,TEL5,100,65.0,B,30-07-2025,2025-26
STU0208,Final,HIN3,100,91.9,A+,26-01-2024,2023-24
STU0107,Final,TEL1,100,61.7,B,26-01-2025,2024-25
STU0155,Unit Test 2,SCI3,100,62.3,B,28-10-2025,2025-26
STU0107,Final,TELUKG,100,78.2,B+,26-01-2024,2023-24
STU0352,Midterm,MATH8,100,100.0,A+,30-07-2025,2025-26
STU0102,Unit Test 1,MATHUKG,100,64.2,B,31-05-2023,2023-24
STU0351,Unit Test 2,SST7,100,87.4,A,28-10-2024,2024-25
STU0351,Unit Test 1,ART6,50,37.7,B+,31-05-2023,2023-24
STU0158,Midterm,MATH3,100,73.4,B+,30-07-2025,2025-26
STU0491,Final,ART10,50,42.1,A,26-01-2024,2023-24
STU0323,Unit Test 2,SCI7,100,70.9,B+,28-10-2024,2024-25
STU0211,Unit Test 2,SCI5,100,74.1,B+,28-10-2025,2025-26
STU0391,Midterm,CS9,100,49.6,D,30-07-2025,2025-26
STU0065,Midterm,ARTUKG,50,43.6,A,30-07-2024,2024-25
STU0338,Unit Test 1,CS6,100,58.0,C,31-05-2023,2023-24
STU0277,Midterm,SST5,100,86.2,A,30-07-2024,2024-25
STU0159,Midterm,CS2,50,39.8,B+,30-07-2024,2024-25
STU0300,Final,TEL5,100,61.4,B,26-01-2024,2023-24
STU0407,Unit Test 2,MATH8,100,72.6,B+,28-10-2023,2023-24
STU0262,Final,SCI5,100,45.6,D,26-01-2025,2024-25
STU0441,Final,SST9,100,84.8,A,26-01-2024,2023-24
STU0153,Unit Test 2,MATH1,100,39.6,F,28-10-2023,2023-24
STU0111,Final,MATH1,100,54.2,C,26-01-2025,2024-25
STU0247,Final,ART6,50,30.7,B,26-01-2026,2025-26
STU0332,Midterm,HIN7,100,68.9,B,30-07-2024,2024-25
STU0102,Final,CS1,50,37.3,B+,26-01-2025,2024-25
STU0360,Unit Test 2,PE8,50,41.1,A,28-10-2025,2025-26
STU0231,Midterm,SCI5,100,73.1,B+,30-07-2025,2025-26
STU0107,Unit Test 2,SST1,100,62.0,B,28-10-2024,2024-25
STU0515,Unit Test 1,SST10,100,66.6,B,31-05-2023,2023-24
STU0109,Midterm,ENG2,100,80.4,A,30-07-2025,2025-26
STU0360,Unit Test 1,ART7,50,31.2,B,31-05-2024,2024-25
STU0423,Midterm,PE8,50,43.4,A,30-07-2023,2023-24
STU0308,Unit Test 1,PE6,50,19.3,F,31-05-2024,2024-25
STU0277,Unit Test 2,TEL6,100,78.3,B+,28-10-2025,2025-26
STU0287,Midterm,CS7,100,95.0,A+,30-07-2025,2025-26
STU0088,Unit Test 2,SCI2,100,74.7,B+,28-10-2025,2025-26
STU0200,Final,HIN2,100,51.9,C,26-01-2024,2023-24
STU0308,Midterm,ART6,50,36.9,B+,30-07-2024,2024-25
STU0384,Final,SCI9,100,53.9,C,26-01-2026,2025-26
STU0277,Unit Test 1,TEL5,100,81.0,A,31-05-2024,2024-25
STU0384,Unit Test 2,SST8,100,92.2,A+,28-10-2024,2024-25
STU0351,Unit Test 1,TEL7,100,77.5,B+,31-05-2024,2024-25
STU0016,Midterm,EVSUKG,100,68.2,B,30-07-2025,2025-26
STU0359,Unit Test 2,ENG7,100,63.7,B,28-10-2024,2024-25
STU0364,Midterm,SCI8,100,87.6,A,30-07-2024,2024-25
STU0109,Final,EVSUKG,100,69.3,B,26-01-2024,2023-24
STU0390,Unit Test 2,SST9,100,76.6,B+,28-10-2025,2025-26
STU0359,Unit Test 1,ART6,50,35.4,B+,31-05-2023,2023-24
STU0171,Unit Test 2,CS4,50,46.0,A+,28-10-2025,2025-26
STU0309,Final,TEL6,100,73.0,B+,26-01-2025,2024-25
STU0384,Final,ENG7,100,75.7,B+,26-01-2024,2023-24
STU0338,Unit Test 2,SCI6,100,53.9,C,28-10-2023,2023-24
STU0189,Unit Test 2,SCI3,100,80.5,A,28-10-2024,2024-25
STU0192,Final,SCI3,100,86.2,A,26-01-2025,2024-25
STU0097,Unit Test 1,EVSUKG,100,68.8,B,31-05-2023,2023-24
STU0020,Final,TELLKG,100,60.5,B,26-01-2025,2024-25
STU0282,Unit Test 1,HIN7,100,79.9,B+,31-05-2025,2025-26
STU0020,Final,ENGNursery,100,99.8,A+,26-01-2024,2023-24
STU0107,Unit Test 1,MATHUKG,100,64.6,B,31-05-2023,2023-24
STU0328,Final,ART6,50,24.3,D,26-01-2024,2023-24
STU0481,Midterm,ART10,50,50.0,A+,30-07-2023,2023-24
STU0503,Midterm,CS10,100,61.8,B,30-07-2023,2023-24
STU0282,Final,TEL5,100,71.9,B+,26-01-2024,2023-24
STU0407,Unit Test 1,ENG9,100,73.0,B+,31-05-2024,2024-25
STU0192,Final,HIN4,100,68.8,B,26-01-2026,2025-26
STU0132,Final,SST1,100,85.8,A,26-01-2024,2023-24
STU0304,Unit Test 2,PE6,50,38.3,B+,28-10-2024,2024-25
STU0360,Unit Test 1,SCI6,100,96.8,A+,31-05-2023,2023-24
STU0090,Final,HIN1,100,98.7,A+,26-01-2025,2024-25
STU0184,Unit Test 2,SST2,100,66.5,B,28-10-2023,2023-24
STU0381,Unit Test 1,SST9,100,59.5,C,31-05-2025,2025-26
STU0097,Final,CS2,50,33.1,B,26-01-2026,2025-26
STU0332,Final,ENG8,100,56.5,C,26-01-2026,2025-26
STU0300,Unit Test 1,SST7,100,72.0,B+,31-05-2025,2025-26
STU0020,Unit Test 1,MATHNursery,100,69.4,B,31-05-2023,2023-24
STU0360,Final,CS7,100,70.9,B+,26-01-2025,2024-25
STU0441,Unit Test 2,MATH9,100,44.2,D,28-10-2023,2023-24
STU0231,Unit Test 2,MATH4,100,85.2,A,28-10-2024,2024-25
STU0407,Final,ENG9,100,67.7,B,26-01-2025,2024-25
STU0090,Unit Test 1,ENG1,100,49.3,D,31-05-2024,2024-25
STU0323,Final,SST6,100,100.0,A+,26-01-2024,2023-24
STU0165,Midterm,HIN4,100,72.9,B+,30-07-2025,2025-26
STU0262,Unit Test 1,ART6,50,32.9,B,31-05-2025,2025-26
STU0475,Final,HIN10,100,81.7,A,26-01-2025,2024-25
STU0177,Midterm,HIN3,100,48.3,D,30-07-2024,2024-25
STU0381,Unit Test 2,MATH8,100,91.0,A+,28-10-2024,2024-25
STU0196,Unit Test 2,TEL2,100,75.4,B+,28-10-2023,2023-24
STU0161,Unit Test 1,TEL4,100,69.0,B,31-05-2025,2025-26
STU0381,Final,PE7,50,28.2,C,26-01-2024,2023-24
STU0323,Final,SCI6,100,80.1,A,26-01-2024,2023-24
STU0420,Midterm,CS9,100,62.5,B,30-07-2024,2024-25
STU0407,Midterm,ENG8,100,72.4,B+,30-07-2023,2023-24
STU0416,Unit Test 1,TEL9,100,92.9,A+,31-05-2024,2024-25
STU0017,Final,ENGNursery,100,84.3,A,26-01-2024,2023-24
STU0158,Unit Test 2,ENG1,100,100.0,A+,28-10-2023,2023-24
STU0308,Final,CS7,100,76.3,B+,26-01-2026,2025-26
STU0282,Midterm,ENG7,100,85.2,A,30-07-2025,2025-26
STU0093,Unit Test 1,PE1,50,36.8,B+,31-05-2024,2024-25
STU0149,Final,SST3,100,60.9,B,26-01-2026,2025-26
STU0093,Final,SST2,100,79.4,B+,26-01-2026,2025-26
STU0423,Unit Test 2,SCI8,100,65.1,B,28-10-2023,2023-24
STU0360,Final,SST7,100,72.2,B+,26-01-2025,2024-25
STU0132,Unit Test 2,SCI2,100,87.6,A,28-10-2024,2024-25
STU0336,Unit Test 1,CS7,100,100.0,A+,31-05-2024,2024-25
STU0407,Final,SST9,100,88.9,A,26-01-2025,2024-25
STU0360,Unit Test 1,SST8,100,78.5,B+,31-05-2025,2025-26
STU0247,Unit Test 1,SST4,100,51.6,C,31-05-2023,2023-24
STU0177,Unit Test 2,TEL4,100,87.0,A,28-10-2025,2025-26
STU0132,Unit Test 2,MATH3,100,44.9,D,28-10-2025,2025-26
STU0140,Final,CS2,50,41.0,A,26-01-2025,2024-25
STU0196,Unit Test 2,CS4,50,34.8,B,28-10-2025,2025-26
STU0444,Midterm,HIN9,100,90.5,A+,30-07-2023,2023-24
STU0249,Midterm,PE6,50,34.1,B,30-07-2025,2025-26
STU0359,Final,ENG7,100,50.1,C,26-01-2025,2024-25
STU0073,Unit Test 2,EVSUKG,100,41.8,D,28-10-2024,2024-25
STU0446,Unit Test 2,SST10,100,71.6,B+,28-10-2024,2024-25
STU0304,Final,HIN6,100,87.8,A,26-01-2025,2024-25
STU0358,Unit Test 2,PE6,50,35.8,B+,28-10-2023,2023-24
STU0420,Unit Test 1,ENG9,100,75.1,B+,31-05-2024,2024-25
STU0328,Unit Test 2,ENG7,100,70.8,B+,28-10-2024,2024-25
STU0132,Final,CS1,50,27.1,C,26-01-2024,2023-24
STU0159,Midterm,ENG2,100,43.8,D,30-07-2024,2024-25
STU0087,Final,PE1,50,43.5,A,26-01-2025,2024-25
STU0309,Unit Test 2,ENG5,100,60.2,B,28-10-2023,2023-24
STU0024,Midterm,ARTNursery,50,34.1,B,30-07-2023,2023-24
STU0459,Unit Test 1,SST10,100,62.4,B,31-05-2024,2024-25
STU0087,Unit Test 1,SST2,100,67.8,B,31-05-2025,2025-26
STU0095,Unit Test 2,EVSUKG,100,55.5,C,28-10-2023,2023-24
STU0050,Final,ENGLKG,100,84.5,A,26-01-2024,2023-24
STU0024,Unit Test 2,MATHLKG,100,90.4,A+,28-10-2024,2024-25
STU0444,Unit Test 1,HIN10,100,75.7,B+,31-05-2024,2024-25
STU0247,Final,TEL6,100,92.1,A+,26-01-2026,2025-26
STU0357,Unit Test 2,MATH7,100,62.2,B,28-10-2024,2024-25
STU0497,Final,CS10,100,37.2,F,26-01-2024,2023-24
STU0095,Unit Test 1,SCI1,100,98.8,A+,31-05-2024,2024-25
STU0424,Unit Test 1,CS10,100,97.7,A+,31-05-2025,2025-26
STU0491,Final,SCI10,100,70.1,B+,26-01-2024,2023-24
STU0497,Unit Test 1,ART10,50,32.7,B,31-05-2023,2023-24
STU0184,Unit Test 1,CS2,50,36.9,B+,31-05-2023,2023-24
STU0158,Unit Test 2,SST2,100,73.0,B+,28-10-2024,2024-25
STU0139,Unit Test 1,HIN1,100,65.8,B,31-05-2023,2023-24
STU0241,Unit Test 1,ENG4,100,70.9,B+,31-05-2023,2023-24
STU0111,Final,SCI2,100,63.3,B,26-01-2026,2025-26
STU0309,Unit Test 1,TEL7,100,63.3,B,31-05-2025,2025-26
STU0301,Midterm,PE7,50,26.9,C,30-07-2025,2025-26
STU0278,Unit Test 1,PE6,50,27.7,C,31-05-2025,2025-26
STU0356,Midterm,MATH7,100,89.6,A,30-07-2024,2024-25
STU0416,Unit Test 2,PE8,50,32.2,B,28-10-2023,2023-24
STU0065,Unit Test 2,CS1,50,38.4,B+,28-10-2025,2025-26
STU0262,Unit Test 1,HIN5,100,59.9,C,31-05-2024,2024-25
STU0184,Unit Test 1,SCI4,100,78.2,B+,31-05-2025,2025-26
STU0465,Unit Test 2,PE10,50,27.8,C,28-10-2024,2024-25
STU0439,Unit Test 2,MATH8,100,56.4,C,28-10-2023,2023-24
STU0087,Unit Test 1,EVSUKG,100,71.2,B+,31-05-2023,2023-24
STU0202,Unit Test 1,MATH4,100,75.8,B+,31-05-2024,2024-25
STU0090,Unit Test 2,MATHUKG,100,65.7,B,28-10-2023,2023-24
STU0097,Midterm,CS1,50,36.0,B+,30-07-2024,2024-25
STU0323,Unit Test 2,PE8,50,43.8,A,28-10-2025,2025-26
STU0424,Unit Test 1,TEL9,100,74.7,B+,31-05-2024,2024-25
STU0149,Final,PE2,50,42.8,A,26-01-2025,2024-25
STU0050,Unit Test 1,ENG1,100,77.7,B+,31-05-2025,2025-26
STU0247,Unit Test 1,MATH5,100,48.0,D,31-05-2024,2024-25
STU0323,Final,TEL8,100,67.2,B,26-01-2026,2025-26
STU0472,Midterm,ART10,50,33.1,B,30-07-2024,2024-25
STU0231,Midterm,TEL5,100,77.4,B+,30-07-2025,2025-26
STU0459,Unit Test 1,SCI9,100,76.8,B+,31-05-2023,2023-24
STU0184,Final,PE4,50,29.1,C,26-01-2026,2025-26
STU0308,Midterm,TEL5,100,78.2,B+,30-07-2023,2023-24
STU0283,Unit Test 2,CS5,50,35.8,B+,28-10-2023,2023-24
STU0309,Unit Test 1,SCI6,100,63.1,B,31-05-2024,2024-25
STU0309,Unit Test 1,TEL5,100,67.3,B,31-05-2023,2023-24
STU0300,Unit Test 1,TEL6,100,58.8,C,31-05-2024,2024-25
STU0037,Final,ARTUKG,50,18.9,F,26-01-2026,2025-26
STU0087,Final,TELUKG,100,90.1,A+,26-01-2024,2023-24
STU0357,Unit Test 1,SCI7,100,60.6,B,31-05-2024,2024-25
STU0107,Final,EVSUKG,100,77.1,B+,26-01-2024,2023-24
STU0439,Unit Test 1,CS10,100,74.5,B+,31-05-2025,2025-26
STU0107,Unit Test 1,SST1,100,80.4,A,31-05-2024,2024-25
STU0475,Unit Test 1,CS9,100,43.5,D,31-05-2023,2023-24
STU0360,Midterm,ART8,50,40.6,A,30-07-2025,2025-26
STU0140,Final,SST2,100,51.4,C,26-01-2025,2024-25
STU0390,Midterm,MATH8,100,49.9,D,30-07-2024,2024-25
STU0189,Midterm,SST2,100,63.5,B,30-07-2023,2023-24
STU0320,Midterm,MATH5,100,97.5,A+,30-07-2023,2023-24
STU0020,Unit Test 2,HINNursery,100,77.8,B+,28-10-2023,2023-24
STU0358,Final,SCI6,100,70.8,B+,26-01-2024,2023-24
STU0102,Final,HIN2,100,53.9,C,26-01-2026,2025-26
STU0139,Unit Test 1,CS2,50,24.3,D,31-05-2024,2024-25
STU0366,Midterm,SCI8,100,58.1,C,30-07-2024,2024-25
STU0407,Unit Test 1,HIN8,100,91.6,A+,31-05-2023,2023-24
STU0139,Unit Test 2,PE2,50,30.5,B,28-10-2024,2024-25
STU0247,Midterm,SCI4,100,57.5,C,30-07-2023,2023-24
STU0153,Midterm,MATH3,100,84.9,A,30-07-2025,2025-26
STU0359,Unit Test 2,TEL7,100,79.0,B+,28-10-2024,2024-25
STU0111,Final,MATH2,100,53.6,C,26-01-2026,2025-26
STU0065,Unit Test 1,HINUKG,100,56.5,C,31-05-2024,2024-25
STU0357,Final,PE8,50,24.9,D,26-01-2026,2025-26
STU0158,Unit Test 2,MATH1,100,71.9,B+,28-10-2023,2023-24
STU0278,Final,HIN4,100,55.4,C,26-01-2024,2023-24
STU0109,Midterm,MATH1,100,69.1,B,30-07-2024,2024-25
STU0087,Final,ARTUKG,50,34.8,B,26-01-2024,2023-24
STU0351,Midterm,MATH7,100,80.8,A,30-07-2024,2024-25
STU0087,Unit Test 2,MATH1,100,75.3,B+,28-10-2024,2024-25
STU0017,Unit Test 1,ARTUKG,50,23.7,D,31-05-2025,2025-26
STU0424,Unit Test 1,TEL8,100,70.9,B+,31-05-2023,2023-24
STU0208,Unit Test 1,SST4,100,63.3,B,31-05-2024,2024-25
STU0470,Midterm,PE9,50,34.6,B,30-07-2023,2023-24
STU0336,Final,SST7,100,55.5,C,26-01-2025,2024-25
STU0381,Unit Test 2,SST8,100,72.0,B+,28-10-2024,2024-25
STU0358,Unit Test 1,ENG8,100,61.0,B,31-05-2025,2025-26
STU0132,Midterm,PE1,50,29.4,C,30-07-2023,2023-24
STU0024,Unit Test 2,MATHNursery,100,72.9,B+,28-10-2023,2023-24
STU0147,Unit Test 2,MATH2,100,63.8,B,28-10-2024,2024-25
STU0109,Midterm,HIN1,100,69.4,B,30-07-2024,2024-25
STU0497,Unit Test 1,TEL10,100,78.0,B+,31-05-2023,2023-24
STU0087,Midterm,PE1,50,50.0,A+,30-07-2024,2024-25
STU0470,Unit Test 2,TEL9,100,72.1,B+,28-10-2023,2023-24
STU0095,Final,MATH2,100,100.0,A+,26-01-2026,2025-26
STU0366,Final,ENG9,100,72.3,B+,26-01-2026,2025-26
STU0231,Midterm,SST3,100,78.9,B+,30-07-2023,2023-24
STU0287,Midterm,HIN6,100,88.0,A,30-07-2024,2024-25
STU0357,Unit Test 2,PE8,50,35.7,B+,28-10-2025,2025-26
STU0147,Unit Test 2,SCI3,100,81.7,A,28-10-2025,2025-26
STU0407,Midterm,CS9,100,68.0,B,30-07-2024,2024-25
STU0338,Unit Test 1,ART7,50,50.0,A+,31-05-2024,2024-25
STU0050,Unit Test 1,ENGUKG,100,33.0,F,31-05-2024,2024-25
STU0139,Unit Test 2,MATH2,100,70.4,B+,28-10-2024,2024-25
STU0470,Midterm,ART9,50,33.6,B,30-07-2023,2023-24
STU0277,Final,ENG6,100,87.2,A,26-01-2026,2025-26
STU0189,Unit Test 1,HIN4,100,57.8,C,31-05-2025,2025-26
STU0420,Final,CS10,100,92.7,A+,26-01-2026,2025-26
STU0111,Unit Test 1,MATH1,100,71.4,B+,31-05-2024,2024-25
STU0107,Unit Test 1,PE2,50,35.7,B+,31-05-2025,2025-26
STU0271,Unit Test 1,CS6,100,65.9,B,31-05-2025,2025-26
STU0391,Final,SCI7,100,64.7,B,26-01-2024,2023-24
STU0211,Final,PE3,50,38.4,B+,26-01-2024,2023-24
STU0185,Midterm,PE2,50,20.0,D,30-07-2023,2023-24
STU0171,Unit Test 1,ENG4,100,69.8,B,31-05-2025,2025-26
STU0262,Unit Test 1,ENG5,100,65.3,B,31-05-2024,2024-25
STU0087,Unit Test 2,TEL1,100,66.6,B,28-10-2024,2024-25
STU0184,Unit Test 1,HIN3,100,100.0,A+,31-05-2024,2024-25
STU0278,Midterm,TEL6,100,63.7,B,30-07-2025,2025-26
STU0200,Midterm,SCI2,100,85.6,A,30-07-2023,2023-24
STU0065,Unit Test 2,ARTLKG,50,41.2,A,28-10-2023,2023-24
STU0416,Unit Test 2,MATH9,100,69.5,B,28-10-2024,2024-25
STU0308,Final,HIN6,100,60.5,B,26-01-2025,2024-25
STU0211,Unit Test 2,MATH5,100,100.0,A+,28-10-2025,2025-26
STU0271,Midterm,SST4,100,71.8,B+,30-07-2023,2023-24
STU0192,Midterm,PE4,50,26.9,C,30-07-2025,2025-26
STU0208,Midterm,PE5,50,49.2,A+,30-07-2025,2025-26
STU0357,Unit Test 1,CS6,100,93.8,A+,31-05-2023,2023-24
STU0024,Unit Test 2,HINNursery,100,100.0,A+,28-10-2023,2023-24
STU0102,Midterm,MATH2,100,100.0,A+,30-07-2025,2025-26
STU0140,Unit Test 1,SCI3,100,65.9,B,31-05-2025,2025-26
STU0358,Midterm,SST6,100,79.9,B+,30-07-2023,2023-24
STU0391,Unit Test 1,ART7,50,42.7,A,31-05-2023,2023-24
STU0200,Unit Test 1,HIN2,100,67.5,B,31-05-2023,2023-24
STU0024,Midterm,TELNursery,100,78.7,B+,30-07-2023,2023-24
STU0390,Midterm,HIN9,100,75.1,B+,30-07-2025,2025-26
STU0283,Final,MATH5,100,88.0,A,26-01-2024,2023-24
STU0231,Unit Test 1,ENG3,100,81.1,A,31-05-2023,2023-24
STU0441,Final,ENG9,100,83.9,A,26-01-2024,2023-24
STU0277,Midterm,PE5,50,31.0,B,30-07-2024,2024-25
STU0283,Midterm,HIN7,100,77.9,B+,30-07-2025,2025-26
STU0140,Final,PE3,50,46.4,A+,26-01-2026,2025-26
STU0470,Midterm,CS9,100,59.6,C,30-07-2023,2023-24
STU0192,Unit Test 1,MATH3,100,77.0,B+,31-05-2024,2024-25
STU0161,Unit Test 1,MATH3,100,68.3,B,31-05-2024,2024-25
STU0192,Midterm,PE3,50,38.9,B+,30-07-2024,2024-25
STU0300,Unit Test 2,CS5,50,50.0,A+,28-10-2023,2023-24
STU0444,Final,CS9,100,46.8,D,26-01-2024,2023-24
STU0202,Unit Test 2,PE4,50,36.5,B+,28-10-2024,2024-25
STU0241,Midterm,HIN4,100,84.6,A,30-07-2023,2023-24
STU0278,Midterm,TEL5,100,70.6,B+,30-07-2024,2024-25
STU0161,Unit Test 1,CS3,50,42.8,A,31-05-2024,2024-25
STU0391,Unit Test 2,HIN8,100,87.4,A,28-10-2024,2024-25
STU0208,Unit Test 2,CS3,50,50.0,A+,28-10-2023,2023-24
STU0109,Unit Test 1,EVSUKG,100,71.4,B+,31-05-2023,2023-24
STU0165,Unit Test 2,MATH3,100,93.6,A+,28-10-2024,2024-25
STU0107,Unit Test 1,TEL1,100,56.2,C,31-05-2024,2024-25
STU0185,Final,HIN2,100,86.7,A,26-01-2024,2023-24
STU0420,Unit Test 1,SCI8,100,63.6,B,31-05-2023,2023-24
STU0093,Unit Test 1,ARTUKG,50,35.5,B+,31-05-2023,2023-24
STU0439,Unit Test 2,SST10,100,96.1,A+,28-10-2025,2025-26
STU0065,Unit Test 1,PE1,50,22.2,D,31-05-2025,2025-26
STU0364,Final,SCI9,100,61.0,B,26-01-2026,2025-26
STU0366,Midterm,ART7,50,29.2,C,30-07-2023,2023-24
STU0184,Unit Test 2,PE4,50,23.6,D,28-10-2025,2025-26
STU0384,Final,SST9,100,92.0,A+,26-01-2026,2025-26
STU0352,Final,SCI6,100,81.1,A,26-01-2024,2023-24
STU0140,Final,SST1,100,83.0,A,26-01-2024,2023-24
STU0358,Midterm,ENG7,100,36.5,F,30-07-2024,2024-25
STU0484,Unit Test 1,CS10,100,77.2,B+,31-05-2023,2023-24
STU0111,Unit Test 1,PE1,50,28.3,C,31-05-2024,2024-25
STU0153,Unit Test 2,PE2,50,34.8,B,28-10-2024,2024-25
STU0132,Final,TEL2,100,77.9,B+,26-01-2025,2024-25
STU0020,Final,TELUKG,100,77.8,B+,26-01-2026,2025-26
STU0017,Final,ENGUKG,100,74.3,B+,26-01-2026,2025-26
STU0109,Unit Test 1,HIN2,100,53.7,C,31-05-2025,2025-26
STU0165,Midterm,TEL3,100,56.8,C,30-07-2024,2024-25
STU0171,Midterm,PE2,50,37.3,B+,30-07-2023,2023-24
STU0107,Midterm,MATHUKG,100,55.6,C,30-07-2023,2023-24
STU0391,Unit Test 1,CS9,100,68.5,B,31-05-2025,2025-26
STU0185,Unit Test 2,HIN2,100,69.2,B,28-10-2023,2023-24
STU0153,Unit Test 2,TEL3,100,86.9,A,28-10-2025,2025-26
STU0087,Midterm,EVSUKG,100,76.9,B+,30-07-2023,2023-24
STU0497,Unit Test 2,SCI10,100,88.2,A,28-10-2023,2023-24
STU0509,Unit Test 1,TEL10,100,75.0,B+,31-05-2023,2023-24
STU0459,Unit Test 1,HIN10,100,64.5,B,31-05-2024,2024-25
STU0192,Unit Test 1,ENG2,100,65.6,B,31-05-2023,2023-24
STU0065,Midterm,ENGLKG,100,82.2,A,30-07-2023,2023-24
STU0073,Final,ENG1,100,70.2,B+,26-01-2026,2025-26
STU0456,Final,CS10,100,68.7,B,26-01-2025,2024-25
STU0161,Unit Test 2,SCI2,100,59.7,C,28-10-2023,2023-24
STU0153,Unit Test 2,SCI2,100,68.9,B,28-10-2024,2024-25
STU0153,Midterm,SCI3,100,100.0,A+,30-07-2025,2025-26
STU0277,Unit Test 2,MATH6,100,50.6,C,28-10-2025,2025-26
STU0283,Midterm,ART7,50,25.3,C,30-07-2025,2025-26
STU0037,Midterm,EVSNursery,100,100.0,A+,30-07-2023,2023-24
STU0300,Unit Test 2,PE5,50,17.6,F,28-10-2023,2023-24
STU0308,Unit Test 1,PE5,50,23.3,D,31-05-2023,2023-24
STU0184,Final,ENG3,100,62.6,B,26-01-2025,2024-25
STU0338,Unit Test 1,ENG8,100,83.3,A,31-05-2025,2025-26
STU0050,Unit Test 1,MATHLKG,100,75.9,B+,31-05-2023,2023-24
STU0287,Unit Test 2,CS5,50,41.4,A,28-10-2023,2023-24
STU0211,Midterm,TEL5,100,51.8,C,30-07-2025,2025-26
STU0357,Final,MATH8,100,93.1,A+,26-01-2026,2025-26
STU0309,Unit Test 1,SST6,100,73.1,B+,31-05-2024,2024-25
STU0420,Unit Test 1,SCI10,100,80.7,A,31-05-2025,2025-26
STU0107,Unit Test 2,ENGUKG,100,91.1,A+,28-10-2023,2023-24
STU0357,Midterm,PE6,50,44.9,A,30-07-2023,2023-24
STU0247,Midterm,MATH6,100,65.0,B,30-07-2025,2025-26
STU0309,Final,CS5,50,37.0,B+,26-01-2024,2023-24
STU0424,Midterm,MATH10,100,100.0,A+,30-07-2025,2025-26
STU0200,Final,SCI4,100,57.9,C,26-01-2026,2025-26
STU0200,Unit Test 1,SCI2,100,65.4,B,31-05-2023,2023-24
STU0282,Unit Test 1,TEL6,100,67.6,B,31-05-2024,2024-25
STU0423,Final,MATH9,100,88.9,A,26-01-2025,2024-25
STU0158,Final,PE1,50,48.6,A+,26-01-2024,2023-24
STU0155,Unit Test 2,CS1,50,30.7,B,28-10-2023,2023-24
STU0358,Unit Test 1,TEL6,100,57.3,C,31-05-2023,2023-24
STU0470,Unit Test 1,TEL10,100,100.0,A+,31-05-2024,2024-25
STU0140,Final,TEL2,100,70.1,B+,26-01-2025,2024-25
STU0475,Unit Test 2,HIN9,100,95.1,A+,28-10-2023,2023-24
STU0231,Midterm,CS5,50,39.0,B+,30-07-2025,2025-26
STU0171,Midterm,MATH2,100,72.9,B+,30-07-2023,2023-24
STU0097,Midterm,TELUKG,100,83.1,A,30-07-2023,2023-24
STU0475,Final,HIN9,100,92.6,A+,26-01-2024,2023-24
STU0407,Final,SST8,100,76.9,B+,26-01-2024,2023-24
STU0065,Unit Test 2,ENGUKG,100,63.1,B,28-10-2024,2024-25
STU0016,Final,ENGUKG,100,81.6,A,26-01-2026,2025-26
STU0177,Unit Test 1,SST2,100,100.0,A+,31-05-2023,2023-24
STU0095,Midterm,MATH2,100,58.3,C,30-07-2025,2025-26
STU0360,Unit Test 1,TEL8,100,63.0,B,31-05-2025,2025-26
STU0416,Final,ART10,50,27.8,C,26-01-2026,2025-26
STU0309,Unit Test 1,SST7,100,72.5,B+,31-05-2025,2025-26
STU0384,Midterm,SCI9,100,67.9,B,30-07-2025,2025-26
STU0008,Unit Test 2,MATHNursery,100,69.8,B,28-10-2023,2023-24
STU0024,Midterm,MATHNursery,100,48.3,D,30-07-2023,2023-24
STU0320,Unit Test 1,ART6,50,42.3,A,31-05-2024,2024-25
STU0155,Unit Test 2,TEL2,100,68.2,B,28-10-2024,2024-25
STU0211,Midterm,CS3,50,37.7,B+,30-07-2023,2023-24
STU0407,Unit Test 2,TEL10,100,66.0,B,28-10-2025,2025-26
STU0037,Unit Test 1,TELLKG,100,74.8,B+,31-05-2024,2024-25
STU0420,Midterm,CS8,100,95.4,A+,30-07-2023,2023-24
STU0441,Unit Test 1,MATH9,100,54.0,C,31-05-2023,2023-24
STU0196,Final,HIN2,100,79.5,B+,26-01-2024,2023-24
STU0359,Final,ENG6,100,74.7,B+,26-01-2024,2023-24
STU0241,Unit Test 2,CS5,50,31.0,B,28-10-2024,2024-25
STU0139,Final,HIN3,100,55.5,C,26-01-2026,2025-26
STU0050,Midterm,MATHLKG,100,59.7,C,30-07-2023,2023-24
STU0247,Final,SCI5,100,56.6,C,26-01-2025,2024-25
STU0304,Final,TEL7,100,79.0,B+,26-01-2026,2025-26
STU0352,Final,MATH6,100,83.4,A,26-01-2024,2023-24
STU0037,Midterm,HINUKG,100,65.9,B,30-07-2025,2025-26
STU0095,Midterm,ENG2,100,72.1,B+,30-07-2025,2025-26
STU0287,Final,HIN7,100,79.6,B+,26-01-2026,2025-26
STU0159,Midterm,HIN2,100,99.0,A+,30-07-2024,2024-25
STU0277,Unit Test 1,HIN5,100,95.4,A+,31-05-2024,2024-25
STU0177,Midterm,TEL2,100,80.0,B+,30-07-2023,2023-24
STU0364,Unit Test 2,SCI9,100,76.6,B+,28-10-2025,2025-26
STU0351,Midterm,HIN6,100,70.8,B+,30-07-2023,2023-24
STU0093,Midterm,SCI2,100,72.2,B+,30-07-2025,2025-26
STU0037,Unit Test 1,MATHNursery,100,84.1,A,31-05-2023,2023-24
STU0416,Midterm,CS8,100,72.7,B+,30-07-2023,2023-24
STU0360,Unit Test 1,CS8,100,59.0,C,31-05-2025,2025-26
STU0391,Midterm,SCI9,100,79.6,B+,30-07-2025,2025-26
STU0384,Unit Test 2,MATH7,100,70.8,B+,28-10-2023,2023-24
STU0185,Midterm,SCI3,100,94.7,A+,30-07-2024,2024-25
STU0208,Unit Test 1,PE4,50,30.1,B,31-05-2024,2024-25
STU0132,Midterm,HIN3,100,91.3,A+,30-07-2025,2025-26
STU0189,Unit Test 2,CS3,50,28.8,C,28-10-2024,2024-25
STU0107,Final,SCI1,100,88.6,A,26-01-2025,2024-25
STU0320,Midterm,CS5,50,50.0,A+,30-07-2023,2023-24
STU0017,Final,TELNursery,100,100.0,A+,26-01-2024,2023-24
STU0283,Midterm,HIN5,100,86.6,A,30-07-2023,2023-24
STU0308,Unit Test 2,ART6,50,38.4,B+,28-10-2024,2024-25
STU0247,Midterm,HIN5,100,63.5,B,30-07-2024,2024-25
STU0359,Unit Test 1,HIN8,100,85.6,A,31-05-2025,2025-26
STU0202,Midterm,HIN5,100,70.4,B+,30-07-2025,2025-26
STU0241,Final,SCI5,100,63.6,B,26-01-2025,2024-25
STU0008,Unit Test 2,ARTUKG,50,34.7,B,28-10-2025,2025-26
STU0277,Unit Test 1,TEL6,100,71.0,B+,31-05-2025,2025-26
STU0024,Unit Test 1,HINUKG,100,45.1,D,31-05-2025,2025-26
STU0381,Final,CS8,100,79.2,B+,26-01-2025,2024-25
STU0391,Unit Test 2,ENG9,100,62.0,B,28-10-2025,2025-26
STU0446,Final,HIN10,100,81.2,A,26-01-2025,2024-25
STU0424,Unit Test 2,TEL8,100,62.3,B,28-10-2023,2023-24
STU0087,Unit Test 1,PE2,50,30.4,B,31-05-2025,2025-26
STU0140,Unit Test 1,SST1,100,63.3,B,31-05-2023,2023-24
STU0184,Final,TEL3,100,50.2,C,26-01-2025,2024-25
STU0155,Midterm,MATH1,100,77.4,B+,30-07-2023,2023-24
STU0139,Midterm,MATH2,100,81.6,A,30-07-2024,2024-25
STU0165,Final,HIN3,100,53.0,C,26-01-2025,2024-25
STU0484,Unit Test 2,ART10,50,42.1,A,28-10-2023,2023-24
STU0097,Unit Test 1,MATHUKG,100,44.7,D,31-05-2023,2023-24
STU0459,Unit Test 2,HIN9,100,87.4,A,28-10-2023,2023-24
STU0140,Unit Test 2,TEL1,100,33.1,F,28-10-2023,2023-24
STU0309,Unit Test 1,PE6,50,32.5,B,31-05-2024,2024-25
STU0332,Final,SCI6,100,76.2,B+,26-01-2024,2023-24
STU0304,Unit Test 2,SCI7,100,59.4,C,28-10-2025,2025-26
STU0484,Midterm,TEL10,100,60.2,B,30-07-2023,2023-24
STU0332,Final,HIN7,100,67.9,B,26-01-2025,2024-25
STU0161,Final,SCI2,100,78.4,B+,26-01-2024,2023-24
STU0016,Unit Test 1,EVSLKG,100,56.3,C,31-05-2024,2024-25
STU0364,Unit Test 1,CS9,100,87.9,A,31-05-2025,2025-26
STU0328,Final,SST7,100,60.2,B,26-01-2025,2024-25
STU0149,Midterm,ENG3,100,70.2,B+,30-07-2025,2025-26
STU0424,Unit Test 2,MATH9,100,73.7,B+,28-10-2024,2024-25
STU0301,Final,SST5,100,61.9,B,26-01-2024,2023-24
STU0159,Unit Test 2,SST3,100,74.5,B+,28-10-2025,2025-26
STU0444,Unit Test 2,ART10,50,37.2,B+,28-10-2024,2024-25
STU0364,Midterm,TEL9,100,82.1,A,30-07-2025,2025-26
STU0095,Unit Test 2,ENGUKG,100,95.0,A+,28-10-2023,2023-24
STU0420,Unit Test 2,HIN10,100,80.8,A,28-10-2025,2025-26
STU0320,Unit Test 1,SST7,100,90.9,A+,31-05-2025,2025-26
STU0184,Unit Test 1,SST3,100,83.5,A,31-05-2024,2024-25
STU0111,Midterm,ENG2,100,90.3,A+,30-07-2025,2025-26
STU0277,Unit Test 1,PE5,50,37.5,B+,31-05-2024,2024-25
STU0390,Final,PE7,50,31.3,B,26-01-2024,2023-24
STU0515,Unit Test 1,CS10,100,60.0,B,31-05-2023,2023-24
STU0139,Unit Test 1,CS3,50,36.4,B+,31-05-2025,2025-26
STU0356,Midterm,SCI7,100,62.2,B,30-07-2024,2024-25
STU0360,Midterm,TEL6,100,63.1,B,30-07-2023,2023-24
STU0424,Unit Test 2,HIN9,100,80.1,A,28-10-2024,2024-25
STU0456,Unit Test 1,CS9,100,69.2,B,31-05-2023,2023-24
STU0050,Final,TELLKG,100,53.6,C,26-01-2024,2023-24
STU0200,Midterm,PE2,50,50.0,A+,30-07-2023,2023-24
STU0304,Midterm,HIN6,100,55.5,C,30-07-2024,2024-25
STU0153,Unit Test 1,SST1,100,82.9,A,31-05-2023,2023-24
STU0357,Unit Test 1,MATH6,100,62.6,B,31-05-2023,2023-24
STU0287,Midterm,HIN7,100,77.1,B+,30-07-2025,2025-26
STU0300,Final,CS7,100,71.3,B+,26-01-2026,2025-26
STU0416,Midterm,SST9,100,67.4,B,30-07-2024,2024-25
STU0208,Unit Test 1,MATH4,100,82.5,A,31-05-2024,2024-25
STU0211,Unit Test 1,CS4,50,34.9,B,31-05-2024,2024-25
STU0439,Midterm,ENG10,100,75.2,B+,30-07-2025,2025-26
STU0364,Unit Test 2,SST9,100,80.0,B+,28-10-2025,2025-26
STU0017,Unit Test 1,ENGUKG,100,88.4,A,31-05-2025,2025-26
STU0420,Unit Test 2,TEL8,100,100.0,A+,28-10-2023,2023-24
STU0159,Unit Test 1,HIN2,100,47.9,D,31-05-2024,2024-25
STU0037,Unit Test 1,EVSUKG,100,56.2,C,31-05-2025,2025-26
STU0420,Final,MATH9,100,73.7,B+,26-01-2025,2024-25
STU0282,Final,SST6,100,68.7,B,26-01-2025,2024-25
STU0090,Unit Test 2,HINUKG,100,53.3,C,28-10-2023,2023-24
STU0332,Midterm,ART8,50,36.6,B+,30-07-2025,2025-26
STU0390,Final,SCI8,100,94.6,A+,26-01-2025,2024-25
STU0352,Final,CS7,100,71.8,B+,26-01-2025,2024-25
STU0189,Final,MATH3,100,85.2,A,26-01-2025,2024-25
STU0158,Midterm,HIN2,100,38.3,F,30-07-2024,2024-25
STU0446,Midterm,ENG10,100,72.1,B+,30-07-2024,2024-25
STU0231,Midterm,ENG3,100,80.4,A,30-07-2023,2023-24
STU0509,Final,MATH10,100,88.1,A,26-01-2024,2023-24
STU0202,Midterm,CS5,50,37.4,B+,30-07-2025,2025-26
STU0424,Final,SCI10,100,65.2,B,26-01-2026,2025-26
STU0208,Midterm,ENG5,100,64.4,B,30-07-2025,2025-26
STU0165,Unit Test 2,SST4,100,73.7,B+,28-10-2025,2025-26
STU0356,Unit Test 2,HIN8,100,75.2,B+,28-10-2025,2025-26
STU0020,Final,MATHLKG,100,70.0,B,26-01-2025,2024-25
STU0185,Unit Test 1,PE2,50,31.9,B,31-05-2023,2023-24
STU0441,Unit Test 1,ART9,50,42.9,A,31-05-2023,2023-24
STU0095,Unit Test 1,MATH1,100,64.4,B,31-05-2024,2024-25
STU0200,Midterm,MATH3,100,80.6,A,30-07-2024,2024-25
STU0192,Unit Test 2,SST3,100,82.7,A,28-10-2024,2024-25
STU0102,Midterm,ENG1,100,65.7,B,30-07-2024,2024-25
STU0200,Final,SCI3,100,81.4,A,26-01-2025,2024-25
STU0189,Midterm,SCI4,100,69.0,B,30-07-2025,2025-26
STU0277,Midterm,ENG4,100,92.7,A+,30-07-2023,2023-24
STU0358,Final,HIN8,100,76.9,B+,26-01-2026,2025-26
STU0328,Midterm,SCI8,100,74.0,B+,30-07-2025,2025-26
STU0093,Final,ARTUKG,50,38.3,B+,26-01-2024,2023-24
STU0158,Final,SCI3,100,68.3,B,26-01-2026,2025-26
STU0407,Unit Test 2,ENG8,100,84.7,A,28-10-2023,2023-24
STU0320,Unit Test 1,ENG5,100,78.1,B+,31-05-2023,2023-24
STU0332,Unit Test 1,SCI7,100,86.3,A,31-05-2024,2024-25
STU0470,Midterm,TEL10,100,67.0,B,30-07-2024,2024-25
STU0102,Unit Test 1,MATH2,100,84.2,A,31-05-2025,2025-26
STU0366,Unit Test 1,MATH9,100,53.1,C,31-05-2025,2025-26
STU0249,Final,ART6,50,40.7,A,26-01-2026,2025-26
STU0278,Midterm,TEL4,100,57.3,C,30-07-2023,2023-24
STU0139,Unit Test 1,SCI2,100,76.8,B+,31-05-2024,2024-25
STU0185,Midterm,SCI2,100,49.0,D,30-07-2023,2023-24
STU0008,Unit Test 2,ENGLKG,100,51.4,C,28-10-2024,2024-25
STU0423,Midterm,HIN9,100,58.3,C,30-07-2024,2024-25
STU0320,Unit Test 2,TEL7,100,70.6,B+,28-10-2025,2025-26
STU0475,Final,PE9,50,39.3,B+,26-01-2024,2023-24
STU0356,Final,PE7,50,37.2,B+,26-01-2025,2024-25
STU0472,Unit Test 1,HIN10,100,59.8,C,31-05-2024,2024-25
STU0102,Unit Test 1,SST1,100,57.5,C,31-05-2024,2024-25
STU0497,Unit Test 2,HIN10,100,67.3,B,28-10-2023,2023-24
STU0357,Final,HIN6,100,84.8,A,26-01-2024,2023-24
STU0155,Midterm,MATH3,100,98.0,A+,30-07-2025,2025-26
STU0111,Final,CS1,50,38.5,B+,26-01-2025,2024-25
STU0456,Unit Test 2,SCI9,100,93.4,A+,28-10-2023,2023-24
STU0323,Midterm,ENG8,100,76.8,B+,30-07-2025,2025-26
STU0165,Midterm,SCI4,100,80.6,A,30-07-2025,2025-26
STU0359,Unit Test 1,PE7,50,27.0,C,31-05-2024,2024-25
STU0020,Final,EVSUKG,100,51.0,C,26-01-2026,2025-26
STU0262,Final,MATH6,100,70.6,B+,26-01-2026,2025-26
STU0247,Final,HIN4,100,48.8,D,26-01-2024,2023-24
STU0088,Unit Test 1,SCI2,100,58.1,C,31-05-2025,2025-26
STU0358,Final,ART8,50,33.8,B,26-01-2026,2025-26
STU0277,Final,TEL4,100,61.1,B,26-01-2024,2023-24
STU0024,Final,HINUKG,100,59.1,C,26-01-2026,2025-26
STU0456,Midterm,SCI10,100,46.5,D,30-07-2024,2024-25
STU0357,Unit Test 2,SST8,100,73.6,B+,28-10-2025,2025-26
STU0332,Midterm,TEL7,100,77.2,B+,30-07-2024,2024-25
STU0424,Midterm,ENG8,100,89.2,A,30-07-2023,2023-24
STU0356,Midterm,CS8,100,84.0,A,30-07-2025,2025-26
STU0159,Unit Test 2,TEL1,100,59.1,C,28-10-2023,2023-24
STU0088,Unit Test 2,PE2,50,40.4,A,28-10-2025,2025-26
STU0184,Unit Test 2,MATH2,100,72.3,B+,28-10-2023,2023-24
STU0271,Midterm,CS5,50,40.4,A,30-07-2024,2024-25
STU0090,Unit Test 1,SCI1,100,78.5,B+,31-05-2024,2024-25
STU0390,Final,ART9,50,41.5,A,26-01-2026,2025-26
STU0282,Unit Test 2,TEL5,100,52.1,C,28-10-2023,2023-24
STU0282,Unit Test 2,SST6,100,95.9,A+,28-10-2024,2024-25
STU0332,Midterm,HIN6,100,74.2,B+,30-07-2023,2023-24
STU0506,Final,HIN10,100,66.3,B,26-01-2024,2023-24
STU0196,Final,HIN3,100,84.1,A,26-01-2025,2024-25
STU0200,Midterm,MATH4,100,98.6,A+,30-07-2025,2025-26
STU0459,Final,HIN9,100,89.5,A,26-01-2024,2023-24
STU0140,Midterm,ENG2,100,85.9,A,30-07-2024,2024-25
STU0211,Unit Test 2,SST5,100,74.7,B+,28-10-2025,2025-26
STU0165,Unit Test 1,CS2,50,36.6,B+,31-05-2023,2023-24
STU0351,Final,MATH7,100,68.2,B,26-01-2025,2024-25
STU0165,Final,CS4,50,41.9,A,26-01-2026,2025-26
STU0097,Unit Test 1,HIN1,100,56.8,C,31-05-2024,2024-25
STU0301,Midterm,MATH7,100,66.4,B,30-07-2025,2025-26
STU0407,Unit Test 1,CS9,100,88.5,A,31-05-2024,2024-25
STU0475,Midterm,SST9,100,79.7,B+,30-07-2023,2023-24
STU0357,Final,PE7,50,40.4,A,26-01-2025,2024-25
STU0140,Midterm,ENG1,100,81.8,A,30-07-2023,2023-24
STU0456,Unit Test 2,ART9,50,36.9,B+,28-10-2023,2023-24
STU0171,Final,CS2,50,41.0,A,26-01-2024,2023-24
STU0231,Final,PE5,50,31.1,B,26-01-2026,2025-26
STU0308,Midterm,SCI6,100,73.9,B+,30-07-2024,2024-25
STU0515,Midterm,SCI10,100,69.9,B,30-07-2023,2023-24
STU0102,Unit Test 2,HINUKG,100,80.3,A,28-10-2023,2023-24
STU0441,Final,PE10,50,26.6,C,26-01-2025,2024-25
STU0177,Midterm,HIN4,100,78.6,B+,30-07-2025,2025-26
STU0336,Unit Test 2,ART8,50,42.6,A,28-10-2025,2025-26
STU0132,Midterm,SCI1,100,84.3,A,30-07-2023,2023-24
STU0111,Final,SCI1,100,74.6,B+,26-01-2025,2024-25
STU0358,Final,SST8,100,71.4,B+,26-01-2026,2025-26
STU0109,Unit Test 1,HIN1,100,48.3,D,31-05-2024,2024-25
STU0503,Final,ENG10,100,59.8,C,26-01-2024,2023-24
STU0506,Unit Test 1,ART10,50,29.1,C,31-05-2023,2023-24
STU0481,Unit Test 1,CS10,100,78.0,B+,31-05-2023,2023-24
STU0189,Final,HIN4,100,69.4,B,26-01-2026,2025-26
STU0323,Unit Test 2,ART7,50,27.2,C,28-10-2024,2024-25
STU0420,Midterm,ENG8,100,70.7,B+,30-07-2023,2023-24
STU0282,Unit Test 1,ART7,50,24.4,D,31-05-2025,2025-26
STU0277,Final,CS4,50,40.6,A,26-01-2024,2023-24
STU0472,Final,ENG9,100,95.4,A+,26-01-2024,2023-24
STU0444,Unit Test 2,SCI9,100,55.0,C,28-10-2023,2023-24
STU0391,Unit Test 1,HIN7,100,100.0,A+,31-05-2023,2023-24
STU0200,Midterm,SCI4,100,85.3,A,30-07-2025,2025-26
STU0407,Final,SCI9,100,56.5,C,26-01-2025,2024-25
STU0360,Unit Test 1,SCI7,100,73.6,B+,31-05-2024,2024-25
STU0050,Final,TEL1,100,65.8,B,26-01-2026,2025-26
STU0017,Unit Test 1,HINNursery,100,56.7,C,31-05-2023,2023-24
STU0202,Midterm,PE5,50,35.8,B+,30-07-2025,2025-26
STU0328,Unit Test 2,TEL6,100,56.4,C,28-10-2023,2023-24
STU0309,Final,ART7,50,37.9,B+,26-01-2026,2025-26
STU0381,Final,SST8,100,39.4,F,26-01-2025,2024-25
STU0456,Unit Test 1,SST9,100,77.0,B+,31-05-2023,2023-24
STU0491,Unit Test 1,TEL10,100,95.4,A+,31-05-2023,2023-24
STU0390,Unit Test 2,PE7,50,24.3,D,28-10-2023,2023-24
STU0241,Unit Test 2,SST6,100,68.8,B,28-10-2025,2025-26
STU0153,Final,TEL2,100,91.7,A+,26-01-2025,2024-25
STU0111,Unit Test 2,TELUKG,100,65.0,B,28-10-2023,2023-24
STU0102,Final,PE2,50,34.8,B,26-01-2026,2025-26
STU0358,Unit Test 1,ENG7,100,89.4,A,31-05-2024,2024-25
STU0424,Unit Test 1,SST9,100,52.5,C,31-05-2024,2024-25
STU0271,Midterm,HIN5,100,66.6,B,30-07-2024,2024-25
STU0407,Unit Test 2,SCI9,100,58.4,C,28-10-2024,2024-25
STU0381,Unit Test 1,CS9,100,50.7,C,31-05-2025,2025-26
STU0087,Final,CS2,50,35.7,B+,26-01-2026,2025-26
STU0177,Unit Test 2,SST2,100,82.7,A,28-10-2023,2023-24
STU0384,Unit Test 1,MATH8,100,60.1,B,31-05-2024,2024-25
STU0384,Final,CS7,100,61.6,B,26-01-2024,2023-24
STU0095,Unit Test 1,ARTUKG,50,36.6,B+,31-05-2023,2023-24
STU0444,Unit Test 2,HIN9,100,62.3,B,28-10-2023,2023-24
STU0088,Unit Test 2,PE1,50,43.0,A,28-10-2024,2024-25
STU0364,Unit Test 1,ENG7,100,60.4,B,31-05-2023,2023-24
STU0153,Final,SST3,100,70.3,B+,26-01-2026,2025-26
STU0211,Unit Test 1,MATH4,100,38.0,F,31-05-2024,2024-25
STU0287,Final,SST6,100,87.4,A,26-01-2025,2024-25
STU0185,Midterm,CS2,50,45.9,A+,30-07-2023,2023-24
STU0446,Unit Test 1,ENG10,100,68.3,B,31-05-2024,2024-25
STU0444,Unit Test 1,CS10,100,94.5,A+,31-05-2024,2024-25
STU0202,Final,HIN5,100,63.2,B,26-01-2026,2025-26
STU0444,Unit Test 2,ART9,50,30.3,B,28-10-2023,2023-24
STU0384,Unit Test 2,SCI8,100,48.8,D,28-10-2024,2024-25
STU0352,Final,ART8,50,31.4,B,26-01-2026,2025-26
STU0513,Final,CS10,100,56.2,C,26-01-2024,2023-24
STU0323,Unit Test 2,CS7,100,60.3,B,28-10-2024,2024-25
STU0177,Unit Test 1,SCI4,100,61.6,B,31-05-2025,2025-26
STU0200,Midterm,CS3,50,41.3,A,30-07-2024,2024-25
STU0304,Final,TEL5,100,60.6,B,26-01-2024,2023-24
STU0320,Unit Test 2,PE5,50,35.9,B+,28-10-2023,2023-24
STU0090,Unit Test 1,CS2,50,29.3,C,31-05-2025,2025-26
STU0456,Final,SST10,100,61.1,B,26-01-2025,2024-25
STU0147,Unit Test 2,CS2,50,24.3,D,28-10-2024,2024-25
STU0300,Unit Test 1,TEL5,100,63.3,B,31-05-2023,2023-24
STU0364,Unit Test 1,PE8,50,26.3,C,31-05-2024,2024-25
STU0161,Unit Test 1,ENG4,100,79.6,B+,31-05-2025,2025-26
STU0024,Unit Test 2,HINLKG,100,83.3,A,28-10-2024,2024-25
STU0309,Unit Test 2,CS5,50,45.2,A+,28-10-2023,2023-24
STU0300,Midterm,HIN7,100,80.3,A,30-07-2025,2025-26
STU0391,Final,TEL8,100,62.8,B,26-01-2025,2024-25
STU0420,Unit Test 1,ART8,50,30.9,B,31-05-2023,2023-24
STU0446,Midterm,PE10,50,44.1,A,30-07-2024,2024-25
STU0441,Final,ART10,50,37.8,B+,26-01-2025,2024-25
STU0484,Unit Test 2,HIN10,100,60.8,B,28-10-2023,2023-24
STU0095,Unit Test 1,HINUKG,100,78.5,B+,31-05-2023,2023-24
STU0159,Final,HIN1,100,47.1,D,26-01-2024,2023-24
STU0189,Midterm,HIN4,100,74.3,B+,30-07-2025,2025-26
STU0090,Unit Test 2,MATH1,100,89.3,A,28-10-2024,2024-25
STU0097,Unit Test 2,CS2,50,49.9,A+,28-10-2025,2025-26
STU0309,Final,ENG6,100,95.7,A+,26-01-2025,2024-25
STU0158,Midterm,CS3,50,36.2,B+,30-07-2025,2025-26
STU0472,Unit Test 1,TEL10,100,72.0,B+,31-05-2024,2024-25
STU0020,Final,MATHNursery,100,75.4,B+,26-01-2024,2023-24
STU0155,Unit Test 2,SST2,100,80.4,A,28-10-2024,2024-25
STU0328,Unit Test 2,TEL8,100,66.7,B,28-10-2025,2025-26
STU0323,Final,PE6,50,23.5,D,26-01-2024,2023-24
STU0320,Unit Test 2,SST6,100,86.4,A,28-10-2024,2024-25
STU0407,Unit Test 2,SST10,100,80.7,A,28-10-2025,2025-26
STU0185,Midterm,SST2,100,64.8,B,30-07-2023,2023-24
STU0475,Unit Test 1,ENG9,100,54.7,C,31-05-2023,2023-24
STU0231,Unit Test 2,TEL4,100,71.2,B+,28-10-2024,2024-25
STU0513,Midterm,CS10,100,72.0,B+,30-07-2023,2023-24
STU0308,Unit Test 1,CS5,50,28.8,C,31-05-2023,2023-24
STU0304,Midterm,MATH7,100,85.2,A,30-07-2025,2025-26
STU0161,Unit Test 2,SCI3,100,58.8,C,28-10-2024,2024-25
STU0159,Midterm,ENG1,100,100.0,A+,30-07-2023,2023-24
STU0037,Unit Test 2,HINUKG,100,80.3,A,28-10-2025,2025-26
STU0139,Midterm,PE3,50,42.9,A,30-07-2025,2025-26
STU0390,Unit Test 1,TEL7,100,67.1,B,31-05-2023,2023-24
STU0304,Unit Test 1,PE6,50,28.2,C,31-05-2024,2024-25
STU0446,Final,ART10,50,42.9,A,26-01-2025,2024-25
STU0359,Unit Test 2,PE7,50,39.7,B+,28-10-2024,2024-25
STU0287,Unit Test 2,ENG7,100,45.6,D,28-10-2025,2025-26
STU0441,Midterm,TEL10,100,70.6,B+,30-07-2024,2024-25
STU0381,Final,TEL7,100,83.7,A,26-01-2024,2023-24
STU0037,Unit Test 2,HINLKG,100,40.3,D,28-10-2024,2024-25
STU0097,Unit Test 1,MATH1,100,80.5,A,31-05-2024,2024-25
STU0241,Unit Test 2,HIN4,100,64.3,B,28-10-2023,2023-24
STU0309,Final,MATH6,100,76.8,B+,26-01-2025,2024-25
STU0097,Final,ENG1,100,51.1,C,26-01-2025,2024-25
STU0357,Unit Test 2,SST7,100,67.4,B,28-10-2024,2024-25
STU0336,Midterm,SCI6,100,93.5,A+,30-07-2023,2023-24
STU0407,Midterm,PE8,50,40.2,A,30-07-2023,2023-24
STU0475,Midterm,SCI9,100,83.8,A,30-07-2023,2023-24
STU0287,Unit Test 1,ENG5,100,63.2,B,31-05-2023,2023-24
STU0366,Unit Test 1,ENG7,100,74.0,B+,31-05-2023,2023-24
STU0336,Unit Test 2,MATH7,100,70.9,B+,28-10-2024,2024-25
STU0247,Midterm,ENG5,100,94.6,A+,30-07-2024,2024-25
STU0472,Unit Test 2,PE9,50,44.8,A,28-10-2023,2023-24
STU0300,Unit Test 2,HIN5,100,62.4,B,28-10-2023,2023-24
STU0155,Unit Test 1,SST1,100,64.2,B,31-05-2023,2023-24
STU0231,Final,MATH3,100,68.7,B,26-01-2024,2023-24
STU0109,Final,HIN2,100,81.5,A,26-01-2026,2025-26
STU0423,Final,HIN9,100,79.3,B+,26-01-2025,2024-25
STU0093,Unit Test 1,SCI1,100,62.6,B,31-05-2024,2024-25
STU0211,Unit Test 2,HIN3,100,60.1,B,28-10-2023,2023-24
STU0497,Final,ART10,50,44.8,A,26-01-2024,2023-24
STU0090,Final,SST1,100,54.6,C,26-01-2025,2024-25
STU0185,Final,CS4,50,49.2,A+,26-01-2026,2025-26
STU0189,Unit Test 2,HIN3,100,79.0,B+,28-10-2024,2024-25
STU0088,Final,ENGUKG,100,49.6,D,26-01-2024,2023-24
STU0165,Unit Test 2,CS4,50,38.7,B+,28-10-2025,2025-26
STU0192,Unit Test 1,CS3,50,29.1,C,31-05-2024,2024-25
STU0277,Unit Test 1,SCI6,100,85.5,A,31-05-2025,2025-26
STU0424,Midterm,HIN9,100,60.1,B,30-07-2024,2024-25
STU0016,Unit Test 1,ENGNursery,100,58.0,C,31-05-2023,2023-24
STU0107,Unit Test 2,SST2,100,67.1,B,28-10-2025,2025-26
STU0336,Final,ENG6,100,60.7,B,26-01-2024,2023-24
STU0332,Unit Test 2,SCI6,100,61.8,B,28-10-2023,2023-24
STU0470,Midterm,ART10,50,48.7,A+,30-07-2024,2024-25
STU0424,Unit Test 1,PE9,50,40.7,A,31-05-2024,2024-25
STU0366,Midterm,TEL9,100,50.8,C,30-07-2025,2025-26
STU0249,Final,CS5,50,36.9,B+,26-01-2025,2024-25
STU0320,Midterm,ENG6,100,86.0,A,30-07-2024,2024-25
STU0149,Final,MATH3,100,84.8,A,26-01-2026,2025-26
STU0497,Midterm,ENG10,100,74.4,B+,30-07-2023,2023-24
STU0155,Unit Test 2,ENG1,100,68.2,B,28-10-2023,2023-24
STU0231,Unit Test 2,TEL5,100,67.7,B,28-10-2025,2025-26
STU0328,Unit Test 1,CS7,100,62.0,B,31-05-2024,2024-25
STU0177,Unit Test 1,MATH3,100,84.2,A,31-05-2024,2024-25
STU0107,Unit Test 2,EVSUKG,100,86.2,A,28-10-2023,2023-24
STU0416,Final,ART9,50,42.1,A,26-01-2025,2024-25
STU0277,Midterm,MATH6,100,63.4,B,30-07-2025,2025-26
STU0153,Final,TEL1,100,81.9,A,26-01-2024,2023-24
STU0109,Unit Test 1,PE1,50,21.2,D,31-05-2024,2024-25
STU0165,Final,ENG4,100,63.7,B,26-01-2026,2025-26
STU0159,Unit Test 2,SST2,100,56.4,C,28-10-2024,2024-25
STU0283,Midterm,MATH6,100,72.9,B+,30-07-2024,2024-25
STU0185,Unit Test 2,ENG2,100,77.8,B+,28-10-2023,2023-24
STU0424,Unit Test 2,SCI10,100,71.7,B+,28-10-2025,2025-26
STU0241,Unit Test 1,HIN6,100,66.6,B,31-05-2025,2025-26
STU0323,Final,MATH6,100,41.0,D,26-01-2024,2023-24
STU0364,Unit Test 1,ART7,50,38.2,B+,31-05-2023,2023-24
STU0423,Unit Test 1,ART10,50,27.2,C,31-05-2025,2025-26
STU0475,Midterm,MATH10,100,87.1,A,30-07-2024,2024-25
STU0328,Midterm,ENG6,100,74.4,B+,30-07-2023,2023-24
STU0282,Final,CS7,100,76.1,B+,26-01-2026,2025-26
STU0283,Final,CS5,50,39.3,B+,26-01-2024,2023-24
STU0301,Final,TEL7,100,66.5,B,26-01-2026,2025-26
STU0304,Midterm,SCI5,100,70.6,B+,30-07-2023,2023-24
STU0287,Unit Test 1,HIN6,100,73.2,B+,31-05-2024,2024-25
STU0465,Final,ART9,50,26.5,C,26-01-2024,2023-24
STU0200,Unit Test 2,PE3,50,39.1,B+,28-10-2024,2024-25
STU0189,Unit Test 1,SCI3,100,88.6,A,31-05-2024,2024-25
STU0475,Unit Test 1,MATH9,100,57.3,C,31-05-2023,2023-24
STU0323,Final,CS8,100,57.9,C,26-01-2026,2025-26
STU0249,Unit Test 2,CS5,50,40.0,B+,28-10-2024,2024-25
STU0159,Final,MATH3,100,84.0,A,26-01-2026,2025-26
STU0390,Unit Test 1,HIN9,100,84.1,A,31-05-2025,2025-26
STU0155,Midterm,TEL3,100,91.9,A+,30-07-2025,2025-26
STU0247,Unit Test 1,ENG4,100,53.8,C,31-05-2023,2023-24
STU0184,Unit Test 1,PE4,50,47.3,A+,31-05-2025,2025-26
STU0475,Unit Test 2,MATH9,100,88.5,A,28-10-2023,2023-24
STU0332,Midterm,MATH6,100,83.1,A,30-07-2023,2023-24
STU0231,Unit Test 1,MATH4,100,68.6,B,31-05-2024,2024-25
STU0359,Midterm,PE6,50,34.0,B,30-07-2023,2023-24
STU0360,Unit Test 2,CS8,100,65.4,B,28-10-2025,2025-26
STU0351,Unit Test 2,PE6,50,43.1,A,28-10-2023,2023-24
STU0271,Unit Test 1,ENG4,100,63.3,B,31-05-2023,2023-24
STU0358,Final,ART7,50,35.7,B+,26-01-2025,2024-25
STU0189,Unit Test 1,HIN3,100,66.1,B,31-05-2024,2024-25
STU0420,Final,SCI8,100,98.7,A+,26-01-2024,2023-24
STU0262,Final,ENG4,100,73.1,B+,26-01-2024,2023-24
STU0147,Unit Test 2,TEL2,100,70.3,B+,28-10-2024,2024-25
STU0328,Final,CS7,100,79.0,B+,26-01-2025,2024-25
STU0441,Midterm,SCI9,100,61.9,B,30-07-2023,2023-24
STU0208,Unit Test 2,CS5,50,36.0,B+,28-10-2025,2025-26
STU0192,Unit Test 2,HIN2,100,79.8,B+,28-10-2023,2023-24
STU0211,Midterm,ENG4,100,75.0,B+,30-07-2024,2024-25
STU0111,Final,TEL1,100,62.6,B,26-01-2025,2024-25
STU0095,Midterm,SST1,100,58.3,C,30-07-2024,2024-25
STU0357,Unit Test 1,ENG7,100,61.3,B,31-05-2024,2024-25
STU0358,Final,HIN7,100,43.2,D,26-01-2025,2024-25
STU0095,Unit Test 1,SST2,100,92.6,A+,31-05-2025,2025-26
STU0352,Unit Test 1,ENG8,100,76.9,B+,31-05-2025,2025-26
STU0287,Unit Test 1,CS6,100,76.8,B+,31-05-2024,2024-25
STU0155,Midterm,CS2,50,27.7,C,30-07-2024,2024-25
STU0016,Unit Test 2,HINLKG,100,53.7,C,28-10-2024,2024-25
STU0336,Midterm,TEL8,100,65.9,B,30-07-2025,2025-26
STU0301,Final,SCI5,100,100.0,A+,26-01-2024,2023-24
STU0391,Unit Test 1,SST7,100,48.3,D,31-05-2023,2023-24
STU0309,Unit Test 1,MATH6,100,70.1,B+,31-05-2024,2024-25
STU0366,Unit Test 1,SST7,100,66.0,B,31-05-2023,2023-24
STU0309,Final,ART6,50,29.3,C,26-01-2025,2024-25
STU0407,Unit Test 1,CS8,100,56.5,C,31-05-2023,2023-24
STU0364,Unit Test 2,CS8,100,65.8,B,28-10-2024,2024-25
STU0364,Final,CS9,100,55.7,C,26-01-2026,2025-26
STU0196,Unit Test 2,MATH4,100,100.0,A+,28-10-2025,2025-26
STU0278,Midterm,ENG6,100,69.6,B,30-07-2025,2025-26
STU0300,Unit Test 1,HIN6,100,50.6,C,31-05-2024,2024-25
STU0304,Unit Test 1,SCI7,100,60.3,B,31-05-2025,2025-26
STU0338,Unit Test 2,CS6,100,64.5,B,28-10-2023,2023-24
STU0357,Unit Test 1,ENG6,100,90.7,A+,31-05-2023,2023-24
STU0301,Midterm,CS6,100,43.4,D,30-07-2024,2024-25
STU0277,Midterm,SCI5,100,66.7,B,30-07-2024,2024-25
STU0165,Midterm,HIN2,100,90.1,A+,30-07-2023,2023-24
STU0073,Final,EVSUKG,100,100.0,A+,26-01-2025,2024-25
STU0424,Midterm,SCI9,100,58.3,C,30-07-2024,2024-25
STU0159,Final,ENG3,100,72.0,B+,26-01-2026,2025-26
STU0351,Unit Test 2,ART6,50,36.8,B+,28-10-2023,2023-24
STU0358,Final,ENG8,100,83.6,A,26-01-2026,2025-26
STU0073,Unit Test 1,MATHUKG,100,59.1,C,31-05-2024,2024-25
STU0211,Unit Test 1,SCI4,100,57.4,C,31-05-2024,2024-25
STU0132,Unit Test 1,HIN1,100,74.9,B+,31-05-2023,2023-24
STU0420,Unit Test 2,ART8,50,43.3,A,28-10-2023,2023-24
STU0247,Unit Test 2,SST5,100,78.6,B+,28-10-2024,2024-25
STU0020,Final,EVSNursery,100,79.5,B+,26-01-2024,2023-24
STU0336,Final,SST8,100,84.2,A,26-01-2026,2025-26
STU0446,Unit Test 2,HIN10,100,70.0,B+,28-10-2024,2024-25
STU0424,Final,HIN10,100,68.7,B,26-01-2026,2025-26
STU0439,Unit Test 1,SCI8,100,74.6,B+,31-05-2023,2023-24
STU0338,Final,CS8,100,51.4,C,26-01-2026,2025-26
STU0304,Midterm,SST7,100,81.9,A,30-07-2025,2025-26
STU0283,Unit Test 2,MATH5,100,65.2,B,28-10-2023,2023-24
STU0208,Final,ENG5,100,77.9,B+,26-01-2026,2025-26
STU0185,Unit Test 1,ENG2,100,41.5,D,31-05-2023,2023-24
STU0278,Midterm,ART6,50,40.7,A,30-07-2025,2025-26
STU0037,Unit Test 1,EVSLKG,100,52.1,C,31-05-2024,2024-25
STU0308,Midterm,PE5,50,39.9,B+,30-07-2023,2023-24
STU0088,Unit Test 1,TEL2,100,69.7,B,31-05-2025,2025-26
STU0147,Final,SST3,100,57.4,C,26-01-2026,2025-26
STU0384,Final,HIN9,100,100.0,A+,26-01-2026,2025-26
STU0088,Final,MATHUKG,100,69.3,B,26-01-2024,2023-24
STU0277,Final,SCI6,100,70.0,B,26-01-2026,2025-26
STU0439,Final,PE10,50,34.0,B,26-01-2026,2025-26
STU0200,Final,CS3,50,35.8,B+,26-01-2025,2024-25
STU0352,Final,MATH7,100,85.4,A,26-01-2025,2024-25
STU0249,Unit Test 2,HIN6,100,51.3,C,28-10-2025,2025-26
STU0304,Final,HIN7,100,64.7,B,26-01-2026,2025-26
STU0390,Unit Test 1,SST7,100,72.1,B+,31-05-2023,2023-24
STU0407,Final,HIN8,100,53.7,C,26-01-2024,2023-24
STU0262,Unit Test 2,ENG6,100,72.7,B+,28-10-2025,2025-26
STU0390,Midterm,ENG7,100,72.3,B+,30-07-2023,2023-24
STU0017,Unit Test 1,ENGNursery,100,85.3,A,31-05-2023,2023-24
STU0159,Unit Test 1,ENG2,100,64.2,B,31-05-2024,2024-25
STU0441,Final,SCI9,100,67.5,B,26-01-2024,2023-24
STU0301,Final,ART7,50,36.4,B+,26-01-2026,2025-26
STU0139,Unit Test 2,CS3,50,37.6,B+,28-10-2025,2025-26
STU0300,Midterm,SST5,100,99.6,A+,30-07-2023,2023-24
STU0509,Midterm,PE10,50,32.9,B,30-07-2023,2023-24
STU0111,Midterm,TEL2,100,84.8,A,30-07-2025,2025-26
STU0177,Final,SCI4,100,77.6,B+,26-01-2026,2025-26
STU0147,Midterm,SST2,100,85.9,A,30-07-2024,2024-25
STU0171,Final,PE4,50,39.8,B+,26-01-2026,2025-26
STU0211,Unit Test 2,PE4,50,30.0,C,28-10-2024,2024-25
STU0390,Final,HIN8,100,67.4,B,26-01-2025,2024-25
STU0095,Unit Test 2,SCI2,100,81.9,A,28-10-2025,2025-26
STU0475,Unit Test 1,SST10,100,60.4,B,31-05-2024,2024-25
STU0140,Midterm,HIN2,100,79.5,B+,30-07-2024,2024-25
STU0017,Unit Test 1,MATHNursery,100,93.5,A+,31-05-2023,2023-24
STU0323,Unit Test 2,TEL7,100,72.9,B+,28-10-2024,2024-25
STU0287,Unit Test 1,SCI6,100,68.4,B,31-05-2024,2024-25
STU0211,Unit Test 2,HIN4,100,100.0,A+,28-10-2024,2024-25
STU0192,Final,MATH4,100,76.7,B+,26-01-2026,2025-26
STU0357,Final,CS7,100,89.1,A,26-01-2025,2024-25
STU0323,Midterm,SCI7,100,43.9,D,30-07-2024,2024-25
STU0304,Unit Test 1,SCI6,100,91.6,A+,31-05-2024,2024-25
STU0278,Unit Test 1,PE4,50,31.3,B,31-05-2023,2023-24
STU0241,Final,ART6,50,50.0,A+,26-01-2026,2025-26
STU0358,Unit Test 2,PE7,50,31.8,B,28-10-2024,2024-25
STU0189,Final,ENG4,100,78.9,B+,26-01-2026,2025-26
STU0159,Unit Test 2,SCI1,100,94.8,A+,28-10-2023,2023-24
STU0491,Midterm,PE10,50,45.5,A+,30-07-2023,2023-24
STU0338,Unit Test 2,ENG8,100,69.8,B,28-10-2025,2025-26
STU0484,Midterm,CS10,100,66.5,B,30-07-2023,2023-24
STU0366,Final,MATH7,100,54.3,C,26-01-2024,2023-24
STU0102,Midterm,HIN1,100,62.4,B,30-07-2024,2024-25
STU0282,Unit Test 1,SCI6,100,78.8,B+,31-05-2024,2024-25
STU0323,Final,MATH7,100,79.8,B+,26-01-2025,2024-25
STU0416,Midterm,MATH10,100,76.3,B+,30-07-2025,2025-26
STU0416,Unit Test 1,ART9,50,38.2,B+,31-05-2024,2024-25
STU0391,Midterm,ART8,50,34.3,B,30-07-2024,2024-25
STU0139,Unit Test 1,SCI1,100,59.0,C,31-05-2023,2023-24
STU0381,Midterm,TEL8,100,58.8,C,30-07-2024,2024-25
STU0037,Unit Test 2,EVSNursery,100,75.7,B+,28-10-2023,2023-24
STU0200,Unit Test 2,TEL2,100,68.5,B,28-10-2023,2023-24
STU0185,Final,SST4,100,86.3,A,26-01-2026,2025-26
STU0352,Midterm,TEL7,100,43.1,D,30-07-2024,2024-25
STU0037,Final,ARTLKG,50,35.1,B+,26-01-2025,2024-25
STU0184,Midterm,PE3,50,50.0,A+,30-07-2024,2024-25
STU0200,Final,ENG3,100,57.0,C,26-01-2025,2024-25
STU0155,Midterm,SCI3,100,58.5,C,30-07-2025,2025-26
STU0017,Final,ARTUKG,50,26.4,C,26-01-2026,2025-26
STU0165,Unit Test 2,SST3,100,53.6,C,28-10-2024,2024-25
STU0249,Midterm,CS5,50,29.7,C,30-07-2024,2024-25
STU0231,Final,CS3,50,42.8,A,26-01-2024,2023-24
STU0446,Unit Test 1,ENG9,100,91.3,A+,31-05-2023,2023-24
STU0332,Midterm,CS6,100,79.8,B+,30-07-2023,2023-24
STU0158,Unit Test 1,CS1,50,23.9,D,31-05-2023,2023-24
STU0407,Unit Test 2,PE8,50,25.9,C,28-10-2023,2023-24
STU0132,Unit Test 2,ENG1,100,43.0,D,28-10-2023,2023-24
STU0087,Unit Test 2,HIN1,100,40.1,D,28-10-2024,2024-25
STU0037,Unit Test 2,MATHNursery,100,78.4,B+,28-10-2023,2023-24
STU0332,Unit Test 2,HIN8,100,68.6,B,28-10-2025,2025-26
STU0384,Midterm,MATH9,100,58.8,C,30-07-2025,2025-26
STU0149,Midterm,MATH3,100,52.0,C,30-07-2025,2025-26
STU0441,Unit Test 2,PE9,50,26.0,C,28-10-2023,2023-24
STU0439,Unit Test 1,ENG8,100,73.4,B+,31-05-2023,2023-24
STU0381,Final,ART7,50,38.5,B+,26-01-2024,2023-24
STU0424,Final,MATH8,100,95.4,A+,26-01-2024,2023-24
STU0420,Midterm,TEL10,100,55.3,C,30-07-2025,2025-26
STU0287,Midterm,CS5,50,30.2,B,30-07-2023,2023-24
STU0515,Midterm,TEL10,100,69.9,B,30-07-2023,2023-24
STU0423,Unit Test 1,PE10,50,50.0,A+,31-05-2025,2025-26
STU0470,Midterm,ENG9,100,80.3,A,30-07-2023,2023-24
STU0249,Unit Test 1,ENG4,100,67.4,B,31-05-2023,2023-24
STU0107,Unit Test 2,SCI2,100,34.5,F,28-10-2025,2025-26
STU0278,Unit Test 2,MATH4,100,89.8,A,28-10-2023,2023-24
STU0016,Unit Test 1,HINNursery,100,61.9,B,31-05-2023,2023-24
STU0332,Unit Test 2,SST8,100,58.5,C,28-10-2025,2025-26
STU0465,Unit Test 2,MATH9,100,63.0,B,28-10-2023,2023-24
STU0139,Final,MATH2,100,72.5,B+,26-01-2025,2024-25
STU0132,Midterm,SST2,100,92.2,A+,30-07-2024,2024-25
STU0177,Final,ENG4,100,50.3,C,26-01-2026,2025-26
STU0277,Midterm,HIN5,100,65.2,B,30-07-2024,2024-25
STU0360,Unit Test 2,ART7,50,39.5,B+,28-10-2024,2024-25
STU0102,Final,HINUKG,100,85.7,A,26-01-2024,2023-24
STU0364,Final,ENG9,100,61.0,B,26-01-2026,2025-26
STU0241,Unit Test 1,SCI4,100,42.4,D,31-05-2023,2023-24
STU0475,Unit Test 2,CS10,100,75.1,B+,28-10-2024,2024-25
STU0283,Final,ENG7,100,39.0,F,26-01-2026,2025-26
STU0171,Unit Test 1,ENG3,100,55.6,C,31-05-2024,2024-25
STU0308,Unit Test 2,CS7,100,81.6,A,28-10-2025,2025-26
STU0366,Unit Test 2,ART8,50,39.1,B+,28-10-2024,2024-25
STU0095,Unit Test 2,ENG2,100,82.4,A,28-10-2025,2025-26
STU0271,Final,SST6,100,70.0,B,26-01-2026,2025-26
STU0300,Unit Test 2,PE7,50,33.1,B,28-10-2025,2025-26
STU0073,Final,CS1,50,38.9,B+,26-01-2026,2025-26
STU0278,Final,MATH4,100,64.1,B,26-01-2024,2023-24
STU0102,Final,TEL1,100,59.9,C,26-01-2025,2024-25
STU0444,Final,PE10,50,35.2,B+,26-01-2025,2024-25
STU0287,Midterm,MATH7,100,65.5,B,30-07-2025,2025-26
STU0132,Midterm,TEL1,100,82.4,A,30-07-2023,2023-24
STU0366,Final,HIN9,100,74.7,B+,26-01-2026,2025-26
STU0336,Midterm,SCI8,100,100.0,A+,30-07-2025,2025-26
STU0249,Midterm,ENG4,100,63.0,B,30-07-2023,2023-24
STU0424,Unit Test 1,PE10,50,44.7,A,31-05-2025,2025-26
STU0037,Midterm,TELUKG,100,74.0,B+,30-07-2025,2025-26
STU0323,Unit Test 2,MATH7,100,63.6,B,28-10-2024,2024-25
STU0420,Unit Test 2,ART10,50,35.4,B+,28-10-2025,2025-26
STU0439,Unit Test 1,TEL8,100,62.2,B,31-05-2023,2023-24
STU0320,Unit Test 1,HIN5,100,62.3,B,31-05-2023,2023-24
STU0390,Unit Test 2,SCI8,100,76.1,B+,28-10-2024,2024-25
STU0177,Unit Test 2,PE4,50,34.3,B,28-10-2025,2025-26
STU0423,Unit Test 1,SST9,100,59.4,C,31-05-2024,2024-25
STU0309,Final,SST7,100,78.6,B+,26-01-2026,2025-26
STU0323,Final,ART7,50,27.5,C,26-01-2025,2024-25
STU0308,Unit Test 1,ENG5,100,100.0,A+,31-05-2023,2023-24
STU0320,Final,ENG7,100,85.5,A,26-01-2026,2025-26
STU0208,Unit Test 1,ENG4,100,68.4,B,31-05-2024,2024-25
STU0357,Midterm,MATH7,100,81.1,A,30-07-2024,2024-25
STU0459,Final,SST10,100,69.6,B,26-01-2025,2024-25
STU0459,Final,MATH9,100,66.3,B,26-01-2024,2023-24
STU0271,Midterm,CS6,100,88.3,A,30-07-2025,2025-26
STU0271,Final,PE6,50,46.1,A+,26-01-2026,2025-26
STU0328,Final,SST8,100,82.8,A,26-01-2026,2025-26
STU0420,Midterm,SCI8,100,100.0,A+,30-07-2023,2023-24
STU0300,Unit Test 1,ENG7,100,72.3,B+,31-05-2025,2025-26
STU0446,Midterm,SCI10,100,100.0,A+,30-07-2024,2024-25
STU0338,Unit Test 1,HIN8,100,98.7,A+,31-05-2025,2025-26
STU0320,Unit Test 1,PE6,50,37.5,B+,31-05-2024,2024-25
STU0020,Midterm,ENGLKG,100,68.5,B,30-07-2024,2024-25
STU0390,Unit Test 2,ENG7,100,84.0,A,28-10-2023,2023-24
STU0087,Midterm,MATH1,100,47.2,D,30-07-2024,2024-25
STU0177,Unit Test 2,CS4,50,44.7,A,28-10-2025,2025-26
STU0381,Midterm,SCI9,100,57.6,C,30-07-2025,2025-26
STU0515,Midterm,CS10,100,77.2,B+,30-07-2023,2023-24
STU0384,Final,ART9,50,31.2,B,26-01-2026,2025-26
STU0356,Midterm,TEL7,100,29.2,F,30-07-2024,2024-25
STU0153,Final,SST2,100,62.8,B,26-01-2025,2024-25
STU0158,Midterm,SCI3,100,41.9,D,30-07-2025,2025-26
STU0161,Unit Test 2,TEL3,100,60.9,B,28-10-2024,2024-25
STU0093,Midterm,ENG2,100,79.1,B+,30-07-2025,2025-26
STU0020,Unit Test 1,TELUKG,100,41.3,D,31-05-2025,2025-26
STU0309,Final,CS7,100,78.5,B+,26-01-2026,2025-26
STU0037,Unit Test 2,ARTUKG,50,33.5,B,28-10-2025,2025-26
STU0184,Unit Test 1,TEL2,100,59.3,C,31-05-2023,2023-24
STU0439,Unit Test 1,SCI9,100,71.1,B+,31-05-2024,2024-25
STU0420,Unit Test 1,MATH9,100,78.5,B+,31-05-2024,2024-25
STU0283,Final,SCI6,100,81.3,A,26-01-2025,2024-25
STU0050,Final,ARTLKG,50,35.8,B+,26-01-2024,2023-24
STU0416,Final,CS8,100,72.0,B+,26-01-2024,2023-24
STU0282,Unit Test 2,MATH5,100,86.8,A,28-10-2023,2023-24
STU0481,Midterm,TEL10,100,71.2,B+,30-07-2023,2023-24
STU0391,Midterm,MATH9,100,78.6,B+,30-07-2025,2025-26
STU0416,Unit Test 1,ART10,50,40.7,A,31-05-2025,2025-26
STU0196,Final,SST3,100,91.9,A+,26-01-2025,2024-25
STU0420,Final,MATH10,100,63.4,B,26-01-2026,2025-26
STU0196,Unit Test 2,CS3,50,33.2,B,28-10-2024,2024-25
STU0366,Unit Test 2,ART7,50,34.0,B,28-10-2023,2023-24
STU0336,Final,ART7,50,45.0,A+,26-01-2025,2024-25
STU0008,Unit Test 2,HINLKG,100,90.2,A+,28-10-2024,2024-25
STU0459,Unit Test 2,ART10,50,40.9,A,28-10-2024,2024-25
STU0090,Midterm,SST2,100,80.9,A,30-07-2025,2025-26
STU0309,Unit Test 1,HIN5,100,66.9,B,31-05-2023,2023-24
STU0283,Unit Test 2,SST5,100,83.3,A,28-10-2023,2023-24
STU0196,Final,TEL3,100,71.2,B+,26-01-2025,2024-25
STU0277,Unit Test 2,ENG6,100,77.9,B+,28-10-2025,2025-26
STU0088,Unit Test 1,EVSUKG,100,84.2,A,31-05-2023,2023-24
STU0189,Unit Test 2,PE4,50,44.2,A,28-10-2025,2025-26
STU0515,Midterm,PE10,50,38.7,B+,30-07-2023,2023-24
STU0155,Midterm,SST2,100,71.7,B+,30-07-2024,2024-25
STU0423,Midterm,SST9,100,78.7,B+,30-07-2024,2024-25
STU0185,Unit Test 1,SCI4,100,55.8,C,31-05-2025,2025-26
STU0102,Midterm,CS1,50,23.0,D,30-07-2024,2024-25
STU0008,Midterm,EVSNursery,100,56.1,C,30-07-2023,2023-24
STU0444,Unit Test 2,CS9,100,55.6,C,28-10-2023,2023-24
STU0149,Final,ENG1,100,65.6,B,26-01-2024,2023-24
STU0184,Final,HIN3,100,64.6,B,26-01-2025,2024-25
STU0323,Final,HIN8,100,93.9,A+,26-01-2026,2025-26
STU0102,Unit Test 2,MATH2,100,76.5,B+,28-10-2025,2025-26
STU0185,Midterm,MATH4,100,91.8,A+,30-07-2025,2025-26
STU0459,Final,ART9,50,50.0,A+,26-01-2024,2023-24
STU0020,Unit Test 2,MATHNursery,100,56.4,C,28-10-2023,2023-24
STU0165,Unit Test 1,SST2,100,37.8,F,31-05-2023,2023-24
STU0323,Unit Test 1,SST7,100,84.3,A,31-05-2024,2024-25
STU0384,Midterm,SST7,100,87.4,A,30-07-2023,2023-24
STU0352,Unit Test 1,HIN6,100,98.0,A+,31-05-2023,2023-24
STU0336,Midterm,PE8,50,37.2,B+,30-07-2025,2025-26
STU0390,Unit Test 2,TEL7,100,79.1,B+,28-10-2023,2023-24
STU0095,Midterm,SST2,100,60.0,C,30-07-2025,2025-26
STU0301,Unit Test 2,SST5,100,80.3,A,28-10-2023,2023-24
STU0416,Midterm,SST8,100,69.9,B,30-07-2023,2023-24
STU0208,Final,MATH5,100,81.5,A,26-01-2026,2025-26
STU0424,Unit Test 2,CS9,100,68.0,B,28-10-2024,2024-25
STU0139,Midterm,HIN1,100,66.5,B,30-07-2023,2023-24
STU0149,Unit Test 1,PE3,50,34.8,B,31-05-2025,2025-26
STU0153,Midterm,PE1,50,30.9,B,30-07-2023,2023-24
STU0503,Unit Test 1,MATH10,100,71.7,B+,31-05-2023,2023-24
STU0241,Unit Test 2,MATH6,100,63.3,B,28-10-2025,2025-26
STU0161,Final,HIN2,100,77.9,B+,26-01-2024,2023-24
STU0439,Midterm,CS9,100,88.9,A,30-07-2024,2024-25
STU0390,Final,PE9,50,39.3,B+,26-01-2026,2025-26
STU0459,Unit Test 2,MATH9,100,40.9,D,28-10-2023,2023-24
STU0278,Unit Test 1,CS6,100,66.0,B,31-05-2025,2025-26
STU0147,Unit Test 1,HIN3,100,61.1,B,31-05-2025,2025-26
STU0161,Midterm,SST4,100,84.7,A,30-07-2025,2025-26
STU0308,Final,CS5,50,32.9,B,26-01-2024,2023-24
STU0338,Unit Test 1,MATH8,100,77.2,B+,31-05-2025,2025-26
STU0356,Final,ENG6,100,100.0,A+,26-01-2024,2023-24
STU0358,Unit Test 2,ENG7,100,97.5,A+,28-10-2024,2024-25
STU0111,Unit Test 1,CS1,50,41.6,A,31-05-2024,2024-25
STU0196,Unit Test 2,PE3,50,30.6,B,28-10-2024,2024-25
STU0332,Unit Test 2,SST6,100,58.6,C,28-10-2023,2023-24
STU0020,Unit Test 1,HINNursery,100,68.6,B,31-05-2023,2023-24
STU0050,Midterm,TELLKG,100,62.5,B,30-07-2023,2023-24
STU0423,Unit Test 1,ENG10,100,73.9,B+,31-05-2025,2025-26
STU0065,Final,MATH1,100,58.6,C,26-01-2026,2025-26
STU0323,Unit Test 2,CS8,100,69.9,B,28-10-2025,2025-26
STU0300,Unit Test 2,SCI6,100,70.5,B+,28-10-2024,2024-25
STU0423,Unit Test 1,TEL10,100,49.0,D,31-05-2025,2025-26
STU0352,Final,ENG6,100,72.8,B+,26-01-2024,2023-24
STU0020,Unit Test 2,EVSNursery,100,70.5,B+,28-10-2023,2023-24
STU0247,Final,SCI4,100,78.6,B+,26-01-2024,2023-24
STU0208,Unit Test 1,TEL4,100,60.4,B,31-05-2024,2024-25
STU0503,Midterm,MATH10,100,85.3,A,30-07-2023,2023-24
STU0277,Midterm,CS5,50,33.3,B,30-07-2024,2024-25
STU0016,Midterm,MATHNursery,100,61.0,B,30-07-2023,2023-24
STU0503,Final,SST10,100,57.4,C,26-01-2024,2023-24
STU0472,Unit Test 1,TEL9,100,73.3,B+,31-05-2023,2023-24
STU0336,Final,MATH6,100,35.5,F,26-01-2024,2023-24
STU0506,Unit Test 2,MATH10,100,65.7,B,28-10-2023,2023-24
STU0090,Midterm,HIN2,100,95.2,A+,30-07-2025,2025-26
STU0338,Midterm,SST7,100,79.2,B+,30-07-2024,2024-25
STU0439,Unit Test 2,TEL8,100,53.6,C,28-10-2023,2023-24
STU0320,Final,HIN5,100,89.4,A,26-01-2024,2023-24
STU0358,Unit Test 1,PE7,50,40.3,A,31-05-2024,2024-25
STU0509,Unit Test 2,PE10,50,39.6,B+,28-10-2023,2023-24
STU0184,Unit Test 1,SCI2,100,95.7,A+,31-05-2023,2023-24
STU0050,Midterm,HINLKG,100,71.4,B+,30-07-2023,2023-24
STU0231,Unit Test 2,MATH3,100,41.0,D,28-10-2023,2023-24
STU0008,Unit Test 1,TELUKG,100,78.9,B+,31-05-2025,2025-26
STU0384,Final,TEL9,100,53.1,C,26-01-2026,2025-26
STU0097,Final,EVSUKG,100,84.6,A,26-01-2024,2023-24
STU0384,Midterm,ART7,50,29.9,C,30-07-2023,2023-24
STU0262,Unit Test 1,MATH6,100,52.6,C,31-05-2025,2025-26
STU0472,Unit Test 2,SST9,100,57.8,C,28-10-2023,2023-24
STU0231,Unit Test 2,MATH5,100,100.0,A+,28-10-2025,2025-26
STU0153,Midterm,ENG2,100,50.6,C,30-07-2024,2024-25
STU0155,Unit Test 2,CS2,50,38.3,B+,28-10-2024,2024-25
STU0352,Midterm,SCI7,100,87.4,A,30-07-2024,2024-25
STU0364,Unit Test 1,CS8,100,64.3,B,31-05-2024,2024-25
STU0247,Unit Test 1,HIN5,100,81.6,A,31-05-2024,2024-25
STU0090,Unit Test 2,HIN2,100,63.9,B,28-10-2025,2025-26
STU0465,Unit Test 1,CS10,100,80.4,A,31-05-2024,2024-25
STU0381,Midterm,ART8,50,31.4,B,30-07-2024,2024-25
STU0090,Unit Test 2,EVSUKG,100,93.3,A+,28-10-2023,2023-24
STU0247,Unit Test 1,SST5,100,77.5,B+,31-05-2024,2024-25
STU0283,Unit Test 2,SCI6,100,73.1,B+,28-10-2024,2024-25
STU0364,Unit Test 2,SST8,100,91.5,A+,28-10-2024,2024-25
STU0358,Unit Test 2,ART7,50,30.9,B,28-10-2024,2024-25
STU0407,Unit Test 1,SST8,100,56.7,C,31-05-2023,2023-24
STU0351,Final,ENG7,100,47.6,D,26-01-2025,2024-25
STU0328,Unit Test 1,ART8,50,36.8,B+,31-05-2025,2025-26
STU0147,Unit Test 2,TEL3,100,77.9,B+,28-10-2025,2025-26
STU0390,Unit Test 1,PE7,50,16.3,F,31-05-2023,2023-24
STU0132,Unit Test 1,TEL3,100,80.2,A,31-05-2025,2025-26
STU0241,Final,HIN4,100,60.2,B,26-01-2024,2023-24
STU0139,Midterm,SST3,100,73.2,B+,30-07-2025,2025-26
STU0338,Final,ART7,50,34.1,B,26-01-2025,2024-25
STU0381,Unit Test 1,ART7,50,39.1,B+,31-05-2023,2023-24
STU0407,Unit Test 2,ENG9,100,73.4,B+,28-10-2024,2024-25
STU0360,Unit Test 1,ENG6,100,74.5,B+,31-05-2023,2023-24
STU0470,Midterm,SCI10,100,75.3,B+,30-07-2024,2024-25
STU0287,Final,TEL7,100,68.0,B,26-01-2026,2025-26
STU0357,Final,ART7,50,37.8,B+,26-01-2025,2024-25
STU0037,Midterm,TELLKG,100,76.6,B+,30-07-2024,2024-25
STU0459,Midterm,HIN10,100,65.2,B,30-07-2024,2024-25
STU0300,Midterm,SCI5,100,72.4,B+,30-07-2023,2023-24
STU0416,Unit Test 2,TEL8,100,80.8,A,28-10-2023,2023-24
STU0503,Midterm,HIN10,100,60.3,B,30-07-2023,2023-24
STU0424,Unit Test 2,PE10,50,42.4,A,28-10-2025,2025-26
STU0359,Unit Test 1,PE6,50,32.4,B,31-05-2023,2023-24
STU0308,Unit Test 2,HIN7,100,49.5,D,28-10-2025,2025-26
STU0366,Midterm,TEL8,100,87.5,A,30-07-2024,2024-25
STU0158,Unit Test 1,TEL1,100,78.3,B+,31-05-2023,2023-24
STU0093,Midterm,ARTUKG,50,34.1,B,30-07-2023,2023-24
STU0037,Midterm,ARTUKG,50,37.3,B+,30-07-2025,2025-26
STU0465,Midterm,HIN10,100,63.4,B,30-07-2024,2024-25
STU0465,Unit Test 2,HIN9,100,92.5,A+,28-10-2023,2023-24
STU0087,Unit Test 1,ENG1,100,85.7,A,31-05-2024,2024-25
STU0087,Midterm,ARTUKG,50,43.0,A,30-07-2023,2023-24
STU0208,Unit Test 2,SST4,100,68.9,B,28-10-2024,2024-25
STU0364,Final,TEL7,100,88.5,A,26-01-2024,2023-24
STU0202,Final,ENG3,100,75.6,B+,26-01-2024,2023-24
STU0352,Unit Test 2,HIN6,100,59.3,C,28-10-2023,2023-24
STU0017,Unit Test 2,ENGNursery,100,69.4,B,28-10-2023,2023-24
STU0356,Final,PE6,50,37.6,B+,26-01-2024,2023-24
STU0271,Unit Test 2,ENG4,100,63.2,B,28-10-2023,2023-24
STU0475,Final,MATH9,100,68.8,B,26-01-2024,2023-24
STU0249,Unit Test 2,TEL5,100,54.2,C,28-10-2024,2024-25
STU0161,Final,CS4,50,47.7,A+,26-01-2026,2025-26
STU0351,Unit Test 2,MATH7,100,64.7,B,28-10-2024,2024-25
STU0159,Final,ENG1,100,53.6,C,26-01-2024,2023-24
STU0308,Final,ENG6,100,79.4,B+,26-01-2025,2024-25
STU0189,Midterm,CS3,50,37.3,B+,30-07-2024,2024-25
STU0328,Midterm,SCI6,100,60.2,B,30-07-2023,2023-24
STU0308,Unit Test 2,SST7,100,60.2,B,28-10-2025,2025-26
STU0149,Unit Test 1,MATH3,100,65.8,B,31-05-2025,2025-26
STU0470,Final,SCI10,100,78.3,B+,26-01-2025,2024-25
STU0109,Final,ENGUKG,100,83.2,A,26-01-2024,2023-24
STU0097,Midterm,TEL1,100,89.8,A,30-07-2024,2024-25
STU0037,Final,TELUKG,100,85.3,A,26-01-2026,2025-26
STU0241,Midterm,HIN5,100,72.3,B+,30-07-2024,2024-25
STU0184,Unit Test 1,CS3,50,32.0,B,31-05-2024,2024-25
STU0282,Unit Test 2,SCI5,100,60.9,B,28-10-2023,2023-24
STU0323,Final,TEL6,100,74.0,B+,26-01-2024,2023-24
STU0097,Unit Test 2,MATH1,100,82.0,A,28-10-2024,2024-25
STU0241,Unit Test 2,HIN5,100,74.4,B+,28-10-2024,2024-25
STU0192,Unit Test 1,HIN2,100,33.0,F,31-05-2023,2023-24
STU0391,Unit Test 2,ART8,50,39.1,B+,28-10-2024,2024-25
STU0352,Unit Test 1,TEL7,100,75.8,B+,31-05-2024,2024-25
STU0231,Midterm,PE3,50,36.5,B+,30-07-2023,2023-24
STU0090,Final,MATHUKG,100,68.2,B,26-01-2024,2023-24
STU0472,Unit Test 1,ENG9,100,86.5,A,31-05-2023,2023-24
STU0017,Unit Test 1,EVSNursery,100,67.5,B,31-05-2023,2023-24
STU0016,Unit Test 2,TELNursery,100,82.8,A,28-10-2023,2023-24
STU0132,Unit Test 1,SCI1,100,64.9,B,31-05-2023,2023-24
STU0416,Midterm,ENG8,100,72.5,B+,30-07-2023,2023-24
STU0262,Midterm,HIN4,100,81.0,A,30-07-2023,2023-24
STU0352,Final,PE8,50,31.8,B,26-01-2026,2025-26
STU0088,Unit Test 1,HIN1,100,66.4,B,31-05-2024,2024-25
STU0441,Final,HIN9,100,76.1,B+,26-01-2024,2023-24
STU0484,Unit Test 1,ENG10,100,83.4,A,31-05-2023,2023-24
STU0366,Final,PE7,50,43.3,A,26-01-2024,2023-24
STU0192,Unit Test 2,TEL2,100,62.9,B,28-10-2023,2023-24
STU0024,Unit Test 1,EVSNursery,100,75.1,B+,31-05-2023,2023-24
STU0472,Midterm,ENG9,100,68.0,B,30-07-2023,2023-24
STU0472,Midterm,SCI9,100,79.7,B+,30-07-2023,2023-24
STU0008,Midterm,MATHNursery,100,78.3,B+,30-07-2023,2023-24
STU0301,Midterm,SST5,100,47.2,D,30-07-2023,2023-24
STU0147,Unit Test 1,CS3,50,25.8,C,31-05-2025,2025-26
STU0358,Unit Test 2,MATH8,100,80.9,A,28-10-2025,2025-26
STU0278,Midterm,SST4,100,76.0,B+,30-07-2023,2023-24
STU0444,Midterm,SST9,100,79.6,B+,30-07-2023,2023-24
STU0278,Unit Test 1,TEL6,100,96.9,A+,31-05-2025,2025-26
STU0366,Unit Test 2,HIN8,100,70.2,B+,28-10-2024,2024-25
STU0065,Final,HINUKG,100,73.8,B+,26-01-2025,2024-25
STU0020,Midterm,ARTNursery,50,40.2,A,30-07-2023,2023-24
STU0149,Unit Test 2,ENG3,100,44.6,D,28-10-2025,2025-26
STU0407,Midterm,HIN8,100,76.2,B+,30-07-2023,2023-24
STU0459,Unit Test 1,TEL9,100,71.2,B+,31-05-2023,2023-24
STU0384,Unit Test 1,SCI7,100,68.2,B,31-05-2023,2023-24
STU0109,Unit Test 1,ARTUKG,50,44.8,A,31-05-2023,2023-24
STU0283,Midterm,CS7,100,71.6,B+,30-07-2025,2025-26
STU0277,Midterm,SST4,100,45.8,D,30-07-2023,2023-24
STU0192,Midterm,CS3,50,34.0,B,30-07-2024,2024-25
STU0381,Midterm,CS9,100,75.1,B+,30-07-2025,2025-26
STU0503,Final,TEL10,100,78.1,B+,26-01-2024,2023-24
STU0459,Unit Test 1,CS10,100,84.3,A,31-05-2024,2024-25
STU0423,Midterm,ENG9,100,74.3,B+,30-07-2024,2024-25
STU0423,Final,CS10,100,60.7,B,26-01-2026,2025-26
STU0472,Unit Test 2,MATH9,100,96.5,A+,28-10-2023,2023-24
STU0185,Final,PE4,50,47.0,A+,26-01-2026,2025-26
STU0439,Midterm,PE9,50,24.0,D,30-07-2024,2024-25
STU0352,Unit Test 2,PE6,50,47.7,A+,28-10-2023,2023-24
STU0211,Unit Test 1,HIN5,100,71.4,B+,31-05-2025,2025-26
STU0439,Unit Test 1,PE10,50,42.3,A,31-05-2025,2025-26
STU0423,Unit Test 1,HIN10,100,77.9,B+,31-05-2025,2025-26
STU0107,Midterm,PE1,50,23.5,D,30-07-2024,2024-25
STU0087,Unit Test 2,ENG1,100,77.5,B+,28-10-2024,2024-25
STU0111,Final,ENG1,100,49.7,D,26-01-2025,2024-25
STU0364,Midterm,SST7,100,48.3,D,30-07-2023,2023-24
STU0283,Midterm,SCI5,100,64.1,B,30-07-2023,2023-24
STU0262,Unit Test 1,HIN6,100,93.5,A+,31-05-2025,2025-26
STU0262,Unit Test 1,SCI5,100,77.9,B+,31-05-2024,2024-25
STU0336,Unit Test 2,CS7,100,91.5,A+,28-10-2024,2024-25
STU0301,Unit Test 1,HIN6,100,70.1,B+,31-05-2024,2024-25
STU0356,Unit Test 1,SCI7,100,57.9,C,31-05-2024,2024-25
STU0283,Midterm,CS5,50,34.0,B,30-07-2023,2023-24
STU0247,Final,PE5,50,36.6,B+,26-01-2025,2024-25
STU0247,Unit Test 1,PE4,50,50.0,A+,31-05-2023,2023-24
STU0171,Unit Test 1,PE2,50,18.8,F,31-05-2023,2023-24
STU0097,Unit Test 2,ENG1,100,67.1,B,28-10-2024,2024-25
STU0336,Unit Test 1,HIN8,100,87.8,A,31-05-2025,2025-26
STU0416,Unit Test 1,MATH9,100,74.9,B+,31-05-2024,2024-25
STU0381,Final,ENG9,100,83.7,A,26-01-2026,2025-26
STU0271,Final,ART6,50,32.4,B,26-01-2026,2025-26
STU0320,Final,MATH5,100,66.9,B,26-01-2024,2023-24
STU0328,Unit Test 2,HIN8,100,73.6,B+,28-10-2025,2025-26
STU0097,Unit Test 1,TEL1,100,68.4,B,31-05-2024,2024-25
STU0159,Unit Test 1,TEL2,100,83.0,A,31-05-2024,2024-25
STU0161,Unit Test 1,HIN4,100,87.1,A,31-05-2025,2025-26
STU0424,Midterm,ART8,50,34.2,B,30-07-2023,2023-24
STU0102,Unit Test 1,PE2,50,42.1,A,31-05-2025,2025-26
STU0262,Unit Test 1,ENG6,100,81.0,A,31-05-2025,2025-26
STU0202,Final,SST3,100,62.4,B,26-01-2024,2023-24
STU0165,Unit Test 1,SST4,100,85.9,A,31-05-2025,2025-26
STU0159,Midterm,MATH2,100,65.3,B,30-07-2024,2024-25
STU0020,Final,HINNursery,100,85.9,A,26-01-2024,2023-24
STU0278,Unit Test 1,TEL5,100,76.1,B+,31-05-2024,2024-25
STU0364,Unit Test 2,ENG9,100,77.9,B+,28-10-2025,2025-26
STU0189,Midterm,CS2,50,28.9,C,30-07-2023,2023-24
STU0320,Unit Test 1,CS7,100,100.0,A+,31-05-2025,2025-26
STU0017,Final,TELLKG,100,74.7,B+,26-01-2025,2024-25
STU0351,Unit Test 1,ART8,50,42.0,A,31-05-2025,2025-26
STU0390,Final,ENG9,100,55.7,C,26-01-2026,2025-26
STU0407,Midterm,SST10,100,76.6,B+,30-07-2025,2025-26
STU0278,Unit Test 2,CS4,50,50.0,A+,28-10-2023,2023-24
STU0189,Unit Test 1,SST3,100,72.0,B+,31-05-2024,2024-25
STU0211,Unit Test 1,HIN4,100,69.1,B,31-05-2024,2024-25
STU0132,Unit Test 2,SST1,100,61.6,B,28-10-2023,2023-24
STU0515,Final,SCI10,100,90.0,A,26-01-2024,2023-24
STU0024,Final,EVSNursery,100,71.8,B+,26-01-2024,2023-24
STU0513,Midterm,TEL10,100,85.8,A,30-07-2023,2023-24
STU0381,Unit Test 1,SST7,100,45.7,D,31-05-2023,2023-24
STU0277,Unit Test 2,HIN5,100,65.1,B,28-10-2024,2024-25
STU0024,Unit Test 2,TELLKG,100,76.6,B+,28-10-2024,2024-25
STU0090,Final,HIN2,100,64.8,B,26-01-2026,2025-26
STU0231,Unit Test 1,TEL4,100,75.2,B+,31-05-2024,2024-25
STU0338,Final,PE8,50,41.1,A,26-01-2026,2025-26
STU0384,Unit Test 1,MATH9,100,67.0,B,31-05-2025,2025-26
STU0364,Unit Test 1,TEL8,100,64.2,B,31-05-2024,2024-25
STU0159,Final,CS1,50,34.4,B,26-01-2024,2023-24
STU0020,Midterm,MATHLKG,100,51.1,C,30-07-2024,2024-25
STU0300,Unit Test 2,SST7,100,90.4,A+,28-10-2025,2025-26
STU0300,Midterm,ENG6,100,100.0,A+,30-07-2024,2024-25
STU0155,Final,SCI2,100,57.1,C,26-01-2025,2024-25
STU0161,Unit Test 1,HIN3,100,86.5,A,31-05-2024,2024-25
STU0356,Unit Test 1,SST7,100,90.7,A+,31-05-2024,2024-25
STU0407,Final,MATH9,100,75.7,B+,26-01-2025,2024-25
STU0304,Unit Test 1,TEL6,100,81.0,A,31-05-2024,2024-25
STU0277,Unit Test 2,CS5,50,39.4,B+,28-10-2024,2024-25
STU0208,Final,PE4,50,29.4,C,26-01-2025,2024-25
STU0446,Unit Test 2,SCI9,100,79.7,B+,28-10-2023,2023-24
STU0016,Unit Test 2,ENGNursery,100,50.0,C,28-10-2023,2023-24
STU0149,Final,CS2,50,33.3,B,26-01-2025,2024-25
STU0200,Unit Test 2,MATH4,100,70.0,B+,28-10-2025,2025-26
STU0249,Unit Test 2,ENG5,100,72.7,B+,28-10-2024,2024-25
STU0111,Midterm,MATHUKG,100,58.7,C,30-07-2023,2023-24
STU0332,Unit Test 1,SCI8,100,62.1,B,31-05-2025,2025-26
STU0247,Unit Test 2,ENG6,100,88.7,A,28-10-2025,2025-26
STU0177,Unit Test 1,TEL2,100,86.1,A,31-05-2023,2023-24
STU0161,Unit Test 2,SST4,100,76.9,B+,28-10-2025,2025-26
STU0381,Final,HIN9,100,67.5,B,26-01-2026,2025-26
STU0024,Unit Test 1,ARTUKG,50,28.4,C,31-05-2025,2025-26
STU0465,Midterm,MATH9,100,96.6,A+,30-07-2023,2023-24
STU0332,Unit Test 1,MATH6,100,59.7,C,31-05-2023,2023-24
STU0506,Unit Test 1,TEL10,100,100.0,A+,31-05-2023,2023-24
STU0102,Midterm,ENG2,100,76.3,B+,30-07-2025,2025-26
STU0351,Final,TEL7,100,70.4,B+,26-01-2025,2024-25
STU0328,Unit Test 1,ART6,50,33.9,B,31-05-2023,2023-24
STU0332,Unit Test 2,PE8,50,29.5,C,28-10-2025,2025-26
STU0184,Final,SCI2,100,62.5,B,26-01-2024,2023-24
STU0352,Unit Test 2,CS8,100,93.7,A+,28-10-2025,2025-26
STU0364,Midterm,HIN8,100,71.7,B+,30-07-2024,2024-25
STU0158,Midterm,SST2,100,54.5,C,30-07-2024,2024-25
STU0323,Unit Test 2,CS6,100,72.2,B+,28-10-2023,2023-24
STU0360,Midterm,PE7,50,38.1,B+,30-07-2024,2024-25
STU0506,Final,MATH10,100,98.7,A+,26-01-2024,2023-24
STU0323,Unit Test 1,TEL6,100,78.8,B+,31-05-2023,2023-24
STU0097,Midterm,ARTUKG,50,45.8,A+,30-07-2023,2023-24
STU0407,Unit Test 1,MATH9,100,73.5,B+,31-05-2024,2024-25
STU0359,Unit Test 1,TEL8,100,68.2,B,31-05-2025,2025-26
STU0087,Unit Test 2,ENG2,100,48.9,D,28-10-2025,2025-26
STU0102,Midterm,MATH1,100,66.2,B,30-07-2024,2024-25
STU0208,Final,SST3,100,72.9,B+,26-01-2024,2023-24
STU0097,Midterm,PE2,50,31.8,B,30-07-2025,2025-26
STU0111,Midterm,PE1,50,33.5,B,30-07-2024,2024-25
STU0384,Midterm,CS8,100,70.7,B+,30-07-2024,2024-25
STU0336,Unit Test 1,CS8,100,49.2,D,31-05-2025,2025-26
STU0465,Final,HIN10,100,91.8,A+,26-01-2025,2024-25
STU0153,Final,SCI3,100,66.0,B,26-01-2026,2025-26
STU0073,Midterm,MATHUKG,100,64.7,B,30-07-2024,2024-25
STU0196,Final,SCI2,100,90.4,A+,26-01-2024,2023-24
STU0300,Unit Test 2,ART6,50,35.4,B+,28-10-2024,2024-25
STU0472,Final,CS9,100,69.6,B,26-01-2024,2023-24
STU0132,Unit Test 2,HIN3,100,83.0,A,28-10-2025,2025-26
STU0008,Unit Test 1,ENGNursery,100,94.9,A+,31-05-2023,2023-24
STU0090,Midterm,SCI1,100,58.4,C,30-07-2024,2024-25
STU0283,Midterm,ART6,50,29.8,C,30-07-2024,2024-25
STU0359,Midterm,HIN7,100,69.4,B,30-07-2024,2024-25
STU0356,Midterm,SST6,100,94.1,A+,30-07-2023,2023-24
STU0140,Final,ENG1,100,54.2,C,26-01-2024,2023-24
STU0065,Unit Test 1,ENGLKG,100,78.0,B+,31-05-2023,2023-24
STU0016,Midterm,HINUKG,100,84.9,A,30-07-2025,2025-26
STU0360,Final,SST8,100,73.7,B+,26-01-2026,2025-26
STU0189,Final,CS3,50,28.1,C,26-01-2025,2024-25
STU0087,Unit Test 2,CS1,50,34.1,B,28-10-2024,2024-25
STU0328,Unit Test 1,SCI7,100,77.1,B+,31-05-2024,2024-25
STU0073,Final,TELUKG,100,73.2,B+,26-01-2025,2024-25
STU0278,Unit Test 1,SST5,100,58.3,C,31-05-2024,2024-25
STU0171,Unit Test 2,MATH4,100,47.9,D,28-10-2025,2025-26
STU0391,Unit Test 2,ENG8,100,72.2,B+,28-10-2024,2024-25
STU0439,Final,SST9,100,60.7,B,26-01-2025,2024-25
STU0308,Midterm,SST7,100,61.2,B,30-07-2025,2025-26
STU0300,Midterm,MATH7,100,82.2,A,30-07-2025,2025-26
STU0416,Unit Test 1,CS8,100,73.3,B+,31-05-2023,2023-24
STU0366,Unit Test 2,MATH7,100,68.6,B,28-10-2023,2023-24
STU0241,Midterm,ART6,50,25.4,C,30-07-2025,2025-26
STU0109,Unit Test 2,MATH1,100,69.2,B,28-10-2024,2024-25
STU0282,Unit Test 2,TEL7,100,87.6,A,28-10-2025,2025-26
STU0384,Midterm,HIN7,100,61.1,B,30-07-2023,2023-24
STU0073,Unit Test 1,PE1,50,35.1,B+,31-05-2025,2025-26
STU0107,Final,SST1,100,69.5,B,26-01-2025,2024-25
STU0165,Final,MATH2,100,78.9,B+,26-01-2024,2023-24
STU0249,Final,SCI6,100,56.6,C,26-01-2026,2025-26
STU0020,Unit Test 2,ENGNursery,100,52.7,C,28-10-2023,2023-24
STU0088,Midterm,MATH1,100,67.6,B,30-07-2024,2024-25
STU0390,Unit Test 1,ENG9,100,55.7,C,31-05-2025,2025-26
STU0093,Unit Test 2,SCI2,100,61.9,B,28-10-2025,2025-26
STU0390,Final,MATH7,100,86.0,A,26-01-2024,2023-24
STU0301,Final,PE7,50,31.6,B,26-01-2026,2025-26
STU0024,Unit Test 2,ENGLKG,100,65.4,B,28-10-2024,2024-25
STU0102,Unit Test 1,ARTUKG,50,41.4,A,31-05-2023,2023-24
STU0249,Final,MATH5,100,77.4,B+,26-01-2025,2024-25
STU0475,Unit Test 2,PE9,50,42.5,A,28-10-2023,2023-24
STU0444,Unit Test 2,TEL9,100,89.0,A,28-10-2023,2023-24
STU0090,Unit Test 1,CS1,50,33.4,B,31-05-2024,2024-25
STU0356,Unit Test 2,TEL6,100,58.5,C,28-10-2023,2023-24
STU0241,Unit Test 1,HIN4,100,65.1,B,31-05-2023,2023-24
STU0211,Final,MATH3,100,72.0,B+,26-01-2024,2023-24
STU0147,Unit Test 2,SCI2,100,70.5,B+,28-10-2024,2024-25
STU0140,Unit Test 1,SCI2,100,45.0,D,31-05-2024,2024-25
STU0491,Midterm,HIN10,100,73.8,B+,30-07-2023,2023-24
STU0446,Midterm,MATH10,100,87.0,A,30-07-2024,2024-25
STU0357,Midterm,MATH6,100,64.9,B,30-07-2023,2023-24
STU0158,Unit Test 1,SST3,100,67.5,B,31-05-2025,2025-26
STU0184,Midterm,SST2,100,76.2,B+,30-07-2023,2023-24
STU0424,Final,SST10,100,63.8,B,26-01-2026,2025-26
STU0472,Unit Test 2,CS9,100,68.8,B,28-10-2023,2023-24
STU0390,Unit Test 1,SCI8,100,70.3,B+,31-05-2024,2024-25
STU0465,Midterm,ENG10,100,62.9,B,30-07-2024,2024-25
STU0165,Midterm,MATH4,100,55.2,C,30-07-2025,2025-26
STU0304,Midterm,TEL7,100,55.3,C,30-07-2025,2025-26
STU0439,Midterm,MATH9,100,85.3,A,30-07-2024,2024-25
STU0420,Unit Test 1,SST10,100,91.4,A+,31-05-2025,2025-26
STU0420,Final,PE10,50,35.2,B+,26-01-2026,2025-26
STU0102,Midterm,EVSUKG,100,87.2,A,30-07-2023,2023-24
STU0155,Midterm,SST3,100,90.1,A+,30-07-2025,2025-26
STU0158,Unit Test 2,TEL2,100,90.6,A+,28-10-2024,2024-25
STU0247,Unit Test 2,ENG4,100,78.0,B+,28-10-2023,2023-24
STU0513,Midterm,PE10,50,37.4,B+,30-07-2023,2023-24
STU0356,Unit Test 2,ENG6,100,84.9,A,28-10-2023,2023-24
STU0249,Unit Test 2,CS6,100,60.7,B,28-10-2025,2025-26
STU0357,Final,SST6,100,79.1,B+,26-01-2024,2023-24
STU0155,Unit Test 2,HIN3,100,86.0,A,28-10-2025,2025-26
STU0351,Unit Test 2,MATH6,100,54.9,C,28-10-2023,2023-24
STU0090,Final,SCI2,100,78.1,B+,26-01-2026,2025-26
STU0332,Midterm,SCI7,100,55.2,C,30-07-2024,2024-25
STU0153,Midterm,SCI1,100,81.4,A,30-07-2023,2023-24
STU0283,Midterm,TEL7,100,84.8,A,30-07-2025,2025-26
STU0149,Unit Test 2,SST2,100,59.8,C,28-10-2024,2024-25
STU0189,Unit Test 2,PE3,50,24.4,D,28-10-2024,2024-25
STU0332,Unit Test 1,HIN8,100,73.2,B+,31-05-2025,2025-26
STU0109,Unit Test 2,MATH2,100,95.2,A+,28-10-2025,2025-26
STU0352,Unit Test 1,ENG6,100,27.3,F,31-05-2023,2023-24
STU0139,Midterm,SST1,100,73.7,B+,30-07-2023,2023-24
STU0391,Unit Test 2,PE9,50,37.4,B+,28-10-2025,2025-26
STU0017,Unit Test 2,EVSNursery,100,64.1,B,28-10-2023,2023-24
STU0309,Unit Test 2,HIN5,100,72.4,B+,28-10-2023,2023-24
STU0088,Unit Test 2,TEL2,100,100.0,A+,28-10-2025,2025-26
STU0008,Final,ARTUKG,50,49.4,A+,26-01-2026,2025-26
STU0360,Final,PE7,50,47.8,A+,26-01-2025,2024-25
STU0192,Midterm,TEL2,100,79.4,B+,30-07-2023,2023-24
STU0111,Unit Test 2,MATHUKG,100,81.5,A,28-10-2023,2023-24
STU0356,Final,CS7,100,69.9,B,26-01-2025,2024-25
STU0200,Final,SST2,100,47.7,D,26-01-2024,2023-24
STU0189,Final,ENG3,100,86.7,A,26-01-2025,2024-25
STU0407,Unit Test 2,MATH9,100,48.0,D,28-10-2024,2024-25
STU0332,Unit Test 2,MATH8,100,67.7,B,28-10-2025,2025-26
STU0095,Unit Test 1,HIN1,100,79.3,B+,31-05-2024,2024-25
STU0359,Unit Test 2,MATH7,100,43.3,D,28-10-2024,2024-25
STU0095,Unit Test 2,CS1,50,40.9,A,28-10-2024,2024-25
STU0301,Unit Test 1,SST7,100,67.6,B,31-05-2025,2025-26
STU0087,Unit Test 1,CS1,50,33.6,B,31-05-2024,2024-25
STU0277,Unit Test 2,TEL5,100,92.6,A+,28-10-2024,2024-25
STU0391,Unit Test 1,SST9,100,74.0,B+,31-05-2025,2025-26
STU0107,Unit Test 1,CS1,50,40.2,A,31-05-2024,2024-25
STU0247,Midterm,TEL5,100,76.9,B+,30-07-2024,2024-25
STU0364,Midterm,MATH9,100,67.0,B,30-07-2025,2025-26
STU0470,Unit Test 2,PE9,50,40.5,A,28-10-2023,2023-24
STU0073,Unit Test 2,HINUKG,100,58.2,C,28-10-2024,2024-25
STU0087,Midterm,HIN2,100,69.8,B,30-07-2025,2025-26
STU0277,Unit Test 2,SST6,100,64.8,B,28-10-2025,2025-26
STU0352,Unit Test 2,MATH6,100,71.7,B+,28-10-2023,2023-24
STU0332,Unit Test 1,TEL8,100,87.1,A,31-05-2025,2025-26
STU0132,Unit Test 1,ENG1,100,64.5,B,31-05-2023,2023-24
STU0470,Unit Test 1,SST10,100,69.6,B,31-05-2024,2024-25
STU0171,Final,TEL3,100,85.3,A,26-01-2025,2024-25
STU0202,Unit Test 1,SCI3,100,87.0,A,31-05-2023,2023-24
STU0491,Unit Test 2,CS10,100,72.1,B+,28-10-2023,2023-24
STU0351,Final,SST6,100,99.8,A+,26-01-2024,2023-24
STU0090,Midterm,MATH1,100,70.2,B+,30-07-2024,2024-25
STU0446,Final,TEL10,100,64.1,B,26-01-2025,2024-25
STU0192,Unit Test 1,MATH2,100,38.7,F,31-05-2023,2023-24
STU0360,Unit Test 2,ENG8,100,37.7,F,28-10-2025,2025-26
STU0020,Unit Test 1,ARTLKG,50,25.3,C,31-05-2024,2024-25
STU0177,Final,ENG3,100,66.6,B,26-01-2025,2024-25
STU0159,Final,TEL3,100,67.1,B,26-01-2026,2025-26
STU0249,Midterm,PE5,50,32.5,B,30-07-2024,2024-25
STU0420,Final,TEL10,100,69.3,B,26-01-2026,2025-26
STU0444,Midterm,MATH10,100,90.6,A+,30-07-2024,2024-25
STU0149,Final,SCI1,100,86.3,A,26-01-2024,2023-24
STU0472,Unit Test 1,ART10,50,40.3,A,31-05-2024,2024-25
STU0328,Unit Test 1,PE6,50,23.0,D,31-05-2023,2023-24
STU0366,Midterm,ENG8,100,70.5,B+,30-07-2024,2024-25
STU0359,Unit Test 1,TEL6,100,68.5,B,31-05-2023,2023-24
STU0165,Final,CS3,50,23.4,D,26-01-2025,2024-25
STU0475,Midterm,TEL10,100,85.6,A,30-07-2024,2024-25
STU0424,Midterm,ART10,50,34.8,B,30-07-2025,2025-26
STU0278,Final,HIN6,100,45.8,D,26-01-2026,2025-26
STU0424,Final,CS9,100,100.0,A+,26-01-2025,2024-25
STU0282,Unit Test 2,HIN5,100,57.2,C,28-10-2023,2023-24
STU0249,Unit Test 1,PE4,50,29.2,C,31-05-2023,2023-24
STU0391,Unit Test 1,ART9,50,31.4,B,31-05-2025,2025-26
STU0360,Unit Test 2,CS6,100,77.4,B+,28-10-2023,2023-24
STU0424,Midterm,TEL8,100,79.7,B+,30-07-2023,2023-24
STU0424,Final,CS10,100,46.3,D,26-01-2026,2025-26
STU0065,Midterm,ENGUKG,100,48.9,D,30-07-2024,2024-25
STU0475,Unit Test 1,PE10,50,31.5,B,31-05-2024,2024-25
STU0271,Unit Test 1,SST5,100,53.5,C,31-05-2024,2024-25
STU0323,Unit Test 2,ENG7,100,59.1,C,28-10-2024,2024-25
STU0147,Unit Test 1,HIN1,100,84.1,A,31-05-2023,2023-24
STU0090,Midterm,HIN1,100,65.4,B,30-07-2024,2024-25
STU0017,Midterm,TELUKG,100,86.2,A,30-07-2025,2025-26
STU0287,Unit Test 2,TEL6,100,94.4,A+,28-10-2024,2024-25
STU0384,Unit Test 1,SCI8,100,48.1,D,31-05-2024,2024-25
STU0491,Unit Test 2,TEL10,100,81.3,A,28-10-2023,2023-24
STU0184,Midterm,TEL4,100,63.9,B,30-07-2025,2025-26
STU0016,Unit Test 1,MATHNursery,100,96.7,A+,31-05-2023,2023-24
STU0073,Unit Test 1,ARTUKG,50,39.5,B+,31-05-2024,2024-25
STU0111,Unit Test 1,MATH2,100,74.8,B+,31-05-2025,2025-26
STU0140,Unit Test 1,HIN2,100,84.9,A,31-05-2024,2024-25
STU0189,Final,SCI2,100,79.3,B+,26-01-2024,2023-24
STU0065,Unit Test 2,PE1,50,34.1,B,28-10-2025,2025-26
STU0360,Unit Test 2,PE7,50,36.6,B+,28-10-2024,2024-25
STU0102,Final,TELUKG,100,88.9,A,26-01-2024,2023-24
STU0139,Midterm,TEL2,100,55.6,C,30-07-2024,2024-25
STU0384,Unit Test 2,ART8,50,29.6,C,28-10-2024,2024-25
STU0465,Unit Test 2,MATH10,100,65.4,B,28-10-2024,2024-25
STU0271,Unit Test 1,SCI4,100,74.5,B+,31-05-2023,2023-24
STU0358,Final,CS8,100,72.2,B+,26-01-2026,2025-26
STU0301,Unit Test 1,ENG6,100,81.6,A,31-05-2024,2024-25
STU0087,Unit Test 1,SCI1,100,92.1,A+,31-05-2024,2024-25
STU0360,Unit Test 2,TEL8,100,85.4,A,28-10-2025,2025-26
STU0444,Midterm,HIN10,100,83.2,A,30-07-2024,2024-25
STU0196,Midterm,PE3,50,30.5,B,30-07-2024,2024-25
STU0336,Unit Test 2,ART7,50,44.2,A,28-10-2024,2024-25
STU0465,Unit Test 2,SST9,100,66.0,B,28-10-2023,2023-24
STU0391,Unit Test 1,TEL7,100,58.7,C,31-05-2023,2023-24
STU0391,Unit Test 1,CS7,100,50.9,C,31-05-2023,2023-24
STU0024,Final,ARTLKG,50,34.2,B,26-01-2025,2024-25
STU0506,Unit Test 2,TEL10,100,74.1,B+,28-10-2023,2023-24
STU0357,Midterm,SST6,100,83.6,A,30-07-2023,2023-24
STU0351,Unit Test 1,ENG8,100,63.7,B,31-05-2025,2025-26
STU0304,Final,PE5,50,49.5,A+,26-01-2024,2023-24
STU0159,Unit Test 2,SCI3,100,92.3,A+,28-10-2025,2025-26
STU0149,Unit Test 2,HIN1,100,81.1,A,28-10-2023,2023-24
STU0439,Final,HIN10,100,61.7,B,26-01-2026,2025-26
STU0475,Midterm,ENG9,100,71.7,B+,30-07-2023,2023-24
STU0177,Final,SST4,100,74.0,B+,26-01-2026,2025-26
STU0381,Unit Test 1,HIN7,100,61.8,B,31-05-2023,2023-24
STU0444,Midterm,SST10,100,75.1,B+,30-07-2024,2024-25
STU0439,Final,ART10,50,28.0,C,26-01-2026,2025-26
STU0356,Midterm,HIN6,100,63.6,B,30-07-2023,2023-24
STU0097,Midterm,HINUKG,100,73.6,B+,30-07-2023,2023-24
STU0087,Unit Test 1,PE1,50,18.7,F,31-05-2024,2024-25
STU0278,Midterm,HIN5,100,82.3,A,30-07-2024,2024-25
STU0416,Midterm,CS9,100,76.4,B+,30-07-2024,2024-25
STU0171,Final,SST4,100,75.2,B+,26-01-2026,2025-26
STU0309,Unit Test 1,TEL6,100,96.3,A+,31-05-2024,2024-25
STU0366,Unit Test 1,HIN7,100,72.5,B+,31-05-2023,2023-24
STU0008,Midterm,ENGUKG,100,78.8,B+,30-07-2025,2025-26
STU0037,Final,EVSUKG,100,67.0,B,26-01-2026,2025-26
STU0352,Final,SCI7,100,69.8,B,26-01-2025,2024-25
STU0153,Final,SCI2,100,70.8,B+,26-01-2025,2024-25
STU0390,Midterm,ENG8,100,100.0,A+,30-07-2024,2024-25
STU0366,Final,TEL9,100,100.0,A+,26-01-2026,2025-26
STU0308,Unit Test 1,SCI7,100,60.9,B,31-05-2025,2025-26
STU0407,Unit Test 2,CS8,100,94.1,A+,28-10-2023,2023-24
STU0328,Unit Test 1,PE7,50,28.9,C,31-05-2024,2024-25
STU0158,Unit Test 1,MATH1,100,78.4,B+,31-05-2023,2023-24
STU0159,Unit Test 1,CS1,50,37.7,B+,31-05-2023,2023-24
STU0390,Final,ENG7,100,58.7,C,26-01-2024,2023-24
STU0391,Final,CS8,100,94.6,A+,26-01-2025,2024-25
STU0073,Final,MATHLKG,100,44.2,D,26-01-2024,2023-24
STU0249,Unit Test 2,SCI5,100,55.3,C,28-10-2024,2024-25
STU0196,Midterm,TEL3,100,66.0,B,30-07-2024,2024-25
STU0155,Midterm,HIN1,100,89.1,A,30-07-2023,2023-24
STU0360,Midterm,TEL7,100,70.1,B+,30-07-2024,2024-25
STU0320,Unit Test 2,MATH7,100,83.3,A,28-10-2025,2025-26
STU0016,Final,ENGNursery,100,87.5,A,26-01-2024,2023-24
STU0320,Unit Test 1,TEL5,100,65.9,B,31-05-2023,2023-24
STU0439,Unit Test 2,TEL9,100,100.0,A+,28-10-2024,2024-25
STU0283,Final,SST7,100,61.5,B,26-01-2026,2025-26
STU0095,Unit Test 2,HINUKG,100,66.9,B,28-10-2023,2023-24
STU0020,Midterm,HINLKG,100,86.2,A,30-07-2024,2024-25
STU0359,Midterm,ENG6,100,89.4,A,30-07-2023,2023-24
STU0309,Unit Test 1,CS5,50,49.3,A+,31-05-2023,2023-24
STU0247,Final,PE4,50,29.6,C,26-01-2024,2023-24
STU0161,Final,TEL4,100,100.0,A+,26-01-2026,2025-26
STU0171,Unit Test 1,CS3,50,35.2,B+,31-05-2024,2024-25
STU0390,Midterm,TEL7,100,80.3,A,30-07-2023,2023-24
STU0358,Final,ENG6,100,50.5,C,26-01-2024,2023-24
STU0416,Unit Test 1,CS10,100,71.9,B+,31-05-2025,2025-26
STU0416,Unit Test 1,ENG8,100,59.1,C,31-05-2023,2023-24
STU0249,Midterm,ENG6,100,61.5,B,30-07-2025,2025-26
STU0475,Unit Test 2,ART9,50,41.3,A,28-10-2023,2023-24
STU0381,Final,MATH8,100,67.4,B,26-01-2025,2024-25
STU0161,Final,ENG3,100,68.6,B,26-01-2025,2024-25
STU0416,Final,ENG8,100,50.6,C,26-01-2024,2023-24
STU0196,Unit Test 1,CS4,50,30.7,B,31-05-2025,2025-26
STU0088,Unit Test 1,ENG1,100,60.8,B,31-05-2024,2024-25
STU0423,Final,PE10,50,36.9,B+,26-01-2026,2025-26
STU0149,Unit Test 2,CS1,50,24.0,D,28-10-2023,2023-24
STU0171,Midterm,TEL2,100,67.9,B,30-07-2023,2023-24
STU0192,Unit Test 1,TEL3,100,69.1,B,31-05-2024,2024-25
STU0093,Unit Test 1,MATH2,100,74.1,B+,31-05-2025,2025-26
STU0171,Final,MATH3,100,65.9,B,26-01-2025,2024-25
STU0189,Unit Test 1,MATH3,100,35.1,F,31-05-2024,2024-25
STU0037,Unit Test 1,TELNursery,100,81.1,A,31-05-2023,2023-24
STU0328,Final,TEL8,100,95.9,A+,26-01-2026,2025-26
STU0484,Unit Test 1,SCI10,100,77.4,B+,31-05-2023,2023-24
STU0332,Unit Test 2,CS6,100,32.0,F,28-10-2023,2023-24
STU0196,Final,ENG3,100,67.0,B,26-01-2025,2024-25
STU0287,Unit Test 2,MATH7,100,72.2,B+,28-10-2025,2025-26
STU0328,Midterm,HIN6,100,78.1,B+,30-07-2023,2023-24
STU0497,Midterm,ART10,50,40.4,A,30-07-2023,2023-24
STU0304,Unit Test 2,PE5,50,27.6,C,28-10-2023,2023-24
STU0065,Final,SST1,100,49.8,D,26-01-2026,2025-26
STU0332,Unit Test 1,ENG7,100,77.7,B+,31-05-2024,2024-25
STU0020,Unit Test 2,ENGUKG,100,98.1,A+,28-10-2025,2025-26
STU0384,Unit Test 1,SST9,100,85.6,A,31-05-2025,2025-26
STU0420,Midterm,ENG10,100,100.0,A+,30-07-2025,2025-26
STU0102,Final,ENG1,100,94.1,A+,26-01-2025,2024-25
STU0050,Midterm,MATH1,100,55.5,C,30-07-2025,2025-26
STU0147,Final,SCI1,100,70.4,B+,26-01-2024,2023-24
STU0111,Unit Test 1,ARTUKG,50,46.6,A+,31-05-2023,2023-24
STU0111,Midterm,MATH1,100,83.3,A,30-07-2024,2024-25
STU0352,Unit Test 1,SCI6,100,44.7,D,31-05-2023,2023-24
STU0277,Unit Test 2,ART6,50,41.8,A,28-10-2025,2025-26
STU0208,Midterm,HIN3,100,51.3,C,30-07-2023,2023-24
STU0304,Unit Test 1,ENG5,100,95.6,A+,31-05-2023,2023-24
STU0509,Midterm,ART10,50,29.8,C,30-07-2023,2023-24
STU0017,Midterm,HINUKG,100,83.5,A,30-07-2025,2025-26
STU0095,Midterm,TEL2,100,50.9,C,30-07-2025,2025-26
STU0109,Midterm,CS2,50,37.6,B+,30-07-2025,2025-26
STU0470,Final,SCI9,100,79.1,B+,26-01-2024,2023-24
STU0465,Unit Test 2,SCI10,100,64.6,B,28-10-2024,2024-25
STU0424,Unit Test 2,HIN10,100,55.9,C,28-10-2025,2025-26
STU0283,Final,ENG6,100,48.2,D,26-01-2025,2024-25
STU0336,Midterm,CS7,100,52.2,C,30-07-2024,2024-25
STU0050,Unit Test 2,SCI1,100,61.8,B,28-10-2025,2025-26
STU0231,Midterm,ENG4,100,85.1,A,30-07-2024,2024-25
STU0192,Unit Test 1,SST3,100,75.8,B+,31-05-2024,2024-25
STU0424,Unit Test 1,MATH10,100,77.6,B+,31-05-2025,2025-26
STU0065,Unit Test 1,TEL1,100,96.0,A+,31-05-2025,2025-26
STU0338,Unit Test 1,SST7,100,55.7,C,31-05-2024,2024-25
STU0300,Midterm,HIN5,100,48.9,D,30-07-2023,2023-24
STU0159,Unit Test 1,PE3,50,45.3,A+,31-05-2025,2025-26
STU0185,Unit Test 2,MATH2,100,63.6,B,28-10-2023,2023-24
STU0416,Unit Test 2,SCI9,100,56.7,C,28-10-2024,2024-25
STU0165,Midterm,MATH3,100,69.0,B,30-07-2024,2024-25
STU0358,Midterm,HIN6,100,86.3,A,30-07-2023,2023-24
STU0093,Unit Test 2,SCI1,100,93.8,A+,28-10-2024,2024-25
STU0147,Midterm,PE3,50,32.2,B,30-07-2025,2025-26
STU0470,Unit Test 2,PE10,50,36.5,B+,28-10-2024,2024-25
STU0308,Unit Test 2,MATH5,100,67.6,B,28-10-2023,2023-24
STU0088,Unit Test 2,CS2,50,28.6,C,28-10-2025,2025-26
STU0109,Unit Test 1,ENGUKG,100,54.3,C,31-05-2023,2023-24
STU0484,Final,HIN10,100,100.0,A+,26-01-2024,2023-24
STU0196,Unit Test 1,PE4,50,45.6,A+,31-05-2025,2025-26
STU0008,Midterm,HINNursery,100,63.7,B,30-07-2023,2023-24
STU0073,Unit Test 2,ARTUKG,50,24.4,D,28-10-2024,2024-25
STU0008,Final,ENGLKG,100,65.7,B,26-01-2025,2024-25
STU0132,Midterm,CS3,50,13.6,F,30-07-2025,2025-26
STU0153,Unit Test 1,PE2,50,24.4,D,31-05-2024,2024-25
STU0249,Final,PE5,50,26.6,C,26-01-2025,2024-25
STU0065,Midterm,MATH1,100,68.7,B,30-07-2025,2025-26
STU0282,Midterm,MATH5,100,53.4,C,30-07-2023,2023-24
STU0132,Unit Test 1,MATH1,100,73.2,B+,31-05-2023,2023-24
STU0424,Final,ART10,50,17.6,F,26-01-2026,2025-26
STU0231,Final,HIN4,100,75.9,B+,26-01-2025,2024-25
STU0200,Unit Test 1,PE2,50,35.3,B+,31-05-2023,2023-24
STU0262,Midterm,HIN6,100,54.4,C,30-07-2025,2025-26
STU0366,Final,CS9,100,77.4,B+,26-01-2026,2025-26
STU0095,Final,HIN2,100,86.6,A,26-01-2026,2025-26
STU0109,Midterm,MATHUKG,100,81.7,A,30-07-2023,2023-24
STU0420,Unit Test 2,PE10,50,32.1,B,28-10-2025,2025-26
STU0484,Final,ART10,50,40.1,A,26-01-2024,2023-24
STU0165,Unit Test 2,PE3,50,42.6,A,28-10-2024,2024-25
STU0391,Unit Test 1,TEL8,100,97.5,A+,31-05-2024,2024-25
STU0390,Midterm,SCI9,100,63.0,B,30-07-2025,2025-26
STU0381,Final,TEL8,100,66.2,B,26-01-2025,2024-25
STU0159,Midterm,TEL2,100,72.9,B+,30-07-2024,2024-25
STU0360,Unit Test 2,SCI6,100,50.2,C,28-10-2023,2023-24
STU0459,Unit Test 2,SCI10,100,77.2,B+,28-10-2024,2024-25
STU0087,Final,EVSUKG,100,65.7,B,26-01-2024,2023-24
STU0140,Unit Test 2,ENG3,100,39.7,F,28-10-2025,2025-26
STU0441,Unit Test 2,ART9,50,39.7,B+,28-10-2023,2023-24
STU0360,Unit Test 2,MATH6,100,66.3,B,28-10-2023,2023-24
STU0352,Unit Test 2,HIN8,100,92.0,A+,28-10-2025,2025-26
STU0097,Unit Test 2,ENG2,100,100.0,A+,28-10-2025,2025-26
STU0391,Unit Test 2,MATH8,100,56.2,C,28-10-2024,2024-25
STU0323,Final,SST8,100,74.8,B+,26-01-2026,2025-26
STU0509,Unit Test 2,HIN10,100,64.9,B,28-10-2023,2023-24
STU0509,Unit Test 2,ART10,50,40.7,A,28-10-2023,2023-24
STU0475,Final,TEL10,100,65.9,B,26-01-2025,2024-25
STU0037,Unit Test 1,MATHUKG,100,75.4,B+,31-05-2025,2025-26
STU0287,Midterm,TEL7,100,72.9,B+,30-07-2025,2025-26
STU0384,Unit Test 2,CS7,100,36.6,F,28-10-2023,2023-24
STU0149,Unit Test 2,ENG1,100,56.7,C,28-10-2023,2023-24
STU0441,Unit Test 2,CS10,100,82.0,A,28-10-2024,2024-25
STU0328,Midterm,SST8,100,53.8,C,30-07-2025,2025-26
STU0328,Unit Test 2,CS6,100,70.6,B+,28-10-2023,2023-24
STU0446,Unit Test 2,PE10,50,34.6,B,28-10-2024,2024-25
STU0249,Unit Test 2,HIN4,100,83.5,A,28-10-2023,2023-24
STU0241,Unit Test 1,PE6,50,41.4,A,31-05-2025,2025-26
STU0332,Final,ART8,50,41.2,A,26-01-2026,2025-26
STU0366,Final,MATH8,100,93.1,A+,26-01-2025,2024-25
STU0360,Final,PE6,50,45.5,A+,26-01-2024,2023-24
STU0506,Final,SCI10,100,58.5,C,26-01-2024,2023-24
STU0332,Final,CS8,100,75.8,B+,26-01-2026,2025-26
STU0509,Unit Test 2,SST10,100,82.1,A,28-10-2023,2023-24
STU0139,Midterm,SCI2,100,84.9,A,30-07-2024,2024-25
STU0153,Unit Test 1,MATH1,100,76.1,B+,31-05-2023,2023-24
STU0192,Unit Test 1,SST4,100,86.9,A,31-05-2025,2025-26
STU0073,Midterm,TEL1,100,66.3,B,30-07-2025,2025-26
STU0441,Midterm,ENG10,100,94.1,A+,30-07-2024,2024-25
STU0420,Unit Test 1,TEL8,100,60.8,B,31-05-2023,2023-24
STU0283,Unit Test 1,HIN7,100,69.3,B,31-05-2025,2025-26
STU0171,Final,ENG2,100,74.6,B+,26-01-2024,2023-24
STU0277,Midterm,ART6,50,28.0,C,30-07-2025,2025-26
STU0282,Final,MATH7,100,62.5,B,26-01-2026,2025-26
STU0202,Unit Test 1,HIN3,100,83.8,A,31-05-2023,2023-24
STU0065,Final,MATHLKG,100,97.9,A+,26-01-2024,2023-24
STU0088,Final,PE2,50,28.2,C,26-01-2026,2025-26
STU0320,Midterm,HIN6,100,86.7,A,30-07-2024,2024-25
STU0384,Unit Test 2,CS9,100,70.4,B+,28-10-2025,2025-26
STU0185,Unit Test 2,TEL4,100,88.5,A,28-10-2025,2025-26
STU0158,Unit Test 1,MATH2,100,76.5,B+,31-05-2024,2024-25
STU0249,Unit Test 2,SCI6,100,87.8,A,28-10-2025,2025-26
STU0459,Midterm,ART10,50,22.7,D,30-07-2024,2024-25
STU0364,Midterm,SCI9,100,71.2,B+,30-07-2025,2025-26
STU0111,Unit Test 1,CS2,50,41.2,A,31-05-2025,2025-26
STU0095,Final,ENG2,100,66.4,B,26-01-2026,2025-26
STU0300,Final,CS6,100,87.4,A,26-01-2025,2024-25
STU0090,Unit Test 1,TELUKG,100,79.5,B+,31-05-2023,2023-24
STU0300,Unit Test 2,ART7,50,37.9,B+,28-10-2025,2025-26
STU0090,Final,ENG1,100,52.8,C,26-01-2025,2024-25
STU0323,Final,ART6,50,40.0,A,26-01-2024,2023-24
STU0161,Unit Test 1,HIN2,100,89.3,A,31-05-2023,2023-24
STU0439,Final,MATH8,100,68.3,B,26-01-2024,2023-24
STU0381,Unit Test 1,CS7,100,77.0,B+,31-05-2023,2023-24
STU0301,Unit Test 2,TEL7,100,51.5,C,28-10-2025,2025-26
STU0287,Unit Test 1,SCI7,100,100.0,A+,31-05-2025,2025-26
STU0211,Midterm,HIN5,100,72.4,B+,30-07-2025,2025-26
STU0158,Unit Test 2,MATH2,100,71.6,B+,28-10-2024,2024-25
STU0102,Midterm,ENGUKG,100,75.7,B+,30-07-2023,2023-24
STU0102,Final,ARTUKG,50,38.6,B+,26-01-2024,2023-24
STU0020,Midterm,MATHNursery,100,62.2,B,30-07-2023,2023-24
STU0359,Midterm,CS6,100,50.4,C,30-07-2023,2023-24
STU0093,Unit Test 2,CS1,50,25.3,C,28-10-2024,2024-25
STU0037,Unit Test 2,EVSLKG,100,64.4,B,28-10-2024,2024-25
STU0185,Unit Test 1,HIN2,100,62.5,B,31-05-2023,2023-24
STU0356,Unit Test 2,MATH8,100,71.3,B+,28-10-2025,2025-26
STU0140,Unit Test 2,HIN2,100,78.7,B+,28-10-2024,2024-25
STU0271,Unit Test 2,SST6,100,57.7,C,28-10-2025,2025-26
STU0184,Unit Test 1,TEL4,100,47.2,D,31-05-2025,2025-26
STU0515,Midterm,ART10,50,39.2,B+,30-07-2023,2023-24
STU0278,Unit Test 1,HIN6,100,71.0,B+,31-05-2025,2025-26
STU0323,Unit Test 1,TEL8,100,66.4,B,31-05-2025,2025-26
STU0513,Unit Test 1,MATH10,100,94.1,A+,31-05-2023,2023-24
STU0338,Final,SCI8,100,95.8,A+,26-01-2026,2025-26
STU0241,Unit Test 1,SST5,100,94.8,A+,31-05-2024,2024-25
STU0282,Midterm,HIN5,100,90.3,A+,30-07-2023,2023-24
STU0309,Unit Test 1,MATH5,100,82.5,A,31-05-2023,2023-24
STU0153,Midterm,SST1,100,65.6,B,30-07-2023,2023-24
STU0189,Unit Test 1,MATH2,100,98.0,A+,31-05-2023,2023-24
STU0241,Midterm,CS6,100,68.7,B,30-07-2025,2025-26
STU0017,Midterm,HINNursery,100,60.4,B,30-07-2023,2023-24
STU0423,Midterm,MATH10,100,56.0,C,30-07-2025,2025-26
STU0287,Unit Test 1,TEL6,100,90.7,A+,31-05-2024,2024-25
STU0008,Final,HINLKG,100,68.2,B,26-01-2025,2024-25
STU0491,Midterm,TEL10,100,80.0,B+,30-07-2023,2023-24
STU0283,Final,PE6,50,48.6,A+,26-01-2025,2024-25
STU0506,Unit Test 1,PE10,50,50.0,A+,31-05-2023,2023-24
STU0390,Final,SST8,100,50.6,C,26-01-2025,2024-25
STU0247,Unit Test 1,ENG6,100,64.5,B,31-05-2025,2025-26
STU0358,Midterm,ART8,50,16.2,F,30-07-2025,2025-26
STU0093,Unit Test 1,MATH1,100,76.2,B+,31-05-2024,2024-25
STU0037,Unit Test 1,MATHLKG,100,78.0,B+,31-05-2024,2024-25
STU0262,Unit Test 2,ENG4,100,82.4,A,28-10-2023,2023-24
STU0424,Midterm,SST9,100,55.8,C,30-07-2024,2024-25
STU0509,Unit Test 1,CS10,100,74.0,B+,31-05-2023,2023-24
STU0140,Unit Test 2,SST1,100,73.7,B+,28-10-2023,2023-24
STU0211,Final,SCI5,100,80.0,A,26-01-2026,2025-26
STU0509,Unit Test 2,TEL10,100,76.6,B+,28-10-2023,2023-24
STU0278,Unit Test 2,MATH6,100,75.7,B+,28-10-2025,2025-26
STU0497,Midterm,MATH10,100,60.9,B,30-07-2023,2023-24
STU0328,Midterm,ART6,50,39.3,B+,30-07-2023,2023-24
STU0332,Unit Test 2,PE6,50,45.6,A+,28-10-2023,2023-24
STU0352,Unit Test 1,CS7,100,58.1,C,31-05-2024,2024-25
STU0484,Unit Test 1,HIN10,100,79.8,B+,31-05-2023,2023-24
STU0338,Unit Test 1,PE7,50,39.1,B+,31-05-2024,2024-25
STU0211,Unit Test 2,TEL4,100,72.0,B+,28-10-2024,2024-25
STU0278,Unit Test 1,PE5,50,30.1,B,31-05-2024,2024-25
STU0132,Final,PE2,50,38.4,B+,26-01-2025,2024-25
STU0308,Unit Test 1,CS6,100,60.0,C,31-05-2024,2024-25
STU0088,Unit Test 2,HIN2,100,31.6,F,28-10-2025,2025-26
STU0423,Unit Test 1,SCI9,100,59.3,C,31-05-2024,2024-25
STU0441,Unit Test 1,PE9,50,35.2,B+,31-05-2023,2023-24
STU0301,Unit Test 2,ART7,50,31.6,B,28-10-2025,2025-26
STU0416,Final,CS10,100,67.0,B,26-01-2026,2025-26
STU0360,Final,ART8,50,46.0,A+,26-01-2026,2025-26
STU0338,Unit Test 1,SST8,100,83.3,A,31-05-2025,2025-26
STU0364,Unit Test 1,ENG8,100,72.4,B+,31-05-2024,2024-25
STU0271,Final,ENG5,100,63.2,B,26-01-2025,2024-25
STU0149,Midterm,PE3,50,28.4,C,30-07-2025,2025-26
STU0287,Final,PE5,50,28.0,C,26-01-2024,2023-24
STU0140,Unit Test 1,MATH3,100,77.0,B+,31-05-2025,2025-26
STU0323,Unit Test 1,MATH8,100,59.2,C,31-05-2025,2025-26
STU0171,Midterm,CS2,50,30.6,B,30-07-2023,2023-24
STU0304,Unit Test 2,ENG7,100,76.0,B+,28-10-2025,2025-26
STU0475,Midterm,HIN10,100,56.9,C,30-07-2024,2024-25
STU0407,Midterm,ART9,50,48.9,A+,30-07-2024,2024-25
STU0424,Unit Test 2,SCI9,100,62.6,B,28-10-2024,2024-25
STU0111,Unit Test 2,PE1,50,29.5,C,28-10-2024,2024-25
STU0282,Unit Test 2,ENG6,100,64.1,B,28-10-2024,2024-25
STU0351,Final,CS7,100,63.4,B,26-01-2025,2024-25
STU0147,Midterm,SST1,100,71.9,B+,30-07-2023,2023-24
STU0407,Final,SCI10,100,50.9,C,26-01-2026,2025-26
STU0390,Unit Test 1,TEL8,100,77.7,B+,31-05-2024,2024-25
STU0147,Final,ENG1,100,60.4,B,26-01-2024,2023-24
STU0159,Midterm,SCI3,100,93.1,A+,30-07-2025,2025-26
STU0073,Unit Test 1,MATH1,100,76.9,B+,31-05-2025,2025-26
STU0407,Midterm,CS10,100,100.0,A+,30-07-2025,2025-26
STU0416,Final,PE10,50,38.3,B+,26-01-2026,2025-26
STU0090,Unit Test 1,ENGUKG,100,76.7,B+,31-05-2023,2023-24
STU0140,Final,CS1,50,31.2,B,26-01-2024,2023-24
STU0140,Midterm,CS2,50,44.2,A,30-07-2024,2024-25
STU0336,Unit Test 1,MATH7,100,49.8,D,31-05-2024,2024-25
STU0390,Unit Test 2,PE8,50,43.5,A,28-10-2024,2024-25
STU0200,Midterm,HIN4,100,68.8,B,30-07-2025,2025-26
STU0338,Unit Test 1,SST6,100,98.3,A+,31-05-2023,2023-24
STU0283,Unit Test 2,TEL6,100,82.7,A,28-10-2024,2024-25
STU0149,Unit Test 2,SCI1,100,64.9,B,28-10-2023,2023-24
STU0323,Unit Test 2,HIN7,100,47.1,D,28-10-2024,2024-25
STU0200,Unit Test 1,ENG2,100,85.1,A,31-05-2023,2023-24
STU0171,Midterm,SCI4,100,66.4,B,30-07-2025,2025-26
STU0283,Unit Test 1,MATH6,100,93.3,A+,31-05-2024,2024-25
STU0283,Unit Test 2,PE7,50,40.8,A,28-10-2025,2025-26
STU0301,Unit Test 1,CS6,100,78.7,B+,31-05-2024,2024-25
STU0497,Unit Test 2,PE10,50,40.1,A,28-10-2023,2023-24
STU0231,Midterm,SCI3,100,53.8,C,30-07-2023,2023-24
STU0202,Midterm,CS3,50,37.3,B+,30-07-2023,2023-24
STU0192,Unit Test 2,TEL3,100,82.4,A,28-10-2024,2024-25
STU0271,Unit Test 1,HIN4,100,79.1,B+,31-05-2023,2023-24
STU0208,Unit Test 2,SCI3,100,50.2,C,28-10-2023,2023-24
STU0241,Final,ENG4,100,78.6,B+,26-01-2024,2023-24
STU0304,Unit Test 1,CS6,100,82.6,A,31-05-2024,2024-25
STU0037,Unit Test 1,ENGLKG,100,74.7,B+,31-05-2024,2024-25
STU0107,Midterm,MATH2,100,65.3,B,30-07-2025,2025-26
STU0407,Midterm,ENG10,100,89.3,A,30-07-2025,2025-26
STU0149,Midterm,PE2,50,24.6,D,30-07-2024,2024-25
STU0262,Final,ENG5,100,57.2,C,26-01-2025,2024-25
STU0366,Final,CS7,100,97.9,A+,26-01-2024,2023-24
STU0107,Midterm,EVSUKG,100,80.6,A,30-07-2023,2023-24
STU0185,Unit Test 1,SCI3,100,60.2,B,31-05-2024,2024-25
STU0352,Midterm,PE7,50,43.6,A,30-07-2024,2024-25
STU0196,Midterm,SCI4,100,86.1,A,30-07-2025,2025-26
STU0320,Unit Test 1,MATH5,100,91.4,A+,31-05-2023,2023-24
STU0271,Unit Test 2,MATH6,100,78.4,B+,28-10-2025,2025-26
STU0439,Unit Test 1,SST10,100,90.9,A+,31-05-2025,2025-26
STU0515,Final,MATH10,100,68.8,B,26-01-2024,2023-24
STU0065,Midterm,SCI1,100,62.8,B,30-07-2025,2025-26
STU0481,Unit Test 2,CS10,100,67.7,B,28-10-2023,2023-24
STU0423,Midterm,MATH8,100,44.3,D,30-07-2023,2023-24
STU0158,Final,SST3,100,64.4,B,26-01-2026,2025-26
STU0155,Unit Test 2,ENG2,100,69.2,B,28-10-2024,2024-25
STU0352,Unit Test 2,ART6,50,38.7,B+,28-10-2023,2023-24
STU0132,Unit Test 2,HIN1,100,76.6,B+,28-10-2023,2023-24
STU0073,Final,EVSLKG,100,83.2,A,26-01-2024,2023-24
STU0097,Final,TELUKG,100,69.9,B,26-01-2024,2023-24
STU0357,Midterm,ENG8,100,43.9,D,30-07-2025,2025-26
STU0102,Final,MATHUKG,100,80.6,A,26-01-2024,2023-24
STU0475,Unit Test 2,SST10,100,57.7,C,28-10-2024,2024-25
STU0423,Unit Test 1,SST8,100,85.5,A,31-05-2023,2023-24
STU0328,Unit Test 2,SCI8,100,67.9,B,28-10-2025,2025-26
STU0338,Unit Test 1,MATH6,100,81.7,A,31-05-2023,2023-24
STU0439,Final,MATH9,100,66.0,B,26-01-2025,2024-25
STU0247,Midterm,MATH5,100,91.8,A+,30-07-2024,2024-25
STU0093,Unit Test 2,HIN2,100,100.0,A+,28-10-2025,2025-26
STU0102,Unit Test 2,SST2,100,54.9,C,28-10-2025,2025-26
STU0271,Unit Test 2,TEL5,100,80.8,A,28-10-2024,2024-25
STU0420,Final,PE8,50,35.3,B+,26-01-2024,2023-24
STU0407,Final,ART8,50,42.6,A,26-01-2024,2023-24
STU0109,Midterm,ENGUKG,100,94.5,A+,30-07-2023,2023-24
STU0420,Unit Test 2,TEL10,100,53.4,C,28-10-2025,2025-26
STU0283,Final,TEL7,100,55.4,C,26-01-2026,2025-26
STU0277,Final,PE4,50,26.7,C,26-01-2024,2023-24
STU0481,Unit Test 1,MATH10,100,76.8,B+,31-05-2023,2023-24
STU0196,Unit Test 1,MATH4,100,80.5,A,31-05-2025,2025-26
STU0262,Final,SST4,100,78.6,B+,26-01-2024,2023-24
STU0102,Unit Test 1,TEL2,100,45.0,D,31-05-2025,2025-26
STU0159,Midterm,SST1,100,61.6,B,30-07-2023,2023-24
STU0107,Midterm,TELUKG,100,69.3,B,30-07-2023,2023-24
STU0384,Unit Test 2,TEL7,100,84.7,A,28-10-2023,2023-24
STU0391,Unit Test 2,ART7,50,30.1,B,28-10-2023,2023-24
STU0241,Midterm,SST4,100,77.4,B+,30-07-2023,2023-24
STU0165,Final,SST4,100,38.5,F,26-01-2026,2025-26
STU0309,Unit Test 2,SCI6,100,41.8,D,28-10-2024,2024-25
STU0107,Unit Test 1,SCI1,100,46.3,D,31-05-2024,2024-25
STU0185,Unit Test 2,PE2,50,38.9,B+,28-10-2023,2023-24
STU0444,Final,MATH10,100,50.5,C,26-01-2025,2024-25
STU0111,Midterm,ENG1,100,73.7,B+,30-07-2024,2024-25
STU0095,Final,SCI2,100,100.0,A+,26-01-2026,2025-26
STU0109,Final,ENG2,100,75.8,B+,26-01-2026,2025-26
STU0381,Unit Test 1,MATH9,100,80.8,A,31-05-2025,2025-26
STU0165,Unit Test 2,CS3,50,38.7,B+,28-10-2024,2024-25
STU0336,Unit Test 1,SCI6,100,99.2,A+,31-05-2023,2023-24
STU0328,Unit Test 1,MATH7,100,74.0,B+,31-05-2024,2024-25
STU0159,Unit Test 1,HIN1,100,88.2,A,31-05-2023,2023-24
STU0320,Final,PE5,50,39.4,B+,26-01-2024,2023-24
STU0208,Unit Test 1,TEL3,100,74.2,B+,31-05-2023,2023-24
STU0416,Unit Test 1,PE9,50,30.6,B,31-05-2024,2024-25
STU0132,Unit Test 2,PE1,50,20.9,D,28-10-2023,2023-24
STU0231,Unit Test 1,PE3,50,30.2,B,31-05-2023,2023-24
STU0050,Unit Test 2,HINUKG,100,88.1,A,28-10-2024,2024-25
STU0301,Unit Test 1,ENG5,100,58.8,C,31-05-2023,2023-24
STU0390,Unit Test 1,SST8,100,75.7,B+,31-05-2024,2024-25
STU0497,Midterm,SST10,100,79.4,B+,30-07-2023,2023-24
STU0192,Midterm,SST4,100,79.5,B+,30-07-2025,2025-26
STU0420,Midterm,ENG9,100,96.3,A+,30-07-2024,2024-25
STU0008,Final,TELUKG,100,68.1,B,26-01-2026,2025-26
STU0484,Unit Test 2,SST10,100,58.0,C,28-10-2023,2023-24
STU0381,Unit Test 1,PE9,50,29.6,C,31-05-2025,2025-26
STU0132,Midterm,ENG2,100,77.9,B+,30-07-2024,2024-25
STU0351,Unit Test 2,CS8,100,79.3,B+,28-10-2025,2025-26
STU0475,Final,SCI9,100,65.2,B,26-01-2024,2023-24
STU0456,Midterm,HIN10,100,100.0,A+,30-07-2024,2024-25
STU0287,Midterm,HIN5,100,72.5,B+,30-07-2023,2023-24
STU0202,Final,CS4,50,22.1,D,26-01-2025,2024-25
STU0132,Unit Test 1,SST3,100,70.0,B,31-05-2025,2025-26
STU0008,Final,EVSLKG,100,58.1,C,26-01-2025,2024-25
STU0391,Unit Test 2,PE7,50,21.3,D,28-10-2023,2023-24
STU0249,Final,MATH6,100,41.3,D,26-01-2026,2025-26
STU0328,Final,ENG8,100,49.2,D,26-01-2026,2025-26
STU0139,Midterm,HIN2,100,74.7,B+,30-07-2024,2024-25
STU0090,Unit Test 1,HINUKG,100,88.9,A,31-05-2023,2023-24
STU0304,Unit Test 1,HIN5,100,76.6,B+,31-05-2023,2023-24
STU0247,Unit Test 1,SCI6,100,40.7,D,31-05-2025,2025-26
STU0016,Midterm,ENGUKG,100,67.2,B,30-07-2025,2025-26
STU0481,Unit Test 2,PE10,50,33.2,B,28-10-2023,2023-24
STU0020,Midterm,ENGUKG,100,76.7,B+,30-07-2025,2025-26
STU0470,Midterm,HIN9,100,62.7,B,30-07-2023,2023-24
STU0475,Unit Test 1,SCI9,100,72.5,B+,31-05-2023,2023-24
STU0323,Midterm,TEL8,100,79.0,B+,30-07-2025,2025-26
STU0491,Final,MATH10,100,82.0,A,26-01-2024,2023-24
STU0087,Unit Test 2,ARTUKG,50,46.4,A+,28-10-2023,2023-24
STU0155,Final,ENG2,100,89.4,A,26-01-2025,2024-25
STU0384,Unit Test 2,SST9,100,70.2,B+,28-10-2025,2025-26
STU0323,Unit Test 2,ART8,50,41.9,A,28-10-2025,2025-26
STU0107,Final,HINUKG,100,60.1,B,26-01-2024,2023-24
STU0109,Unit Test 1,SST2,100,84.4,A,31-05-2025,2025-26
STU0304,Unit Test 1,ART6,50,18.8,F,31-05-2024,2024-25
STU0491,Unit Test 1,ART10,50,35.3,B+,31-05-2023,2023-24
STU0184,Unit Test 2,PE2,50,29.1,C,28-10-2023,2023-24
STU0153,Midterm,HIN2,100,68.9,B,30-07-2024,2024-25
STU0192,Unit Test 2,PE2,50,35.4,B+,28-10-2023,2023-24
STU0102,Unit Test 2,MATHUKG,100,79.2,B+,28-10-2023,2023-24
STU0364,Midterm,ENG9,100,50.2,C,30-07-2025,2025-26
STU0208,Midterm,TEL4,100,74.7,B+,30-07-2024,2024-25
STU0308,Unit Test 2,HIN6,100,63.9,B,28-10-2024,2024-25
STU0090,Unit Test 2,MATH2,100,86.2,A,28-10-2025,2025-26
STU0008,Final,HINNursery,100,85.0,A,26-01-2024,2023-24
STU0356,Unit Test 1,ART8,50,18.3,F,31-05-2025,2025-26
STU0320,Unit Test 2,HIN5,100,96.3,A+,28-10-2023,2023-24
STU0109,Final,CS1,50,39.3,B+,26-01-2025,2024-25
STU0481,Unit Test 1,ENG10,100,78.7,B+,31-05-2023,2023-24
STU0420,Unit Test 1,TEL9,100,83.1,A,31-05-2024,2024-25
STU0328,Final,CS8,100,61.8,B,26-01-2026,2025-26
STU0247,Final,TEL5,100,82.2,A,26-01-2025,2024-25
STU0420,Final,ART10,50,28.1,C,26-01-2026,2025-26
STU0513,Unit Test 1,SST10,100,72.8,B+,31-05-2023,2023-24
STU0424,Unit Test 2,MATH8,100,80.3,A,28-10-2023,2023-24
STU0416,Final,MATH8,100,42.4,D,26-01-2024,2023-24
STU0262,Final,MATH5,100,59.9,C,26-01-2025,2024-25
STU0185,Unit Test 2,ENG4,100,52.8,C,28-10-2025,2025-26
STU0189,Final,SST2,100,95.6,A+,26-01-2024,2023-24
STU0439,Unit Test 2,ENG10,100,81.4,A,28-10-2025,2025-26
STU0338,Unit Test 2,SST6,100,80.1,A,28-10-2023,2023-24
STU0211,Midterm,TEL4,100,49.5,D,30-07-2024,2024-25
STU0282,Midterm,HIN7,100,57.7,C,30-07-2025,2025-26
STU0420,Final,HIN9,100,75.0,B+,26-01-2025,2024-25
STU0088,Midterm,PE2,50,27.7,C,30-07-2025,2025-26
STU0050,Unit Test 2,ENGLKG,100,63.9,B,28-10-2023,2023-24
STU0323,Midterm,ENG6,100,88.7,A,30-07-2023,2023-24
STU0200,Unit Test 2,TEL4,100,48.3,D,28-10-2025,2025-26
STU0024,Final,MATHLKG,100,91.7,A+,26-01-2025,2024-25
STU0407,Unit Test 2,ART8,50,26.7,C,28-10-2023,2023-24
STU0416,Midterm,MATH9,100,64.1,B,30-07-2024,2024-25
STU0158,Midterm,CS2,50,42.5,A,30-07-2024,2024-25
STU0185,Midterm,SCI4,100,81.1,A,30-07-2025,2025-26
STU0132,Final,TEL1,100,64.1,B,26-01-2024,2023-24
STU0381,Unit Test 1,SCI9,100,69.6,B,31-05-2025,2025-26
STU0359,Unit Test 2,SCI7,100,83.9,A,28-10-2024,2024-25
STU0278,Unit Test 1,SCI4,100,93.8,A+,31-05-2023,2023-24
STU0278,Unit Test 1,HIN4,100,76.6,B+,31-05-2023,2023-24
STU0391,Final,HIN9,100,56.1,C,26-01-2026,2025-26
STU0357,Unit Test 1,CS8,100,46.8,D,31-05-2025,2025-26
STU0456,Unit Test 2,SST9,100,79.3,B+,28-10-2023,2023-24
STU0020,Unit Test 1,MATHLKG,100,89.1,A,31-05-2024,2024-25
STU0356,Unit Test 1,MATH7,100,63.9,B,31-05-2024,2024-25
STU0497,Unit Test 1,HIN10,100,70.9,B+,31-05-2023,2023-24
STU0185,Unit Test 2,TEL2,100,86.7,A,28-10-2023,2023-24
STU0247,Unit Test 2,PE6,50,42.7,A,28-10-2025,2025-26
STU0095,Midterm,HIN1,100,83.7,A,30-07-2024,2024-25
STU0087,Midterm,CS1,50,29.5,C,30-07-2024,2024-25
STU0352,Unit Test 2,SST7,100,62.4,B,28-10-2024,2024-25
STU0301,Unit Test 1,PE6,50,25.1,C,31-05-2024,2024-25
STU0088,Final,SCI2,100,75.8,B+,26-01-2026,2025-26
STU0320,Unit Test 2,MATH6,100,78.9,B+,28-10-2024,2024-25
STU0407,Unit Test 1,MATH8,100,66.9,B,31-05-2023,2023-24
STU0093,Unit Test 1,SST1,100,67.8,B,31-05-2024,2024-25
STU0241,Unit Test 1,HIN5,100,79.9,B+,31-05-2024,2024-25
STU0391,Unit Test 1,HIN8,100,60.3,B,31-05-2024,2024-25
STU0155,Unit Test 1,ENG1,100,84.9,A,31-05-2023,2023-24
STU0472,Final,PE9,50,35.7,B+,26-01-2024,2023-24
STU0444,Unit Test 1,SST9,100,68.8,B,31-05-2023,2023-24
STU0506,Unit Test 2,ENG10,100,57.4,C,28-10-2023,2023-24
STU0185,Unit Test 1,SST2,100,75.1,B+,31-05-2023,2023-24
STU0109,Unit Test 1,ENG2,100,92.4,A+,31-05-2025,2025-26
STU0323,Midterm,SST6,100,100.0,A+,30-07-2023,2023-24
STU0423,Final,SST10,100,41.0,D,26-01-2026,2025-26
STU0177,Final,CS4,50,49.7,A+,26-01-2026,2025-26
STU0336,Final,TEL7,100,55.8,C,26-01-2025,2024-25
STU0282,Midterm,PE5,50,16.6,F,30-07-2023,2023-24
STU0323,Unit Test 1,CS8,100,70.3,B+,31-05-2025,2025-26
STU0459,Final,SCI9,100,99.0,A+,26-01-2024,2023-24
STU0424,Midterm,CS8,100,57.5,C,30-07-2023,2023-24
STU0111,Final,SST2,100,50.6,C,26-01-2026,2025-26
STU0381,Unit Test 2,HIN7,100,74.2,B+,28-10-2023,2023-24
STU0159,Midterm,PE3,50,27.3,C,30-07-2025,2025-26
STU0364,Final,MATH8,100,94.6,A+,26-01-2025,2024-25
STU0140,Final,SCI2,100,56.1,C,26-01-2025,2024-25
STU0301,Final,MATH7,100,69.9,B,26-01-2026,2025-26
STU0475,Unit Test 2,ENG10,100,84.0,A,28-10-2024,2024-25
STU0189,Final,SCI3,100,87.4,A,26-01-2025,2024-25
STU0308,Final,MATH5,100,67.6,B,26-01-2024,2023-24
STU0109,Unit Test 2,HIN2,100,62.8,B,28-10-2025,2025-26
STU0088,Unit Test 2,MATH2,100,51.7,C,28-10-2025,2025-26
STU0247,Midterm,ENG4,100,51.4,C,30-07-2023,2023-24
STU0309,Unit Test 2,SST6,100,56.1,C,28-10-2024,2024-25
STU0153,Unit Test 2,CS1,50,35.9,B+,28-10-2023,2023-24
STU0332,Midterm,ART6,50,45.1,A+,30-07-2023,2023-24
STU0192,Final,SCI2,100,64.1,B,26-01-2024,2023-24
STU0241,Midterm,SCI4,100,32.6,F,30-07-2023,2023-24
STU0351,Midterm,SST7,100,47.9,D,30-07-2024,2024-25
STU0352,Final,HIN7,100,82.4,A,26-01-2025,2024-25
STU0384,Final,ENG9,100,38.0,F,26-01-2026,2025-26
STU0420,Unit Test 2,HIN8,100,72.1,B+,28-10-2023,2023-24
STU0360,Midterm,HIN8,100,75.7,B+,30-07-2025,2025-26
STU0095,Final,CS1,50,19.9,F,26-01-2025,2024-25
STU0155,Final,PE1,50,44.7,A,26-01-2024,2023-24
STU0423,Midterm,PE9,50,40.7,A,30-07-2024,2024-25
STU0211,Unit Test 2,SST3,100,71.8,B+,28-10-2023,2023-24
STU0020,Unit Test 1,EVSLKG,100,50.3,C,31-05-2024,2024-25
STU0177,Unit Test 2,HIN3,100,78.6,B+,28-10-2024,2024-25
STU0196,Final,TEL4,100,70.1,B+,26-01-2026,2025-26
STU0357,Midterm,ART8,50,22.9,D,30-07-2025,2025-26
STU0332,Unit Test 1,ENG6,100,66.4,B,31-05-2023,2023-24
STU0231,Midterm,MATH3,100,74.3,B+,30-07-2023,2023-24
STU0282,Unit Test 1,PE5,50,27.5,C,31-05-2023,2023-24
STU0323,Midterm,ENG7,100,60.2,B,30-07-2024,2024-25
STU0153,Unit Test 1,CS1,50,39.5,B+,31-05-2023,2023-24
STU0320,Midterm,HIN5,100,95.7,A+,30-07-2023,2023-24
STU0472,Unit Test 2,PE10,50,30.5,B,28-10-2024,2024-25
STU0352,Unit Test 1,MATH6,100,82.1,A,31-05-2023,2023-24
STU0439,Unit Test 2,SCI10,100,77.9,B+,28-10-2025,2025-26
STU0185,Unit Test 1,SCI2,100,72.4,B+,31-05-2023,2023-24
STU0171,Unit Test 1,SCI3,100,61.1,B,31-05-2024,2024-25
STU0366,Midterm,SST9,100,98.7,A+,30-07-2025,2025-26
STU0262,Midterm,MATH6,100,100.0,A+,30-07-2025,2025-26
STU0016,Unit Test 1,ARTUKG,50,42.3,A,31-05-2025,2025-26
STU0262,Midterm,CS4,50,47.4,A+,30-07-2023,2023-24
STU0390,Unit Test 1,PE8,50,36.6,B+,31-05-2024,2024-25
STU0352,Midterm,HIN6,100,97.9,A+,30-07-2023,2023-24
STU0202,Final,SST5,100,77.9,B+,26-01-2026,2025-26
STU0155,Midterm,SCI1,100,74.3,B+,30-07-2023,2023-24
STU0381,Midterm,CS7,100,55.2,C,30-07-2023,2023-24
STU0155,Unit Test 2,CS3,50,32.6,B,28-10-2025,2025-26
STU0328,Unit Test 1,PE8,50,23.3,D,31-05-2025,2025-26
STU0008,Unit Test 2,MATHUKG,100,58.6,C,28-10-2025,2025-26
STU0211,Unit Test 2,PE3,50,45.6,A+,28-10-2023,2023-24
STU0177,Final,PE2,50,21.3,D,26-01-2024,2023-24
STU0008,Unit Test 1,MATHLKG,100,81.4,A,31-05-2024,2024-25
STU0491,Unit Test 1,ENG10,100,44.8,D,31-05-2023,2023-24
STU0366,Final,MATH9,100,65.5,B,26-01-2026,2025-26
STU0364,Midterm,ENG8,100,59.6,C,30-07-2024,2024-25
STU0102,Final,HIN1,100,74.6,B+,26-01-2025,2024-25
STU0364,Unit Test 1,SST7,100,100.0,A+,31-05-2023,2023-24
STU0366,Unit Test 1,ENG9,100,84.7,A,31-05-2025,2025-26
STU0359,Unit Test 2,ENG8,100,63.0,B,28-10-2025,2025-26
STU0087,Midterm,MATHUKG,100,86.5,A,30-07-2023,2023-24
STU0132,Unit Test 2,TEL1,100,69.0,B,28-10-2023,2023-24
STU0381,Unit Test 1,ART9,50,44.6,A,31-05-2025,2025-26
STU0177,Unit Test 1,MATH2,100,61.4,B,31-05-2023,2023-24
STU0446,Unit Test 2,SCI10,100,92.2,A+,28-10-2024,2024-25
STU0308,Unit Test 1,SCI6,100,70.5,B+,31-05-2024,2024-25
STU0282,Unit Test 2,ART7,50,32.3,B,28-10-2025,2025-26
STU0247,Unit Test 2,SCI5,100,59.2,C,28-10-2024,2024-25
STU0472,Final,PE10,50,30.7,B,26-01-2025,2024-25
STU0088,Unit Test 1,MATH1,100,54.3,C,31-05-2024,2024-25
STU0456,Unit Test 2,MATH10,100,64.6,B,28-10-2024,2024-25
STU0381,Midterm,HIN7,100,76.6,B+,30-07-2023,2023-24
STU0287,Unit Test 2,TEL5,100,79.1,B+,28-10-2023,2023-24
STU0283,Unit Test 1,PE5,50,34.7,B,31-05-2023,2023-24
STU0352,Unit Test 2,TEL7,100,67.6,B,28-10-2024,2024-25
STU0249,Midterm,CS4,50,34.3,B,30-07-2023,2023-24
STU0423,Unit Test 2,TEL10,100,80.6,A,28-10-2025,2025-26
STU0416,Midterm,SCI10,100,71.7,B+,30-07-2025,2025-26
STU0308,Midterm,MATH5,100,77.5,B+,30-07-2023,2023-24
STU0037,Midterm,ENGLKG,100,69.6,B,30-07-2024,2024-25
STU0249,Unit Test 2,ART6,50,39.8,B+,28-10-2025,2025-26
STU0357,Midterm,HIN6,100,43.4,D,30-07-2023,2023-24
STU0360,Midterm,ART6,50,31.2,B,30-07-2023,2023-24
STU0356,Unit Test 2,SCI8,100,68.6,B,28-10-2025,2025-26
STU0024,Unit Test 2,ENGUKG,100,79.9,B+,28-10-2025,2025-26
STU0271,Midterm,SCI5,100,77.7,B+,30-07-2024,2024-25
STU0262,Unit Test 2,SCI6,100,51.0,C,28-10-2025,2025-26
STU0149,Unit Test 2,CS2,50,50.0,A+,28-10-2024,2024-25
STU0513,Unit Test 1,HIN10,100,87.6,A,31-05-2023,2023-24
STU0300,Midterm,SCI6,100,90.1,A+,30-07-2024,2024-25
STU0241,Unit Test 1,CS4,50,34.1,B,31-05-2023,2023-24
STU0147,Unit Test 1,ENG1,100,48.9,D,31-05-2023,2023-24
STU0390,Unit Test 1,ART8,50,38.4,B+,31-05-2024,2024-25
STU0308,Midterm,CS6,100,64.5,B,30-07-2024,2024-25
STU0439,Final,TEL8,100,64.3,B,26-01-2024,2023-24
STU0366,Midterm,SCI9,100,49.0,D,30-07-2025,2025-26
STU0208,Midterm,PE4,50,28.9,C,30-07-2024,2024-25
STU0515,Final,ENG10,100,60.0,C,26-01-2024,2023-24
STU0171,Unit Test 2,SCI4,100,79.6,B+,28-10-2025,2025-26
STU0132,Final,CS3,50,38.3,B+,26-01-2026,2025-26
STU0424,Unit Test 2,ENG9,100,81.1,A,28-10-2024,2024-25
STU0211,Final,ENG3,100,54.8,C,26-01-2024,2023-24
STU0155,Unit Test 1,PE2,50,43.8,A,31-05-2024,2024-25
STU0465,Unit Test 2,CS9,100,51.2,C,28-10-2023,2023-24
STU0140,Midterm,CS3,50,36.6,B+,30-07-2025,2025-26
STU0282,Unit Test 2,CS7,100,76.6,B+,28-10-2025,2025-26
STU0088,Final,SCI1,100,52.0,C,26-01-2025,2024-25
STU0358,Midterm,SCI6,100,53.9,C,30-07-2023,2023-24
STU0356,Unit Test 2,ART6,50,34.1,B,28-10-2023,2023-24
STU0381,Final,SCI8,100,89.2,A,26-01-2025,2024-25
STU0139,Unit Test 1,TEL3,100,54.2,C,31-05-2025,2025-26
STU0364,Unit Test 1,ART9,50,33.7,B,31-05-2025,2025-26
STU0024,Unit Test 2,ARTLKG,50,41.6,A,28-10-2024,2024-25
STU0093,Midterm,ENGUKG,100,69.2,B,30-07-2023,2023-24
STU0050,Midterm,PE1,50,42.5,A,30-07-2025,2025-26
STU0336,Unit Test 1,ENG6,100,72.6,B+,31-05-2023,2023-24
STU0171,Unit Test 2,ENG2,100,67.8,B,28-10-2023,2023-24
STU0359,Unit Test 2,CS6,100,92.5,A+,28-10-2023,2023-24
STU0465,Unit Test 1,MATH9,100,59.9,C,31-05-2023,2023-24
STU0271,Final,ENG6,100,91.6,A+,26-01-2026,2025-26
STU0171,Unit Test 2,TEL2,100,88.1,A,28-10-2023,2023-24
STU0153,Final,SST1,100,87.4,A,26-01-2024,2023-24
STU0359,Final,SST7,100,50.6,C,26-01-2025,2024-25
STU0283,Midterm,PE5,50,38.1,B+,30-07-2023,2023-24
STU0161,Final,MATH4,100,83.5,A,26-01-2026,2025-26
STU0423,Final,TEL8,100,68.3,B,26-01-2024,2023-24
STU0111,Unit Test 1,SST1,100,62.4,B,31-05-2024,2024-25
STU0309,Unit Test 2,TEL5,100,58.2,C,28-10-2023,2023-24
STU0446,Midterm,SST9,100,36.4,F,30-07-2023,2023-24
STU0358,Unit Test 2,SCI7,100,64.2,B,28-10-2024,2024-25
STU0177,Final,TEL2,100,87.5,A,26-01-2024,2023-24
STU0065,Unit Test 1,TELUKG,100,70.9,B+,31-05-2024,2024-25
STU0271,Final,SST4,100,94.5,A+,26-01-2024,2023-24
STU0360,Unit Test 1,ENG8,100,48.1,D,31-05-2025,2025-26
STU0336,Unit Test 2,ENG8,100,68.6,B,28-10-2025,2025-26
STU0200,Unit Test 2,SST3,100,71.3,B+,28-10-2024,2024-25
STU0515,Final,PE10,50,31.9,B,26-01-2024,2023-24
STU0366,Unit Test 2,MATH9,100,90.7,A+,28-10-2025,2025-26
STU0165,Unit Test 1,ENG2,100,71.4,B+,31-05-2023,2023-24
STU0153,Unit Test 2,PE1,50,37.3,B+,28-10-2023,2023-24
STU0484,Unit Test 1,PE10,50,38.6,B+,31-05-2023,2023-24
STU0090,Unit Test 2,SCI2,100,83.8,A,28-10-2025,2025-26
STU0109,Midterm,ENG1,100,85.8,A,30-07-2024,2024-25
STU0050,Final,EVSLKG,100,83.6,A,26-01-2024,2023-24
STU0024,Final,EVSLKG,100,53.9,C,26-01-2025,2024-25
STU0140,Unit Test 2,SST3,100,66.7,B,28-10-2025,2025-26
STU0139,Unit Test 1,CS1,50,24.1,D,31-05-2023,2023-24
STU0185,Unit Test 1,CS4,50,42.1,A,31-05-2025,2025-26
STU0171,Final,CS3,50,27.3,C,26-01-2025,2024-25
STU0357,Unit Test 1,SCI6,100,85.5,A,31-05-2023,2023-24
STU0304,Unit Test 2,SCI6,100,63.5,B,28-10-2024,2024-25
STU0390,Final,HIN7,100,54.2,C,26-01-2024,2023-24
STU0247,Unit Test 2,PE5,50,40.6,A,28-10-2024,2024-25
STU0282,Midterm,ENG6,100,100.0,A+,30-07-2024,2024-25
STU0336,Unit Test 1,TEL6,100,81.7,A,31-05-2023,2023-24
STU0161,Unit Test 2,MATH4,100,70.0,B+,28-10-2025,2025-26
STU0008,Final,EVSUKG,100,72.5,B+,26-01-2026,2025-26
STU0231,Midterm,HIN5,100,73.7,B+,30-07-2025,2025-26
STU0107,Midterm,SST2,100,39.8,F,30-07-2025,2025-26
STU0332,Unit Test 2,TEL7,100,92.9,A+,28-10-2024,2024-25
STU0107,Midterm,TEL2,100,78.1,B+,30-07-2025,2025-26
STU0016,Unit Test 1,ARTNursery,50,49.0,A+,31-05-2023,2023-24
STU0211,Final,HIN5,100,54.7,C,26-01-2026,2025-26
STU0159,Unit Test 2,TEL2,100,56.4,C,28-10-2024,2024-25
STU0497,Unit Test 2,ART10,50,43.8,A,28-10-2023,2023-24
STU0420,Unit Test 2,MATH8,100,79.8,B+,28-10-2023,2023-24
STU0177,Midterm,PE3,50,37.2,B+,30-07-2024,2024-25
STU0177,Final,TEL4,100,67.0,B,26-01-2026,2025-26
STU0149,Midterm,PE1,50,41.9,A,30-07-2023,2023-24
STU0111,Final,PE1,50,29.4,C,26-01-2025,2024-25
STU0360,Final,CS6,100,92.1,A+,26-01-2024,2023-24
STU0391,Final,ENG7,100,61.8,B,26-01-2024,2023-24
STU0271,Unit Test 2,PE6,50,41.5,A,28-10-2025,2025-26
STU0359,Final,TEL7,100,61.5,B,26-01-2025,2024-25
STU0509,Final,ART10,50,34.3,B,26-01-2024,2023-24
STU0158,Unit Test 1,CS2,50,32.0,B,31-05-2024,2024-25
STU0020,Unit Test 2,TELNursery,100,65.5,B,28-10-2023,2023-24
STU0202,Midterm,SCI5,100,100.0,A+,30-07-2025,2025-26
STU0357,Midterm,PE7,50,46.1,A+,30-07-2024,2024-25
STU0202,Unit Test 1,CS5,50,43.0,A,31-05-2025,2025-26
STU0456,Midterm,HIN9,100,72.2,B+,30-07-2023,2023-24
STU0364,Unit Test 2,HIN8,100,55.1,C,28-10-2024,2024-25
STU0304,Final,PE6,50,26.9,C,26-01-2025,2024-25
STU0441,Final,MATH9,100,73.0,B+,26-01-2024,2023-24
STU0336,Unit Test 2,PE7,50,32.3,B,28-10-2024,2024-25
STU0147,Unit Test 2,MATH1,100,94.7,A+,28-10-2023,2023-24
STU0391,Final,SST8,100,80.2,A,26-01-2025,2024-25
STU0328,Unit Test 2,MATH6,100,77.2,B+,28-10-2023,2023-24
STU0024,Midterm,HINNursery,100,69.1,B,30-07-2023,2023-24
STU0351,Unit Test 2,ENG7,100,81.1,A,28-10-2024,2024-25
STU0271,Unit Test 1,TEL5,100,56.5,C,31-05-2024,2024-25
STU0444,Midterm,TEL10,100,76.2,B+,30-07-2024,2024-25
STU0332,Unit Test 1,TEL6,100,90.8,A+,31-05-2023,2023-24
STU0249,Unit Test 1,CS6,100,67.0,B,31-05-2025,2025-26
STU0465,Midterm,SST9,100,58.0,C,30-07-2023,2023-24
STU0087,Unit Test 1,HIN1,100,84.7,A,31-05-2024,2024-25
STU0247,Final,HIN6,100,72.6,B+,26-01-2026,2025-26
STU0278,Unit Test 2,ENG6,100,69.0,B,28-10-2025,2025-26
STU0249,Final,TEL6,100,63.7,B,26-01-2026,2025-26
STU0016,Unit Test 2,EVSLKG,100,57.1,C,28-10-2024,2024-25
STU0304,Final,CS6,100,69.9,B,26-01-2025,2024-25
STU0446,Unit Test 1,PE9,50,28.9,C,31-05-2023,2023-24
STU0159,Midterm,CS3,50,43.3,A,30-07-2025,2025-26
STU0147,Midterm,MATH2,100,83.7,A,30-07-2024,2024-25
STU0441,Midterm,MATH9,100,59.9,C,30-07-2023,2023-24
STU0287,Unit Test 1,MATH5,100,58.1,C,31-05-2023,2023-24
STU0357,Unit Test 2,ENG8,100,71.6,B+,28-10-2025,2025-26
STU0424,Unit Test 2,SST8,100,91.6,A+,28-10-2023,2023-24
STU0132,Unit Test 2,SCI1,100,93.1,A+,28-10-2023,2023-24
STU0159,Final,HIN3,100,76.4,B+,26-01-2026,2025-26
STU0153,Unit Test 1,MATH2,100,54.9,C,31-05-2024,2024-25
STU0147,Final,SST1,100,68.7,B,26-01-2024,2023-24
STU0439,Unit Test 1,SST9,100,78.0,B+,31-05-2024,2024-25
STU0102,Unit Test 1,ENG2,100,60.8,B,31-05-2025,2025-26
STU0381,Unit Test 2,ENG9,100,70.6,B+,28-10-2025,2025-26
STU0161,Midterm,PE3,50,30.6,B,30-07-2024,2024-25
STU0231,Unit Test 2,SST5,100,75.9,B+,28-10-2025,2025-26
STU0407,Unit Test 2,HIN9,100,83.8,A,28-10-2024,2024-25
STU0308,Unit Test 1,TEL5,100,55.1,C,31-05-2023,2023-24
STU0287,Unit Test 2,TEL7,100,89.5,A,28-10-2025,2025-26
STU0358,Unit Test 1,SCI7,100,59.4,C,31-05-2024,2024-25
STU0153,Unit Test 2,SST2,100,63.4,B,28-10-2024,2024-25
STU0200,Midterm,TEL2,100,64.8,B,30-07-2023,2023-24
STU0491,Unit Test 2,SST10,100,76.4,B+,28-10-2023,2023-24
STU0503,Unit Test 2,HIN10,100,71.9,B+,28-10-2023,2023-24
STU0357,Unit Test 1,ART6,50,38.3,B+,31-05-2023,2023-24
STU0139,Unit Test 1,MATH3,100,76.0,B+,31-05-2025,2025-26
STU0336,Midterm,PE6,50,38.0,B+,30-07-2023,2023-24
STU0506,Unit Test 1,CS10,100,47.9,D,31-05-2023,2023-24
STU0416,Unit Test 2,MATH10,100,72.7,B+,28-10-2025,2025-26
STU0147,Final,PE1,50,37.7,B+,26-01-2024,2023-24
STU0132,Midterm,TEL2,100,78.0,B+,30-07-2024,2024-25
STU0095,Unit Test 2,MATHUKG,100,60.3,B,28-10-2023,2023-24
STU0132,Midterm,PE3,50,47.6,A+,30-07-2025,2025-26
STU0358,Midterm,TEL6,100,61.0,B,30-07-2023,2023-24
STU0356,Final,ENG7,100,77.0,B+,26-01-2025,2024-25
STU0308,Final,MATH6,100,66.2,B,26-01-2025,2024-25
STU0155,Final,CS3,50,35.9,B+,26-01-2026,2025-26
STU0132,Final,SST2,100,86.7,A,26-01-2025,2024-25
STU0407,Unit Test 1,SST10,100,80.7,A,31-05-2025,2025-26
STU0171,Midterm,MATH3,100,60.0,C,30-07-2024,2024-25
STU0308,Midterm,PE7,50,22.2,D,30-07-2025,2025-26
STU0271,Final,MATH5,100,93.2,A+,26-01-2025,2024-25
STU0208,Final,ENG4,100,60.8,B,26-01-2025,2024-25
STU0090,Final,HINUKG,100,70.2,B+,26-01-2024,2023-24
STU0202,Unit Test 2,SCI5,100,41.5,D,28-10-2025,2025-26
STU0093,Unit Test 1,EVSUKG,100,51.0,C,31-05-2023,2023-24
STU0153,Midterm,TEL1,100,86.0,A,30-07-2023,2023-24
STU0391,Final,PE7,50,26.6,C,26-01-2024,2023-24
STU0416,Unit Test 2,SST10,100,69.5,B,28-10-2025,2025-26
STU0109,Unit Test 2,SST1,100,91.0,A+,28-10-2024,2024-25
STU0073,Midterm,ENGLKG,100,62.8,B,30-07-2023,2023-24
STU0158,Unit Test 2,SCI3,100,76.8,B+,28-10-2025,2025-26
STU0277,Final,SST4,100,81.0,A,26-01-2024,2023-24
STU0177,Unit Test 1,CS4,50,46.3,A+,31-05-2025,2025-26
STU0424,Midterm,PE10,50,30.6,B,30-07-2025,2025-26
STU0102,Midterm,PE2,50,50.0,A+,30-07-2025,2025-26
STU0351,Unit Test 1,HIN8,100,85.4,A,31-05-2025,2025-26
STU0358,Midterm,TEL7,100,98.4,A+,30-07-2024,2024-25
STU0158,Midterm,HIN3,100,86.6,A,30-07-2025,2025-26
STU0424,Midterm,PE8,50,41.0,A,30-07-2023,2023-24
STU0017,Midterm,EVSUKG,100,62.2,B,30-07-2025,2025-26
STU0304,Unit Test 2,MATH7,100,92.3,A+,28-10-2025,2025-26
STU0356,Midterm,SST8,100,65.4,B,30-07-2025,2025-26
STU0360,Unit Test 1,CS7,100,68.1,B,31-05-2024,2024-25
STU0165,Midterm,ENG2,100,100.0,A+,30-07-2023,2023-24
STU0171,Unit Test 2,SST3,100,80.1,A,28-10-2024,2024-25
STU0420,Midterm,SCI10,100,50.6,C,30-07-2025,2025-26
STU0008,Midterm,ENGNursery,100,78.3,B+,30-07-2023,2023-24
STU0158,Final,PE2,50,47.1,A+,26-01-2025,2024-25
STU0456,Unit Test 1,SCI10,100,93.4,A+,31-05-2024,2024-25
STU0320,Midterm,TEL6,100,70.9,B+,30-07-2024,2024-25
STU0095,Final,TELUKG,100,49.0,D,26-01-2024,2023-24
STU0065,Midterm,MATHLKG,100,77.2,B+,30-07-2023,2023-24
STU0513,Midterm,ENG10,100,94.1,A+,30-07-2023,2023-24
STU0184,Unit Test 2,SCI2,100,90.2,A+,28-10-2023,2023-24
STU0360,Unit Test 1,PE6,50,33.0,B,31-05-2023,2023-24
STU0065,Unit Test 2,HIN1,100,81.4,A,28-10-2025,2025-26
STU0390,Midterm,PE7,50,37.5,B+,30-07-2023,2023-24
STU0155,Midterm,PE2,50,25.3,C,30-07-2024,2024-25
STU0158,Final,CS1,50,30.3,B,26-01-2024,2023-24
STU0328,Midterm,ART8,50,35.6,B+,30-07-2025,2025-26
STU0037,Unit Test 2,TELLKG,100,100.0,A+,28-10-2024,2024-25
STU0140,Unit Test 1,MATH1,100,88.8,A,31-05-2023,2023-24
STU0189,Unit Test 1,ENG3,100,73.7,B+,31-05-2024,2024-25
STU0420,Unit Test 1,TEL10,100,81.2,A,31-05-2025,2025-26
STU0472,Final,HIN9,100,37.2,F,26-01-2024,2023-24
STU0024,Midterm,EVSLKG,100,72.8,B+,30-07-2024,2024-25
STU0336,Midterm,ART8,50,39.6,B+,30-07-2025,2025-26
STU0149,Unit Test 1,MATH2,100,66.1,B,31-05-2024,2024-25
STU0139,Unit Test 2,SST1,100,52.3,C,28-10-2023,2023-24
STU0352,Unit Test 2,PE7,50,24.3,D,28-10-2024,2024-25
STU0287,Unit Test 1,TEL5,100,73.9,B+,31-05-2023,2023-24
STU0360,Unit Test 1,PE8,50,38.4,B+,31-05-2025,2025-26
STU0111,Unit Test 2,ENG2,100,50.4,C,28-10-2025,2025-26
STU0338,Unit Test 2,ENG7,100,81.0,A,28-10-2024,2024-25
STU0158,Unit Test 2,HIN1,100,71.6,B+,28-10-2023,2023-24
STU0149,Midterm,SST3,100,70.1,B+,30-07-2025,2025-26
STU0196,Unit Test 1,SST2,100,81.9,A,31-05-2023,2023-24
STU0509,Midterm,ENG10,100,74.4,B+,30-07-2023,2023-24
STU0459,Midterm,SCI10,100,45.0,D,30-07-2024,2024-25
STU0165,Unit Test 1,MATH4,100,61.9,B,31-05-2025,2025-26
STU0423,Unit Test 2,CS8,100,67.5,B,28-10-2023,2023-24
STU0497,Midterm,HIN10,100,43.8,D,30-07-2023,2023-24
STU0357,Final,MATH6,100,51.0,C,26-01-2024,2023-24
STU0050,Unit Test 1,TEL1,100,69.3,B,31-05-2025,2025-26
STU0446,Midterm,ART9,50,24.4,D,30-07-2023,2023-24
STU0470,Unit Test 2,CS9,100,45.6,D,28-10-2023,2023-24
STU0184,Unit Test 1,SCI3,100,47.3,D,31-05-2024,2024-25
STU0323,Midterm,PE7,50,27.1,C,30-07-2024,2024-25
STU0155,Unit Test 2,ENG3,100,92.9,A+,28-10-2025,2025-26
STU0336,Unit Test 1,CS6,100,50.4,C,31-05-2023,2023-24
STU0364,Final,HIN9,100,92.1,A+,26-01-2026,2025-26
STU0459,Final,CS10,100,91.9,A+,26-01-2025,2024-25
STU0177,Unit Test 2,CS3,50,44.5,A,28-10-2024,2024-25
STU0356,Midterm,SCI6,100,88.6,A,30-07-2023,2023-24
STU0416,Unit Test 2,HIN9,100,65.8,B,28-10-2024,2024-25
STU0513,Unit Test 2,CS10,100,58.5,C,28-10-2023,2023-24
STU0184,Midterm,ENG2,100,87.0,A,30-07-2023,2023-24
STU0153,Unit Test 2,SST3,100,90.5,A+,28-10-2025,2025-26
STU0095,Final,PE1,50,36.1,B+,26-01-2025,2024-25
STU0016,Unit Test 2,MATHNursery,100,88.9,A,28-10-2023,2023-24
STU0301,Final,TEL6,100,100.0,A+,26-01-2025,2024-25
STU0459,Midterm,PE10,50,45.5,A+,30-07-2024,2024-25
STU0357,Unit Test 1,SCI8,100,51.5,C,31-05-2025,2025-26
STU0301,Final,PE5,50,41.1,A,26-01-2024,2023-24
STU0391,Final,MATH9,100,55.0,C,26-01-2026,2025-26
STU0249,Midterm,ART6,50,37.0,B+,30-07-2025,2025-26
STU0282,Unit Test 2,MATH7,100,46.0,D,28-10-2025,2025-26
STU0111,Unit Test 2,HINUKG,100,72.1,B+,28-10-2023,2023-24
STU0320,Midterm,CS6,100,59.5,C,30-07-2024,2024-25
STU0439,Unit Test 1,TEL9,100,94.8,A+,31-05-2024,2024-25
STU0407,Final,CS10,100,82.8,A,26-01-2026,2025-26
STU0017,Unit Test 2,MATHNursery,100,75.6,B+,28-10-2023,2023-24
STU0211,Midterm,ENG3,100,74.2,B+,30-07-2023,2023-24
STU0446,Midterm,SCI9,100,55.0,C,30-07-2023,2023-24
STU0484,Final,SST10,100,89.7,A,26-01-2024,2023-24
STU0196,Midterm,HIN4,100,78.5,B+,30-07-2025,2025-26
STU0456,Final,HIN10,100,79.2,B+,26-01-2025,2024-25
STU0328,Final,MATH7,100,58.3,C,26-01-2025,2024-25
STU0093,Unit Test 1,SCI2,100,54.2,C,31-05-2025,2025-26
STU0050,Midterm,EVSUKG,100,59.9,C,30-07-2024,2024-25
STU0301,Midterm,SCI5,100,79.3,B+,30-07-2023,2023-24
STU0165,Midterm,SST4,100,64.1,B,30-07-2025,2025-26
STU0323,Midterm,HIN7,100,83.6,A,30-07-2024,2024-25
STU0300,Unit Test 2,TEL7,100,86.6,A,28-10-2025,2025-26
STU0506,Unit Test 2,HIN10,100,69.2,B,28-10-2023,2023-24
STU0301,Midterm,TEL7,100,68.1,B,30-07-2025,2025-26
STU0020,Unit Test 2,ARTNursery,50,29.3,C,28-10-2023,2023-24
STU0147,Final,ENG2,100,58.9,C,26-01-2025,2024-25
STU0336,Midterm,ENG6,100,100.0,A+,30-07-2023,2023-24
STU0359,Midterm,PE8,50,19.5,F,30-07-2025,2025-26
STU0202,Unit Test 1,TEL5,100,66.1,B,31-05-2025,2025-26
STU0249,Unit Test 1,MATH6,100,81.5,A,31-05-2025,2025-26
STU0159,Unit Test 1,PE2,50,32.2,B,31-05-2024,2024-25
STU0309,Final,MATH7,100,95.1,A+,26-01-2026,2025-26
STU0300,Unit Test 1,MATH5,100,91.3,A+,31-05-2023,2023-24
STU0271,Final,CS5,50,30.4,B,26-01-2025,2024-25
STU0352,Midterm,HIN8,100,56.9,C,30-07-2025,2025-26
STU0050,Unit Test 1,ARTUKG,50,33.7,B,31-05-2024,2024-25
STU0165,Unit Test 1,SCI4,100,67.9,B,31-05-2025,2025-26
STU0358,Midterm,CS8,100,79.2,B+,30-07-2025,2025-26
STU0271,Midterm,CS4,50,39.6,B+,30-07-2023,2023-24
STU0332,Final,ART6,50,32.0,B,26-01-2024,2023-24
STU0140,Unit Test 1,ENG1,100,46.8,D,31-05-2023,2023-24
STU0158,Final,TEL1,100,69.7,B,26-01-2024,2023-24
STU0111,Unit Test 2,CS1,50,44.7,A,28-10-2024,2024-25
STU0196,Midterm,ENG4,100,87.6,A,30-07-2025,2025-26
STU0283,Unit Test 1,TEL6,100,77.2,B+,31-05-2024,2024-25
STU0304,Unit Test 2,CS6,100,52.8,C,28-10-2024,2024-25
STU0097,Unit Test 2,SST1,100,43.8,D,28-10-2024,2024-25
STU0308,Final,SCI6,100,86.2,A,26-01-2025,2024-25
STU0441,Unit Test 1,TEL10,100,72.6,B+,31-05-2024,2024-25
STU0102,Unit Test 2,HIN1,100,81.5,A,28-10-2024,2024-25
STU0185,Unit Test 2,CS2,50,38.4,B+,28-10-2023,2023-24
STU0300,Unit Test 2,TEL5,100,71.2,B+,28-10-2023,2023-24
STU0132,Unit Test 1,PE2,50,38.1,B+,31-05-2024,2024-25
STU0008,Unit Test 1,MATHUKG,100,62.9,B,31-05-2025,2025-26
STU0481,Unit Test 1,ART10,50,33.2,B,31-05-2023,2023-24
STU0037,Unit Test 2,ARTNursery,50,44.9,A,28-10-2023,2023-24
STU0241,Midterm,SST6,100,86.6,A,30-07-2025,2025-26
STU0472,Midterm,TEL10,100,47.9,D,30-07-2024,2024-25
STU0037,Final,ENGNursery,100,56.7,C,26-01-2024,2023-24
STU0109,Midterm,CS1,50,45.0,A,30-07-2024,2024-25
STU0097,Unit Test 2,PE1,50,30.3,B,28-10-2024,2024-25
STU0323,Unit Test 1,SCI7,100,57.1,C,31-05-2024,2024-25
STU0470,Final,PE9,50,29.9,C,26-01-2024,2023-24
STU0300,Final,SCI7,100,84.1,A,26-01-2026,2025-26
STU0320,Unit Test 2,MATH5,100,73.5,B+,28-10-2023,2023-24
STU0360,Midterm,SST6,100,46.9,D,30-07-2023,2023-24
STU0132,Unit Test 2,TEL3,100,97.0,A+,28-10-2025,2025-26
STU0271,Unit Test 1,SCI6,100,57.1,C,31-05-2025,2025-26
STU0090,Final,PE1,50,47.9,A+,26-01-2025,2024-25
STU0177,Final,HIN3,100,82.0,A,26-01-2025,2024-25
STU0177,Unit Test 2,CS2,50,45.6,A+,28-10-2023,2023-24
STU0472,Midterm,MATH10,100,62.7,B,30-07-2024,2024-25
STU0211,Final,TEL5,100,80.6,A,26-01-2026,2025-26
STU0332,Unit Test 2,ART7,50,30.4,B,28-10-2024,2024-25
STU0132,Midterm,SCI3,100,78.3,B+,30-07-2025,2025-26
STU0271,Final,SST5,100,86.3,A,26-01-2025,2024-25
STU0161,Midterm,TEL3,100,90.3,A+,30-07-2024,2024-25
STU0262,Unit Test 1,CS4,50,38.8,B+,31-05-2023,2023-24
STU0090,Unit Test 1,EVSUKG,100,44.5,D,31-05-2023,2023-24
STU0020,Unit Test 2,TELLKG,100,89.7,A,28-10-2024,2024-25
STU0358,Final,PE7,50,37.5,B+,26-01-2025,2024-25
STU0444,Unit Test 2,MATH9,100,70.2,B+,28-10-2023,2023-24
STU0304,Unit Test 2,MATH6,100,46.0,D,28-10-2024,2024-25
STU0459,Unit Test 1,HIN9,100,69.5,B,31-05-2023,2023-24
STU0185,Midterm,TEL4,100,74.1,B+,30-07-2025,2025-26
STU0093,Final,ENG1,100,77.4,B+,26-01-2025,2024-25
STU0202,Unit Test 1,ENG5,100,70.6,B+,31-05-2025,2025-26
STU0336,Midterm,SCI7,100,82.0,A,30-07-2024,2024-25
STU0320,Unit Test 1,TEL6,100,65.6,B,31-05-2024,2024-25
STU0184,Unit Test 2,MATH4,100,69.9,B,28-10-2025,2025-26
STU0309,Unit Test 2,TEL6,100,51.9,C,28-10-2024,2024-25
STU0090,Unit Test 1,SST2,100,53.5,C,31-05-2025,2025-26
STU0065,Midterm,EVSLKG,100,76.6,B+,30-07-2023,2023-24
STU0065,Final,ENG1,100,63.0,B,26-01-2026,2025-26
STU0037,Unit Test 1,ENGUKG,100,67.1,B,31-05-2025,2025-26
STU0277,Unit Test 2,SCI5,100,74.7,B+,28-10-2024,2024-25
STU0320,Unit Test 2,ENG5,100,71.7,B+,28-10-2023,2023-24
STU0481,Final,MATH10,100,50.9,C,26-01-2024,2023-24
STU0320,Midterm,ENG7,100,91.0,A+,30-07-2025,2025-26
STU0090,Unit Test 2,SST2,100,59.7,C,28-10-2025,2025-26
STU0184,Unit Test 2,SCI3,100,55.5,C,28-10-2024,2024-25
STU0309,Final,HIN5,100,73.1,B+,26-01-2024,2023-24
STU0165,Unit Test 1,MATH2,100,69.4,B,31-05-2023,2023-24
STU0416,Final,PE9,50,36.5,B+,26-01-2025,2024-25
STU0407,Final,CS8,100,53.1,C,26-01-2024,2023-24
STU0351,Final,HIN7,100,76.2,B+,26-01-2025,2024-25
STU0364,Final,ART9,50,37.2,B+,26-01-2026,2025-26
STU0095,Final,SST2,100,79.2,B+,26-01-2026,2025-26
STU0332,Unit Test 1,MATH8,100,70.0,B,31-05-2025,2025-26
STU0336,Final,TEL6,100,59.5,C,26-01-2024,2023-24
STU0050,Unit Test 1,CS1,50,27.5,C,31-05-2025,2025-26
STU0161,Unit Test 1,ENG3,100,92.2,A+,31-05-2024,2024-25
STU0360,Midterm,MATH8,100,49.2,D,30-07-2025,2025-26
STU0161,Midterm,MATH4,100,52.2,C,30-07-2025,2025-26
STU0283,Midterm,MATH5,100,51.5,C,30-07-2023,2023-24
STU0309,Midterm,SCI5,100,87.0,A,30-07-2023,2023-24
STU0149,Unit Test 2,MATH2,100,62.3,B,28-10-2024,2024-25
STU0423,Unit Test 2,CS9,100,75.9,B+,28-10-2024,2024-25
STU0247,Midterm,SST5,100,53.4,C,30-07-2024,2024-25
STU0088,Midterm,HIN2,100,80.8,A,30-07-2025,2025-26
STU0271,Unit Test 1,PE4,50,48.1,A+,31-05-2023,2023-24
STU0147,Final,PE3,50,47.7,A+,26-01-2026,2025-26
STU0109,Unit Test 2,CS1,50,42.2,A,28-10-2024,2024-25
STU0357,Final,SCI7,100,70.3,B+,26-01-2025,2024-25
STU0332,Final,PE8,50,31.1,B,26-01-2026,2025-26
STU0513,Unit Test 1,ART10,50,18.6,F,31-05-2023,2023-24
STU0390,Unit Test 2,PE9,50,31.9,B,28-10-2025,2025-26
STU0262,Unit Test 2,TEL5,100,73.4,B+,28-10-2024,2024-25
STU0509,Final,TEL10,100,57.6,C,26-01-2024,2023-24
STU0407,Midterm,SST9,100,78.5,B+,30-07-2024,2024-25
STU0424,Unit Test 1,SST8,100,85.8,A,31-05-2023,2023-24
STU0287,Midterm,ENG7,100,73.7,B+,30-07-2025,2025-26
STU0287,Final,ENG7,100,65.0,B,26-01-2026,2025-26
STU0475,Final,ENG10,100,83.0,A,26-01-2025,2024-25
STU0153,Unit Test 1,SST3,100,58.1,C,31-05-2025,2025-26
STU0352,Midterm,SST8,100,61.9,B,30-07-2025,2025-26
STU0087,Final,HIN1,100,71.4,B+,26-01-2025,2024-25
STU0200,Midterm,SST3,100,75.2,B+,30-07-2024,2024-25
STU0184,Midterm,MATH3,100,58.2,C,30-07-2024,2024-25
STU0287,Midterm,CS6,100,80.4,A,30-07-2024,2024-25
STU0102,Unit Test 1,ENG1,100,90.2,A+,31-05-2024,2024-25
STU0360,Final,ENG7,100,67.6,B,26-01-2025,2024-25
STU0328,Unit Test 1,SST6,100,53.6,C,31-05-2023,2023-24
STU0241,Midterm,ENG5,100,59.8,C,30-07-2024,2024-25
STU0513,Midterm,SST10,100,69.2,B,30-07-2023,2023-24
STU0132,Final,HIN1,100,86.0,A,26-01-2024,2023-24
STU0271,Final,MATH6,100,53.0,C,26-01-2026,2025-26
STU0017,Unit Test 2,TELLKG,100,68.8,B,28-10-2024,2024-25
STU0017,Unit Test 2,MATHUKG,100,81.0,A,28-10-2025,2025-26
STU0088,Unit Test 1,PE1,50,40.0,A,31-05-2024,2024-25
STU0456,Unit Test 1,CS10,100,46.1,D,31-05-2024,2024-25
STU0304,Unit Test 2,HIN6,100,59.6,C,28-10-2024,2024-25
STU0287,Midterm,MATH6,100,77.1,B+,30-07-2024,2024-25
STU0200,Final,TEL2,100,81.4,A,26-01-2024,2023-24
STU0359,Final,ART6,50,17.8,F,26-01-2024,2023-24
STU0472,Final,HIN10,100,83.4,A,26-01-2025,2024-25
STU0304,Unit Test 1,HIN7,100,68.7,B,31-05-2025,2025-26
STU0073,Final,HINUKG,100,62.9,B,26-01-2025,2024-25
STU0456,Final,SST9,100,70.1,B+,26-01-2024,2023-24
STU0351,Unit Test 2,ENG6,100,84.5,A,28-10-2023,2023-24
STU0271,Midterm,TEL4,100,76.0,B+,30-07-2023,2023-24
STU0202,Unit Test 1,SST3,100,58.0,C,31-05-2023,2023-24
STU0336,Final,ART6,50,38.3,B+,26-01-2024,2023-24
STU0357,Unit Test 1,HIN8,100,76.6,B+,31-05-2025,2025-26
STU0102,Midterm,TELUKG,100,68.4,B,30-07-2023,2023-24
STU0446,Unit Test 2,TEL10,100,63.7,B,28-10-2024,2024-25
STU0037,Unit Test 2,ENGNursery,100,69.0,B,28-10-2023,2023-24
STU0200,Unit Test 1,HIN3,100,99.5,A+,31-05-2024,2024-25
STU0364,Final,HIN8,100,82.1,A,26-01-2025,2024-25
STU0211,Midterm,ENG5,100,89.0,A,30-07-2025,2025-26
STU0506,Midterm,MATH10,100,82.9,A,30-07-2023,2023-24
STU0391,Final,PE8,50,39.0,B+,26-01-2025,2024-25
STU0097,Midterm,HIN1,100,62.3,B,30-07-2024,2024-25
STU0444,Final,SST10,100,75.6,B+,26-01-2025,2024-25
STU0241,Final,HIN6,100,75.6,B+,26-01-2026,2025-26
STU0147,Final,HIN3,100,76.1,B+,26-01-2026,2025-26
STU0177,Unit Test 1,HIN3,100,97.1,A+,31-05-2024,2024-25
STU0338,Midterm,HIN8,100,48.5,D,30-07-2025,2025-26
STU0338,Final,ENG6,100,73.9,B+,26-01-2024,2023-24
STU0391,Midterm,ENG7,100,87.7,A,30-07-2023,2023-24
STU0364,Unit Test 2,TEL9,100,62.6,B,28-10-2025,2025-26
STU0088,Midterm,SCI1,100,64.3,B,30-07-2024,2024-25
STU0459,Unit Test 1,ENG10,100,72.5,B+,31-05-2024,2024-25
STU0153,Unit Test 2,MATH2,100,52.8,C,28-10-2024,2024-25
STU0470,Midterm,TEL9,100,76.2,B+,30-07-2023,2023-24
STU0161,Unit Test 1,PE4,50,30.5,B,31-05-2025,2025-26
STU0097,Final,PE2,50,42.2,A,26-01-2026,2025-26
STU0278,Midterm,MATH6,100,88.8,A,30-07-2025,2025-26
STU0424,Unit Test 2,HIN8,100,63.9,B,28-10-2023,2023-24
STU0016,Final,MATHLKG,100,61.6,B,26-01-2025,2024-25
STU0093,Unit Test 2,SST2,100,68.9,B,28-10-2025,2025-26
STU0282,Unit Test 1,ENG7,100,100.0,A+,31-05-2025,2025-26
STU0439,Midterm,ART8,50,34.8,B,30-07-2023,2023-24
STU0360,Unit Test 2,SST7,100,49.4,D,28-10-2024,2024-25
STU0282,Midterm,CS6,100,56.8,C,30-07-2024,2024-25
STU0470,Final,SST10,100,15.0,F,26-01-2025,2024-25
STU0095,Final,ARTUKG,50,41.4,A,26-01-2024,2023-24
STU0351,Final,PE8,50,26.5,C,26-01-2026,2025-26
STU0171,Unit Test 2,SCI2,100,52.9,C,28-10-2023,2023-24
STU0366,Midterm,CS7,100,73.2,B+,30-07-2023,2023-24
STU0153,Final,CS2,50,43.7,A,26-01-2025,2024-25
STU0300,Final,ENG7,100,44.0,D,26-01-2026,2025-26
STU0356,Unit Test 2,HIN7,100,48.3,D,28-10-2024,2024-25
STU0277,Midterm,HIN6,100,72.9,B+,30-07-2025,2025-26
STU0323,Final,SST7,100,73.3,B+,26-01-2025,2024-25
STU0149,Unit Test 1,ENG2,100,72.2,B+,31-05-2024,2024-25
STU0356,Final,MATH6,100,70.6,B+,26-01-2024,2023-24
STU0158,Unit Test 1,SST2,100,69.5,B,31-05-2024,2024-25
STU0037,Final,HINNursery,100,64.2,B,26-01-2024,2023-24
STU0332,Unit Test 1,SST8,100,57.2,C,31-05-2025,2025-26
STU0287,Midterm,ART7,50,36.6,B+,30-07-2025,2025-26
STU0065,Unit Test 2,ENGLKG,100,90.6,A+,28-10-2023,2023-24
STU0407,Unit Test 2,ART10,50,27.2,C,28-10-2025,2025-26
STU0093,Final,SST1,100,46.7,D,26-01-2025,2024-25
STU0359,Unit Test 2,HIN7,100,62.5,B,28-10-2024,2024-25
STU0356,Unit Test 2,CS8,100,81.4,A,28-10-2025,2025-26
STU0111,Final,CS2,50,33.8,B,26-01-2026,2025-26
STU0509,Midterm,SST10,100,31.1,F,30-07-2023,2023-24
STU0208,Unit Test 1,MATH5,100,74.2,B+,31-05-2025,2025-26
STU0472,Midterm,TEL9,100,57.5,C,30-07-2023,2023-24
STU0185,Unit Test 2,HIN3,100,65.6,B,28-10-2024,2024-25
STU0184,Final,MATH3,100,53.4,C,26-01-2025,2024-25
STU0446,Midterm,SST10,100,70.4,B+,30-07-2024,2024-25
STU0439,Final,CS9,100,47.6,D,26-01-2025,2024-25
STU0278,Midterm,HIN6,100,63.8,B,30-07-2025,2025-26
STU0351,Unit Test 1,PE6,50,28.0,C,31-05-2023,2023-24
STU0153,Unit Test 1,ENG2,100,74.3,B+,31-05-2024,2024-25
STU0356,Unit Test 1,SST6,100,82.5,A,31-05-2023,2023-24
STU0102,Unit Test 2,ENGUKG,100,74.7,B+,28-10-2023,2023-24
STU0407,Midterm,MATH8,100,42.9,D,30-07-2023,2023-24
STU0155,Unit Test 1,CS3,50,36.0,B+,31-05-2025,2025-26
STU0304,Final,ENG5,100,73.9,B+,26-01-2024,2023-24
STU0332,Midterm,CS7,100,66.2,B,30-07-2024,2024-25
STU0358,Final,MATH8,100,81.8,A,26-01-2026,2025-26
STU0155,Unit Test 1,CS1,50,29.6,C,31-05-2023,2023-24
STU0336,Unit Test 1,SST7,100,69.8,B,31-05-2024,2024-25
STU0185,Unit Test 1,TEL3,100,80.9,A,31-05-2024,2024-25
STU0159,Unit Test 1,TEL1,100,81.4,A,31-05-2023,2023-24
STU0211,Unit Test 2,ENG4,100,33.4,F,28-10-2024,2024-25
STU0171,Final,ENG4,100,76.7,B+,26-01-2026,2025-26
STU0384,Final,MATH8,100,78.5,B+,26-01-2025,2024-25
STU0360,Final,SCI6,100,83.8,A,26-01-2024,2023-24
STU0196,Unit Test 2,ENG3,100,73.6,B+,28-10-2024,2024-25
STU0336,Unit Test 2,HIN8,100,67.9,B,28-10-2025,2025-26
STU0357,Final,TEL7,100,47.5,D,26-01-2025,2024-25
STU0391,Final,HIN7,100,81.5,A,26-01-2024,2023-24
STU0037,Unit Test 1,ARTNursery,50,35.2,B+,31-05-2023,2023-24
STU0017,Midterm,TELLKG,100,78.5,B+,30-07-2024,2024-25
STU0208,Final,SCI5,100,57.2,C,26-01-2026,2025-26
STU0097,Midterm,HIN2,100,74.2,B+,30-07-2025,2025-26
STU0140,Midterm,SST2,100,64.1,B,30-07-2024,2024-25
STU0161,Unit Test 1,PE2,50,25.4,C,31-05-2023,2023-24
STU0211,Unit Test 2,MATH3,100,68.4,B,28-10-2023,2023-24
STU0147,Midterm,SCI1,100,54.0,C,30-07-2023,2023-24
STU0088,Unit Test 1,ARTUKG,50,20.1,D,31-05-2023,2023-24
STU0202,Midterm,SST3,100,70.4,B+,30-07-2023,2023-24
STU0332,Unit Test 2,PE7,50,38.9,B+,28-10-2024,2024-25
STU0304,Midterm,CS7,100,58.3,C,30-07-2025,2025-26
STU0231,Unit Test 1,SCI4,100,67.6,B,31-05-2024,2024-25
STU0301,Unit Test 1,HIN5,100,68.8,B,31-05-2023,2023-24
STU0366,Unit Test 2,PE8,50,35.2,B+,28-10-2024,2024-25
STU0309,Unit Test 1,ART6,50,40.1,A,31-05-2024,2024-25
STU0320,Midterm,ART7,50,41.5,A,30-07-2025,2025-26
STU0446,Unit Test 2,ENG9,100,78.1,B+,28-10-2023,2023-24
STU0185,Unit Test 2,SST3,100,86.3,A,28-10-2024,2024-25
STU0090,Midterm,PE2,50,34.1,B,30-07-2025,2025-26
STU0320,Unit Test 2,TEL6,100,94.4,A+,28-10-2024,2024-25
STU0249,Unit Test 2,PE4,50,34.5,B,28-10-2023,2023-24
STU0111,Unit Test 1,SCI1,100,78.6,B+,31-05-2024,2024-25
STU0360,Midterm,ENG7,100,60.3,B,30-07-2024,2024-25
STU0360,Unit Test 1,MATH7,100,75.0,B+,31-05-2024,2024-25
STU0147,Unit Test 2,HIN1,100,60.6,B,28-10-2023,2023-24
STU0481,Midterm,SST10,100,81.4,A,30-07-2023,2023-24
STU0184,Unit Test 1,TEL3,100,73.6,B+,31-05-2024,2024-25
STU0158,Midterm,ENG3,100,66.1,B,30-07-2025,2025-26
STU0360,Unit Test 2,ENG7,100,70.7,B+,28-10-2024,2024-25
STU0446,Unit Test 2,HIN9,100,68.1,B,28-10-2023,2023-24
STU0356,Midterm,CS6,100,92.5,A+,30-07-2023,2023-24
STU0161,Unit Test 2,ENG3,100,87.4,A,28-10-2024,2024-25
STU0336,Midterm,PE7,50,22.5,D,30-07-2024,2024-25
STU0300,Final,MATH6,100,84.7,A,26-01-2025,2024-25
STU0016,Final,HINNursery,100,69.2,B,26-01-2024,2023-24
STU0439,Unit Test 1,HIN10,100,72.8,B+,31-05-2025,2025-26
STU0360,Unit Test 1,SST6,100,74.2,B+,31-05-2023,2023-24
STU0184,Midterm,CS4,50,33.7,B,30-07-2025,2025-26
STU0381,Unit Test 2,SCI8,100,55.5,C,28-10-2024,2024-25
STU0283,Final,HIN6,100,63.8,B,26-01-2025,2024-25
STU0278,Final,CS4,50,44.8,A,26-01-2024,2023-24
STU0171,Final,HIN3,100,84.9,A,26-01-2025,2024-25
STU0140,Midterm,SCI2,100,72.2,B+,30-07-2024,2024-25
STU0351,Unit Test 1,HIN6,100,64.2,B,31-05-2023,2023-24
STU0308,Midterm,SST6,100,40.7,D,30-07-2024,2024-25
STU0262,Midterm,ENG6,100,55.1,C,30-07-2025,2025-26
STU0177,Unit Test 2,ENG3,100,66.1,B,28-10-2024,2024-25
STU0381,Final,PE8,50,36.8,B+,26-01-2025,2024-25
STU0073,Unit Test 2,SCI1,100,69.6,B,28-10-2025,2025-26
STU0465,Midterm,CS10,100,100.0,A+,30-07-2024,2024-25
STU0381,Unit Test 2,SST9,100,63.0,B,28-10-2025,2025-26
STU0008,Unit Test 1,ARTUKG,50,32.0,B,31-05-2025,2025-26
STU0200,Unit Test 1,TEL3,100,89.2,A,31-05-2024,2024-25
STU0465,Final,CS9,100,94.3,A+,26-01-2024,2023-24
STU0140,Unit Test 1,TEL2,100,61.1,B,31-05-2024,2024-25
STU0102,Final,MATH1,100,68.1,B,26-01-2025,2024-25
STU0424,Unit Test 1,ART10,50,43.5,A,31-05-2025,2025-26
STU0155,Midterm,TEL1,100,70.6,B+,30-07-2023,2023-24
STU0165,Final,PE2,50,29.4,C,26-01-2024,2023-24
STU0161,Unit Test 2,PE2,50,30.7,B,28-10-2023,2023-24
STU0161,Unit Test 2,PE3,50,41.1,A,28-10-2024,2024-25
STU0196,Unit Test 2,SCI3,100,74.7,B+,28-10-2024,2024-25
STU0017,Midterm,ARTUKG,50,40.7,A,30-07-2025,2025-26
STU0497,Unit Test 2,ENG10,100,59.9,C,28-10-2023,2023-24
STU0231,Unit Test 1,CS4,50,37.8,B+,31-05-2024,2024-25
STU0309,Unit Test 2,TEL7,100,51.6,C,28-10-2025,2025-26
STU0416,Midterm,PE10,50,37.7,B+,30-07-2025,2025-26
STU0139,Unit Test 1,TEL1,100,57.7,C,31-05-2023,2023-24
STU0358,Midterm,HIN8,100,48.8,D,30-07-2025,2025-26
STU0095,Midterm,ARTUKG,50,43.1,A,30-07-2023,2023-24
STU0357,Midterm,CS8,100,74.2,B+,30-07-2025,2025-26
STU0024,Midterm,HINUKG,100,85.8,A,30-07-2025,2025-26
STU0231,Unit Test 1,ENG5,100,63.8,B,31-05-2025,2025-26
STU0439,Final,CS8,100,63.2,B,26-01-2024,2023-24
STU0090,Final,CS2,50,44.1,A,26-01-2026,2025-26
STU0423,Midterm,SST10,100,69.1,B,30-07-2025,2025-26
STU0336,Unit Test 1,ENG8,100,66.8,B,31-05-2025,2025-26
STU0161,Unit Test 2,SST2,100,51.3,C,28-10-2023,2023-24
STU0308,Unit Test 2,SCI7,100,98.2,A+,28-10-2025,2025-26
STU0090,Final,EVSUKG,100,55.9,C,26-01-2024,2023-24
STU0364,Final,MATH9,100,65.6,B,26-01-2026,2025-26
STU0390,Final,CS7,100,50.2,C,26-01-2024,2023-24
STU0147,Midterm,PE2,50,42.0,A,30-07-2024,2024-25
STU0161,Midterm,PE2,50,38.5,B+,30-07-2023,2023-24
STU0088,Final,ENG1,100,78.2,B+,26-01-2025,2024-25
STU0196,Unit Test 1,CS3,50,36.6,B+,31-05-2024,2024-25
STU0320,Final,MATH7,100,94.1,A+,26-01-2026,2025-26
STU0017,Unit Test 1,ARTNursery,50,39.5,B+,31-05-2023,2023-24
STU0139,Final,TEL1,100,62.3,B,26-01-2024,2023-24
STU0364,Midterm,ART8,50,45.0,A+,30-07-2024,2024-25
STU0262,Midterm,HIN5,100,81.2,A,30-07-2024,2024-25
STU0309,Unit Test 1,HIN7,100,79.6,B+,31-05-2025,2025-26
STU0356,Unit Test 1,TEL6,100,64.1,B,31-05-2023,2023-24
STU0196,Unit Test 1,SCI3,100,80.5,A,31-05-2024,2024-25
STU0328,Final,SCI8,100,57.9,C,26-01-2026,2025-26
STU0351,Final,MATH8,100,61.3,B,26-01-2026,2025-26
STU0320,Unit Test 2,ENG7,100,61.0,B,28-10-2025,2025-26
STU0332,Midterm,SST6,100,88.8,A,30-07-2023,2023-24
STU0171,Final,TEL2,100,100.0,A+,26-01-2024,2023-24
STU0111,Final,ARTUKG,50,27.1,C,26-01-2024,2023-24
STU0441,Unit Test 1,SCI9,100,37.8,F,31-05-2023,2023-24
STU0323,Final,ENG7,100,85.1,A,26-01-2025,2024-25
STU0423,Unit Test 1,TEL8,100,78.8,B+,31-05-2023,2023-24
STU0208,Final,PE3,50,32.7,B,26-01-2024,2023-24
STU0278,Unit Test 2,HIN6,100,83.4,A,28-10-2025,2025-26
STU0358,Final,ART6,50,35.1,B+,26-01-2024,2023-24
STU0097,Unit Test 1,HIN2,100,57.8,C,31-05-2025,2025-26
STU0184,Midterm,MATH2,100,59.9,C,30-07-2023,2023-24
STU0140,Final,HIN3,100,82.2,A,26-01-2026,2025-26
STU0158,Final,SST2,100,77.1,B+,26-01-2025,2024-25
STU0177,Unit Test 1,HIN4,100,59.7,C,31-05-2025,2025-26
STU0111,Midterm,CS1,50,28.1,C,30-07-2024,2024-25
STU0165,Unit Test 2,TEL3,100,69.6,B,28-10-2024,2024-25
STU0020,Unit Test 1,HINUKG,100,76.1,B+,31-05-2025,2025-26
STU0107,Unit Test 1,TELUKG,100,55.9,C,31-05-2023,2023-24
STU0231,Unit Test 2,CS5,50,33.0,B,28-10-2025,2025-26
STU0491,Unit Test 1,SST10,100,89.8,A,31-05-2023,2023-24
STU0366,Final,PE9,50,36.4,B+,26-01-2026,2025-26
STU0407,Unit Test 2,CS9,100,71.1,B+,28-10-2024,2024-25
STU0065,Unit Test 1,TELLKG,100,62.6,B,31-05-2023,2023-24
STU0016,Unit Test 1,EVSNursery,100,98.4,A+,31-05-2023,2023-24
STU0192,Final,HIN3,100,93.3,A+,26-01-2025,2024-25
STU0423,Unit Test 2,SST8,100,66.4,B,28-10-2023,2023-24
STU0140,Unit Test 2,MATH1,100,60.7,B,28-10-2023,2023-24
STU0358,Midterm,SST8,100,47.5,D,30-07-2025,2025-26
STU0384,Unit Test 2,TEL9,100,75.9,B+,28-10-2025,2025-26
STU0472,Final,MATH10,100,69.7,B,26-01-2025,2024-25
STU0424,Unit Test 2,CS8,100,48.0,D,28-10-2023,2023-24
STU0309,Unit Test 1,CS7,100,81.1,A,31-05-2025,2025-26
STU0231,Midterm,PE4,50,24.7,D,30-07-2024,2024-25
STU0087,Midterm,HIN1,100,93.7,A+,30-07-2024,2024-25
STU0416,Unit Test 2,MATH8,100,60.4,B,28-10-2023,2023-24
STU0202,Unit Test 2,PE5,50,28.9,C,28-10-2025,2025-26
STU0456,Unit Test 1,SCI9,100,51.2,C,31-05-2023,2023-24
STU0357,Final,TEL6,100,75.8,B+,26-01-2024,2023-24
STU0407,Unit Test 2,ART9,50,34.0,B,28-10-2024,2024-25
STU0095,Unit Test 1,ENG2,100,59.1,C,31-05-2025,2025-26
STU0177,Midterm,CS2,50,34.1,B,30-07-2023,2023-24
STU0147,Unit Test 1,SST3,100,61.4,B,31-05-2025,2025-26
STU0424,Unit Test 1,CS8,100,92.6,A+,31-05-2023,2023-24
STU0202,Unit Test 1,SCI5,100,59.9,C,31-05-2025,2025-26
STU0320,Unit Test 1,TEL7,100,76.2,B+,31-05-2025,2025-26
STU0304,Final,MATH7,100,70.3,B+,26-01-2026,2025-26
STU0208,Unit Test 1,CS4,50,50.0,A+,31-05-2024,2024-25
STU0111,Midterm,SCI2,100,61.4,B,30-07-2025,2025-26
STU0287,Unit Test 2,SCI5,100,100.0,A+,28-10-2023,2023-24
STU0352,Unit Test 2,ART7,50,32.8,B,28-10-2024,2024-25
STU0107,Final,MATH1,100,82.7,A,26-01-2025,2024-25
STU0196,Midterm,CS4,50,43.5,A,30-07-2025,2025-26
STU0320,Unit Test 2,SST7,100,65.5,B,28-10-2025,2025-26
STU0444,Unit Test 2,SCI10,100,47.4,D,28-10-2024,2024-25
STU0102,Midterm,HIN2,100,100.0,A+,30-07-2025,2025-26
STU0420,Midterm,HIN8,100,70.6,B+,30-07-2023,2023-24
STU0364,Midterm,ART7,50,33.4,B,30-07-2023,2023-24
STU0407,Midterm,SCI9,100,79.2,B+,30-07-2024,2024-25
STU0332,Unit Test 1,PE8,50,36.8,B+,31-05-2025,2025-26
STU0249,Midterm,SST5,100,61.9,B,30-07-2024,2024-25
STU0231,Unit Test 2,SCI3,100,68.6,B,28-10-2023,2023-24
STU0484,Unit Test 2,TEL10,100,100.0,A+,28-10-2023,2023-24
STU0159,Unit Test 1,SCI1,100,69.6,B,31-05-2023,2023-24
STU0328,Midterm,ENG8,100,93.6,A+,30-07-2025,2025-26
STU0420,Unit Test 2,MATH9,100,52.0,C,28-10-2024,2024-25
STU0262,Final,TEL5,100,87.3,A,26-01-2025,2024-25
STU0262,Midterm,PE5,50,33.3,B,30-07-2024,2024-25
STU0481,Unit Test 2,MATH10,100,81.0,A,28-10-2023,2023-24
STU0088,Final,ENG2,100,69.8,B,26-01-2026,2025-26
STU0249,Midterm,MATH6,100,80.2,A,30-07-2025,2025-26
STU0140,Midterm,HIN3,100,77.7,B+,30-07-2025,2025-26
STU0287,Unit Test 1,CS5,50,22.6,D,31-05-2023,2023-24
STU0364,Final,CS8,100,74.8,B+,26-01-2025,2024-25
STU0107,Unit Test 2,MATH1,100,91.7,A+,28-10-2024,2024-25
STU0439,Unit Test 2,HIN8,100,62.4,B,28-10-2023,2023-24
STU0475,Unit Test 1,MATH10,100,79.5,B+,31-05-2024,2024-25
STU0441,Unit Test 2,TEL9,100,53.6,C,28-10-2023,2023-24
STU0390,Unit Test 2,HIN8,100,72.8,B+,28-10-2024,2024-25
STU0192,Unit Test 1,TEL4,100,75.3,B+,31-05-2025,2025-26
STU0020,Unit Test 1,HINLKG,100,43.8,D,31-05-2024,2024-25
STU0328,Unit Test 2,ENG6,100,58.3,C,28-10-2023,2023-24
STU0097,Unit Test 1,TEL2,100,71.7,B+,31-05-2025,2025-26
STU0202,Final,TEL5,100,58.3,C,26-01-2026,2025-26
STU0189,Unit Test 2,ENG3,100,90.4,A+,28-10-2024,2024-25
STU0171,Final,PE2,50,37.5,B+,26-01-2024,2023-24
STU0300,Midterm,MATH6,100,65.3,B,30-07-2024,2024-25
STU0416,Unit Test 1,ENG10,100,70.8,B+,31-05-2025,2025-26
STU0423,Final,SCI10,100,81.7,A,26-01-2026,2025-26
