first_name,admission_number,date_of_birth,gender,father_name,mother_name,father_phone,middle_name,last_name,admission_date,email,phone,address,blood_group,mother_phone,father_email,mother_email,father_occupation,mother_occupation,guardian_name,guardian_phone,guardian_relation,aadhar_number,pen_number,nationality,religion,caste,class_name,section_name,roll_number,previous_school_name,transfer_certificate_number,notes
Aarav,STU20240001,01-01-2010,M,Sharma Sr.,Mrs. Sharma,9000000001,,Sharma,01-04-2024,,,"1 Example Street, City",,9000001001,sharma.aarav.father@example.com,sharma.aarav.mother@example.com,,,,,,,,,,,Class 10,A,,,,
Arjun,STU20240002,07-02-2010,F,Verma Sr.,Mrs. Verma,9000000002,,Verma,01-04-2024,,,"2 Example Street, City",,9000001002,verma.arjun.father@example.com,verma.arjun.mother@example.com,,,,,,,,,,,Class 10,B,,,,
Advait,STU20240003,16-03-2010,M,Singh Sr.,Mrs. Singh,9000000003,,Singh,01-04-2024,,,"3 Example Street, City",,9000001003,singh.advait.father@example.com,singh.advait.mother@example.com,,,,,,,,,,,Class 10,C,,,,
Aisha,STU20240004,22-04-2010,F,Khan Sr.,Mrs. Khan,9000000004,,Khan,01-04-2024,,,"4 Example Street, City",,9000001004,khan.aisha.father@example.com,khan.aisha.mother@example.com,,,,,,,,,,,Class 10,D,,,,
Diya,STU20240005,29-05-2010,M,Gupta Sr.,Mrs. Gupta,9000000005,,Gupta,01-04-2024,,,"5 Example Street, City",,9000001005,gupta.diya.father@example.com,gupta.diya.mother@example.com,,,,,,,,,,,Class 10,A,,,,
Isha,STU20240006,05-07-2010,F,Patel Sr.,Mrs. Patel,9000000006,,Patel,01-04-2024,,,"6 Example Street, City",,9000001006,patel.isha.father@example.com,patel.isha.mother@example.com,,,,,,,,,,,Class 10,B,,,,
Kabir,STU20240007,11-08-2010,M,Rao Sr.,Mrs. Rao,9000000007,,Rao,01-04-2024,,,"7 Example Street, City",,9000001007,rao.kabir.father@example.com,rao.kabir.mother@example.com,,,,,,,,,,,Class 10,C,,,,
Riya,STU20240008,17-09-2010,F,Iyer Sr.,Mrs. Iyer,9000000008,,Iyer,01-04-2024,,,"8 Example Street, City",,9000001008,iyer.riya.father@example.com,iyer.riya.mother@example.com,,,,,,,,,,,Class 10,D,,,,
Vivaan,STU20240009,24-10-2010,M,Mehta Sr.,Mrs. Mehta,9000000009,,Mehta,01-04-2024,,,"9 Example Street, City",,9000001009,mehta.vivaan.father@example.com,mehta.vivaan.mother@example.com,,,,,,,,,,,Class 10,A,,,,
Karan,STU20240010,30-11-2010,F,Bose Sr.,Mrs. Bose,9000000010,,Bose,01-04-2024,,,"10 Example Street, City",,9000001010,bose.karan.father@example.com,bose.karan.mother@example.com,,,,,,,,,,,Class 10,B,,,,
Sahil,STU20240011,06-01-2011,M,Nair Sr.,Mrs. Nair,9000000011,,Nair,01-04-2024,,,"11 Example Street, City",,9000001011,nair.sahil.father@example.com,nair.sahil.mother@example.com,,,,,,,,,,,Class 10,C,,,,
Nisha,STU20240012,12-02-2011,F,Joshi Sr.,Mrs. Joshi,9000000012,,Joshi,01-04-2024,,,"12 Example Street, City",,9000001012,joshi.nisha.father@example.com,joshi.nisha.mother@example.com,,,,,,,,,,,Class 10,D,,,,
Ananya,STU20240013,21-03-2011,M,Desai Sr.,Mrs. Desai,9000000013,,Desai,01-04-2024,,,"13 Example Street, City",,9000001013,desai.ananya.father@example.com,desai.ananya.mother@example.com,,,,,,,,,,,Class 10,A,,,,
Rohit,STU20240014,27-04-2011,F,Kumar Sr.,Mrs. Kumar,9000000014,,Kumar,01-04-2024,,,"14 Example Street, City",,9000001014,kumar.rohit.father@example.com,kumar.rohit.mother@example.com,,,,,,,,,,,Class 10,B,,,,
Priya,STU20240015,03-06-2011,M,Chopra Sr.,Mrs. Chopra,9000000015,,Chopra,01-04-2024,,,"15 Example Street, City",,9000001015,chopra.priya.father@example.com,chopra.priya.mother@example.com,,,,,,,,,,,Class 10,C,,,,
Sneha,STU20240016,10-07-2011,F,Malhotra Sr.,Mrs. Malhotra,9000000016,,Malhotra,01-04-2024,,,"16 Example Street, City",,9000001016,malhotra.sneha.father@example.com,malhotra.sneha.mother@example.com,,,,,,,,,,,Class 10,D,,,,
Tanvi,STU20240017,16-08-2011,M,Reddy Sr.,Mrs. Reddy,9000000017,,Reddy,01-04-2024,,,"17 Example Street, City",,9000001017,reddy.tanvi.father@example.com,reddy.tanvi.mother@example.com,,,,,,,,,,,Class 10,A,,,,
Vikram,STU20240018,22-09-2011,F,Kapoor Sr.,Mrs. Kapoor,9000000018,,Kapoor,01-04-2024,,,"18 Example Street, City",,9000001018,kapoor.vikram.father@example.com,kapoor.vikram.mother@example.com,,,,,,,,,,,Class 10,B,,,,
Meera,STU20240019,29-10-2011,M,Das Sr.,Mrs. Das,9000000019,,Das,01-04-2024,,,"19 Example Street, City",,9000001019,das.meera.father@example.com,das.meera.mother@example.com,,,,,,,,,,,Class 10,C,,,,
Sana,STU20240020,05-12-2011,F,Sen Sr.,Mrs. Sen,9000000020,,Sen,01-04-2024,,,"20 Example Street, City",,9000001020,sen.sana.father@example.com,sen.sana.mother@example.com,,,,,,,,,,,Class 10,D,,,,
Aarav,STU20240021,11-01-2012,M,Sharma Sr.,Mrs. Sharma,9000000021,,Sharma,01-04-2024,,,"21 Example Street, City",,9000001021,sharma.aarav.father@example.com,sharma.aarav.mother@example.com,,,,,,,,,,,Class 10,A,,,,
Arjun,STU20240022,17-02-2012,F,Verma Sr.,Mrs. Verma,9000000022,,Verma,01-04-2024,,,"22 Example Street, City",,9000001022,verma.arjun.father@example.com,verma.arjun.mother@example.com,,,,,,,,,,,Class 10,B,,,,
Advait,STU20240023,25-03-2012,M,Singh Sr.,Mrs. Singh,9000000023,,Singh,01-04-2024,,,"23 Example Street, City",,9000001023,singh.advait.father@example.com,singh.advait.mother@example.com,,,,,,,,,,,Class 10,C,,,,
Aisha,STU20240024,01-05-2012,F,Khan Sr.,Mrs. Khan,9000000024,,Khan,01-04-2024,,,"24 Example Street, City",,9000001024,khan.aisha.father@example.com,khan.aisha.mother@example.com,,,,,,,,,,,Class 10,D,,,,
Diya,STU20240025,07-06-2012,M,Gupta Sr.,Mrs. Gupta,9000000025,,Gupta,01-04-2024,,,"25 Example Street, City",,9000001025,gupta.diya.father@example.com,gupta.diya.mother@example.com,,,,,,,,,,,Class 10,A,,,,
Isha,STU20240026,14-07-2012,F,Patel Sr.,Mrs. Patel,9000000026,,Patel,01-04-2024,,,"26 Example Street, City",,9000001026,patel.isha.father@example.com,patel.isha.mother@example.com,,,,,,,,,,,Class 10,B,,,,
Kabir,STU20240027,20-08-2012,M,Rao Sr.,Mrs. Rao,9000000027,,Rao,01-04-2024,,,"27 Example Street, City",,9000001027,rao.kabir.father@example.com,rao.kabir.mother@example.com,,,,,,,,,,,Class 10,C,,,,
Riya,STU20240028,26-09-2012,F,Iyer Sr.,Mrs. Iyer,9000000028,,Iyer,01-04-2024,,,"28 Example Street, City",,9000001028,iyer.riya.father@example.com,iyer.riya.mother@example.com,,,,,,,,,,,Class 10,D,,,,
Vivaan,STU20240029,02-11-2012,M,Mehta Sr.,Mrs. Mehta,9000000029,,Mehta,01-04-2024,,,"29 Example Street, City",,9000001029,mehta.vivaan.father@example.com,mehta.vivaan.mother@example.com,,,,,,,,,,,Class 10,A,,,,
Karan,STU20240030,09-12-2012,F,Bose Sr.,Mrs. Bose,9000000030,,Bose,01-04-2024,,,"30 Example Street, City",,9000001030,bose.karan.father@example.com,bose.karan.mother@example.com,,,,,,,,,,,Class 10,B,,,,
Sahil,STU20240031,15-01-2013,M,Nair Sr.,Mrs. Nair,9000000031,,Nair,01-04-2024,,,"31 Example Street, City",,9000001031,nair.sahil.father@example.com,nair.sahil.mother@example.com,,,,,,,,,,,Class 10,C,,,,
Nisha,STU20240032,21-02-2013,F,Joshi Sr.,Mrs. Joshi,9000000032,,Joshi,01-04-2024,,,"32 Example Street, City",,9000001032,joshi.nisha.father@example.com,joshi.nisha.mother@example.com,,,,,,,,,,,Class 10,D,,,,
Ananya,STU20240033,30-03-2013,M,Desai Sr.,Mrs. Desai,9000000033,,Desai,01-04-2024,,,"33 Example Street, City",,9000001033,desai.ananya.father@example.com,desai.ananya.mother@example.com,,,,,,,,,,,Class 10,A,,,,
Rohit,STU20240034,06-05-2013,F,Kumar Sr.,Mrs. Kumar,9000000034,,Kumar,01-04-2024,,,"34 Example Street, City",,9000001034,kumar.rohit.father@example.com,kumar.rohit.mother@example.com,,,,,,,,,,,Class 10,B,,,,
Priya,STU20240035,12-06-2013,M,Chopra Sr.,Mrs. Chopra,9000000035,,Chopra,01-04-2024,,,"35 Example Street, City",,9000001035,chopra.priya.father@example.com,chopra.priya.mother@example.com,,,,,,,,,,,Class 10,C,,,,
Sneha,STU20240036,19-07-2013,F,Malhotra Sr.,Mrs. Malhotra,9000000036,,Malhotra,01-04-2024,,,"36 Example Street, City",,9000001036,malhotra.sneha.father@example.com,malhotra.sneha.mother@example.com,,,,,,,,,,,Class 10,D,,,,
Tanvi,STU20240037,25-08-2013,M,Reddy Sr.,Mrs. Reddy,9000000037,,Reddy,01-04-2024,,,"37 Example Street, City",,9000001037,reddy.tanvi.father@example.com,reddy.tanvi.mother@example.com,,,,,,,,,,,Class 10,A,,,,
Vikram,STU20240038,01-10-2013,F,Kapoor Sr.,Mrs. Kapoor,9000000038,,Kapoor,01-04-2024,,,"38 Example Street, City",,9000001038,kapoor.vikram.father@example.com,kapoor.vikram.mother@example.com,,,,,,,,,,,Class 10,B,,,,
Meera,STU20240039,07-11-2013,M,Das Sr.,Mrs. Das,9000000039,,Das,01-04-2024,,,"39 Example Street, City",,9000001039,das.meera.father@example.com,das.meera.mother@example.com,,,,,,,,,,,Class 10,C,,,,
Sana,STU20240040,14-12-2013,F,Sen Sr.,Mrs. Sen,9000000040,,Sen,01-04-2024,,,"40 Example Street, City",,9000001040,sen.sana.father@example.com,sen.sana.mother@example.com,,,,,,,,,,,Class 10,D,,,,
Aarav,STU20240041,20-01-2014,M,Sharma Sr.,Mrs. Sharma,9000000041,,Sharma,01-04-2024,,,"41 Example Street, City",,9000001041,sharma.aarav.father@example.com,sharma.aarav.mother@example.com,,,,,,,,,,,Class 10,A,,,,
Arjun,STU20240042,26-02-2014,F,Verma Sr.,Mrs. Verma,9000000042,,Verma,01-04-2024,,,"42 Example Street, City",,9000001042,verma.arjun.father@example.com,verma.arjun.mother@example.com,,,,,,,,,,,Class 10,B,,,,
Advait,STU20240043,04-04-2014,M,Singh Sr.,Mrs. Singh,9000000043,,Singh,01-04-2024,,,"43 Example Street, City",,9000001043,singh.advait.father@example.com,singh.advait.mother@example.com,,,,,,,,,,,Class 10,C,,,,
Aisha,STU20240044,11-05-2014,F,Khan Sr.,Mrs. Khan,9000000044,,Khan,01-04-2024,,,"44 Example Street, City",,9000001044,khan.aisha.father@example.com,khan.aisha.mother@example.com,,,,,,,,,,,Class 10,D,,,,
Diya,STU20240045,17-06-2014,M,Gupta Sr.,Mrs. Gupta,9000000045,,Gupta,01-04-2024,,,"45 Example Street, City",,9000001045,gupta.diya.father@example.com,gupta.diya.mother@example.com,,,,,,,,,,,Class 10,A,,,,
Isha,STU20240046,24-07-2014,F,Patel Sr.,Mrs. Patel,9000000046,,Patel,01-04-2024,,,"46 Example Street, City",,9000001046,patel.isha.father@example.com,patel.isha.mother@example.com,,,,,,,,,,,Class 10,B,,,,
Kabir,STU20240047,30-08-2014,M,Rao Sr.,Mrs. Rao,9000000047,,Rao,01-04-2024,,,"47 Example Street, City",,9000001047,rao.kabir.father@example.com,rao.kabir.mother@example.com,,,,,,,,,,,Class 10,C,,,,
Riya,STU20240048,06-10-2014,F,Iyer Sr.,Mrs. Iyer,9000000048,,Iyer,01-04-2024,,,"48 Example Street, City",,9000001048,iyer.riya.father@example.com,iyer.riya.mother@example.com,,,,,,,,,,,Class 10,D,,,,
Vivaan,STU20240049,12-11-2014,M,Mehta Sr.,Mrs. Mehta,9000000049,,Mehta,01-04-2024,,,"49 Example Street, City",,9000001049,mehta.vivaan.father@example.com,mehta.vivaan.mother@example.com,,,,,,,,,,,Class 10,A,,,,
Karan,STU20240050,19-12-2014,F,Bose Sr.,Mrs. Bose,9000000050,,Bose,01-04-2024,,,"50 Example Street, City",,9000001050,bose.karan.father@example.com,bose.karan.mother@example.com,,,,,,,,,,,Class 10,B,,,,
Sahil,STU20240051,25-01-2015,M,Nair Sr.,Mrs. Nair,9000000051,,Nair,01-04-2024,,,"51 Example Street, City",,9000001051,nair.sahil.father@example.com,nair.sahil.mother@example.com,,,,,,,,,,,Class 10,C,,,,
Nisha,STU20240052,03-03-2015,F,Joshi Sr.,Mrs. Joshi,9000000052,,Joshi,01-04-2024,,,"52 Example Street, City",,9000001052,joshi.nisha.father@example.com,joshi.nisha.mother@example.com,,,,,,,,,,,Class 10,D,,,,
Ananya,STU20240053,09-04-2015,M,Desai Sr.,Mrs. Desai,9000000053,,Desai,01-04-2024,,,"53 Example Street, City",,9000001053,desai.ananya.father@example.com,desai.ananya.mother@example.com,,,,,,,,,,,Class 10,A,,,,
Rohit,STU20240054,16-05-2015,F,Kumar Sr.,Mrs. Kumar,9000000054,,Kumar,01-04-2024,,,"54 Example Street, City",,9000001054,kumar.rohit.father@example.com,kumar.rohit.mother@example.com,,,,,,,,,,,Class 10,B,,,,
Priya,STU20240055,22-06-2015,M,Chopra Sr.,Mrs. Chopra,9000000055,,Chopra,01-04-2024,,,"55 Example Street, City",,9000001055,chopra.priya.father@example.com,chopra.priya.mother@example.com,,,,,,,,,,,Class 10,C,,,,
Sneha,STU20240056,05-02-2010,F,Malhotra Sr.,Mrs. Malhotra,9000000056,,Malhotra,01-04-2024,,,"56 Example Street, City",,9000001056,malhotra.sneha.father@example.com,malhotra.sneha.mother@example.com,,,,,,,,,,,Class 10,D,,,,
Tanvi,STU20240057,14-03-2010,M,Reddy Sr.,Mrs. Reddy,9000000057,,Reddy,01-04-2024,,,"57 Example Street, City",,9000001057,reddy.tanvi.father@example.com,reddy.tanvi.mother@example.com,,,,,,,,,,,Class 10,A,,,,
Vikram,STU20240058,20-04-2010,F,Kapoor Sr.,Mrs. Kapoor,9000000058,,Kapoor,01-04-2024,,,"58 Example Street, City",,9000001058,kapoor.vikram.father@example.com,kapoor.vikram.mother@example.com,,,,,,,,,,,Class 10,B,,,,
Meera,STU20240059,27-05-2010,M,Das Sr.,Mrs. Das,9000000059,,Das,01-04-2024,,,"59 Example Street, City",,9000001059,das.meera.father@example.com,das.meera.mother@example.com,,,,,,,,,,,Class 10,C,,,,
Sana,STU20240060,03-07-2010,F,Sen Sr.,Mrs. Sen,9000000060,,Sen,01-04-2024,,,"60 Example Street, City",,9000001060,sen.sana.father@example.com,sen.sana.mother@example.com,,,,,,,,,,,Class 10,D,,,,
Aarav,STU20240061,09-08-2010,M,Sharma Sr.,Mrs. Sharma,9000000061,,Sharma,01-04-2024,,,"61 Example Street, City",,9000001061,sharma.aarav.father@example.com,sharma.aarav.mother@example.com,,,,,,,,,,,Class 10,A,,,,
Arjun,STU20240062,15-09-2010,F,Verma Sr.,Mrs. Verma,9000000062,,Verma,01-04-2024,,,"62 Example Street, City",,9000001062,verma.arjun.father@example.com,verma.arjun.mother@example.com,,,,,,,,,,,Class 10,B,,,,
Advait,STU20240063,22-10-2010,M,Singh Sr.,Mrs. Singh,9000000063,,Singh,01-04-2024,,,"63 Example Street, City",,9000001063,singh.advait.father@example.com,singh.advait.mother@example.com,,,,,,,,,,,Class 10,C,,,,
Aisha,STU20240064,28-11-2010,F,Khan Sr.,Mrs. Khan,9000000064,,Khan,01-04-2024,,,"64 Example Street, City",,9000001064,khan.aisha.father@example.com,khan.aisha.mother@example.com,,,,,,,,,,,Class 10,D,,,,
Diya,STU20240065,04-01-2011,M,Gupta Sr.,Mrs. Gupta,9000000065,,Gupta,01-04-2024,,,"65 Example Street, City",,9000001065,gupta.diya.father@example.com,gupta.diya.mother@example.com,,,,,,,,,,,Class 10,A,,,,
Isha,STU20240066,10-02-2011,F,Patel Sr.,Mrs. Patel,9000000066,,Patel,01-04-2024,,,"66 Example Street, City",,9000001066,patel.isha.father@example.com,patel.isha.mother@example.com,,,,,,,,,,,Class 10,B,,,,
Kabir,STU20240067,19-03-2011,M,Rao Sr.,Mrs. Rao,9000000067,,Rao,01-04-2024,,,"67 Example Street, City",,9000001067,rao.kabir.father@example.com,rao.kabir.mother@example.com,,,,,,,,,,,Class 10,C,,,,
Riya,STU20240068,25-04-2011,F,Iyer Sr.,Mrs. Iyer,9000000068,,Iyer,01-04-2024,,,"68 Example Street, City",,9000001068,iyer.riya.father@example.com,iyer.riya.mother@example.com,,,,,,,,,,,Class 10,D,,,,
Vivaan,STU20240069,01-06-2011,M,Mehta Sr.,Mrs. Mehta,9000000069,,Mehta,01-04-2024,,,"69 Example Street, City",,9000001069,mehta.vivaan.father@example.com,mehta.vivaan.mother@example.com,,,,,,,,,,,Class 10,A,,,,
Karan,STU20240070,08-07-2011,F,Bose Sr.,Mrs. Bose,9000000070,,Bose,01-04-2024,,,"70 Example Street, City",,9000001070,bose.karan.father@example.com,bose.karan.mother@example.com,,,,,,,,,,,Class 10,B,,,,
Sahil,STU20240071,14-08-2011,M,Nair Sr.,Mrs. Nair,9000000071,,Nair,01-04-2024,,,"71 Example Street, City",,9000001071,nair.sahil.father@example.com,nair.sahil.mother@example.com,,,,,,,,,,,Class 10,C,,,,
Nisha,STU20240072,20-09-2011,F,Joshi Sr.,Mrs. Joshi,9000000072,,Joshi,01-04-2024,,,"72 Example Street, City",,9000001072,joshi.nisha.father@example.com,joshi.nisha.mother@example.com,,,,,,,,,,,Class 10,D,,,,
Ananya,STU20240073,27-10-2011,M,Desai Sr.,Mrs. Desai,9000000073,,Desai,01-04-2024,,,"73 Example Street, City",,9000001073,desai.ananya.father@example.com,desai.ananya.mother@example.com,,,,,,,,,,,Class 10,A,,,,
Rohit,STU20240074,03-12-2011,F,Kumar Sr.,Mrs. Kumar,9000000074,,Kumar,01-04-2024,,,"74 Example Street, City",,9000001074,kumar.rohit.father@example.com,kumar.rohit.mother@example.com,,,,,,,,,,,Class 10,B,,,,
Priya,STU20240075,09-01-2012,M,Chopra Sr.,Mrs. Chopra,9000000075,,Chopra,01-04-2024,,,"75 Example Street, City",,9000001075,chopra.priya.father@example.com,chopra.priya.mother@example.com,,,,,,,,,,,Class 10,C,,,,
Sneha,STU20240076,15-02-2012,F,Malhotra Sr.,Mrs. Malhotra,9000000076,,Malhotra,01-04-2024,,,"76 Example Street, City",,9000001076,malhotra.sneha.father@example.com,malhotra.sneha.mother@example.com,,,,,,,,,,,Class 10,D,,,,
Tanvi,STU20240077,23-03-2012,M,Reddy Sr.,Mrs. Reddy,9000000077,,Reddy,01-04-2024,,,"77 Example Street, City",,9000001077,reddy.tanvi.father@example.com,reddy.tanvi.mother@example.com,,,,,,,,,,,Class 10,A,,,,
Vikram,STU20240078,29-04-2012,F,Kapoor Sr.,Mrs. Kapoor,9000000078,,Kapoor,01-04-2024,,,"78 Example Street, City",,9000001078,kapoor.vikram.father@example.com,kapoor.vikram.mother@example.com,,,,,,,,,,,Class 10,B,,,,
Meera,STU20240079,05-06-2012,M,Das Sr.,Mrs. Das,9000000079,,Das,01-04-2024,,,"79 Example Street, City",,9000001079,das.meera.father@example.com,das.meera.mother@example.com,,,,,,,,,,,Class 10,C,,,,
Sana,STU20240080,12-07-2012,F,Sen Sr.,Mrs. Sen,9000000080,,Sen,01-04-2024,,,"80 Example Street, City",,9000001080,sen.sana.father@example.com,sen.sana.mother@example.com,,,,,,,,,,,Class 10,D,,,,
Aarav,STU20240081,18-08-2012,M,Sharma Sr.,Mrs. Sharma,9000000081,,Sharma,01-04-2024,,,"81 Example Street, City",,9000001081,sharma.aarav.father@example.com,sharma.aarav.mother@example.com,,,,,,,,,,,Class 10,A,,,,
Arjun,STU20240082,24-09-2012,F,Verma Sr.,Mrs. Verma,9000000082,,Verma,01-04-2024,,,"82 Example Street, City",,9000001082,verma.arjun.father@example.com,verma.arjun.mother@example.com,,,,,,,,,,,Class 10,B,,,,
Advait,STU20240083,31-10-2012,M,Singh Sr.,Mrs. Singh,9000000083,,Singh,01-04-2024,,,"83 Example Street, City",,9000001083,singh.advait.father@example.com,singh.advait.mother@example.com,,,,,,,,,,,Class 10,C,,,,
Aisha,STU20240084,07-12-2012,F,Khan Sr.,Mrs. Khan,9000000084,,Khan,01-04-2024,,,"84 Example Street, City",,9000001084,khan.aisha.father@example.com,khan.aisha.mother@example.com,,,,,,,,,,,Class 10,D,,,,
Diya,STU20240085,13-01-2013,M,Gupta Sr.,Mrs. Gupta,9000000085,,Gupta,01-04-2024,,,"85 Example Street, City",,9000001085,gupta.diya.father@example.com,gupta.diya.mother@example.com,,,,,,,,,,,Class 10,A,,,,
Isha,STU20240086,19-02-2013,F,Patel Sr.,Mrs. Patel,9000000086,,Patel,01-04-2024,,,"86 Example Street, City",,9000001086,patel.isha.father@example.com,patel.isha.mother@example.com,,,,,,,,,,,Class 10,B,,,,
Kabir,STU20240087,28-03-2013,M,Rao Sr.,Mrs. Rao,9000000087,,Rao,01-04-2024,,,"87 Example Street, City",,9000001087,rao.kabir.father@example.com,rao.kabir.mother@example.com,,,,,,,,,,,Class 10,C,,,,
Riya,STU20240088,04-05-2013,F,Iyer Sr.,Mrs. Iyer,9000000088,,Iyer,01-04-2024,,,"88 Example Street, City",,9000001088,iyer.riya.father@example.com,iyer.riya.mother@example.com,,,,,,,,,,,Class 10,D,,,,
Vivaan,STU20240089,10-06-2013,M,Mehta Sr.,Mrs. Mehta,9000000089,,Mehta,01-04-2024,,,"89 Example Street, City",,9000001089,mehta.vivaan.father@example.com,mehta.vivaan.mother@example.com,,,,,,,,,,,Class 10,A,,,,
Karan,STU20240090,17-07-2013,F,Bose Sr.,Mrs. Bose,9000000090,,Bose,01-04-2024,,,"90 Example Street, City",,9000001090,bose.karan.father@example.com,bose.karan.mother@example.com,,,,,,,,,,,Class 10,B,,,,
Sahil,STU20240091,23-08-2013,M,Nair Sr.,Mrs. Nair,9000000091,,Nair,01-04-2024,,,"91 Example Street, City",,9000001091,nair.sahil.father@example.com,nair.sahil.mother@example.com,,,,,,,,,,,Class 10,C,,,,
Nisha,STU20240092,29-09-2013,F,Joshi Sr.,Mrs. Joshi,9000000092,,Joshi,01-04-2024,,,"92 Example Street, City",,9000001092,joshi.nisha.father@example.com,joshi.nisha.mother@example.com,,,,,,,,,,,Class 10,D,,,,
Ananya,STU20240093,05-11-2013,M,Desai Sr.,Mrs. Desai,9000000093,,Desai,01-04-2024,,,"93 Example Street, City",,9000001093,desai.ananya.father@example.com,desai.ananya.mother@example.com,,,,,,,,,,,Class 10,A,,,,
Rohit,STU20240094,12-12-2013,F,Kumar Sr.,Mrs. Kumar,9000000094,,Kumar,01-04-2024,,,"94 Example Street, City",,9000001094,kumar.rohit.father@example.com,kumar.rohit.mother@example.com,,,,,,,,,,,Class 10,B,,,,
Priya,STU20240095,18-01-2014,M,Chopra Sr.,Mrs. Chopra,9000000095,,Chopra,01-04-2024,,,"95 Example Street, City",,9000001095,chopra.priya.father@example.com,chopra.priya.mother@example.com,,,,,,,,,,,Class 10,C,,,,
Sneha,STU20240096,24-02-2014,F,Malhotra Sr.,Mrs. Malhotra,9000000096,,Malhotra,01-04-2024,,,"96 Example Street, City",,9000001096,malhotra.sneha.father@example.com,malhotra.sneha.mother@example.com,,,,,,,,,,,Class 10,D,,,,
Tanvi,STU20240097,02-04-2014,M,Reddy Sr.,Mrs. Reddy,9000000097,,Reddy,01-04-2024,,,"97 Example Street, City",,9000001097,reddy.tanvi.father@example.com,reddy.tanvi.mother@example.com,,,,,,,,,,,Class 10,A,,,,
Vikram,STU20240098,09-05-2014,F,Kapoor Sr.,Mrs. Kapoor,9000000098,,Kapoor,01-04-2024,,,"98 Example Street, City",,9000001098,kapoor.vikram.father@example.com,kapoor.vikram.mother@example.com,,,,,,,,,,,Class 10,B,,,,
Meera,STU20240099,15-06-2014,M,Das Sr.,Mrs. Das,9000000099,,Das,01-04-2024,,,"99 Example Street, City",,9000001099,das.meera.father@example.com,das.meera.mother@example.com,,,,,,,,,,,Class 10,C,,,,
Sana,STU20240100,22-07-2014,F,Sen Sr.,Mrs. Sen,9000000100,,Sen,01-04-2024,,,"100 Example Street, City",,9000001100,sen.sana.father@example.com,sen.sana.mother@example.com,,,,,,,,,,,Class 10,D,,,,
Aarav,STU20240101,28-08-2014,M,Sharma Sr.,Mrs. Sharma,9000000101,,Sharma,01-04-2024,,,"101 Example Street, City",,9000001101,sharma.aarav.father@example.com,sharma.aarav.mother@example.com,,,,,,,,,,,Class 9,A,,,,
Arjun,STU20240102,04-10-2014,F,Verma Sr.,Mrs. Verma,9000000102,,Verma,01-04-2024,,,"102 Example Street, City",,9000001102,verma.arjun.father@example.com,verma.arjun.mother@example.com,,,,,,,,,,,Class 9,B,,,,
Advait,STU20240103,10-11-2014,M,Singh Sr.,Mrs. Singh,9000000103,,Singh,01-04-2024,,,"103 Example Street, City",,9000001103,singh.advait.father@example.com,singh.advait.mother@example.com,,,,,,,,,,,Class 9,C,,,,
Aisha,STU20240104,17-12-2014,F,Khan Sr.,Mrs. Khan,9000000104,,Khan,01-04-2024,,,"104 Example Street, City",,9000001104,khan.aisha.father@example.com,khan.aisha.mother@example.com,,,,,,,,,,,Class 9,D,,,,
Diya,STU20240105,23-01-2015,M,Gupta Sr.,Mrs. Gupta,9000000105,,Gupta,01-04-2024,,,"105 Example Street, City",,9000001105,gupta.diya.father@example.com,gupta.diya.mother@example.com,,,,,,,,,,,Class 9,A,,,,
Isha,STU20240106,01-03-2015,F,Patel Sr.,Mrs. Patel,9000000106,,Patel,01-04-2024,,,"106 Example Street, City",,9000001106,patel.isha.father@example.com,patel.isha.mother@example.com,,,,,,,,,,,Class 9,B,,,,
Kabir,STU20240107,07-04-2015,M,Rao Sr.,Mrs. Rao,9000000107,,Rao,01-04-2024,,,"107 Example Street, City",,9000001107,rao.kabir.father@example.com,rao.kabir.mother@example.com,,,,,,,,,,,Class 9,C,,,,
Riya,STU20240108,14-05-2015,F,Iyer Sr.,Mrs. Iyer,9000000108,,Iyer,01-04-2024,,,"108 Example Street, City",,9000001108,iyer.riya.father@example.com,iyer.riya.mother@example.com,,,,,,,,,,,Class 9,D,,,,
Vivaan,STU20240109,20-06-2015,M,Mehta Sr.,Mrs. Mehta,9000000109,,Mehta,01-04-2024,,,"109 Example Street, City",,9000001109,mehta.vivaan.father@example.com,mehta.vivaan.mother@example.com,,,,,,,,,,,Class 9,A,,,,
Karan,STU20240110,03-02-2010,F,Bose Sr.,Mrs. Bose,9000000110,,Bose,01-04-2024,,,"110 Example Street, City",,9000001110,bose.karan.father@example.com,bose.karan.mother@example.com,,,,,,,,,,,Class 9,B,,,,
Sahil,STU20240111,12-03-2010,M,Nair Sr.,Mrs. Nair,9000000111,,Nair,01-04-2024,,,"111 Example Street, City",,9000001111,nair.sahil.father@example.com,nair.sahil.mother@example.com,,,,,,,,,,,Class 9,C,,,,
Nisha,STU20240112,18-04-2010,F,Joshi Sr.,Mrs. Joshi,9000000112,,Joshi,01-04-2024,,,"112 Example Street, City",,9000001112,joshi.nisha.father@example.com,joshi.nisha.mother@example.com,,,,,,,,,,,Class 9,D,,,,
Ananya,STU20240113,25-05-2010,M,Desai Sr.,Mrs. Desai,9000000113,,Desai,01-04-2024,,,"113 Example Street, City",,9000001113,desai.ananya.father@example.com,desai.ananya.mother@example.com,,,,,,,,,,,Class 9,A,,,,
Rohit,STU20240114,01-07-2010,F,Kumar Sr.,Mrs. Kumar,9000000114,,Kumar,01-04-2024,,,"114 Example Street, City",,9000001114,kumar.rohit.father@example.com,kumar.rohit.mother@example.com,,,,,,,,,,,Class 9,B,,,,
Priya,STU20240115,07-08-2010,M,Chopra Sr.,Mrs. Chopra,9000000115,,Chopra,01-04-2024,,,"115 Example Street, City",,9000001115,chopra.priya.father@example.com,chopra.priya.mother@example.com,,,,,,,,,,,Class 9,C,,,,
Sneha,STU20240116,13-09-2010,F,Malhotra Sr.,Mrs. Malhotra,9000000116,,Malhotra,01-04-2024,,,"116 Example Street, City",,9000001116,malhotra.sneha.father@example.com,malhotra.sneha.mother@example.com,,,,,,,,,,,Class 9,D,,,,
Tanvi,STU20240117,20-10-2010,M,Reddy Sr.,Mrs. Reddy,9000000117,,Reddy,01-04-2024,,,"117 Example Street, City",,9000001117,reddy.tanvi.father@example.com,reddy.tanvi.mother@example.com,,,,,,,,,,,Class 9,A,,,,
Vikram,STU20240118,26-11-2010,F,Kapoor Sr.,Mrs. Kapoor,9000000118,,Kapoor,01-04-2024,,,"118 Example Street, City",,9000001118,kapoor.vikram.father@example.com,kapoor.vikram.mother@example.com,,,,,,,,,,,Class 9,B,,,,
Meera,STU20240119,02-01-2011,M,Das Sr.,Mrs. Das,9000000119,,Das,01-04-2024,,,"119 Example Street, City",,9000001119,das.meera.father@example.com,das.meera.mother@example.com,,,,,,,,,,,Class 9,C,,,,
Sana,STU20240120,08-02-2011,F,Sen Sr.,Mrs. Sen,9000000120,,Sen,01-04-2024,,,"120 Example Street, City",,9000001120,sen.sana.father@example.com,sen.sana.mother@example.com,,,,,,,,,,,Class 9,D,,,,
Aarav,STU20240121,17-03-2011,M,Sharma Sr.,Mrs. Sharma,9000000121,,Sharma,01-04-2024,,,"121 Example Street, City",,9000001121,sharma.aarav.father@example.com,sharma.aarav.mother@example.com,,,,,,,,,,,Class 9,A,,,,
Arjun,STU20240122,23-04-2011,F,Verma Sr.,Mrs. Verma,9000000122,,Verma,01-04-2024,,,"122 Example Street, City",,9000001122,verma.arjun.father@example.com,verma.arjun.mother@example.com,,,,,,,,,,,Class 9,B,,,,
Advait,STU20240123,30-05-2011,M,Singh Sr.,Mrs. Singh,9000000123,,Singh,01-04-2024,,,"123 Example Street, City",,9000001123,singh.advait.father@example.com,singh.advait.mother@example.com,,,,,,,,,,,Class 9,C,,,,
Aisha,STU20240124,06-07-2011,F,Khan Sr.,Mrs. Khan,9000000124,,Khan,01-04-2024,,,"124 Example Street, City",,9000001124,khan.aisha.father@example.com,khan.aisha.mother@example.com,,,,,,,,,,,Class 9,D,,,,
Diya,STU20240125,12-08-2011,M,Gupta Sr.,Mrs. Gupta,9000000125,,Gupta,01-04-2024,,,"125 Example Street, City",,9000001125,gupta.diya.father@example.com,gupta.diya.mother@example.com,,,,,,,,,,,Class 9,A,,,,
Isha,STU20240126,18-09-2011,F,Patel Sr.,Mrs. Patel,9000000126,,Patel,01-04-2024,,,"126 Example Street, City",,9000001126,patel.isha.father@example.com,patel.isha.mother@example.com,,,,,,,,,,,Class 9,B,,,,
Kabir,STU20240127,25-10-2011,M,Rao Sr.,Mrs. Rao,9000000127,,Rao,01-04-2024,,,"127 Example Street, City",,9000001127,rao.kabir.father@example.com,rao.kabir.mother@example.com,,,,,,,,,,,Class 9,C,,,,
Riya,STU20240128,01-12-2011,F,Iyer Sr.,Mrs. Iyer,9000000128,,Iyer,01-04-2024,,,"128 Example Street, City",,9000001128,iyer.riya.father@example.com,iyer.riya.mother@example.com,,,,,,,,,,,Class 9,D,,,,
Vivaan,STU20240129,07-01-2012,M,Mehta Sr.,Mrs. Mehta,9000000129,,Mehta,01-04-2024,,,"129 Example Street, City",,9000001129,mehta.vivaan.father@example.com,mehta.vivaan.mother@example.com,,,,,,,,,,,Class 9,A,,,,
Karan,STU20240130,13-02-2012,F,Bose Sr.,Mrs. Bose,9000000130,,Bose,01-04-2024,,,"130 Example Street, City",,9000001130,bose.karan.father@example.com,bose.karan.mother@example.com,,,,,,,,,,,Class 9,B,,,,
Sahil,STU20240131,21-03-2012,M,Nair Sr.,Mrs. Nair,9000000131,,Nair,01-04-2024,,,"131 Example Street, City",,9000001131,nair.sahil.father@example.com,nair.sahil.mother@example.com,,,,,,,,,,,Class 9,C,,,,
Nisha,STU20240132,27-04-2012,F,Joshi Sr.,Mrs. Joshi,9000000132,,Joshi,01-04-2024,,,"132 Example Street, City",,9000001132,joshi.nisha.father@example.com,joshi.nisha.mother@example.com,,,,,,,,,,,Class 9,D,,,,
Ananya,STU20240133,03-06-2012,M,Desai Sr.,Mrs. Desai,9000000133,,Desai,01-04-2024,,,"133 Example Street, City",,9000001133,desai.ananya.father@example.com,desai.ananya.mother@example.com,,,,,,,,,,,Class 9,A,,,,
Rohit,STU20240134,10-07-2012,F,Kumar Sr.,Mrs. Kumar,9000000134,,Kumar,01-04-2024,,,"134 Example Street, City",,9000001134,kumar.rohit.father@example.com,kumar.rohit.mother@example.com,,,,,,,,,,,Class 9,B,,,,
Priya,STU20240135,16-08-2012,M,Chopra Sr.,Mrs. Chopra,9000000135,,Chopra,01-04-2024,,,"135 Example Street, City",,9000001135,chopra.priya.father@example.com,chopra.priya.mother@example.com,,,,,,,,,,,Class 9,C,,,,
Sneha,STU20240136,22-09-2012,F,Malhotra Sr.,Mrs. Malhotra,9000000136,,Malhotra,01-04-2024,,,"136 Example Street, City",,9000001136,malhotra.sneha.father@example.com,malhotra.sneha.mother@example.com,,,,,,,,,,,Class 9,D,,,,
Tanvi,STU20240137,29-10-2012,M,Reddy Sr.,Mrs. Reddy,9000000137,,Reddy,01-04-2024,,,"137 Example Street, City",,9000001137,reddy.tanvi.father@example.com,reddy.tanvi.mother@example.com,,,,,,,,,,,Class 9,A,,,,
Vikram,STU20240138,05-12-2012,F,Kapoor Sr.,Mrs. Kapoor,9000000138,,Kapoor,01-04-2024,,,"138 Example Street, City",,9000001138,kapoor.vikram.father@example.com,kapoor.vikram.mother@example.com,,,,,,,,,,,Class 9,B,,,,
Meera,STU20240139,11-01-2013,M,Das Sr.,Mrs. Das,9000000139,,Das,01-04-2024,,,"139 Example Street, City",,9000001139,das.meera.father@example.com,das.meera.mother@example.com,,,,,,,,,,,Class 9,C,,,,
Sana,STU20240140,17-02-2013,F,Sen Sr.,Mrs. Sen,9000000140,,Sen,01-04-2024,,,"140 Example Street, City",,9000001140,sen.sana.father@example.com,sen.sana.mother@example.com,,,,,,,,,,,Class 9,D,,,,
Aarav,STU20240141,26-03-2013,M,Sharma Sr.,Mrs. Sharma,9000000141,,Sharma,01-04-2024,,,"141 Example Street, City",,9000001141,sharma.aarav.father@example.com,sharma.aarav.mother@example.com,,,,,,,,,,,Class 9,A,,,,
Arjun,STU20240142,02-05-2013,F,Verma Sr.,Mrs. Verma,9000000142,,Verma,01-04-2024,,,"142 Example Street, City",,9000001142,verma.arjun.father@example.com,verma.arjun.mother@example.com,,,,,,,,,,,Class 9,B,,,,
Advait,STU20240143,08-06-2013,M,Singh Sr.,Mrs. Singh,9000000143,,Singh,01-04-2024,,,"143 Example Street, City",,9000001143,singh.advait.father@example.com,singh.advait.mother@example.com,,,,,,,,,,,Class 9,C,,,,
Aisha,STU20240144,15-07-2013,F,Khan Sr.,Mrs. Khan,9000000144,,Khan,01-04-2024,,,"144 Example Street, City",,9000001144,khan.aisha.father@example.com,khan.aisha.mother@example.com,,,,,,,,,,,Class 9,D,,,,
Diya,STU20240145,21-08-2013,M,Gupta Sr.,Mrs. Gupta,9000000145,,Gupta,01-04-2024,,,"145 Example Street, City",,9000001145,gupta.diya.father@example.com,gupta.diya.mother@example.com,,,,,,,,,,,Class 9,A,,,,
Isha,STU20240146,27-09-2013,F,Patel Sr.,Mrs. Patel,9000000146,,Patel,01-04-2024,,,"146 Example Street, City",,9000001146,patel.isha.father@example.com,patel.isha.mother@example.com,,,,,,,,,,,Class 9,B,,,,
Kabir,STU20240147,03-11-2013,M,Rao Sr.,Mrs. Rao,9000000147,,Rao,01-04-2024,,,"147 Example Street, City",,9000001147,rao.kabir.father@example.com,rao.kabir.mother@example.com,,,,,,,,,,,Class 9,C,,,,
Riya,STU20240148,10-12-2013,F,Iyer Sr.,Mrs. Iyer,9000000148,,Iyer,01-04-2024,,,"148 Example Street, City",,9000001148,iyer.riya.father@example.com,iyer.riya.mother@example.com,,,,,,,,,,,Class 9,D,,,,
Vivaan,STU20240149,16-01-2014,M,Mehta Sr.,Mrs. Mehta,9000000149,,Mehta,01-04-2024,,,"149 Example Street, City",,9000001149,mehta.vivaan.father@example.com,mehta.vivaan.mother@example.com,,,,,,,,,,,Class 9,A,,,,
Karan,STU20240150,22-02-2014,F,Bose Sr.,Mrs. Bose,9000000150,,Bose,01-04-2024,,,"150 Example Street, City",,9000001150,bose.karan.father@example.com,bose.karan.mother@example.com,,,,,,,,,,,Class 9,B,,,,
Sahil,STU20240151,31-03-2014,M,Nair Sr.,Mrs. Nair,9000000151,,Nair,01-04-2024,,,"151 Example Street, City",,9000001151,nair.sahil.father@example.com,nair.sahil.mother@example.com,,,,,,,,,,,Class 9,C,,,,
Nisha,STU20240152,07-05-2014,F,Joshi Sr.,Mrs. Joshi,9000000152,,Joshi,01-04-2024,,,"152 Example Street, City",,9000001152,joshi.nisha.father@example.com,joshi.nisha.mother@example.com,,,,,,,,,,,Class 9,D,,,,
Ananya,STU20240153,13-06-2014,M,Desai Sr.,Mrs. Desai,9000000153,,Desai,01-04-2024,,,"153 Example Street, City",,9000001153,desai.ananya.father@example.com,desai.ananya.mother@example.com,,,,,,,,,,,Class 9,A,,,,
Rohit,STU20240154,20-07-2014,F,Kumar Sr.,Mrs. Kumar,9000000154,,Kumar,01-04-2024,,,"154 Example Street, City",,9000001154,kumar.rohit.father@example.com,kumar.rohit.mother@example.com,,,,,,,,,,,Class 9,B,,,,
Priya,STU20240155,26-08-2014,M,Chopra Sr.,Mrs. Chopra,9000000155,,Chopra,01-04-2024,,,"155 Example Street, City",,9000001155,chopra.priya.father@example.com,chopra.priya.mother@example.com,,,,,,,,,,,Class 9,C,,,,
Sneha,STU20240156,02-10-2014,F,Malhotra Sr.,Mrs. Malhotra,9000000156,,Malhotra,01-04-2024,,,"156 Example Street, City",,9000001156,malhotra.sneha.father@example.com,malhotra.sneha.mother@example.com,,,,,,,,,,,Class 9,D,,,,
Tanvi,STU20240157,08-11-2014,M,Reddy Sr.,Mrs. Reddy,9000000157,,Reddy,01-04-2024,,,"157 Example Street, City",,9000001157,reddy.tanvi.father@example.com,reddy.tanvi.mother@example.com,,,,,,,,,,,Class 9,A,,,,
Vikram,STU20240158,15-12-2014,F,Kapoor Sr.,Mrs. Kapoor,9000000158,,Kapoor,01-04-2024,,,"158 Example Street, City",,9000001158,kapoor.vikram.father@example.com,kapoor.vikram.mother@example.com,,,,,,,,,,,Class 9,B,,,,
Meera,STU20240159,21-01-2015,M,Das Sr.,Mrs. Das,9000000159,,Das,01-04-2024,,,"159 Example Street, City",,9000001159,das.meera.father@example.com,das.meera.mother@example.com,,,,,,,,,,,Class 9,C,,,,
Sana,STU20240160,27-02-2015,F,Sen Sr.,Mrs. Sen,9000000160,,Sen,01-04-2024,,,"160 Example Street, City",,9000001160,sen.sana.father@example.com,sen.sana.mother@example.com,,,,,,,,,,,Class 9,D,,,,
Aarav,STU20240161,05-04-2015,M,Sharma Sr.,Mrs. Sharma,9000000161,,Sharma,01-04-2024,,,"161 Example Street, City",,9000001161,sharma.aarav.father@example.com,sharma.aarav.mother@example.com,,,,,,,,,,,Class 9,A,,,,
Arjun,STU20240162,12-05-2015,F,Verma Sr.,Mrs. Verma,9000000162,,Verma,01-04-2024,,,"162 Example Street, City",,9000001162,verma.arjun.father@example.com,verma.arjun.mother@example.com,,,,,,,,,,,Class 9,B,,,,
Advait,STU20240163,18-06-2015,M,Singh Sr.,Mrs. Singh,9000000163,,Singh,01-04-2024,,,"163 Example Street, City",,9000001163,singh.advait.father@example.com,singh.advait.mother@example.com,,,,,,,,,,,Class 9,C,,,,
Aisha,STU20240164,01-02-2010,F,Khan Sr.,Mrs. Khan,9000000164,,Khan,01-04-2024,,,"164 Example Street, City",,9000001164,khan.aisha.father@example.com,khan.aisha.mother@example.com,,,,,,,,,,,Class 9,D,,,,
Diya,STU20240165,10-03-2010,M,Gupta Sr.,Mrs. Gupta,9000000165,,Gupta,01-04-2024,,,"165 Example Street, City",,9000001165,gupta.diya.father@example.com,gupta.diya.mother@example.com,,,,,,,,,,,Class 9,A,,,,
Isha,STU20240166,16-04-2010,F,Patel Sr.,Mrs. Patel,9000000166,,Patel,01-04-2024,,,"166 Example Street, City",,9000001166,patel.isha.father@example.com,patel.isha.mother@example.com,,,,,,,,,,,Class 9,B,,,,
Kabir,STU20240167,23-05-2010,M,Rao Sr.,Mrs. Rao,9000000167,,Rao,01-04-2024,,,"167 Example Street, City",,9000001167,rao.kabir.father@example.com,rao.kabir.mother@example.com,,,,,,,,,,,Class 9,C,,,,
Riya,STU20240168,29-06-2010,F,Iyer Sr.,Mrs. Iyer,9000000168,,Iyer,01-04-2024,,,"168 Example Street, City",,9000001168,iyer.riya.father@example.com,iyer.riya.mother@example.com,,,,,,,,,,,Class 9,D,,,,
Vivaan,STU20240169,05-08-2010,M,Mehta Sr.,Mrs. Mehta,9000000169,,Mehta,01-04-2024,,,"169 Example Street, City",,9000001169,mehta.vivaan.father@example.com,mehta.vivaan.mother@example.com,,,,,,,,,,,Class 9,A,,,,
Karan,STU20240170,11-09-2010,F,Bose Sr.,Mrs. Bose,9000000170,,Bose,01-04-2024,,,"170 Example Street, City",,9000001170,bose.karan.father@example.com,bose.karan.mother@example.com,,,,,,,,,,,Class 9,B,,,,
Sahil,STU20240171,18-10-2010,M,Nair Sr.,Mrs. Nair,9000000171,,Nair,01-04-2024,,,"171 Example Street, City",,9000001171,nair.sahil.father@example.com,nair.sahil.mother@example.com,,,,,,,,,,,Class 9,C,,,,
Nisha,STU20240172,24-11-2010,F,Joshi Sr.,Mrs. Joshi,9000000172,,Joshi,01-04-2024,,,"172 Example Street, City",,9000001172,joshi.nisha.father@example.com,joshi.nisha.mother@example.com,,,,,,,,,,,Class 9,D,,,,
Ananya,STU20240173,31-12-2010,M,Desai Sr.,Mrs. Desai,9000000173,,Desai,01-04-2024,,,"173 Example Street, City",,9000001173,desai.ananya.father@example.com,desai.ananya.mother@example.com,,,,,,,,,,,Class 9,A,,,,
Rohit,STU20240174,06-02-2011,F,Kumar Sr.,Mrs. Kumar,9000000174,,Kumar,01-04-2024,,,"174 Example Street, City",,9000001174,kumar.rohit.father@example.com,kumar.rohit.mother@example.com,,,,,,,,,,,Class 9,B,,,,
Priya,STU20240175,15-03-2011,M,Chopra Sr.,Mrs. Chopra,9000000175,,Chopra,01-04-2024,,,"175 Example Street, City",,9000001175,chopra.priya.father@example.com,chopra.priya.mother@example.com,,,,,,,,,,,Class 9,C,,,,
Sneha,STU20240176,21-04-2011,F,Malhotra Sr.,Mrs. Malhotra,9000000176,,Malhotra,01-04-2024,,,"176 Example Street, City",,9000001176,malhotra.sneha.father@example.com,malhotra.sneha.mother@example.com,,,,,,,,,,,Class 9,D,,,,
Tanvi,STU20240177,28-05-2011,M,Reddy Sr.,Mrs. Reddy,9000000177,,Reddy,01-04-2024,,,"177 Example Street, City",,9000001177,reddy.tanvi.father@example.com,reddy.tanvi.mother@example.com,,,,,,,,,,,Class 9,A,,,,
Vikram,STU20240178,04-07-2011,F,Kapoor Sr.,Mrs. Kapoor,9000000178,,Kapoor,01-04-2024,,,"178 Example Street, City",,9000001178,kapoor.vikram.father@example.com,kapoor.vikram.mother@example.com,,,,,,,,,,,Class 9,B,,,,
Meera,STU20240179,10-08-2011,M,Das Sr.,Mrs. Das,9000000179,,Das,01-04-2024,,,"179 Example Street, City",,9000001179,das.meera.father@example.com,das.meera.mother@example.com,,,,,,,,,,,Class 9,C,,,,
Sana,STU20240180,16-09-2011,F,Sen Sr.,Mrs. Sen,9000000180,,Sen,01-04-2024,,,"180 Example Street, City",,9000001180,sen.sana.father@example.com,sen.sana.mother@example.com,,,,,,,,,,,Class 9,D,,,,
Aarav,STU20240181,23-10-2011,M,Sharma Sr.,Mrs. Sharma,9000000181,,Sharma,01-04-2024,,,"181 Example Street, City",,9000001181,sharma.aarav.father@example.com,sharma.aarav.mother@example.com,,,,,,,,,,,Class 9,A,,,,
Arjun,STU20240182,29-11-2011,F,Verma Sr.,Mrs. Verma,9000000182,,Verma,01-04-2024,,,"182 Example Street, City",,9000001182,verma.arjun.father@example.com,verma.arjun.mother@example.com,,,,,,,,,,,Class 9,B,,,,
Advait,STU20240183,05-01-2012,M,Singh Sr.,Mrs. Singh,9000000183,,Singh,01-04-2024,,,"183 Example Street, City",,9000001183,singh.advait.father@example.com,singh.advait.mother@example.com,,,,,,,,,,,Class 9,C,,,,
Aisha,STU20240184,11-02-2012,F,Khan Sr.,Mrs. Khan,9000000184,,Khan,01-04-2024,,,"184 Example Street, City",,9000001184,khan.aisha.father@example.com,khan.aisha.mother@example.com,,,,,,,,,,,Class 9,D,,,,
Diya,STU20240185,19-03-2012,M,Gupta Sr.,Mrs. Gupta,9000000185,,Gupta,01-04-2024,,,"185 Example Street, City",,9000001185,gupta.diya.father@example.com,gupta.diya.mother@example.com,,,,,,,,,,,Class 9,A,,,,
Isha,STU20240186,25-04-2012,F,Patel Sr.,Mrs. Patel,9000000186,,Patel,01-04-2024,,,"186 Example Street, City",,9000001186,patel.isha.father@example.com,patel.isha.mother@example.com,,,,,,,,,,,Class 9,B,,,,
Kabir,STU20240187,01-06-2012,M,Rao Sr.,Mrs. Rao,9000000187,,Rao,01-04-2024,,,"187 Example Street, City",,9000001187,rao.kabir.father@example.com,rao.kabir.mother@example.com,,,,,,,,,,,Class 9,C,,,,
Riya,STU20240188,08-07-2012,F,Iyer Sr.,Mrs. Iyer,9000000188,,Iyer,01-04-2024,,,"188 Example Street, City",,9000001188,iyer.riya.father@example.com,iyer.riya.mother@example.com,,,,,,,,,,,Class 9,D,,,,
Vivaan,STU20240189,14-08-2012,M,Mehta Sr.,Mrs. Mehta,9000000189,,Mehta,01-04-2024,,,"189 Example Street, City",,9000001189,mehta.vivaan.father@example.com,mehta.vivaan.mother@example.com,,,,,,,,,,,Class 9,A,,,,
Karan,STU20240190,20-09-2012,F,Bose Sr.,Mrs. Bose,9000000190,,Bose,01-04-2024,,,"190 Example Street, City",,9000001190,bose.karan.father@example.com,bose.karan.mother@example.com,,,,,,,,,,,Class 9,B,,,,
Sahil,STU20240191,27-10-2012,M,Nair Sr.,Mrs. Nair,9000000191,,Nair,01-04-2024,,,"191 Example Street, City",,9000001191,nair.sahil.father@example.com,nair.sahil.mother@example.com,,,,,,,,,,,Class 9,C,,,,
Nisha,STU20240192,03-12-2012,F,Joshi Sr.,Mrs. Joshi,9000000192,,Joshi,01-04-2024,,,"192 Example Street, City",,9000001192,joshi.nisha.father@example.com,joshi.nisha.mother@example.com,,,,,,,,,,,Class 9,D,,,,
Ananya,STU20240193,09-01-2013,M,Desai Sr.,Mrs. Desai,9000000193,,Desai,01-04-2024,,,"193 Example Street, City",,9000001193,desai.ananya.father@example.com,desai.ananya.mother@example.com,,,,,,,,,,,Class 9,A,,,,
Rohit,STU20240194,15-02-2013,F,Kumar Sr.,Mrs. Kumar,9000000194,,Kumar,01-04-2024,,,"194 Example Street, City",,9000001194,kumar.rohit.father@example.com,kumar.rohit.mother@example.com,,,,,,,,,,,Class 9,B,,,,
Priya,STU20240195,24-03-2013,M,Chopra Sr.,Mrs. Chopra,9000000195,,Chopra,01-04-2024,,,"195 Example Street, City",,9000001195,chopra.priya.father@example.com,chopra.priya.mother@example.com,,,,,,,,,,,Class 9,C,,,,
Sneha,STU20240196,30-04-2013,F,Malhotra Sr.,Mrs. Malhotra,9000000196,,Malhotra,01-04-2024,,,"196 Example Street, City",,9000001196,malhotra.sneha.father@example.com,malhotra.sneha.mother@example.com,,,,,,,,,,,Class 9,D,,,,
Tanvi,STU20240197,06-06-2013,M,Reddy Sr.,Mrs. Reddy,9000000197,,Reddy,01-04-2024,,,"197 Example Street, City",,9000001197,reddy.tanvi.father@example.com,reddy.tanvi.mother@example.com,,,,,,,,,,,Class 9,A,,,,
Vikram,STU20240198,13-07-2013,F,Kapoor Sr.,Mrs. Kapoor,9000000198,,Kapoor,01-04-2024,,,"198 Example Street, City",,9000001198,kapoor.vikram.father@example.com,kapoor.vikram.mother@example.com,,,,,,,,,,,Class 9,B,,,,
Meera,STU20240199,19-08-2013,M,Das Sr.,Mrs. Das,9000000199,,Das,01-04-2024,,,"199 Example Street, City",,9000001199,das.meera.father@example.com,das.meera.mother@example.com,,,,,,,,,,,Class 9,C,,,,
Sana,STU20240200,25-09-2013,F,Sen Sr.,Mrs. Sen,9000000200,,Sen,01-04-2024,,,"200 Example Street, City",,9000001200,sen.sana.father@example.com,sen.sana.mother@example.com,,,,,,,,,,,Class 9,D,,,,
Aarav,STU20240201,01-11-2013,M,Sharma Sr.,Mrs. Sharma,9000000201,,Sharma,01-04-2024,,,"1 Example Street, City",,9000001201,sharma.aarav.father@example.com,sharma.aarav.mother@example.com,,,,,,,,,,,Class 8,A,,,,
Arjun,STU20240202,08-12-2013,F,Verma Sr.,Mrs. Verma,9000000202,,Verma,01-04-2024,,,"2 Example Street, City",,9000001202,verma.arjun.father@example.com,verma.arjun.mother@example.com,,,,,,,,,,,Class 8,B,,,,
Advait,STU20240203,14-01-2014,M,Singh Sr.,Mrs. Singh,9000000203,,Singh,01-04-2024,,,"3 Example Street, City",,9000001203,singh.advait.father@example.com,singh.advait.mother@example.com,,,,,,,,,,,Class 8,C,,,,
Aisha,STU20240204,20-02-2014,F,Khan Sr.,Mrs. Khan,9000000204,,Khan,01-04-2024,,,"4 Example Street, City",,9000001204,khan.aisha.father@example.com,khan.aisha.mother@example.com,,,,,,,,,,,Class 8,D,,,,
Diya,STU20240205,29-03-2014,M,Gupta Sr.,Mrs. Gupta,9000000205,,Gupta,01-04-2024,,,"5 Example Street, City",,9000001205,gupta.diya.father@example.com,gupta.diya.mother@example.com,,,,,,,,,,,Class 8,A,,,,
Isha,STU20240206,05-05-2014,F,Patel Sr.,Mrs. Patel,9000000206,,Patel,01-04-2024,,,"6 Example Street, City",,9000001206,patel.isha.father@example.com,patel.isha.mother@example.com,,,,,,,,,,,Class 8,B,,,,
Kabir,STU20240207,11-06-2014,M,Rao Sr.,Mrs. Rao,9000000207,,Rao,01-04-2024,,,"7 Example Street, City",,9000001207,rao.kabir.father@example.com,rao.kabir.mother@example.com,,,,,,,,,,,Class 8,C,,,,
Riya,STU20240208,18-07-2014,F,Iyer Sr.,Mrs. Iyer,9000000208,,Iyer,01-04-2024,,,"8 Example Street, City",,9000001208,iyer.riya.father@example.com,iyer.riya.mother@example.com,,,,,,,,,,,Class 8,D,,,,
Vivaan,STU20240209,24-08-2014,M,Mehta Sr.,Mrs. Mehta,9000000209,,Mehta,01-04-2024,,,"9 Example Street, City",,9000001209,mehta.vivaan.father@example.com,mehta.vivaan.mother@example.com,,,,,,,,,,,Class 8,A,,,,
Karan,STU20240210,30-09-2014,F,Bose Sr.,Mrs. Bose,9000000210,,Bose,01-04-2024,,,"10 Example Street, City",,9000001210,bose.karan.father@example.com,bose.karan.mother@example.com,,,,,,,,,,,Class 8,B,,,,
Sahil,STU20240211,06-11-2014,M,Nair Sr.,Mrs. Nair,9000000211,,Nair,01-04-2024,,,"11 Example Street, City",,9000001211,nair.sahil.father@example.com,nair.sahil.mother@example.com,,,,,,,,,,,Class 8,C,,,,
Nisha,STU20240212,13-12-2014,F,Joshi Sr.,Mrs. Joshi,9000000212,,Joshi,01-04-2024,,,"12 Example Street, City",,9000001212,joshi.nisha.father@example.com,joshi.nisha.mother@example.com,,,,,,,,,,,Class 8,D,,,,
Ananya,STU20240213,19-01-2015,M,Desai Sr.,Mrs. Desai,9000000213,,Desai,01-04-2024,,,"13 Example Street, City",,9000001213,desai.ananya.father@example.com,desai.ananya.mother@example.com,,,,,,,,,,,Class 8,A,,,,
Rohit,STU20240214,25-02-2015,F,Kumar Sr.,Mrs. Kumar,9000000214,,Kumar,01-04-2024,,,"14 Example Street, City",,9000001214,kumar.rohit.father@example.com,kumar.rohit.mother@example.com,,,,,,,,,,,Class 8,B,,,,
Priya,STU20240215,03-04-2015,M,Chopra Sr.,Mrs. Chopra,9000000215,,Chopra,01-04-2024,,,"15 Example Street, City",,9000001215,chopra.priya.father@example.com,chopra.priya.mother@example.com,,,,,,,,,,,Class 8,C,,,,
Sneha,STU20240216,10-05-2015,F,Malhotra Sr.,Mrs. Malhotra,9000000216,,Malhotra,01-04-2024,,,"16 Example Street, City",,9000001216,malhotra.sneha.father@example.com,malhotra.sneha.mother@example.com,,,,,,,,,,,Class 8,D,,,,
Tanvi,STU20240217,16-06-2015,M,Reddy Sr.,Mrs. Reddy,9000000217,,Reddy,01-04-2024,,,"17 Example Street, City",,9000001217,reddy.tanvi.father@example.com,reddy.tanvi.mother@example.com,,,,,,,,,,,Class 8,A,,,,
Vikram,STU20240218,30-01-2010,F,Kapoor Sr.,Mrs. Kapoor,9000000218,,Kapoor,01-04-2024,,,"18 Example Street, City",,9000001218,kapoor.vikram.father@example.com,kapoor.vikram.mother@example.com,,,,,,,,,,,Class 8,B,,,,
Meera,STU20240219,08-03-2010,M,Das Sr.,Mrs. Das,9000000219,,Das,01-04-2024,,,"19 Example Street, City",,9000001219,das.meera.father@example.com,das.meera.mother@example.com,,,,,,,,,,,Class 8,C,,,,
Sana,STU20240220,14-04-2010,F,Sen Sr.,Mrs. Sen,9000000220,,Sen,01-04-2024,,,"20 Example Street, City",,9000001220,sen.sana.father@example.com,sen.sana.mother@example.com,,,,,,,,,,,Class 8,D,,,,
Aarav,STU20240221,21-05-2010,M,Sharma Sr.,Mrs. Sharma,9000000221,,Sharma,01-04-2024,,,"21 Example Street, City",,9000001221,sharma.aarav.father@example.com,sharma.aarav.mother@example.com,,,,,,,,,,,Class 8,A,,,,
Arjun,STU20240222,27-06-2010,F,Verma Sr.,Mrs. Verma,9000000222,,Verma,01-04-2024,,,"22 Example Street, City",,9000001222,verma.arjun.father@example.com,verma.arjun.mother@example.com,,,,,,,,,,,Class 8,B,,,,
Advait,STU20240223,03-08-2010,M,Singh Sr.,Mrs. Singh,9000000223,,Singh,01-04-2024,,,"23 Example Street, City",,9000001223,singh.advait.father@example.com,singh.advait.mother@example.com,,,,,,,,,,,Class 8,C,,,,
Aisha,STU20240224,09-09-2010,F,Khan Sr.,Mrs. Khan,9000000224,,Khan,01-04-2024,,,"24 Example Street, City",,9000001224,khan.aisha.father@example.com,khan.aisha.mother@example.com,,,,,,,,,,,Class 8,D,,,,
Diya,STU20240225,16-10-2010,M,Gupta Sr.,Mrs. Gupta,9000000225,,Gupta,01-04-2024,,,"25 Example Street, City",,9000001225,gupta.diya.father@example.com,gupta.diya.mother@example.com,,,,,,,,,,,Class 8,A,,,,
Isha,STU20240226,22-11-2010,F,Patel Sr.,Mrs. Patel,9000000226,,Patel,01-04-2024,,,"26 Example Street, City",,9000001226,patel.isha.father@example.com,patel.isha.mother@example.com,,,,,,,,,,,Class 8,B,,,,
Kabir,STU20240227,29-12-2010,M,Rao Sr.,Mrs. Rao,9000000227,,Rao,01-04-2024,,,"27 Example Street, City",,9000001227,rao.kabir.father@example.com,rao.kabir.mother@example.com,,,,,,,,,,,Class 8,C,,,,
Riya,STU20240228,04-02-2011,F,Iyer Sr.,Mrs. Iyer,9000000228,,Iyer,01-04-2024,,,"28 Example Street, City",,9000001228,iyer.riya.father@example.com,iyer.riya.mother@example.com,,,,,,,,,,,Class 8,D,,,,
Vivaan,STU20240229,13-03-2011,M,Mehta Sr.,Mrs. Mehta,9000000229,,Mehta,01-04-2024,,,"29 Example Street, City",,9000001229,mehta.vivaan.father@example.com,mehta.vivaan.mother@example.com,,,,,,,,,,,Class 8,A,,,,
Karan,STU20240230,19-04-2011,F,Bose Sr.,Mrs. Bose,9000000230,,Bose,01-04-2024,,,"30 Example Street, City",,9000001230,bose.karan.father@example.com,bose.karan.mother@example.com,,,,,,,,,,,Class 8,B,,,,
Sahil,STU20240231,26-05-2011,M,Nair Sr.,Mrs. Nair,9000000231,,Nair,01-04-2024,,,"31 Example Street, City",,9000001231,nair.sahil.father@example.com,nair.sahil.mother@example.com,,,,,,,,,,,Class 8,C,,,,
Nisha,STU20240232,02-07-2011,F,Joshi Sr.,Mrs. Joshi,9000000232,,Joshi,01-04-2024,,,"32 Example Street, City",,9000001232,joshi.nisha.father@example.com,joshi.nisha.mother@example.com,,,,,,,,,,,Class 8,D,,,,
Ananya,STU20240233,08-08-2011,M,Desai Sr.,Mrs. Desai,9000000233,,Desai,01-04-2024,,,"33 Example Street, City",,9000001233,desai.ananya.father@example.com,desai.ananya.mother@example.com,,,,,,,,,,,Class 8,A,,,,
Rohit,STU20240234,14-09-2011,F,Kumar Sr.,Mrs. Kumar,9000000234,,Kumar,01-04-2024,,,"34 Example Street, City",,9000001234,kumar.rohit.father@example.com,kumar.rohit.mother@example.com,,,,,,,,,,,Class 8,B,,,,
Priya,STU20240235,21-10-2011,M,Chopra Sr.,Mrs. Chopra,9000000235,,Chopra,01-04-2024,,,"35 Example Street, City",,9000001235,chopra.priya.father@example.com,chopra.priya.mother@example.com,,,,,,,,,,,Class 8,C,,,,
Sneha,STU20240236,27-11-2011,F,Malhotra Sr.,Mrs. Malhotra,9000000236,,Malhotra,01-04-2024,,,"36 Example Street, City",,9000001236,malhotra.sneha.father@example.com,malhotra.sneha.mother@example.com,,,,,,,,,,,Class 8,D,,,,
Tanvi,STU20240237,03-01-2012,M,Reddy Sr.,Mrs. Reddy,9000000237,,Reddy,01-04-2024,,,"37 Example Street, City",,9000001237,reddy.tanvi.father@example.com,reddy.tanvi.mother@example.com,,,,,,,,,,,Class 8,A,,,,
Vikram,STU20240238,09-02-2012,F,Kapoor Sr.,Mrs. Kapoor,9000000238,,Kapoor,01-04-2024,,,"38 Example Street, City",,9000001238,kapoor.vikram.father@example.com,kapoor.vikram.mother@example.com,,,,,,,,,,,Class 8,B,,,,
Meera,STU20240239,17-03-2012,M,Das Sr.,Mrs. Das,9000000239,,Das,01-04-2024,,,"39 Example Street, City",,9000001239,das.meera.father@example.com,das.meera.mother@example.com,,,,,,,,,,,Class 8,C,,,,
Sana,STU20240240,23-04-2012,F,Sen Sr.,Mrs. Sen,9000000240,,Sen,01-04-2024,,,"40 Example Street, City",,9000001240,sen.sana.father@example.com,sen.sana.mother@example.com,,,,,,,,,,,Class 8,D,,,,
Aarav,STU20240241,30-05-2012,M,Sharma Sr.,Mrs. Sharma,9000000241,,Sharma,01-04-2024,,,"41 Example Street, City",,9000001241,sharma.aarav.father@example.com,sharma.aarav.mother@example.com,,,,,,,,,,,Class 8,A,,,,
Arjun,STU20240242,06-07-2012,F,Verma Sr.,Mrs. Verma,9000000242,,Verma,01-04-2024,,,"42 Example Street, City",,9000001242,verma.arjun.father@example.com,verma.arjun.mother@example.com,,,,,,,,,,,Class 8,B,,,,
Advait,STU20240243,12-08-2012,M,Singh Sr.,Mrs. Singh,9000000243,,Singh,01-04-2024,,,"43 Example Street, City",,9000001243,singh.advait.father@example.com,singh.advait.mother@example.com,,,,,,,,,,,Class 8,C,,,,
Aisha,STU20240244,18-09-2012,F,Khan Sr.,Mrs. Khan,9000000244,,Khan,01-04-2024,,,"44 Example Street, City",,9000001244,khan.aisha.father@example.com,khan.aisha.mother@example.com,,,,,,,,,,,Class 8,D,,,,
Diya,STU20240245,25-10-2012,M,Gupta Sr.,Mrs. Gupta,9000000245,,Gupta,01-04-2024,,,"45 Example Street, City",,9000001245,gupta.diya.father@example.com,gupta.diya.mother@example.com,,,,,,,,,,,Class 8,A,,,,
Isha,STU20240246,01-12-2012,F,Patel Sr.,Mrs. Patel,9000000246,,Patel,01-04-2024,,,"46 Example Street, City",,9000001246,patel.isha.father@example.com,patel.isha.mother@example.com,,,,,,,,,,,Class 8,B,,,,
Kabir,STU20240247,07-01-2013,M,Rao Sr.,Mrs. Rao,9000000247,,Rao,01-04-2024,,,"47 Example Street, City",,9000001247,rao.kabir.father@example.com,rao.kabir.mother@example.com,,,,,,,,,,,Class 8,C,,,,
Riya,STU20240248,13-02-2013,F,Iyer Sr.,Mrs. Iyer,9000000248,,Iyer,01-04-2024,,,"48 Example Street, City",,9000001248,iyer.riya.father@example.com,iyer.riya.mother@example.com,,,,,,,,,,,Class 8,D,,,,
Vivaan,STU20240249,22-03-2013,M,Mehta Sr.,Mrs. Mehta,9000000249,,Mehta,01-04-2024,,,"49 Example Street, City",,9000001249,mehta.vivaan.father@example.com,mehta.vivaan.mother@example.com,,,,,,,,,,,Class 8,A,,,,
Karan,STU20240250,28-04-2013,F,Bose Sr.,Mrs. Bose,9000000250,,Bose,01-04-2024,,,"50 Example Street, City",,9000001250,bose.karan.father@example.com,bose.karan.mother@example.com,,,,,,,,,,,Class 8,B,,,,
Sahil,STU20240251,04-06-2013,M,Nair Sr.,Mrs. Nair,9000000251,,Nair,01-04-2024,,,"51 Example Street, City",,9000001251,nair.sahil.father@example.com,nair.sahil.mother@example.com,,,,,,,,,,,Class 8,C,,,,
Nisha,STU20240252,11-07-2013,F,Joshi Sr.,Mrs. Joshi,9000000252,,Joshi,01-04-2024,,,"52 Example Street, City",,9000001252,joshi.nisha.father@example.com,joshi.nisha.mother@example.com,,,,,,,,,,,Class 8,D,,,,
Ananya,STU20240253,17-08-2013,M,Desai Sr.,Mrs. Desai,9000000253,,Desai,01-04-2024,,,"53 Example Street, City",,9000001253,desai.ananya.father@example.com,desai.ananya.mother@example.com,,,,,,,,,,,Class 8,A,,,,
Rohit,STU20240254,23-09-2013,F,Kumar Sr.,Mrs. Kumar,9000000254,,Kumar,01-04-2024,,,"54 Example Street, City",,9000001254,kumar.rohit.father@example.com,kumar.rohit.mother@example.com,,,,,,,,,,,Class 8,B,,,,
Priya,STU20240255,30-10-2013,M,Chopra Sr.,Mrs. Chopra,9000000255,,Chopra,01-04-2024,,,"55 Example Street, City",,9000001255,chopra.priya.father@example.com,chopra.priya.mother@example.com,,,,,,,,,,,Class 8,C,,,,
Sneha,STU20240256,06-12-2013,F,Malhotra Sr.,Mrs. Malhotra,9000000256,,Malhotra,01-04-2024,,,"56 Example Street, City",,9000001256,malhotra.sneha.father@example.com,malhotra.sneha.mother@example.com,,,,,,,,,,,Class 8,D,,,,
Tanvi,STU20240257,12-01-2014,M,Reddy Sr.,Mrs. Reddy,9000000257,,Reddy,01-04-2024,,,"57 Example Street, City",,9000001257,reddy.tanvi.father@example.com,reddy.tanvi.mother@example.com,,,,,,,,,,,Class 8,A,,,,
Vikram,STU20240258,18-02-2014,F,Kapoor Sr.,Mrs. Kapoor,9000000258,,Kapoor,01-04-2024,,,"58 Example Street, City",,9000001258,kapoor.vikram.father@example.com,kapoor.vikram.mother@example.com,,,,,,,,,,,Class 8,B,,,,
Meera,STU20240259,27-03-2014,M,Das Sr.,Mrs. Das,9000000259,,Das,01-04-2024,,,"59 Example Street, City",,9000001259,das.meera.father@example.com,das.meera.mother@example.com,,,,,,,,,,,Class 8,C,,,,
Sana,STU20240260,03-05-2014,F,Sen Sr.,Mrs. Sen,9000000260,,Sen,01-04-2024,,,"60 Example Street, City",,9000001260,sen.sana.father@example.com,sen.sana.mother@example.com,,,,,,,,,,,Class 8,D,,,,
Aarav,STU20240261,09-06-2014,M,Sharma Sr.,Mrs. Sharma,9000000261,,Sharma,01-04-2024,,,"61 Example Street, City",,9000001261,sharma.aarav.father@example.com,sharma.aarav.mother@example.com,,,,,,,,,,,Class 8,A,,,,
Arjun,STU20240262,16-07-2014,F,Verma Sr.,Mrs. Verma,9000000262,,Verma,01-04-2024,,,"62 Example Street, City",,9000001262,verma.arjun.father@example.com,verma.arjun.mother@example.com,,,,,,,,,,,Class 8,B,,,,
Advait,STU20240263,22-08-2014,M,Singh Sr.,Mrs. Singh,9000000263,,Singh,01-04-2024,,,"63 Example Street, City",,9000001263,singh.advait.father@example.com,singh.advait.mother@example.com,,,,,,,,,,,Class 8,C,,,,
Aisha,STU20240264,28-09-2014,F,Khan Sr.,Mrs. Khan,9000000264,,Khan,01-04-2024,,,"64 Example Street, City",,9000001264,khan.aisha.father@example.com,khan.aisha.mother@example.com,,,,,,,,,,,Class 8,D,,,,
Diya,STU20240265,04-11-2014,M,Gupta Sr.,Mrs. Gupta,9000000265,,Gupta,01-04-2024,,,"65 Example Street, City",,9000001265,gupta.diya.father@example.com,gupta.diya.mother@example.com,,,,,,,,,,,Class 8,A,,,,
Isha,STU20240266,11-12-2014,F,Patel Sr.,Mrs. Patel,9000000266,,Patel,01-04-2024,,,"66 Example Street, City",,9000001266,patel.isha.father@example.com,patel.isha.mother@example.com,,,,,,,,,,,Class 8,B,,,,
Kabir,STU20240267,17-01-2015,M,Rao Sr.,Mrs. Rao,9000000267,,Rao,01-04-2024,,,"67 Example Street, City",,9000001267,rao.kabir.father@example.com,rao.kabir.mother@example.com,,,,,,,,,,,Class 8,C,,,,
Riya,STU20240268,23-02-2015,F,Iyer Sr.,Mrs. Iyer,9000000268,,Iyer,01-04-2024,,,"68 Example Street, City",,9000001268,iyer.riya.father@example.com,iyer.riya.mother@example.com,,,,,,,,,,,Class 8,D,,,,
Vivaan,STU20240269,01-04-2015,M,Mehta Sr.,Mrs. Mehta,9000000269,,Mehta,01-04-2024,,,"69 Example Street, City",,9000001269,mehta.vivaan.father@example.com,mehta.vivaan.mother@example.com,,,,,,,,,,,Class 8,A,,,,
Karan,STU20240270,08-05-2015,F,Bose Sr.,Mrs. Bose,9000000270,,Bose,01-04-2024,,,"70 Example Street, City",,9000001270,bose.karan.father@example.com,bose.karan.mother@example.com,,,,,,,,,,,Class 8,B,,,,
Sahil,STU20240271,14-06-2015,M,Nair Sr.,Mrs. Nair,9000000271,,Nair,01-04-2024,,,"71 Example Street, City",,9000001271,nair.sahil.father@example.com,nair.sahil.mother@example.com,,,,,,,,,,,Class 8,C,,,,
Nisha,STU20240272,28-01-2010,F,Joshi Sr.,Mrs. Joshi,9000000272,,Joshi,01-04-2024,,,"72 Example Street, City",,9000001272,joshi.nisha.father@example.com,joshi.nisha.mother@example.com,,,,,,,,,,,Class 8,D,,,,
Ananya,STU20240273,06-03-2010,M,Desai Sr.,Mrs. Desai,9000000273,,Desai,01-04-2024,,,"73 Example Street, City",,9000001273,desai.ananya.father@example.com,desai.ananya.mother@example.com,,,,,,,,,,,Class 8,A,,,,
Rohit,STU20240274,12-04-2010,F,Kumar Sr.,Mrs. Kumar,9000000274,,Kumar,01-04-2024,,,"74 Example Street, City",,9000001274,kumar.rohit.father@example.com,kumar.rohit.mother@example.com,,,,,,,,,,,Class 8,B,,,,
Priya,STU20240275,19-05-2010,M,Chopra Sr.,Mrs. Chopra,9000000275,,Chopra,01-04-2024,,,"75 Example Street, City",,9000001275,chopra.priya.father@example.com,chopra.priya.mother@example.com,,,,,,,,,,,Class 8,C,,,,
Sneha,STU20240276,25-06-2010,F,Malhotra Sr.,Mrs. Malhotra,9000000276,,Malhotra,01-04-2024,,,"76 Example Street, City",,9000001276,malhotra.sneha.father@example.com,malhotra.sneha.mother@example.com,,,,,,,,,,,Class 8,D,,,,
Tanvi,STU20240277,01-08-2010,M,Reddy Sr.,Mrs. Reddy,9000000277,,Reddy,01-04-2024,,,"77 Example Street, City",,9000001277,reddy.tanvi.father@example.com,reddy.tanvi.mother@example.com,,,,,,,,,,,Class 8,A,,,,
Vikram,STU20240278,07-09-2010,F,Kapoor Sr.,Mrs. Kapoor,9000000278,,Kapoor,01-04-2024,,,"78 Example Street, City",,9000001278,kapoor.vikram.father@example.com,kapoor.vikram.mother@example.com,,,,,,,,,,,Class 8,B,,,,
Meera,STU20240279,14-10-2010,M,Das Sr.,Mrs. Das,9000000279,,Das,01-04-2024,,,"79 Example Street, City",,9000001279,das.meera.father@example.com,das.meera.mother@example.com,,,,,,,,,,,Class 8,C,,,,
Sana,STU20240280,20-11-2010,F,Sen Sr.,Mrs. Sen,9000000280,,Sen,01-04-2024,,,"80 Example Street, City",,9000001280,sen.sana.father@example.com,sen.sana.mother@example.com,,,,,,,,,,,Class 8,D,,,,
Aarav,STU20240281,27-12-2010,M,Sharma Sr.,Mrs. Sharma,9000000281,,Sharma,01-04-2024,,,"81 Example Street, City",,9000001281,sharma.aarav.father@example.com,sharma.aarav.mother@example.com,,,,,,,,,,,Class 8,A,,,,
Arjun,STU20240282,02-02-2011,F,Verma Sr.,Mrs. Verma,9000000282,,Verma,01-04-2024,,,"82 Example Street, City",,9000001282,verma.arjun.father@example.com,verma.arjun.mother@example.com,,,,,,,,,,,Class 8,B,,,,
Advait,STU20240283,11-03-2011,M,Singh Sr.,Mrs. Singh,9000000283,,Singh,01-04-2024,,,"83 Example Street, City",,9000001283,singh.advait.father@example.com,singh.advait.mother@example.com,,,,,,,,,,,Class 8,C,,,,
Aisha,STU20240284,17-04-2011,F,Khan Sr.,Mrs. Khan,9000000284,,Khan,01-04-2024,,,"84 Example Street, City",,9000001284,khan.aisha.father@example.com,khan.aisha.mother@example.com,,,,,,,,,,,Class 8,D,,,,
Diya,STU20240285,24-05-2011,M,Gupta Sr.,Mrs. Gupta,9000000285,,Gupta,01-04-2024,,,"85 Example Street, City",,9000001285,gupta.diya.father@example.com,gupta.diya.mother@example.com,,,,,,,,,,,Class 8,A,,,,
Isha,STU20240286,30-06-2011,F,Patel Sr.,Mrs. Patel,9000000286,,Patel,01-04-2024,,,"86 Example Street, City",,9000001286,patel.isha.father@example.com,patel.isha.mother@example.com,,,,,,,,,,,Class 8,B,,,,
Kabir,STU20240287,06-08-2011,M,Rao Sr.,Mrs. Rao,9000000287,,Rao,01-04-2024,,,"87 Example Street, City",,9000001287,rao.kabir.father@example.com,rao.kabir.mother@example.com,,,,,,,,,,,Class 8,C,,,,
Riya,STU20240288,12-09-2011,F,Iyer Sr.,Mrs. Iyer,9000000288,,Iyer,01-04-2024,,,"88 Example Street, City",,9000001288,iyer.riya.father@example.com,iyer.riya.mother@example.com,,,,,,,,,,,Class 8,D,,,,
Vivaan,STU20240289,19-10-2011,M,Mehta Sr.,Mrs. Mehta,9000000289,,Mehta,01-04-2024,,,"89 Example Street, City",,9000001289,mehta.vivaan.father@example.com,mehta.vivaan.mother@example.com,,,,,,,,,,,Class 8,A,,,,
Karan,STU20240290,25-11-2011,F,Bose Sr.,Mrs. Bose,9000000290,,Bose,01-04-2024,,,"90 Example Street, City",,9000001290,bose.karan.father@example.com,bose.karan.mother@example.com,,,,,,,,,,,Class 8,B,,,,
Sahil,STU20240291,01-01-2012,M,Nair Sr.,Mrs. Nair,9000000291,,Nair,01-04-2024,,,"91 Example Street, City",,9000001291,nair.sahil.father@example.com,nair.sahil.mother@example.com,,,,,,,,,,,Class 8,C,,,,
Nisha,STU20240292,07-02-2012,F,Joshi Sr.,Mrs. Joshi,9000000292,,Joshi,01-04-2024,,,"92 Example Street, City",,9000001292,joshi.nisha.father@example.com,joshi.nisha.mother@example.com,,,,,,,,,,,Class 8,D,,,,
Ananya,STU20240293,15-03-2012,M,Desai Sr.,Mrs. Desai,9000000293,,Desai,01-04-2024,,,"93 Example Street, City",,9000001293,desai.ananya.father@example.com,desai.ananya.mother@example.com,,,,,,,,,,,Class 8,A,,,,
Rohit,STU20240294,21-04-2012,F,Kumar Sr.,Mrs. Kumar,9000000294,,Kumar,01-04-2024,,,"94 Example Street, City",,9000001294,kumar.rohit.father@example.com,kumar.rohit.mother@example.com,,,,,,,,,,,Class 8,B,,,,
Priya,STU20240295,28-05-2012,M,Chopra Sr.,Mrs. Chopra,9000000295,,Chopra,01-04-2024,,,"95 Example Street, City",,9000001295,chopra.priya.father@example.com,chopra.priya.mother@example.com,,,,,,,,,,,Class 8,C,,,,
Sneha,STU20240296,04-07-2012,F,Malhotra Sr.,Mrs. Malhotra,9000000296,,Malhotra,01-04-2024,,,"96 Example Street, City",,9000001296,malhotra.sneha.father@example.com,malhotra.sneha.mother@example.com,,,,,,,,,,,Class 8,D,,,,
Tanvi,STU20240297,10-08-2012,M,Reddy Sr.,Mrs. Reddy,9000000297,,Reddy,01-04-2024,,,"97 Example Street, City",,9000001297,reddy.tanvi.father@example.com,reddy.tanvi.mother@example.com,,,,,,,,,,,Class 8,A,,,,
Vikram,STU20240298,16-09-2012,F,Kapoor Sr.,Mrs. Kapoor,9000000298,,Kapoor,01-04-2024,,,"98 Example Street, City",,9000001298,kapoor.vikram.father@example.com,kapoor.vikram.mother@example.com,,,,,,,,,,,Class 8,B,,,,
Meera,STU20240299,23-10-2012,M,Das Sr.,Mrs. Das,9000000299,,Das,01-04-2024,,,"99 Example Street, City",,9000001299,das.meera.father@example.com,das.meera.mother@example.com,,,,,,,,,,,Class 8,C,,,,
Sana,STU20240300,29-11-2012,F,Sen Sr.,Mrs. Sen,9000000300,,Sen,01-04-2024,,,"100 Example Street, City",,9000001300,sen.sana.father@example.com,sen.sana.mother@example.com,,,,,,,,,,,Class 8,D,,,,
Aarav,STU20240301,05-01-2013,M,Sharma Sr.,Mrs. Sharma,9000000301,,Sharma,01-04-2024,,,"101 Example Street, City",,9000001301,sharma.aarav.father@example.com,sharma.aarav.mother@example.com,,,,,,,,,,,Class 10,A,,,,
Arjun,STU20240302,11-02-2013,F,Verma Sr.,Mrs. Verma,9000000302,,Verma,01-04-2024,,,"102 Example Street, City",,9000001302,verma.arjun.father@example.com,verma.arjun.mother@example.com,,,,,,,,,,,Class 10,B,,,,
Advait,STU20240303,20-03-2013,M,Singh Sr.,Mrs. Singh,9000000303,,Singh,01-04-2024,,,"103 Example Street, City",,9000001303,singh.advait.father@example.com,singh.advait.mother@example.com,,,,,,,,,,,Class 10,C,,,,
Aisha,STU20240304,26-04-2013,F,Khan Sr.,Mrs. Khan,9000000304,,Khan,01-04-2024,,,"104 Example Street, City",,9000001304,khan.aisha.father@example.com,khan.aisha.mother@example.com,,,,,,,,,,,Class 10,D,,,,
Diya,STU20240305,02-06-2013,M,Gupta Sr.,Mrs. Gupta,9000000305,,Gupta,01-04-2024,,,"105 Example Street, City",,9000001305,gupta.diya.father@example.com,gupta.diya.mother@example.com,,,,,,,,,,,Class 10,A,,,,
Isha,STU20240306,09-07-2013,F,Patel Sr.,Mrs. Patel,9000000306,,Patel,01-04-2024,,,"106 Example Street, City",,9000001306,patel.isha.father@example.com,patel.isha.mother@example.com,,,,,,,,,,,Class 10,B,,,,
Kabir,STU20240307,15-08-2013,M,Rao Sr.,Mrs. Rao,9000000307,,Rao,01-04-2024,,,"107 Example Street, City",,9000001307,rao.kabir.father@example.com,rao.kabir.mother@example.com,,,,,,,,,,,Class 10,C,,,,
Riya,STU20240308,21-09-2013,F,Iyer Sr.,Mrs. Iyer,9000000308,,Iyer,01-04-2024,,,"108 Example Street, City",,9000001308,iyer.riya.father@example.com,iyer.riya.mother@example.com,,,,,,,,,,,Class 10,D,,,,
Vivaan,STU20240309,28-10-2013,M,Mehta Sr.,Mrs. Mehta,9000000309,,Mehta,01-04-2024,,,"109 Example Street, City",,9000001309,mehta.vivaan.father@example.com,mehta.vivaan.mother@example.com,,,,,,,,,,,Class 10,A,,,,
Karan,STU20240310,04-12-2013,F,Bose Sr.,Mrs. Bose,9000000310,,Bose,01-04-2024,,,"110 Example Street, City",,9000001310,bose.karan.father@example.com,bose.karan.mother@example.com,,,,,,,,,,,Class 10,B,,,,
Sahil,STU20240311,10-01-2014,M,Nair Sr.,Mrs. Nair,9000000311,,Nair,01-04-2024,,,"111 Example Street, City",,9000001311,nair.sahil.father@example.com,nair.sahil.mother@example.com,,,,,,,,,,,Class 10,C,,,,
Nisha,STU20240312,16-02-2014,F,Joshi Sr.,Mrs. Joshi,9000000312,,Joshi,01-04-2024,,,"112 Example Street, City",,9000001312,joshi.nisha.father@example.com,joshi.nisha.mother@example.com,,,,,,,,,,,Class 10,D,,,,
Ananya,STU20240313,25-03-2014,M,Desai Sr.,Mrs. Desai,9000000313,,Desai,01-04-2024,,,"113 Example Street, City",,9000001313,desai.ananya.father@example.com,desai.ananya.mother@example.com,,,,,,,,,,,Class 10,A,,,,
Rohit,STU20240314,01-05-2014,F,Kumar Sr.,Mrs. Kumar,9000000314,,Kumar,01-04-2024,,,"114 Example Street, City",,9000001314,kumar.rohit.father@example.com,kumar.rohit.mother@example.com,,,,,,,,,,,Class 10,B,,,,
Priya,STU20240315,07-06-2014,M,Chopra Sr.,Mrs. Chopra,9000000315,,Chopra,01-04-2024,,,"115 Example Street, City",,9000001315,chopra.priya.father@example.com,chopra.priya.mother@example.com,,,,,,,,,,,Class 10,C,,,,
Sneha,STU20240316,14-07-2014,F,Malhotra Sr.,Mrs. Malhotra,9000000316,,Malhotra,01-04-2024,,,"116 Example Street, City",,9000001316,malhotra.sneha.father@example.com,malhotra.sneha.mother@example.com,,,,,,,,,,,Class 10,D,,,,
Tanvi,STU20240317,20-08-2014,M,Reddy Sr.,Mrs. Reddy,9000000317,,Reddy,01-04-2024,,,"117 Example Street, City",,9000001317,reddy.tanvi.father@example.com,reddy.tanvi.mother@example.com,,,,,,,,,,,Class 10,A,,,,
Vikram,STU20240318,26-09-2014,F,Kapoor Sr.,Mrs. Kapoor,9000000318,,Kapoor,01-04-2024,,,"118 Example Street, City",,9000001318,kapoor.vikram.father@example.com,kapoor.vikram.mother@example.com,,,,,,,,,,,Class 10,B,,,,
Meera,STU20240319,02-11-2014,M,Das Sr.,Mrs. Das,9000000319,,Das,01-04-2024,,,"119 Example Street, City",,9000001319,das.meera.father@example.com,das.meera.mother@example.com,,,,,,,,,,,Class 10,C,,,,
Sana,STU20240320,09-12-2014,F,Sen Sr.,Mrs. Sen,9000000320,,Sen,01-04-2024,,,"120 Example Street, City",,9000001320,sen.sana.father@example.com,sen.sana.mother@example.com,,,,,,,,,,,Class 10,D,,,,
Aarav,STU20240321,15-01-2015,M,Sharma Sr.,Mrs. Sharma,9000000321,,Sharma,01-04-2024,,,"121 Example Street, City",,9000001321,sharma.aarav.father@example.com,sharma.aarav.mother@example.com,,,,,,,,,,,Class 10,A,,,,
Arjun,STU20240322,21-02-2015,F,Verma Sr.,Mrs. Verma,9000000322,,Verma,01-04-2024,,,"122 Example Street, City",,9000001322,verma.arjun.father@example.com,verma.arjun.mother@example.com,,,,,,,,,,,Class 10,B,,,,
Advait,STU20240323,30-03-2015,M,Singh Sr.,Mrs. Singh,9000000323,,Singh,01-04-2024,,,"123 Example Street, City",,9000001323,singh.advait.father@example.com,singh.advait.mother@example.com,,,,,,,,,,,Class 10,C,,,,
Aisha,STU20240324,06-05-2015,F,Khan Sr.,Mrs. Khan,9000000324,,Khan,01-04-2024,,,"124 Example Street, City",,9000001324,khan.aisha.father@example.com,khan.aisha.mother@example.com,,,,,,,,,,,Class 10,D,,,,
Diya,STU20240325,12-06-2015,M,Gupta Sr.,Mrs. Gupta,9000000325,,Gupta,01-04-2024,,,"125 Example Street, City",,9000001325,gupta.diya.father@example.com,gupta.diya.mother@example.com,,,,,,,,,,,Class 10,A,,,,
Isha,STU20240326,26-01-2010,F,Patel Sr.,Mrs. Patel,9000000326,,Patel,01-04-2024,,,"126 Example Street, City",,9000001326,patel.isha.father@example.com,patel.isha.mother@example.com,,,,,,,,,,,Class 10,B,,,,
Kabir,STU20240327,04-03-2010,M,Rao Sr.,Mrs. Rao,9000000327,,Rao,01-04-2024,,,"127 Example Street, City",,9000001327,rao.kabir.father@example.com,rao.kabir.mother@example.com,,,,,,,,,,,Class 10,C,,,,
Riya,STU20240328,10-04-2010,F,Iyer Sr.,Mrs. Iyer,9000000328,,Iyer,01-04-2024,,,"128 Example Street, City",,9000001328,iyer.riya.father@example.com,iyer.riya.mother@example.com,,,,,,,,,,,Class 10,D,,,,
Vivaan,STU20240329,17-05-2010,M,Mehta Sr.,Mrs. Mehta,9000000329,,Mehta,01-04-2024,,,"129 Example Street, City",,9000001329,mehta.vivaan.father@example.com,mehta.vivaan.mother@example.com,,,,,,,,,,,Class 10,A,,,,
Karan,STU20240330,23-06-2010,F,Bose Sr.,Mrs. Bose,9000000330,,Bose,01-04-2024,,,"130 Example Street, City",,9000001330,bose.karan.father@example.com,bose.karan.mother@example.com,,,,,,,,,,,Class 10,B,,,,
Sahil,STU20240331,30-07-2010,M,Nair Sr.,Mrs. Nair,9000000331,,Nair,01-04-2024,,,"131 Example Street, City",,9000001331,nair.sahil.father@example.com,nair.sahil.mother@example.com,,,,,,,,,,,Class 10,C,,,,
Nisha,STU20240332,05-09-2010,F,Joshi Sr.,Mrs. Joshi,9000000332,,Joshi,01-04-2024,,,"132 Example Street, City",,9000001332,joshi.nisha.father@example.com,joshi.nisha.mother@example.com,,,,,,,,,,,Class 10,D,,,,
Ananya,STU20240333,12-10-2010,M,Desai Sr.,Mrs. Desai,9000000333,,Desai,01-04-2024,,,"133 Example Street, City",,9000001333,desai.ananya.father@example.com,desai.ananya.mother@example.com,,,,,,,,,,,Class 10,A,,,,
Rohit,STU20240334,18-11-2010,F,Kumar Sr.,Mrs. Kumar,9000000334,,Kumar,01-04-2024,,,"134 Example Street, City",,9000001334,kumar.rohit.father@example.com,kumar.rohit.mother@example.com,,,,,,,,,,,Class 10,B,,,,
Priya,STU20240335,25-12-2010,M,Chopra Sr.,Mrs. Chopra,9000000335,,Chopra,01-04-2024,,,"135 Example Street, City",,9000001335,chopra.priya.father@example.com,chopra.priya.mother@example.com,,,,,,,,,,,Class 10,C,,,,
Sneha,STU20240336,31-01-2011,F,Malhotra Sr.,Mrs. Malhotra,9000000336,,Malhotra,01-04-2024,,,"136 Example Street, City",,9000001336,malhotra.sneha.father@example.com,malhotra.sneha.mother@example.com,,,,,,,,,,,Class 10,D,,,,
Tanvi,STU20240337,09-03-2011,M,Reddy Sr.,Mrs. Reddy,9000000337,,Reddy,01-04-2024,,,"137 Example Street, City",,9000001337,reddy.tanvi.father@example.com,reddy.tanvi.mother@example.com,,,,,,,,,,,Class 10,A,,,,
Vikram,STU20240338,15-04-2011,F,Kapoor Sr.,Mrs. Kapoor,9000000338,,Kapoor,01-04-2024,,,"138 Example Street, City",,9000001338,kapoor.vikram.father@example.com,kapoor.vikram.mother@example.com,,,,,,,,,,,Class 10,B,,,,
Meera,STU20240339,22-05-2011,M,Das Sr.,Mrs. Das,9000000339,,Das,01-04-2024,,,"139 Example Street, City",,9000001339,das.meera.father@example.com,das.meera.mother@example.com,,,,,,,,,,,Class 10,C,,,,
Sana,STU20240340,28-06-2011,F,Sen Sr.,Mrs. Sen,9000000340,,Sen,01-04-2024,,,"140 Example Street, City",,9000001340,sen.sana.father@example.com,sen.sana.mother@example.com,,,,,,,,,,,Class 10,D,,,,
Aarav,STU20240341,04-08-2011,M,Sharma Sr.,Mrs. Sharma,9000000341,,Sharma,01-04-2024,,,"141 Example Street, City",,9000001341,sharma.aarav.father@example.com,sharma.aarav.mother@example.com,,,,,,,,,,,Class 10,A,,,,
Arjun,STU20240342,10-09-2011,F,Verma Sr.,Mrs. Verma,9000000342,,Verma,01-04-2024,,,"142 Example Street, City",,9000001342,verma.arjun.father@example.com,verma.arjun.mother@example.com,,,,,,,,,,,Class 10,B,,,,
Advait,STU20240343,17-10-2011,M,Singh Sr.,Mrs. Singh,9000000343,,Singh,01-04-2024,,,"143 Example Street, City",,9000001343,singh.advait.father@example.com,singh.advait.mother@example.com,,,,,,,,,,,Class 10,C,,,,
Aisha,STU20240344,23-11-2011,F,Khan Sr.,Mrs. Khan,9000000344,,Khan,01-04-2024,,,"144 Example Street, City",,9000001344,khan.aisha.father@example.com,khan.aisha.mother@example.com,,,,,,,,,,,Class 10,D,,,,
Diya,STU20240345,30-12-2011,M,Gupta Sr.,Mrs. Gupta,9000000345,,Gupta,01-04-2024,,,"145 Example Street, City",,9000001345,gupta.diya.father@example.com,gupta.diya.mother@example.com,,,,,,,,,,,Class 10,A,,,,
Isha,STU20240346,05-02-2012,F,Patel Sr.,Mrs. Patel,9000000346,,Patel,01-04-2024,,,"146 Example Street, City",,9000001346,patel.isha.father@example.com,patel.isha.mother@example.com,,,,,,,,,,,Class 10,B,,,,
Kabir,STU20240347,13-03-2012,M,Rao Sr.,Mrs. Rao,9000000347,,Rao,01-04-2024,,,"147 Example Street, City",,9000001347,rao.kabir.father@example.com,rao.kabir.mother@example.com,,,,,,,,,,,Class 10,C,,,,
Riya,STU20240348,19-04-2012,F,Iyer Sr.,Mrs. Iyer,9000000348,,Iyer,01-04-2024,,,"148 Example Street, City",,9000001348,iyer.riya.father@example.com,iyer.riya.mother@example.com,,,,,,,,,,,Class 10,D,,,,
Vivaan,STU20240349,26-05-2012,M,Mehta Sr.,Mrs. Mehta,9000000349,,Mehta,01-04-2024,,,"149 Example Street, City",,9000001349,mehta.vivaan.father@example.com,mehta.vivaan.mother@example.com,,,,,,,,,,,Class 10,A,,,,
Karan,STU20240350,02-07-2012,F,Bose Sr.,Mrs. Bose,9000000350,,Bose,01-04-2024,,,"150 Example Street, City",,9000001350,bose.karan.father@example.com,bose.karan.mother@example.com,,,,,,,,,,,Class 10,B,,,,
Sahil,STU20240351,08-08-2012,M,Nair Sr.,Mrs. Nair,9000000351,,Nair,01-04-2024,,,"151 Example Street, City",,9000001351,nair.sahil.father@example.com,nair.sahil.mother@example.com,,,,,,,,,,,Class 10,C,,,,
Nisha,STU20240352,14-09-2012,F,Joshi Sr.,Mrs. Joshi,9000000352,,Joshi,01-04-2024,,,"152 Example Street, City",,9000001352,joshi.nisha.father@example.com,joshi.nisha.mother@example.com,,,,,,,,,,,Class 10,D,,,,
Ananya,STU20240353,21-10-2012,M,Desai Sr.,Mrs. Desai,9000000353,,Desai,01-04-2024,,,"153 Example Street, City",,9000001353,desai.ananya.father@example.com,desai.ananya.mother@example.com,,,,,,,,,,,Class 10,A,,,,
Rohit,STU20240354,27-11-2012,F,Kumar Sr.,Mrs. Kumar,9000000354,,Kumar,01-04-2024,,,"154 Example Street, City",,9000001354,kumar.rohit.father@example.com,kumar.rohit.mother@example.com,,,,,,,,,,,Class 10,B,,,,
Priya,STU20240355,03-01-2013,M,Chopra Sr.,Mrs. Chopra,9000000355,,Chopra,01-04-2024,,,"155 Example Street, City",,9000001355,chopra.priya.father@example.com,chopra.priya.mother@example.com,,,,,,,,,,,Class 10,C,,,,
Sneha,STU20240356,09-02-2013,F,Malhotra Sr.,Mrs. Malhotra,9000000356,,Malhotra,01-04-2024,,,"156 Example Street, City",,9000001356,malhotra.sneha.father@example.com,malhotra.sneha.mother@example.com,,,,,,,,,,,Class 10,D,,,,
Tanvi,STU20240357,18-03-2013,M,Reddy Sr.,Mrs. Reddy,9000000357,,Reddy,01-04-2024,,,"157 Example Street, City",,9000001357,reddy.tanvi.father@example.com,reddy.tanvi.mother@example.com,,,,,,,,,,,Class 10,A,,,,
Vikram,STU20240358,24-04-2013,F,Kapoor Sr.,Mrs. Kapoor,9000000358,,Kapoor,01-04-2024,,,"158 Example Street, City",,9000001358,kapoor.vikram.father@example.com,kapoor.vikram.mother@example.com,,,,,,,,,,,Class 10,B,,,,
Meera,STU20240359,31-05-2013,M,Das Sr.,Mrs. Das,9000000359,,Das,01-04-2024,,,"159 Example Street, City",,9000001359,das.meera.father@example.com,das.meera.mother@example.com,,,,,,,,,,,Class 10,C,,,,
Sana,STU20240360,07-07-2013,F,Sen Sr.,Mrs. Sen,9000000360,,Sen,01-04-2024,,,"160 Example Street, City",,9000001360,sen.sana.father@example.com,sen.sana.mother@example.com,,,,,,,,,,,Class 10,D,,,,
Aarav,STU20240361,13-08-2013,M,Sharma Sr.,Mrs. Sharma,9000000361,,Sharma,01-04-2024,,,"161 Example Street, City",,9000001361,sharma.aarav.father@example.com,sharma.aarav.mother@example.com,,,,,,,,,,,Class 10,A,,,,
Arjun,STU20240362,19-09-2013,F,Verma Sr.,Mrs. Verma,9000000362,,Verma,01-04-2024,,,"162 Example Street, City",,9000001362,verma.arjun.father@example.com,verma.arjun.mother@example.com,,,,,,,,,,,Class 10,B,,,,
Advait,STU20240363,26-10-2013,M,Singh Sr.,Mrs. Singh,9000000363,,Singh,01-04-2024,,,"163 Example Street, City",,9000001363,singh.advait.father@example.com,singh.advait.mother@example.com,,,,,,,,,,,Class 10,C,,,,
Aisha,STU20240364,02-12-2013,F,Khan Sr.,Mrs. Khan,9000000364,,Khan,01-04-2024,,,"164 Example Street, City",,9000001364,khan.aisha.father@example.com,khan.aisha.mother@example.com,,,,,,,,,,,Class 10,D,,,,
Diya,STU20240365,08-01-2014,M,Gupta Sr.,Mrs. Gupta,9000000365,,Gupta,01-04-2024,,,"165 Example Street, City",,9000001365,gupta.diya.father@example.com,gupta.diya.mother@example.com,,,,,,,,,,,Class 10,A,,,,
Isha,STU20240366,14-02-2014,F,Patel Sr.,Mrs. Patel,9000000366,,Patel,01-04-2024,,,"166 Example Street, City",,9000001366,patel.isha.father@example.com,patel.isha.mother@example.com,,,,,,,,,,,Class 10,B,,,,
Kabir,STU20240367,23-03-2014,M,Rao Sr.,Mrs. Rao,9000000367,,Rao,01-04-2024,,,"167 Example Street, City",,9000001367,rao.kabir.father@example.com,rao.kabir.mother@example.com,,,,,,,,,,,Class 10,C,,,,
Riya,STU20240368,29-04-2014,F,Iyer Sr.,Mrs. Iyer,9000000368,,Iyer,01-04-2024,,,"168 Example Street, City",,9000001368,iyer.riya.father@example.com,iyer.riya.mother@example.com,,,,,,,,,,,Class 10,D,,,,
Vivaan,STU20240369,05-06-2014,M,Mehta Sr.,Mrs. Mehta,9000000369,,Mehta,01-04-2024,,,"169 Example Street, City",,9000001369,mehta.vivaan.father@example.com,mehta.vivaan.mother@example.com,,,,,,,,,,,Class 10,A,,,,
Karan,STU20240370,12-07-2014,F,Bose Sr.,Mrs. Bose,9000000370,,Bose,01-04-2024,,,"170 Example Street, City",,9000001370,bose.karan.father@example.com,bose.karan.mother@example.com,,,,,,,,,,,Class 10,B,,,,
Sahil,STU20240371,18-08-2014,M,Nair Sr.,Mrs. Nair,9000000371,,Nair,01-04-2024,,,"171 Example Street, City",,9000001371,nair.sahil.father@example.com,nair.sahil.mother@example.com,,,,,,,,,,,Class 10,C,,,,
Nisha,STU20240372,24-09-2014,F,Joshi Sr.,Mrs. Joshi,9000000372,,Joshi,01-04-2024,,,"172 Example Street, City",,9000001372,joshi.nisha.father@example.com,joshi.nisha.mother@example.com,,,,,,,,,,,Class 10,D,,,,
Ananya,STU20240373,31-10-2014,M,Desai Sr.,Mrs. Desai,9000000373,,Desai,01-04-2024,,,"173 Example Street, City",,9000001373,desai.ananya.father@example.com,desai.ananya.mother@example.com,,,,,,,,,,,Class 10,A,,,,
Rohit,STU20240374,07-12-2014,F,Kumar Sr.,Mrs. Kumar,9000000374,,Kumar,01-04-2024,,,"174 Example Street, City",,9000001374,kumar.rohit.father@example.com,kumar.rohit.mother@example.com,,,,,,,,,,,Class 10,B,,,,
Priya,STU20240375,13-01-2015,M,Chopra Sr.,Mrs. Chopra,9000000375,,Chopra,01-04-2024,,,"175 Example Street, City",,9000001375,chopra.priya.father@example.com,chopra.priya.mother@example.com,,,,,,,,,,,Class 10,C,,,,
Sneha,STU20240376,19-02-2015,F,Malhotra Sr.,Mrs. Malhotra,9000000376,,Malhotra,01-04-2024,,,"176 Example Street, City",,9000001376,malhotra.sneha.father@example.com,malhotra.sneha.mother@example.com,,,,,,,,,,,Class 10,D,,,,
Tanvi,STU20240377,28-03-2015,M,Reddy Sr.,Mrs. Reddy,9000000377,,Reddy,01-04-2024,,,"177 Example Street, City",,9000001377,reddy.tanvi.father@example.com,reddy.tanvi.mother@example.com,,,,,,,,,,,Class 10,A,,,,
Vikram,STU20240378,04-05-2015,F,Kapoor Sr.,Mrs. Kapoor,9000000378,,Kapoor,01-04-2024,,,"178 Example Street, City",,9000001378,kapoor.vikram.father@example.com,kapoor.vikram.mother@example.com,,,,,,,,,,,Class 10,B,,,,
Meera,STU20240379,10-06-2015,M,Das Sr.,Mrs. Das,9000000379,,Das,01-04-2024,,,"179 Example Street, City",,9000001379,das.meera.father@example.com,das.meera.mother@example.com,,,,,,,,,,,Class 10,C,,,,
Sana,STU20240380,24-01-2010,F,Sen Sr.,Mrs. Sen,9000000380,,Sen,01-04-2024,,,"180 Example Street, City",,9000001380,sen.sana.father@example.com,sen.sana.mother@example.com,,,,,,,,,,,Class 10,D,,,,
Aarav,STU20240381,02-03-2010,M,Sharma Sr.,Mrs. Sharma,9000000381,,Sharma,01-04-2024,,,"181 Example Street, City",,9000001381,sharma.aarav.father@example.com,sharma.aarav.mother@example.com,,,,,,,,,,,Class 10,A,,,,
Arjun,STU20240382,08-04-2010,F,Verma Sr.,Mrs. Verma,9000000382,,Verma,01-04-2024,,,"182 Example Street, City",,9000001382,verma.arjun.father@example.com,verma.arjun.mother@example.com,,,,,,,,,,,Class 10,B,,,,
Advait,STU20240383,15-05-2010,M,Singh Sr.,Mrs. Singh,9000000383,,Singh,01-04-2024,,,"183 Example Street, City",,9000001383,singh.advait.father@example.com,singh.advait.mother@example.com,,,,,,,,,,,Class 10,C,,,,
Aisha,STU20240384,21-06-2010,F,Khan Sr.,Mrs. Khan,9000000384,,Khan,01-04-2024,,,"184 Example Street, City",,9000001384,khan.aisha.father@example.com,khan.aisha.mother@example.com,,,,,,,,,,,Class 10,D,,,,
Diya,STU20240385,28-07-2010,M,Gupta Sr.,Mrs. Gupta,9000000385,,Gupta,01-04-2024,,,"185 Example Street, City",,9000001385,gupta.diya.father@example.com,gupta.diya.mother@example.com,,,,,,,,,,,Class 10,A,,,,
Isha,STU20240386,03-09-2010,F,Patel Sr.,Mrs. Patel,9000000386,,Patel,01-04-2024,,,"186 Example Street, City",,9000001386,patel.isha.father@example.com,patel.isha.mother@example.com,,,,,,,,,,,Class 10,B,,,,
Kabir,STU20240387,10-10-2010,M,Rao Sr.,Mrs. Rao,9000000387,,Rao,01-04-2024,,,"187 Example Street, City",,9000001387,rao.kabir.father@example.com,rao.kabir.mother@example.com,,,,,,,,,,,Class 10,C,,,,
Riya,STU20240388,16-11-2010,F,Iyer Sr.,Mrs. Iyer,9000000388,,Iyer,01-04-2024,,,"188 Example Street, City",,9000001388,iyer.riya.father@example.com,iyer.riya.mother@example.com,,,,,,,,,,,Class 10,D,,,,
Vivaan,STU20240389,23-12-2010,M,Mehta Sr.,Mrs. Mehta,9000000389,,Mehta,01-04-2024,,,"189 Example Street, City",,9000001389,mehta.vivaan.father@example.com,mehta.vivaan.mother@example.com,,,,,,,,,,,Class 10,A,,,,
Karan,STU20240390,29-01-2011,F,Bose Sr.,Mrs. Bose,9000000390,,Bose,01-04-2024,,,"190 Example Street, City",,9000001390,bose.karan.father@example.com,bose.karan.mother@example.com,,,,,,,,,,,Class 10,B,,,,
Sahil,STU20240391,07-03-2011,M,Nair Sr.,Mrs. Nair,9000000391,,Nair,01-04-2024,,,"191 Example Street, City",,9000001391,nair.sahil.father@example.com,nair.sahil.mother@example.com,,,,,,,,,,,Class 10,C,,,,
Nisha,STU20240392,13-04-2011,F,Joshi Sr.,Mrs. Joshi,9000000392,,Joshi,01-04-2024,,,"192 Example Street, City",,9000001392,joshi.nisha.father@example.com,joshi.nisha.mother@example.com,,,,,,,,,,,Class 10,D,,,,
Ananya,STU20240393,20-05-2011,M,Desai Sr.,Mrs. Desai,9000000393,,Desai,01-04-2024,,,"193 Example Street, City",,9000001393,desai.ananya.father@example.com,desai.ananya.mother@example.com,,,,,,,,,,,Class 10,A,,,,
Rohit,STU20240394,26-06-2011,F,Kumar Sr.,Mrs. Kumar,9000000394,,Kumar,01-04-2024,,,"194 Example Street, City",,9000001394,kumar.rohit.father@example.com,kumar.rohit.mother@example.com,,,,,,,,,,,Class 10,B,,,,
Priya,STU20240395,02-08-2011,M,Chopra Sr.,Mrs. Chopra,9000000395,,Chopra,01-04-2024,,,"195 Example Street, City",,9000001395,chopra.priya.father@example.com,chopra.priya.mother@example.com,,,,,,,,,,,Class 10,C,,,,
Sneha,STU20240396,08-09-2011,F,Malhotra Sr.,Mrs. Malhotra,9000000396,,Malhotra,01-04-2024,,,"196 Example Street, City",,9000001396,malhotra.sneha.father@example.com,malhotra.sneha.mother@example.com,,,,,,,,,,,Class 10,D,,,,
Tanvi,STU20240397,15-10-2011,M,Reddy Sr.,Mrs. Reddy,9000000397,,Reddy,01-04-2024,,,"197 Example Street, City",,9000001397,reddy.tanvi.father@example.com,reddy.tanvi.mother@example.com,,,,,,,,,,,Class 10,A,,,,
Vikram,STU20240398,21-11-2011,F,Kapoor Sr.,Mrs. Kapoor,9000000398,,Kapoor,01-04-2024,,,"198 Example Street, City",,9000001398,kapoor.vikram.father@example.com,kapoor.vikram.mother@example.com,,,,,,,,,,,Class 10,B,,,,
Meera,STU20240399,28-12-2011,M,Das Sr.,Mrs. Das,9000000399,,Das,01-04-2024,,,"199 Example Street, City",,9000001399,das.meera.father@example.com,das.meera.mother@example.com,,,,,,,,,,,Class 10,C,,,,
Sana,STU20240400,03-02-2012,F,Sen Sr.,Mrs. Sen,9000000400,,Sen,01-04-2024,,,"200 Example Street, City",,9000001400,sen.sana.father@example.com,sen.sana.mother@example.com,,,,,,,,,,,Class 10,D,,,,
Aarav,STU20240401,11-03-2012,M,Sharma Sr.,Mrs. Sharma,9000000401,,Sharma,01-04-2024,,,"1 Example Street, City",,9000001401,sharma.aarav.father@example.com,sharma.aarav.mother@example.com,,,,,,,,,,,Class 9,A,,,,
Arjun,STU20240402,17-04-2012,F,Verma Sr.,Mrs. Verma,9000000402,,Verma,01-04-2024,,,"2 Example Street, City",,9000001402,verma.arjun.father@example.com,verma.arjun.mother@example.com,,,,,,,,,,,Class 9,B,,,,
Advait,STU20240403,24-05-2012,M,Singh Sr.,Mrs. Singh,9000000403,,Singh,01-04-2024,,,"3 Example Street, City",,9000001403,singh.advait.father@example.com,singh.advait.mother@example.com,,,,,,,,,,,Class 9,C,,,,
Aisha,STU20240404,30-06-2012,F,Khan Sr.,Mrs. Khan,9000000404,,Khan,01-04-2024,,,"4 Example Street, City",,9000001404,khan.aisha.father@example.com,khan.aisha.mother@example.com,,,,,,,,,,,Class 9,D,,,,
Diya,STU20240405,06-08-2012,M,Gupta Sr.,Mrs. Gupta,9000000405,,Gupta,01-04-2024,,,"5 Example Street, City",,9000001405,gupta.diya.father@example.com,gupta.diya.mother@example.com,,,,,,,,,,,Class 9,A,,,,
Isha,STU20240406,12-09-2012,F,Patel Sr.,Mrs. Patel,9000000406,,Patel,01-04-2024,,,"6 Example Street, City",,9000001406,patel.isha.father@example.com,patel.isha.mother@example.com,,,,,,,,,,,Class 9,B,,,,
Kabir,STU20240407,19-10-2012,M,Rao Sr.,Mrs. Rao,9000000407,,Rao,01-04-2024,,,"7 Example Street, City",,9000001407,rao.kabir.father@example.com,rao.kabir.mother@example.com,,,,,,,,,,,Class 9,C,,,,
Riya,STU20240408,25-11-2012,F,Iyer Sr.,Mrs. Iyer,9000000408,,Iyer,01-04-2024,,,"8 Example Street, City",,9000001408,iyer.riya.father@example.com,iyer.riya.mother@example.com,,,,,,,,,,,Class 9,D,,,,
Vivaan,STU20240409,01-01-2013,M,Mehta Sr.,Mrs. Mehta,9000000409,,Mehta,01-04-2024,,,"9 Example Street, City",,9000001409,mehta.vivaan.father@example.com,mehta.vivaan.mother@example.com,,,,,,,,,,,Class 9,A,,,,
Karan,STU20240410,07-02-2013,F,Bose Sr.,Mrs. Bose,9000000410,,Bose,01-04-2024,,,"10 Example Street, City",,9000001410,bose.karan.father@example.com,bose.karan.mother@example.com,,,,,,,,,,,Class 9,B,,,,
Sahil,STU20240411,16-03-2013,M,Nair Sr.,Mrs. Nair,9000000411,,Nair,01-04-2024,,,"11 Example Street, City",,9000001411,nair.sahil.father@example.com,nair.sahil.mother@example.com,,,,,,,,,,,Class 9,C,,,,
Nisha,STU20240412,22-04-2013,F,Joshi Sr.,Mrs. Joshi,9000000412,,Joshi,01-04-2024,,,"12 Example Street, City",,9000001412,joshi.nisha.father@example.com,joshi.nisha.mother@example.com,,,,,,,,,,,Class 9,D,,,,
Ananya,STU20240413,29-05-2013,M,Desai Sr.,Mrs. Desai,9000000413,,Desai,01-04-2024,,,"13 Example Street, City",,9000001413,desai.ananya.father@example.com,desai.ananya.mother@example.com,,,,,,,,,,,Class 9,A,,,,
Rohit,STU20240414,05-07-2013,F,Kumar Sr.,Mrs. Kumar,9000000414,,Kumar,01-04-2024,,,"14 Example Street, City",,9000001414,kumar.rohit.father@example.com,kumar.rohit.mother@example.com,,,,,,,,,,,Class 9,B,,,,
Priya,STU20240415,11-08-2013,M,Chopra Sr.,Mrs. Chopra,9000000415,,Chopra,01-04-2024,,,"15 Example Street, City",,9000001415,chopra.priya.father@example.com,chopra.priya.mother@example.com,,,,,,,,,,,Class 9,C,,,,
Sneha,STU20240416,17-09-2013,F,Malhotra Sr.,Mrs. Malhotra,9000000416,,Malhotra,01-04-2024,,,"16 Example Street, City",,9000001416,malhotra.sneha.father@example.com,malhotra.sneha.mother@example.com,,,,,,,,,,,Class 9,D,,,,
Tanvi,STU20240417,24-10-2013,M,Reddy Sr.,Mrs. Reddy,9000000417,,Reddy,01-04-2024,,,"17 Example Street, City",,9000001417,reddy.tanvi.father@example.com,reddy.tanvi.mother@example.com,,,,,,,,,,,Class 9,A,,,,
Vikram,STU20240418,30-11-2013,F,Kapoor Sr.,Mrs. Kapoor,9000000418,,Kapoor,01-04-2024,,,"18 Example Street, City",,9000001418,kapoor.vikram.father@example.com,kapoor.vikram.mother@example.com,,,,,,,,,,,Class 9,B,,,,
Meera,STU20240419,06-01-2014,M,Das Sr.,Mrs. Das,9000000419,,Das,01-04-2024,,,"19 Example Street, City",,9000001419,das.meera.father@example.com,das.meera.mother@example.com,,,,,,,,,,,Class 9,C,,,,
Sana,STU20240420,12-02-2014,F,Sen Sr.,Mrs. Sen,9000000420,,Sen,01-04-2024,,,"20 Example Street, City",,9000001420,sen.sana.father@example.com,sen.sana.mother@example.com,,,,,,,,,,,Class 9,D,,,,
Aarav,STU20240421,21-03-2014,M,Sharma Sr.,Mrs. Sharma,9000000421,,Sharma,01-04-2024,,,"21 Example Street, City",,9000001421,sharma.aarav.father@example.com,sharma.aarav.mother@example.com,,,,,,,,,,,Class 9,A,,,,
Arjun,STU20240422,27-04-2014,F,Verma Sr.,Mrs. Verma,9000000422,,Verma,01-04-2024,,,"22 Example Street, City",,9000001422,verma.arjun.father@example.com,verma.arjun.mother@example.com,,,,,,,,,,,Class 9,B,,,,
Advait,STU20240423,03-06-2014,M,Singh Sr.,Mrs. Singh,9000000423,,Singh,01-04-2024,,,"23 Example Street, City",,9000001423,singh.advait.father@example.com,singh.advait.mother@example.com,,,,,,,,,,,Class 9,C,,,,
Aisha,STU20240424,10-07-2014,F,Khan Sr.,Mrs. Khan,9000000424,,Khan,01-04-2024,,,"24 Example Street, City",,9000001424,khan.aisha.father@example.com,khan.aisha.mother@example.com,,,,,,,,,,,Class 9,D,,,,
Diya,STU20240425,16-08-2014,M,Gupta Sr.,Mrs. Gupta,9000000425,,Gupta,01-04-2024,,,"25 Example Street, City",,9000001425,gupta.diya.father@example.com,gupta.diya.mother@example.com,,,,,,,,,,,Class 9,A,,,,
Isha,STU20240426,22-09-2014,F,Patel Sr.,Mrs. Patel,9000000426,,Patel,01-04-2024,,,"26 Example Street, City",,9000001426,patel.isha.father@example.com,patel.isha.mother@example.com,,,,,,,,,,,Class 9,B,,,,
Kabir,STU20240427,29-10-2014,M,Rao Sr.,Mrs. Rao,9000000427,,Rao,01-04-2024,,,"27 Example Street, City",,9000001427,rao.kabir.father@example.com,rao.kabir.mother@example.com,,,,,,,,,,,Class 9,C,,,,
Riya,STU20240428,05-12-2014,F,Iyer Sr.,Mrs. Iyer,9000000428,,Iyer,01-04-2024,,,"28 Example Street, City",,9000001428,iyer.riya.father@example.com,iyer.riya.mother@example.com,,,,,,,,,,,Class 9,D,,,,
Vivaan,STU20240429,11-01-2015,M,Mehta Sr.,Mrs. Mehta,9000000429,,Mehta,01-04-2024,,,"29 Example Street, City",,9000001429,mehta.vivaan.father@example.com,mehta.vivaan.mother@example.com,,,,,,,,,,,Class 9,A,,,,
Karan,STU20240430,17-02-2015,F,Bose Sr.,Mrs. Bose,9000000430,,Bose,01-04-2024,,,"30 Example Street, City",,9000001430,bose.karan.father@example.com,bose.karan.mother@example.com,,,,,,,,,,,Class 9,B,,,,
Sahil,STU20240431,26-03-2015,M,Nair Sr.,Mrs. Nair,9000000431,,Nair,01-04-2024,,,"31 Example Street, City",,9000001431,nair.sahil.father@example.com,nair.sahil.mother@example.com,,,,,,,,,,,Class 9,C,,,,
Nisha,STU20240432,02-05-2015,F,Joshi Sr.,Mrs. Joshi,9000000432,,Joshi,01-04-2024,,,"32 Example Street, City",,9000001432,joshi.nisha.father@example.com,joshi.nisha.mother@example.com,,,,,,,,,,,Class 9,D,,,,
Ananya,STU20240433,08-06-2015,M,Desai Sr.,Mrs. Desai,9000000433,,Desai,01-04-2024,,,"33 Example Street, City",,9000001433,desai.ananya.father@example.com,desai.ananya.mother@example.com,,,,,,,,,,,Class 9,A,,,,
Rohit,STU20240434,22-01-2010,F,Kumar Sr.,Mrs. Kumar,9000000434,,Kumar,01-04-2024,,,"34 Example Street, City",,9000001434,kumar.rohit.father@example.com,kumar.rohit.mother@example.com,,,,,,,,,,,Class 9,B,,,,
Priya,STU20240435,28-02-2010,M,Chopra Sr.,Mrs. Chopra,9000000435,,Chopra,01-04-2024,,,"35 Example Street, City",,9000001435,chopra.priya.father@example.com,chopra.priya.mother@example.com,,,,,,,,,,,Class 9,C,,,,
Sneha,STU20240436,06-04-2010,F,Malhotra Sr.,Mrs. Malhotra,9000000436,,Malhotra,01-04-2024,,,"36 Example Street, City",,9000001436,malhotra.sneha.father@example.com,malhotra.sneha.mother@example.com,,,,,,,,,,,Class 9,D,,,,
Tanvi,STU20240437,13-05-2010,M,Reddy Sr.,Mrs. Reddy,9000000437,,Reddy,01-04-2024,,,"37 Example Street, City",,9000001437,reddy.tanvi.father@example.com,reddy.tanvi.mother@example.com,,,,,,,,,,,Class 9,A,,,,
Vikram,STU20240438,19-06-2010,F,Kapoor Sr.,Mrs. Kapoor,9000000438,,Kapoor,01-04-2024,,,"38 Example Street, City",,9000001438,kapoor.vikram.father@example.com,kapoor.vikram.mother@example.com,,,,,,,,,,,Class 9,B,,,,
Meera,STU20240439,26-07-2010,M,Das Sr.,Mrs. Das,9000000439,,Das,01-04-2024,,,"39 Example Street, City",,9000001439,das.meera.father@example.com,das.meera.mother@example.com,,,,,,,,,,,Class 9,C,,,,
Sana,STU20240440,01-09-2010,F,Sen Sr.,Mrs. Sen,9000000440,,Sen,01-04-2024,,,"40 Example Street, City",,9000001440,sen.sana.father@example.com,sen.sana.mother@example.com,,,,,,,,,,,Class 9,D,,,,
Aarav,STU20240441,08-10-2010,M,Sharma Sr.,Mrs. Sharma,9000000441,,Sharma,01-04-2024,,,"41 Example Street, City",,9000001441,sharma.aarav.father@example.com,sharma.aarav.mother@example.com,,,,,,,,,,,Class 9,A,,,,
Arjun,STU20240442,14-11-2010,F,Verma Sr.,Mrs. Verma,9000000442,,Verma,01-04-2024,,,"42 Example Street, City",,9000001442,verma.arjun.father@example.com,verma.arjun.mother@example.com,,,,,,,,,,,Class 9,B,,,,
Advait,STU20240443,21-12-2010,M,Singh Sr.,Mrs. Singh,9000000443,,Singh,01-04-2024,,,"43 Example Street, City",,9000001443,singh.advait.father@example.com,singh.advait.mother@example.com,,,,,,,,,,,Class 9,C,,,,
Aisha,STU20240444,27-01-2011,F,Khan Sr.,Mrs. Khan,9000000444,,Khan,01-04-2024,,,"44 Example Street, City",,9000001444,khan.aisha.father@example.com,khan.aisha.mother@example.com,,,,,,,,,,,Class 9,D,,,,
Diya,STU20240445,05-03-2011,M,Gupta Sr.,Mrs. Gupta,9000000445,,Gupta,01-04-2024,,,"45 Example Street, City",,9000001445,gupta.diya.father@example.com,gupta.diya.mother@example.com,,,,,,,,,,,Class 9,A,,,,
Isha,STU20240446,11-04-2011,F,Patel Sr.,Mrs. Patel,9000000446,,Patel,01-04-2024,,,"46 Example Street, City",,9000001446,patel.isha.father@example.com,patel.isha.mother@example.com,,,,,,,,,,,Class 9,B,,,,
Kabir,STU20240447,18-05-2011,M,Rao Sr.,Mrs. Rao,9000000447,,Rao,01-04-2024,,,"47 Example Street, City",,9000001447,rao.kabir.father@example.com,rao.kabir.mother@example.com,,,,,,,,,,,Class 9,C,,,,
Riya,STU20240448,24-06-2011,F,Iyer Sr.,Mrs. Iyer,9000000448,,Iyer,01-04-2024,,,"48 Example Street, City",,9000001448,iyer.riya.father@example.com,iyer.riya.mother@example.com,,,,,,,,,,,Class 9,D,,,,
Vivaan,STU20240449,31-07-2011,M,Mehta Sr.,Mrs. Mehta,9000000449,,Mehta,01-04-2024,,,"49 Example Street, City",,9000001449,mehta.vivaan.father@example.com,mehta.vivaan.mother@example.com,,,,,,,,,,,Class 9,A,,,,
Karan,STU20240450,06-09-2011,F,Bose Sr.,Mrs. Bose,9000000450,,Bose,01-04-2024,,,"50 Example Street, City",,9000001450,bose.karan.father@example.com,bose.karan.mother@example.com,,,,,,,,,,,Class 9,B,,,,
Sahil,STU20240451,13-10-2011,M,Nair Sr.,Mrs. Nair,9000000451,,Nair,01-04-2024,,,"51 Example Street, City",,9000001451,nair.sahil.father@example.com,nair.sahil.mother@example.com,,,,,,,,,,,Class 9,C,,,,
Nisha,STU20240452,19-11-2011,F,Joshi Sr.,Mrs. Joshi,9000000452,,Joshi,01-04-2024,,,"52 Example Street, City",,9000001452,joshi.nisha.father@example.com,joshi.nisha.mother@example.com,,,,,,,,,,,Class 9,D,,,,
Ananya,STU20240453,26-12-2011,M,Desai Sr.,Mrs. Desai,9000000453,,Desai,01-04-2024,,,"53 Example Street, City",,9000001453,desai.ananya.father@example.com,desai.ananya.mother@example.com,,,,,,,,,,,Class 9,A,,,,
Rohit,STU20240454,01-02-2012,F,Kumar Sr.,Mrs. Kumar,9000000454,,Kumar,01-04-2024,,,"54 Example Street, City",,9000001454,kumar.rohit.father@example.com,kumar.rohit.mother@example.com,,,,,,,,,,,Class 9,B,,,,
Priya,STU20240455,09-03-2012,M,Chopra Sr.,Mrs. Chopra,9000000455,,Chopra,01-04-2024,,,"55 Example Street, City",,9000001455,chopra.priya.father@example.com,chopra.priya.mother@example.com,,,,,,,,,,,Class 9,C,,,,
Sneha,STU20240456,15-04-2012,F,Malhotra Sr.,Mrs. Malhotra,9000000456,,Malhotra,01-04-2024,,,"56 Example Street, City",,9000001456,malhotra.sneha.father@example.com,malhotra.sneha.mother@example.com,,,,,,,,,,,Class 9,D,,,,
Tanvi,STU20240457,22-05-2012,M,Reddy Sr.,Mrs. Reddy,9000000457,,Reddy,01-04-2024,,,"57 Example Street, City",,9000001457,reddy.tanvi.father@example.com,reddy.tanvi.mother@example.com,,,,,,,,,,,Class 9,A,,,,
Vikram,STU20240458,28-06-2012,F,Kapoor Sr.,Mrs. Kapoor,9000000458,,Kapoor,01-04-2024,,,"58 Example Street, City",,9000001458,kapoor.vikram.father@example.com,kapoor.vikram.mother@example.com,,,,,,,,,,,Class 9,B,,,,
Meera,STU20240459,04-08-2012,M,Das Sr.,Mrs. Das,9000000459,,Das,01-04-2024,,,"59 Example Street, City",,9000001459,das.meera.father@example.com,das.meera.mother@example.com,,,,,,,,,,,Class 9,C,,,,
Sana,STU20240460,10-09-2012,F,Sen Sr.,Mrs. Sen,9000000460,,Sen,01-04-2024,,,"60 Example Street, City",,9000001460,sen.sana.father@example.com,sen.sana.mother@example.com,,,,,,,,,,,Class 9,D,,,,
Aarav,STU20240461,17-10-2012,M,Sharma Sr.,Mrs. Sharma,9000000461,,Sharma,01-04-2024,,,"61 Example Street, City",,9000001461,sharma.aarav.father@example.com,sharma.aarav.mother@example.com,,,,,,,,,,,Class 9,A,,,,
Arjun,STU20240462,23-11-2012,F,Verma Sr.,Mrs. Verma,9000000462,,Verma,01-04-2024,,,"62 Example Street, City",,9000001462,verma.arjun.father@example.com,verma.arjun.mother@example.com,,,,,,,,,,,Class 9,B,,,,
Advait,STU20240463,30-12-2012,M,Singh Sr.,Mrs. Singh,9000000463,,Singh,01-04-2024,,,"63 Example Street, City",,9000001463,singh.advait.father@example.com,singh.advait.mother@example.com,,,,,,,,,,,Class 9,C,,,,
Aisha,STU20240464,05-02-2013,F,Khan Sr.,Mrs. Khan,9000000464,,Khan,01-04-2024,,,"64 Example Street, City",,9000001464,khan.aisha.father@example.com,khan.aisha.mother@example.com,,,,,,,,,,,Class 9,D,,,,
Diya,STU20240465,14-03-2013,M,Gupta Sr.,Mrs. Gupta,9000000465,,Gupta,01-04-2024,,,"65 Example Street, City",,9000001465,gupta.diya.father@example.com,gupta.diya.mother@example.com,,,,,,,,,,,Class 9,A,,,,
Isha,STU20240466,20-04-2013,F,Patel Sr.,Mrs. Patel,9000000466,,Patel,01-04-2024,,,"66 Example Street, City",,9000001466,patel.isha.father@example.com,patel.isha.mother@example.com,,,,,,,,,,,Class 9,B,,,,
Kabir,STU20240467,27-05-2013,M,Rao Sr.,Mrs. Rao,9000000467,,Rao,01-04-2024,,,"67 Example Street, City",,9000001467,rao.kabir.father@example.com,rao.kabir.mother@example.com,,,,,,,,,,,Class 9,C,,,,
Riya,STU20240468,03-07-2013,F,Iyer Sr.,Mrs. Iyer,9000000468,,Iyer,01-04-2024,,,"68 Example Street, City",,9000001468,iyer.riya.father@example.com,iyer.riya.mother@example.com,,,,,,,,,,,Class 9,D,,,,
Vivaan,STU20240469,09-08-2013,M,Mehta Sr.,Mrs. Mehta,9000000469,,Mehta,01-04-2024,,,"69 Example Street, City",,9000001469,mehta.vivaan.father@example.com,mehta.vivaan.mother@example.com,,,,,,,,,,,Class 9,A,,,,
Karan,STU20240470,15-09-2013,F,Bose Sr.,Mrs. Bose,9000000470,,Bose,01-04-2024,,,"70 Example Street, City",,9000001470,bose.karan.father@example.com,bose.karan.mother@example.com,,,,,,,,,,,Class 9,B,,,,
Sahil,STU20240471,22-10-2013,M,Nair Sr.,Mrs. Nair,9000000471,,Nair,01-04-2024,,,"71 Example Street, City",,9000001471,nair.sahil.father@example.com,nair.sahil.mother@example.com,,,,,,,,,,,Class 9,C,,,,
Nisha,STU20240472,28-11-2013,F,Joshi Sr.,Mrs. Joshi,9000000472,,Joshi,01-04-2024,,,"72 Example Street, City",,9000001472,joshi.nisha.father@example.com,joshi.nisha.mother@example.com,,,,,,,,,,,Class 9,D,,,,
Ananya,STU20240473,04-01-2014,M,Desai Sr.,Mrs. Desai,9000000473,,Desai,01-04-2024,,,"73 Example Street, City",,9000001473,desai.ananya.father@example.com,desai.ananya.mother@example.com,,,,,,,,,,,Class 9,A,,,,
Rohit,STU20240474,10-02-2014,F,Kumar Sr.,Mrs. Kumar,9000000474,,Kumar,01-04-2024,,,"74 Example Street, City",,9000001474,kumar.rohit.father@example.com,kumar.rohit.mother@example.com,,,,,,,,,,,Class 9,B,,,,
Priya,STU20240475,19-03-2014,M,Chopra Sr.,Mrs. Chopra,9000000475,,Chopra,01-04-2024,,,"75 Example Street, City",,9000001475,chopra.priya.father@example.com,chopra.priya.mother@example.com,,,,,,,,,,,Class 9,C,,,,
Sneha,STU20240476,25-04-2014,F,Malhotra Sr.,Mrs. Malhotra,9000000476,,Malhotra,01-04-2024,,,"76 Example Street, City",,9000001476,malhotra.sneha.father@example.com,malhotra.sneha.mother@example.com,,,,,,,,,,,Class 9,D,,,,
Tanvi,STU20240477,01-06-2014,M,Reddy Sr.,Mrs. Reddy,9000000477,,Reddy,01-04-2024,,,"77 Example Street, City",,9000001477,reddy.tanvi.father@example.com,reddy.tanvi.mother@example.com,,,,,,,,,,,Class 9,A,,,,
Vikram,STU20240478,08-07-2014,F,Kapoor Sr.,Mrs. Kapoor,9000000478,,Kapoor,01-04-2024,,,"78 Example Street, City",,9000001478,kapoor.vikram.father@example.com,kapoor.vikram.mother@example.com,,,,,,,,,,,Class 9,B,,,,
Meera,STU20240479,14-08-2014,M,Das Sr.,Mrs. Das,9000000479,,Das,01-04-2024,,,"79 Example Street, City",,9000001479,das.meera.father@example.com,das.meera.mother@example.com,,,,,,,,,,,Class 9,C,,,,
Sana,STU20240480,20-09-2014,F,Sen Sr.,Mrs. Sen,9000000480,,Sen,01-04-2024,,,"80 Example Street, City",,9000001480,sen.sana.father@example.com,sen.sana.mother@example.com,,,,,,,,,,,Class 9,D,,,,
Aarav,STU20240481,27-10-2014,M,Sharma Sr.,Mrs. Sharma,9000000481,,Sharma,01-04-2024,,,"81 Example Street, City",,9000001481,sharma.aarav.father@example.com,sharma.aarav.mother@example.com,,,,,,,,,,,Class 9,A,,,,
Arjun,STU20240482,03-12-2014,F,Verma Sr.,Mrs. Verma,9000000482,,Verma,01-04-2024,,,"82 Example Street, City",,9000001482,verma.arjun.father@example.com,verma.arjun.mother@example.com,,,,,,,,,,,Class 9,B,,,,
Advait,STU20240483,09-01-2015,M,Singh Sr.,Mrs. Singh,9000000483,,Singh,01-04-2024,,,"83 Example Street, City",,9000001483,singh.advait.father@example.com,singh.advait.mother@example.com,,,,,,,,,,,Class 9,C,,,,
Aisha,STU20240484,15-02-2015,F,Khan Sr.,Mrs. Khan,9000000484,,Khan,01-04-2024,,,"84 Example Street, City",,9000001484,khan.aisha.father@example.com,khan.aisha.mother@example.com,,,,,,,,,,,Class 9,D,,,,
Diya,STU20240485,24-03-2015,M,Gupta Sr.,Mrs. Gupta,9000000485,,Gupta,01-04-2024,,,"85 Example Street, City",,9000001485,gupta.diya.father@example.com,gupta.diya.mother@example.com,,,,,,,,,,,Class 9,A,,,,
Isha,STU20240486,30-04-2015,F,Patel Sr.,Mrs. Patel,9000000486,,Patel,01-04-2024,,,"86 Example Street, City",,9000001486,patel.isha.father@example.com,patel.isha.mother@example.com,,,,,,,,,,,Class 9,B,,,,
Kabir,STU20240487,06-06-2015,M,Rao Sr.,Mrs. Rao,9000000487,,Rao,01-04-2024,,,"87 Example Street, City",,9000001487,rao.kabir.father@example.com,rao.kabir.mother@example.com,,,,,,,,,,,Class 9,C,,,,
Riya,STU20240488,20-01-2010,F,Iyer Sr.,Mrs. Iyer,9000000488,,Iyer,01-04-2024,,,"88 Example Street, City",,9000001488,iyer.riya.father@example.com,iyer.riya.mother@example.com,,,,,,,,,,,Class 9,D,,,,
Vivaan,STU20240489,26-02-2010,M,Mehta Sr.,Mrs. Mehta,9000000489,,Mehta,01-04-2024,,,"89 Example Street, City",,9000001489,mehta.vivaan.father@example.com,mehta.vivaan.mother@example.com,,,,,,,,,,,Class 9,A,,,,
Karan,STU20240490,04-04-2010,F,Bose Sr.,Mrs. Bose,9000000490,,Bose,01-04-2024,,,"90 Example Street, City",,9000001490,bose.karan.father@example.com,bose.karan.mother@example.com,,,,,,,,,,,Class 9,B,,,,
Sahil,STU20240491,11-05-2010,M,Nair Sr.,Mrs. Nair,9000000491,,Nair,01-04-2024,,,"91 Example Street, City",,9000001491,nair.sahil.father@example.com,nair.sahil.mother@example.com,,,,,,,,,,,Class 9,C,,,,
Nisha,STU20240492,17-06-2010,F,Joshi Sr.,Mrs. Joshi,9000000492,,Joshi,01-04-2024,,,"92 Example Street, City",,9000001492,joshi.nisha.father@example.com,joshi.nisha.mother@example.com,,,,,,,,,,,Class 9,D,,,,
Ananya,STU20240493,24-07-2010,M,Desai Sr.,Mrs. Desai,9000000493,,Desai,01-04-2024,,,"93 Example Street, City",,9000001493,desai.ananya.father@example.com,desai.ananya.mother@example.com,,,,,,,,,,,Class 9,A,,,,
Rohit,STU20240494,30-08-2010,F,Kumar Sr.,Mrs. Kumar,9000000494,,Kumar,01-04-2024,,,"94 Example Street, City",,9000001494,kumar.rohit.father@example.com,kumar.rohit.mother@example.com,,,,,,,,,,,Class 9,B,,,,
Priya,STU20240495,06-10-2010,M,Chopra Sr.,Mrs. Chopra,9000000495,,Chopra,01-04-2024,,,"95 Example Street, City",,9000001495,chopra.priya.father@example.com,chopra.priya.mother@example.com,,,,,,,,,,,Class 9,C,,,,
Sneha,STU20240496,12-11-2010,F,Malhotra Sr.,Mrs. Malhotra,9000000496,,Malhotra,01-04-2024,,,"96 Example Street, City",,9000001496,malhotra.sneha.father@example.com,malhotra.sneha.mother@example.com,,,,,,,,,,,Class 9,D,,,,
Tanvi,STU20240497,19-12-2010,M,Reddy Sr.,Mrs. Reddy,9000000497,,Reddy,01-04-2024,,,"97 Example Street, City",,9000001497,reddy.tanvi.father@example.com,reddy.tanvi.mother@example.com,,,,,,,,,,,Class 9,A,,,,
Vikram,STU20240498,25-01-2011,F,Kapoor Sr.,Mrs. Kapoor,9000000498,,Kapoor,01-04-2024,,,"98 Example Street, City",,9000001498,kapoor.vikram.father@example.com,kapoor.vikram.mother@example.com,,,,,,,,,,,Class 9,B,,,,
Meera,STU20240499,03-03-2011,M,Das Sr.,Mrs. Das,9000000499,,Das,01-04-2024,,,"99 Example Street, City",,9000001499,das.meera.father@example.com,das.meera.mother@example.com,,,,,,,,,,,Class 9,C,,,,
Sana,STU20240500,09-04-2011,F,Sen Sr.,Mrs. Sen,9000000500,,Sen,01-04-2024,,,"100 Example Street, City",,9000001500,sen.sana.father@example.com,sen.sana.mother@example.com,,,,,,,,,,,Class 9,D,,,,
