invoice_number,admission_number,fee_type,amount,due_date,invoice_date,academic_year
INV/2025-26/000001,1,Tuition Fee,2000,10-07-2025,01-07-2025,2025-26
INV/2025-26/000002,1,Tuition Fee,2000,10-08-2025,01-08-2025,2025-26
INV/2025-26/000003,1,Tuition Fee,2000,10-09-2025,01-09-2025,2025-26
INV/2025-26/000004,1,Tuition Fee,2000,10-10-2025,01-10-2025,2025-26
INV/2025-26/000005,1,Tuition Fee,2000,10-11-2025,01-11-2025,2025-26
INV/2025-26/000006,1,Tuition Fee,2000,10-12-2025,01-12-2025,2025-26
INV/2025-26/000007,1,Tuition Fee,2000,10-01-2026,01-01-2026,2025-26
INV/2025-26/000008,1,Tuition Fee,2000,10-02-2026,01-02-2026,2025-26
INV/2025-26/000009,1,Tuition Fee,2000,10-03-2026,01-03-2026,2025-26
INV/2025-26/000010,1,Annual Fee,5000,22-07-2025,07-07-2025,2025-26
INV/2025-26/000011,1,Library Fee,500,22-07-2025,07-07-2025,2025-26
INV/2025-26/000012,1,Sports Fee,1000,22-07-2025,07-07-2025,2025-26
INV/2025-26/000013,1,Exam Fee,250,22-07-2025,07-07-2025,2025-26
INV/2025-26/000014,1,Exam Fee,250,16-01-2026,01-01-2026,2025-26
INV/2025-26/000015,2,Tuition Fee,2000,10-07-2025,01-07-2025,2025-26
INV/2025-26/000016,2,Tuition Fee,2000,10-08-2025,01-08-2025,2025-26
INV/2025-26/000017,2,Tuition Fee,2000,10-09-2025,01-09-2025,2025-26
INV/2025-26/000018,2,Tuition Fee,2000,10-10-2025,01-10-2025,2025-26
INV/2025-26/000019,2,Tuition Fee,2000,10-11-2025,01-11-2025,2025-26
INV/2025-26/000020,2,Tuition Fee,2000,10-12-2025,01-12-2025,2025-26
INV/2025-26/000021,2,Tuition Fee,2000,10-01-2026,01-01-2026,2025-26
INV/2025-26/000022,2,Tuition Fee,2000,10-02-2026,01-02-2026,2025-26
INV/2025-26/000023,2,Tuition Fee,2000,10-03-2026,01-03-2026,2025-26
INV/2025-26/000024,2,Annual Fee,5000,22-07-2025,07-07-2025,2025-26
INV/2025-26/000025,2,Library Fee,500,22-07-2025,07-07-2025,2025-26
INV/2025-26/000026,2,Sports Fee,1000,22-07-2025,07-07-2025,2025-26
INV/2025-26/000027,2,Exam Fee,250,22-07-2025,07-07-2025,2025-26
INV/2025-26/000028,2,Exam Fee,250,16-01-2026,01-01-2026,2025-26
INV/2025-26/000029,3,Tuition Fee,2000,10-07-2025,01-07-2025,2025-26
INV/2025-26/000030,3,Tuition Fee,2000,10-08-2025,01-08-2025,2025-26
INV/2025-26/000031,3,Tuition Fee,2000,10-09-2025,01-09-2025,2025-26
INV/2025-26/000032,3,Tuition Fee,2000,10-10-2025,01-10-2025,2025-26
INV/2025-26/000033,3,Tuition Fee,2000,10-11-2025,01-11-2025,2025-26
INV/2025-26/000034,3,Tuition Fee,2000,10-12-2025,01-12-2025,2025-26
INV/2025-26/000035,3,Tuition Fee,2000,10-01-2026,01-01-2026,2025-26
INV/2025-26/000036,3,Tuition Fee,2000,10-02-2026,01-02-2026,2025-26
INV/2025-26/000037,3,Tuition Fee,2000,10-03-2026,01-03-2026,2025-26
INV/2025-26/000038,3,Annual Fee,5000,22-07-2025,07-07-2025,2025-26
INV/2025-26/000039,3,Library Fee,500,22-07-2025,07-07-2025,2025-26
INV/2025-26/000040,3,Sports Fee,1000,22-07-2025,07-07-2025,2025-26
INV/2025-26/000041,3,Exam Fee,250,22-07-2025,07-07-2025,2025-26
INV/2025-26/000042,3,Exam Fee,250,16-01-2026,01-01-2026,2025-26
INV/2025-26/000043,4,Tuition Fee,2000,10-07-2025,01-07-2025,2025-26
INV/2025-26/000044,4,Tuition Fee,2000,10-08-2025,01-08-2025,2025-26
INV/2025-26/000045,4,Tuition Fee,2000,10-09-2025,01-09-2025,2025-26
INV/2025-26/000046,4,Tuition Fee,2000,10-10-2025,01-10-2025,2025-26
INV/2025-26/000047,4,Tuition Fee,2000,10-11-2025,01-11-2025,2025-26
INV/2025-26/000048,4,Tuition Fee,2000,10-12-2025,01-12-2025,2025-26
INV/2025-26/000049,4,Tuition Fee,2000,10-01-2026,01-01-2026,2025-26
INV/2025-26/000050,4,Tuition Fee,2000,10-02-2026,01-02-2026,2025-26
INV/2025-26/000051,4,Tuition Fee,2000,10-03-2026,01-03-2026,2025-26
INV/2025-26/000052,4,Annual Fee,5000,22-07-2025,07-07-2025,2025-26
INV/2025-26/000053,4,Library Fee,500,22-07-2025,07-07-2025,2025-26
INV/2025-26/000054,4,Sports Fee,1000,22-07-2025,07-07-2025,2025-26
INV/2025-26/000055,4,Exam Fee,250,22-07-2025,07-07-2025,2025-26
INV/2025-26/000056,4,Exam Fee,250,16-01-2026,01-01-2026,2025-26
INV/2025-26/000057,5,Tuition Fee,2000,10-07-2025,01-07-2025,2025-26
INV/2025-26/000058,5,Tuition Fee,2000,10-08-2025,01-08-2025,2025-26
INV/2025-26/000059,5,Tuition Fee,2000,10-09-2025,01-09-2025,2025-26
INV/2025-26/000060,5,Tuition Fee,2000,10-10-2025,01-10-2025,2025-26
INV/2025-26/000061,5,Tuition Fee,2000,10-11-2025,01-11-2025,2025-26
INV/2025-26/000062,5,Tuition Fee,2000,10-12-2025,01-12-2025,2025-26
INV/2025-26/000063,5,Tuition Fee,2000,10-01-2026,01-01-2026,2025-26
INV/2025-26/000064,5,Tuition Fee,2000,10-02-2026,01-02-2026,2025-26
INV/2025-26/000065,5,Tuition Fee,2000,10-03-2026,01-03-2026,2025-26
INV/2025-26/000066,5,Annual Fee,5000,22-07-2025,07-07-2025,2025-26
INV/2025-26/000067,5,Library Fee,500,22-07-2025,07-07-2025,2025-26
INV/2025-26/000068,5,Sports Fee,1000,22-07-2025,07-07-2025,2025-26
INV/2025-26/000069,5,Exam Fee,250,22-07-2025,07-07-2025,2025-26
INV/2025-26/000070,5,Exam Fee,250,16-01-2026,01-01-2026,2025-26
INV/2025-26/000071,6,Tuition Fee,2000,10-07-2025,01-07-2025,2025-26
INV/2025-26/000072,6,Tuition Fee,2000,10-08-2025,01-08-2025,2025-26
INV/2025-26/000073,6,Tuition Fee,2000,10-09-2025,01-09-2025,2025-26
INV/2025-26/000074,6,Tuition Fee,2000,10-10-2025,01-10-2025,2025-26
INV/2025-26/000075,6,Tuition Fee,2000,10-11-2025,01-11-2025,2025-26
INV/2025-26/000076,6,Tuition Fee,2000,10-12-2025,01-12-2025,2025-26
INV/2025-26/000077,6,Tuition Fee,2000,10-01-2026,01-01-2026,2025-26
INV/2025-26/000078,6,Tuition Fee,2000,10-02-2026,01-02-2026,2025-26
INV/2025-26/000079,6,Tuition Fee,2000,10-03-2026,01-03-2026,2025-26
INV/2025-26/000080,6,Annual Fee,5000,22-07-2025,07-07-2025,2025-26
INV/2025-26/000081,6,Library Fee,500,22-07-2025,07-07-2025,2025-26
INV/2025-26/000082,6,Sports Fee,1000,22-07-2025,07-07-2025,2025-26
INV/2025-26/000083,6,Exam Fee,250,22-07-2025,07-07-2025,2025-26
INV/2025-26/000084,6,Exam Fee,250,16-01-2026,01-01-2026,2025-26
INV/2025-26/000085,7,Tuition Fee,2000,10-07-2025,01-07-2025,2025-26
INV/2025-26/000086,7,Tuition Fee,2000,10-08-2025,01-08-2025,2025-26
INV/2025-26/000087,7,Tuition Fee,2000,10-09-2025,01-09-2025,2025-26
INV/2025-26/000088,7,Tuition Fee,2000,10-10-2025,01-10-2025,2025-26
INV/2025-26/000089,7,Tuition Fee,2000,10-11-2025,01-11-2025,2025-26
INV/2025-26/000090,7,Tuition Fee,2000,10-12-2025,01-12-2025,2025-26
INV/2025-26/000091,7,Tuition Fee,2000,10-01-2026,01-01-2026,2025-26
INV/2025-26/000092,7,Tuition Fee,2000,10-02-2026,01-02-2026,2025-26
INV/2025-26/000093,7,Tuition Fee,2000,10-03-2026,01-03-2026,2025-26
INV/2025-26/000094,7,Annual Fee,5000,22-07-2025,07-07-2025,2025-26
INV/2025-26/000095,7,Library Fee,500,22-07-2025,07-07-2025,2025-26
INV/2025-26/000096,7,Sports Fee,1000,22-07-2025,07-07-2025,2025-26
INV/2025-26/000097,7,Exam Fee,250,22-07-2025,07-07-2025,2025-26
INV/2025-26/000098,7,Exam Fee,250,16-01-2026,01-01-2026,2025-26
INV/2025-26/000099,8,Tuition Fee,2000,10-07-2025,01-07-2025,2025-26
INV/2025-26/000100,8,Tuition Fee,2000,10-08-2025,01-08-2025,2025-26
INV/2025-26/000101,8,Tuition Fee,2000,10-09-2025,01-09-2025,2025-26
INV/2025-26/000102,8,Tuition Fee,2000,10-10-2025,01-10-2025,2025-26
INV/2025-26/000103,8,Tuition Fee,2000,10-11-2025,01-11-2025,2025-26
INV/2025-26/000104,8,Tuition Fee,2000,10-12-2025,01-12-2025,2025-26
INV/2025-26/000105,8,Tuition Fee,2000,10-01-2026,01-01-2026,2025-26
INV/2025-26/000106,8,Tuition Fee,2000,10-02-2026,01-02-2026,2025-26
INV/2025-26/000107,8,Tuition Fee,2000,10-03-2026,01-03-2026,2025-26
INV/2025-26/000108,8,Annual Fee,5000,22-07-2025,07-07-2025,2025-26
INV/2025-26/000109,8,Library Fee,500,22-07-2025,07-07-2025,2025-26
INV/2025-26/000110,8,Sports Fee,1000,22-07-2025,07-07-2025,2025-26
INV/2025-26/000111,8,Exam Fee,250,22-07-2025,07-07-2025,2025-26
INV/2025-26/000112,8,Exam Fee,250,16-01-2026,01-01-2026,2025-26
INV/2025-26/000113,9,Tuition Fee,2000,10-07-2025,01-07-2025,2025-26
INV/2025-26/000114,9,Tuition Fee,2000,10-08-2025,01-08-2025,2025-26
INV/2025-26/000115,9,Tuition Fee,2000,10-09-2025,01-09-2025,2025-26
INV/2025-26/000116,9,Tuition Fee,2000,10-10-2025,01-10-2025,2025-26
INV/2025-26/000117,9,Tuition Fee,2000,10-11-2025,01-11-2025,2025-26
INV/2025-26/000118,9,Tuition Fee,2000,10-12-2025,01-12-2025,2025-26
INV/2025-26/000119,9,Tuition Fee,2000,10-01-2026,01-01-2026,2025-26
INV/2025-26/000120,9,Tuition Fee,2000,10-02-2026,01-02-2026,2025-26
INV/2025-26/000121,9,Tuition Fee,2000,10-03-2026,01-03-2026,2025-26
INV/2025-26/000122,9,Annual Fee,5000,22-07-2025,07-07-2025,2025-26
INV/2025-26/000123,9,Library Fee,500,22-07-2025,07-07-2025,2025-26
INV/2025-26/000124,9,Sports Fee,1000,22-07-2025,07-07-2025,2025-26
INV/2025-26/000125,9,Exam Fee,250,22-07-2025,07-07-2025,2025-26
INV/2025-26/000126,9,Exam Fee,250,16-01-2026,01-01-2026,2025-26
INV/2025-26/000127,10,Tuition Fee,2000,10-07-2025,01-07-2025,2025-26
INV/2025-26/000128,10,Tuition Fee,2000,10-08-2025,01-08-2025,2025-26
INV/2025-26/000129,10,Tuition Fee,2000,10-09-2025,01-09-2025,2025-26
INV/2025-26/000130,10,Tuition Fee,2000,10-10-2025,01-10-2025,2025-26
INV/2025-26/000131,10,Tuition Fee,2000,10-11-2025,01-11-2025,2025-26
INV/2025-26/000132,10,Tuition Fee,2000,10-12-2025,01-12-2025,2025-26
INV/2025-26/000133,10,Tuition Fee,2000,10-01-2026,01-01-2026,2025-26
INV/2025-26/000134,10,Tuition Fee,2000,10-02-2026,01-02-2026,2025-26
INV/2025-26/000135,10,Tuition Fee,2000,10-03-2026,01-03-2026,2025-26
INV/2025-26/000136,10,Annual Fee,5000,22-07-2025,07-07-2025,2025-26
INV/2025-26/000137,10,Library Fee,500,22-07-2025,07-07-2025,2025-26
INV/2025-26/000138,10,Sports Fee,1000,22-07-2025,07-07-2025,2025-26
INV/2025-26/000139,10,Exam Fee,250,22-07-2025,07-07-2025,2025-26
INV/2025-26/000140,10,Exam Fee,250,16-01-2026,01-01-2026,2025-26
INV/2025-26/000141,11,Tuition Fee,2000,10-07-2025,01-07-2025,2025-26
INV/2025-26/000142,11,Tuition Fee,2000,10-08-2025,01-08-2025,2025-26
INV/2025-26/000143,11,Tuition Fee,2000,10-09-2025,01-09-2025,2025-26
INV/2025-26/000144,11,Tuition Fee,2000,10-10-2025,01-10-2025,2025-26
INV/2025-26/000145,11,Tuition Fee,2000,10-11-2025,01-11-2025,2025-26
INV/2025-26/000146,11,Tuition Fee,2000,10-12-2025,01-12-2025,2025-26
INV/2025-26/000147,11,Tuition Fee,2000,10-01-2026,01-01-2026,2025-26
INV/2025-26/000148,11,Tuition Fee,2000,10-02-2026,01-02-2026,2025-26
INV/2025-26/000149,11,Tuition Fee,2000,10-03-2026,01-03-2026,2025-26
INV/2025-26/000150,11,Annual Fee,5000,22-07-2025,07-07-2025,2025-26
INV/2025-26/000151,11,Library Fee,500,22-07-2025,07-07-2025,2025-26
INV/2025-26/000152,11,Sports Fee,1000,22-07-2025,07-07-2025,2025-26
INV/2025-26/000153,11,Exam Fee,250,22-07-2025,07-07-2025,2025-26
INV/2025-26/000154,11,Exam Fee,250,16-01-2026,01-01-2026,2025-26
INV/2025-26/000155,12,Tuition Fee,2000,10-07-2025,01-07-2025,2025-26
INV/2025-26/000156,12,Tuition Fee,2000,10-08-2025,01-08-2025,2025-26
INV/2025-26/000157,12,Tuition Fee,2000,10-09-2025,01-09-2025,2025-26
INV/2025-26/000158,12,Tuition Fee,2000,10-10-2025,01-10-2025,2025-26
INV/2025-26/000159,12,Tuition Fee,2000,10-11-2025,01-11-2025,2025-26
INV/2025-26/000160,12,Tuition Fee,2000,10-12-2025,01-12-2025,2025-26
INV/2025-26/000161,12,Tuition Fee,2000,10-01-2026,01-01-2026,2025-26
INV/2025-26/000162,12,Tuition Fee,2000,10-02-2026,01-02-2026,2025-26
INV/2025-26/000163,12,Tuition Fee,2000,10-03-2026,01-03-2026,2025-26
INV/2025-26/000164,12,Annual Fee,5000,22-07-2025,07-07-2025,2025-26
INV/2025-26/000165,12,Library Fee,500,22-07-2025,07-07-2025,2025-26
INV/2025-26/000166,12,Sports Fee,1000,22-07-2025,07-07-2025,2025-26
INV/2025-26/000167,12,Exam Fee,250,22-07-2025,07-07-2025,2025-26
INV/2025-26/000168,12,Exam Fee,250,16-01-2026,01-01-2026,2025-26
INV/2025-26/000169,13,Tuition Fee,2000,10-07-2025,01-07-2025,2025-26
INV/2025-26/000170,13,Tuition Fee,2000,10-08-2025,01-08-2025,2025-26
INV/2025-26/000171,13,Tuition Fee,2000,10-09-2025,01-09-2025,2025-26
INV/2025-26/000172,13,Tuition Fee,2000,10-10-2025,01-10-2025,2025-26
INV/2025-26/000173,13,Tuition Fee,2000,10-11-2025,01-11-2025,2025-26
INV/2025-26/000174,13,Tuition Fee,2000,10-12-2025,01-12-2025,2025-26
INV/2025-26/000175,13,Tuition Fee,2000,10-01-2026,01-01-2026,2025-26
INV/2025-26/000176,13,Tuition Fee,2000,10-02-2026,01-02-2026,2025-26
INV/2025-26/000177,13,Tuition Fee,2000,10-03-2026,01-03-2026,2025-26
INV/2025-26/000178,13,Annual Fee,5000,22-07-2025,07-07-2025,2025-26
INV/2025-26/000179,13,Library Fee,500,22-07-2025,07-07-2025,2025-26
INV/2025-26/000180,13,Sports Fee,1000,22-07-2025,07-07-2025,2025-26
INV/2025-26/000181,13,Exam Fee,250,22-07-2025,07-07-2025,2025-26
INV/2025-26/000182,13,Exam Fee,250,16-01-2026,01-01-2026,2025-26
INV/2025-26/000183,14,Tuition Fee,2000,10-07-2025,01-07-2025,2025-26
INV/2025-26/000184,14,Tuition Fee,2000,10-08-2025,01-08-2025,2025-26
INV/2025-26/000185,14,Tuition Fee,2000,10-09-2025,01-09-2025,2025-26
INV/2025-26/000186,14,Tuition Fee,2000,10-10-2025,01-10-2025,2025-26
INV/2025-26/000187,14,Tuition Fee,2000,10-11-2025,01-11-2025,2025-26
INV/2025-26/000188,14,Tuition Fee,2000,10-12-2025,01-12-2025,2025-26
INV/2025-26/000189,14,Tuition Fee,2000,10-01-2026,01-01-2026,2025-26
INV/2025-26/000190,14,Tuition Fee,2000,10-02-2026,01-02-2026,2025-26
INV/2025-26/000191,14,Tuition Fee,2000,10-03-2026,01-03-2026,2025-26
INV/2025-26/000192,14,Annual Fee,5000,22-07-2025,07-07-2025,2025-26
INV/2025-26/000193,14,Library Fee,500,22-07-2025,07-07-2025,2025-26
INV/2025-26/000194,14,Sports Fee,1000,22-07-2025,07-07-2025,2025-26
INV/2025-26/000195,14,Exam Fee,250,22-07-2025,07-07-2025,2025-26
INV/2025-26/000196,14,Exam Fee,250,16-01-2026,01-01-2026,2025-26
INV/2025-26/000197,15,Tuition Fee,2000,10-07-2025,01-07-2025,2025-26
INV/2025-26/000198,15,Tuition Fee,2000,10-08-2025,01-08-2025,2025-26
INV/2025-26/000199,15,Tuition Fee,2000,10-09-2025,01-09-2025,2025-26
INV/2025-26/000200,15,Tuition Fee,2000,10-10-2025,01-10-2025,2025-26
INV/2025-26/000201,15,Tuition Fee,2000,10-11-2025,01-11-2025,2025-26
INV/2025-26/000202,15,Tuition Fee,2000,10-12-2025,01-12-2025,2025-26
INV/2025-26/000203,15,Tuition Fee,2000,10-01-2026,01-01-2026,2025-26
INV/2025-26/000204,15,Tuition Fee,2000,10-02-2026,01-02-2026,2025-26
INV/2025-26/000205,15,Tuition Fee,2000,10-03-2026,01-03-2026,2025-26
INV/2025-26/000206,15,Annual Fee,5000,22-07-2025,07-07-2025,2025-26
INV/2025-26/000207,15,Library Fee,500,22-07-2025,07-07-2025,2025-26
INV/2025-26/000208,15,Sports Fee,1000,22-07-2025,07-07-2025,2025-26
INV/2025-26/000209,15,Exam Fee,250,22-07-2025,07-07-2025,2025-26
INV/2025-26/000210,15,Exam Fee,250,16-01-2026,01-01-2026,2025-26
INV/2025-26/000211,16,Tuition Fee,2000,10-07-2025,01-07-2025,2025-26
INV/2025-26/000212,16,Tuition Fee,2000,10-08-2025,01-08-2025,2025-26
INV/2025-26/000213,16,Tuition Fee,2000,10-09-2025,01-09-2025,2025-26
INV/2025-26/000214,16,Tuition Fee,2000,10-10-2025,01-10-2025,2025-26
INV/2025-26/000215,16,Tuition Fee,2000,10-11-2025,01-11-2025,2025-26
INV/2025-26/000216,16,Tuition Fee,2000,10-12-2025,01-12-2025,2025-26
INV/2025-26/000217,16,Tuition Fee,2000,10-01-2026,01-01-2026,2025-26
INV/2025-26/000218,16,Tuition Fee,2000,10-02-2026,01-02-2026,2025-26
INV/2025-26/000219,16,Tuition Fee,2000,10-03-2026,01-03-2026,2025-26
INV/2025-26/000220,16,Annual Fee,5000,22-07-2025,07-07-2025,2025-26
INV/2025-26/000221,16,Library Fee,500,22-07-2025,07-07-2025,2025-26
INV/2025-26/000222,16,Sports Fee,1000,22-07-2025,07-07-2025,2025-26
INV/2025-26/000223,16,Exam Fee,250,22-07-2025,07-07-2025,2025-26
INV/2025-26/000224,16,Exam Fee,250,16-01-2026,01-01-2026,2025-26
INV/2025-26/000225,17,Tuition Fee,2000,10-07-2025,01-07-2025,2025-26
INV/2025-26/000226,17,Tuition Fee,2000,10-08-2025,01-08-2025,2025-26
INV/2025-26/000227,17,Tuition Fee,2000,10-09-2025,01-09-2025,2025-26
INV/2025-26/000228,17,Tuition Fee,2000,10-10-2025,01-10-2025,2025-26
INV/2025-26/000229,17,Tuition Fee,2000,10-11-2025,01-11-2025,2025-26
INV/2025-26/000230,17,Tuition Fee,2000,10-12-2025,01-12-2025,2025-26
INV/2025-26/000231,17,Tuition Fee,2000,10-01-2026,01-01-2026,2025-26
INV/2025-26/000232,17,Tuition Fee,2000,10-02-2026,01-02-2026,2025-26
INV/2025-26/000233,17,Tuition Fee,2000,10-03-2026,01-03-2026,2025-26
INV/2025-26/000234,17,Annual Fee,5000,22-07-2025,07-07-2025,2025-26
INV/2025-26/000235,17,Library Fee,500,22-07-2025,07-07-2025,2025-26
INV/2025-26/000236,17,Sports Fee,1000,22-07-2025,07-07-2025,2025-26
INV/2025-26/000237,17,Exam Fee,250,22-07-2025,07-07-2025,2025-26
INV/2025-26/000238,17,Exam Fee,250,16-01-2026,01-01-2026,2025-26
INV/2025-26/000239,18,Tuition Fee,2000,10-07-2025,01-07-2025,2025-26
INV/2025-26/000240,18,Tuition Fee,2000,10-08-2025,01-08-2025,2025-26
INV/2025-26/000241,18,Tuition Fee,2000,10-09-2025,01-09-2025,2025-26
INV/2025-26/000242,18,Tuition Fee,2000,10-10-2025,01-10-2025,2025-26
INV/2025-26/000243,18,Tuition Fee,2000,10-11-2025,01-11-2025,2025-26
INV/2025-26/000244,18,Tuition Fee,2000,10-12-2025,01-12-2025,2025-26
INV/2025-26/000245,18,Tuition Fee,2000,10-01-2026,01-01-2026,2025-26
INV/2025-26/000246,18,Tuition Fee,2000,10-02-2026,01-02-2026,2025-26
INV/2025-26/000247,18,Tuition Fee,2000,10-03-2026,01-03-2026,2025-26
INV/2025-26/000248,18,Annual Fee,5000,22-07-2025,07-07-2025,2025-26
INV/2025-26/000249,18,Library Fee,500,22-07-2025,07-07-2025,2025-26
INV/2025-26/000250,18,Sports Fee,1000,22-07-2025,07-07-2025,2025-26
INV/2025-26/000251,18,Exam Fee,250,22-07-2025,07-07-2025,2025-26
INV/2025-26/000252,18,Exam Fee,250,16-01-2026,01-01-2026,2025-26
INV/2025-26/000253,19,Tuition Fee,2000,10-07-2025,01-07-2025,2025-26
INV/2025-26/000254,19,Tuition Fee,2000,10-08-2025,01-08-2025,2025-26
INV/2025-26/000255,19,Tuition Fee,2000,10-09-2025,01-09-2025,2025-26
INV/2025-26/000256,19,Tuition Fee,2000,10-10-2025,01-10-2025,2025-26
INV/2025-26/000257,19,Tuition Fee,2000,10-11-2025,01-11-2025,2025-26
INV/2025-26/000258,19,Tuition Fee,2000,10-12-2025,01-12-2025,2025-26
INV/2025-26/000259,19,Tuition Fee,2000,10-01-2026,01-01-2026,2025-26
INV/2025-26/000260,19,Tuition Fee,2000,10-02-2026,01-02-2026,2025-26
INV/2025-26/000261,19,Tuition Fee,2000,10-03-2026,01-03-2026,2025-26
INV/2025-26/000262,19,Annual Fee,5000,22-07-2025,07-07-2025,2025-26
INV/2025-26/000263,19,Library Fee,500,22-07-2025,07-07-2025,2025-26
INV/2025-26/000264,19,Sports Fee,1000,22-07-2025,07-07-2025,2025-26
INV/2025-26/000265,19,Exam Fee,250,22-07-2025,07-07-2025,2025-26
INV/2025-26/000266,19,Exam Fee,250,16-01-2026,01-01-2026,2025-26
INV/2025-26/000267,20,Tuition Fee,2000,10-07-2025,01-07-2025,2025-26
INV/2025-26/000268,20,Tuition Fee,2000,10-08-2025,01-08-2025,2025-26
INV/2025-26/000269,20,Tuition Fee,2000,10-09-2025,01-09-2025,2025-26
INV/2025-26/000270,20,Tuition Fee,2000,10-10-2025,01-10-2025,2025-26
INV/2025-26/000271,20,Tuition Fee,2000,10-11-2025,01-11-2025,2025-26
INV/2025-26/000272,20,Tuition Fee,2000,10-12-2025,01-12-2025,2025-26
INV/2025-26/000273,20,Tuition Fee,2000,10-01-2026,01-01-2026,2025-26
INV/2025-26/000274,20,Tuition Fee,2000,10-02-2026,01-02-2026,2025-26
INV/2025-26/000275,20,Tuition Fee,2000,10-03-2026,01-03-2026,2025-26
INV/2025-26/000276,20,Annual Fee,5000,22-07-2025,07-07-2025,2025-26
INV/2025-26/000277,20,Library Fee,500,22-07-2025,07-07-2025,2025-26
INV/2025-26/000278,20,Sports Fee,1000,22-07-2025,07-07-2025,2025-26
INV/2025-26/000279,20,Exam Fee,250,22-07-2025,07-07-2025,2025-26
INV/2025-26/000280,20,Exam Fee,250,16-01-2026,01-01-2026,2025-26
INV/2025-26/000281,21,Tuition Fee,2000,10-07-2025,01-07-2025,2025-26
INV/2025-26/000282,21,Tuition Fee,2000,10-08-2025,01-08-2025,2025-26
INV/2025-26/000283,21,Tuition Fee,2000,10-09-2025,01-09-2025,2025-26
INV/2025-26/000284,21,Tuition Fee,2000,10-10-2025,01-10-2025,2025-26
INV/2025-26/000285,21,Tuition Fee,2000,10-11-2025,01-11-2025,2025-26
INV/2025-26/000286,21,Tuition Fee,2000,10-12-2025,01-12-2025,2025-26
INV/2025-26/000287,21,Tuition Fee,2000,10-01-2026,01-01-2026,2025-26
INV/2025-26/000288,21,Tuition Fee,2000,10-02-2026,01-02-2026,2025-26
INV/2025-26/000289,21,Tuition Fee,2000,10-03-2026,01-03-2026,2025-26
INV/2025-26/000290,21,Annual Fee,5000,22-07-2025,07-07-2025,2025-26
INV/2025-26/000291,21,Library Fee,500,22-07-2025,07-07-2025,2025-26
INV/2025-26/000292,21,Sports Fee,1000,22-07-2025,07-07-2025,2025-26
INV/2025-26/000293,21,Exam Fee,250,22-07-2025,07-07-2025,2025-26
INV/2025-26/000294,21,Exam Fee,250,16-01-2026,01-01-2026,2025-26
INV/2025-26/000295,22,Tuition Fee,2000,10-07-2025,01-07-2025,2025-26
INV/2025-26/000296,22,Tuition Fee,2000,10-08-2025,01-08-2025,2025-26
INV/2025-26/000297,22,Tuition Fee,2000,10-09-2025,01-09-2025,2025-26
INV/2025-26/000298,22,Tuition Fee,2000,10-10-2025,01-10-2025,2025-26
INV/2025-26/000299,22,Tuition Fee,2000,10-11-2025,01-11-2025,2025-26
INV/2025-26/000300,22,Tuition Fee,2000,10-12-2025,01-12-2025,2025-26
INV/2025-26/000301,22,Tuition Fee,2000,10-01-2026,01-01-2026,2025-26
INV/2025-26/000302,22,Tuition Fee,2000,10-02-2026,01-02-2026,2025-26
INV/2025-26/000303,22,Tuition Fee,2000,10-03-2026,01-03-2026,2025-26
INV/2025-26/000304,22,Annual Fee,5000,22-07-2025,07-07-2025,2025-26
INV/2025-26/000305,22,Library Fee,500,22-07-2025,07-07-2025,2025-26
INV/2025-26/000306,22,Sports Fee,1000,22-07-2025,07-07-2025,2025-26
INV/2025-26/000307,22,Exam Fee,250,22-07-2025,07-07-2025,2025-26
INV/2025-26/000308,22,Exam Fee,250,16-01-2026,01-01-2026,2025-26
INV/2025-26/000309,23,Tuition Fee,2000,10-07-2025,01-07-2025,2025-26
INV/2025-26/000310,23,Tuition Fee,2000,10-08-2025,01-08-2025,2025-26
INV/2025-26/000311,23,Tuition Fee,2000,10-09-2025,01-09-2025,2025-26
INV/2025-26/000312,23,Tuition Fee,2000,10-10-2025,01-10-2025,2025-26
INV/2025-26/000313,23,Tuition Fee,2000,10-11-2025,01-11-2025,2025-26
INV/2025-26/000314,23,Tuition Fee,2000,10-12-2025,01-12-2025,2025-26
INV/2025-26/000315,23,Tuition Fee,2000,10-01-2026,01-01-2026,2025-26
INV/2025-26/000316,23,Tuition Fee,2000,10-02-2026,01-02-2026,2025-26
INV/2025-26/000317,23,Tuition Fee,2000,10-03-2026,01-03-2026,2025-26
INV/2025-26/000318,23,Annual Fee,5000,22-07-2025,07-07-2025,2025-26
INV/2025-26/000319,23,Library Fee,500,22-07-2025,07-07-2025,2025-26
INV/2025-26/000320,23,Sports Fee,1000,22-07-2025,07-07-2025,2025-26
INV/2025-26/000321,23,Exam Fee,250,22-07-2025,07-07-2025,2025-26
INV/2025-26/000322,23,Exam Fee,250,16-01-2026,01-01-2026,2025-26
INV/2025-26/000323,24,Tuition Fee,2000,10-07-2025,01-07-2025,2025-26
INV/2025-26/000324,24,Tuition Fee,2000,10-08-2025,01-08-2025,2025-26
INV/2025-26/000325,24,Tuition Fee,2000,10-09-2025,01-09-2025,2025-26
INV/2025-26/000326,24,Tuition Fee,2000,10-10-2025,01-10-2025,2025-26
INV/2025-26/000327,24,Tuition Fee,2000,10-11-2025,01-11-2025,2025-26
INV/2025-26/000328,24,Tuition Fee,2000,10-12-2025,01-12-2025,2025-26
INV/2025-26/000329,24,Tuition Fee,2000,10-01-2026,01-01-2026,2025-26
INV/2025-26/000330,24,Tuition Fee,2000,10-02-2026,01-02-2026,2025-26
INV/2025-26/000331,24,Tuition Fee,2000,10-03-2026,01-03-2026,2025-26
INV/2025-26/000332,24,Annual Fee,5000,22-07-2025,07-07-2025,2025-26
INV/2025-26/000333,24,Library Fee,500,22-07-2025,07-07-2025,2025-26
INV/2025-26/000334,24,Sports Fee,1000,22-07-2025,07-07-2025,2025-26
INV/2025-26/000335,24,Exam Fee,250,22-07-2025,07-07-2025,2025-26
INV/2025-26/000336,24,Exam Fee,250,16-01-2026,01-01-2026,2025-26
INV/2025-26/000337,25,Tuition Fee,2000,10-07-2025,01-07-2025,2025-26
INV/2025-26/000338,25,Tuition Fee,2000,10-08-2025,01-08-2025,2025-26
INV/2025-26/000339,25,Tuition Fee,2000,10-09-2025,01-09-2025,2025-26
INV/2025-26/000340,25,Tuition Fee,2000,10-10-2025,01-10-2025,2025-26
INV/2025-26/000341,25,Tuition Fee,2000,10-11-2025,01-11-2025,2025-26
INV/2025-26/000342,25,Tuition Fee,2000,10-12-2025,01-12-2025,2025-26
INV/2025-26/000343,25,Tuition Fee,2000,10-01-2026,01-01-2026,2025-26
INV/2025-26/000344,25,Tuition Fee,2000,10-02-2026,01-02-2026,2025-26
INV/2025-26/000345,25,Tuition Fee,2000,10-03-2026,01-03-2026,2025-26
INV/2025-26/000346,25,Annual Fee,5000,22-07-2025,07-07-2025,2025-26
INV/2025-26/000347,25,Library Fee,500,22-07-2025,07-07-2025,2025-26
INV/2025-26/000348,25,Sports Fee,1000,22-07-2025,07-07-2025,2025-26
INV/2025-26/000349,25,Exam Fee,250,22-07-2025,07-07-2025,2025-26
INV/2025-26/000350,25,Exam Fee,250,16-01-2026,01-01-2026,2025-26
INV/2025-26/000351,26,Tuition Fee,2000,10-07-2025,01-07-2025,2025-26
INV/2025-26/000352,26,Tuition Fee,2000,10-08-2025,01-08-2025,2025-26
INV/2025-26/000353,26,Tuition Fee,2000,10-09-2025,01-09-2025,2025-26
INV/2025-26/000354,26,Tuition Fee,2000,10-10-2025,01-10-2025,2025-26
INV/2025-26/000355,26,Tuition Fee,2000,10-11-2025,01-11-2025,2025-26
INV/2025-26/000356,26,Tuition Fee,2000,10-12-2025,01-12-2025,2025-26
INV/2025-26/000357,26,Tuition Fee,2000,10-01-2026,01-01-2026,2025-26
INV/2025-26/000358,26,Tuition Fee,2000,10-02-2026,01-02-2026,2025-26
INV/2025-26/000359,26,Tuition Fee,2000,10-03-2026,01-03-2026,2025-26
INV/2025-26/000360,26,Annual Fee,5000,22-07-2025,07-07-2025,2025-26
INV/2025-26/000361,26,Library Fee,500,22-07-2025,07-07-2025,2025-26
INV/2025-26/000362,26,Sports Fee,1000,22-07-2025,07-07-2025,2025-26
INV/2025-26/000363,26,Exam Fee,250,22-07-2025,07-07-2025,2025-26
INV/2025-26/000364,26,Exam Fee,250,16-01-2026,01-01-2026,2025-26
INV/2025-26/000365,27,Tuition Fee,2000,10-07-2025,01-07-2025,2025-26
INV/2025-26/000366,27,Tuition Fee,2000,10-08-2025,01-08-2025,2025-26
INV/2025-26/000367,27,Tuition Fee,2000,10-09-2025,01-09-2025,2025-26
INV/2025-26/000368,27,Tuition Fee,2000,10-10-2025,01-10-2025,2025-26
INV/2025-26/000369,27,Tuition Fee,2000,10-11-2025,01-11-2025,2025-26
INV/2025-26/000370,27,Tuition Fee,2000,10-12-2025,01-12-2025,2025-26
INV/2025-26/000371,27,Tuition Fee,2000,10-01-2026,01-01-2026,2025-26
INV/2025-26/000372,27,Tuition Fee,2000,10-02-2026,01-02-2026,2025-26
INV/2025-26/000373,27,Tuition Fee,2000,10-03-2026,01-03-2026,2025-26
INV/2025-26/000374,27,Annual Fee,5000,22-07-2025,07-07-2025,2025-26
INV/2025-26/000375,27,Library Fee,500,22-07-2025,07-07-2025,2025-26
INV/2025-26/000376,27,Sports Fee,1000,22-07-2025,07-07-2025,2025-26
INV/2025-26/000377,27,Exam Fee,250,22-07-2025,07-07-2025,2025-26
INV/2025-26/000378,27,Exam Fee,250,16-01-2026,01-01-2026,2025-26
INV/2025-26/000379,28,Tuition Fee,2000,10-07-2025,01-07-2025,2025-26
INV/2025-26/000380,28,Tuition Fee,2000,10-08-2025,01-08-2025,2025-26
INV/2025-26/000381,28,Tuition Fee,2000,10-09-2025,01-09-2025,2025-26
INV/2025-26/000382,28,Tuition Fee,2000,10-10-2025,01-10-2025,2025-26
INV/2025-26/000383,28,Tuition Fee,2000,10-11-2025,01-11-2025,2025-26
INV/2025-26/000384,28,Tuition Fee,2000,10-12-2025,01-12-2025,2025-26
INV/2025-26/000385,28,Tuition Fee,2000,10-01-2026,01-01-2026,2025-26
INV/2025-26/000386,28,Tuition Fee,2000,10-02-2026,01-02-2026,2025-26
INV/2025-26/000387,28,Tuition Fee,2000,10-03-2026,01-03-2026,2025-26
INV/2025-26/000388,28,Annual Fee,5000,22-07-2025,07-07-2025,2025-26
INV/2025-26/000389,28,Library Fee,500,22-07-2025,07-07-2025,2025-26
INV/2025-26/000390,28,Sports Fee,1000,22-07-2025,07-07-2025,2025-26
INV/2025-26/000391,28,Exam Fee,250,22-07-2025,07-07-2025,2025-26
INV/2025-26/000392,28,Exam Fee,250,16-01-2026,01-01-2026,2025-26
INV/2025-26/000393,29,Tuition Fee,2000,10-07-2025,01-07-2025,2025-26
INV/2025-26/000394,29,Tuition Fee,2000,10-08-2025,01-08-2025,2025-26
INV/2025-26/000395,29,Tuition Fee,2000,10-09-2025,01-09-2025,2025-26
INV/2025-26/000396,29,Tuition Fee,2000,10-10-2025,01-10-2025,2025-26
INV/2025-26/000397,29,Tuition Fee,2000,10-11-2025,01-11-2025,2025-26
INV/2025-26/000398,29,Tuition Fee,2000,10-12-2025,01-12-2025,2025-26
INV/2025-26/000399,29,Tuition Fee,2000,10-01-2026,01-01-2026,2025-26
INV/2025-26/000400,29,Tuition Fee,2000,10-02-2026,01-02-2026,2025-26
INV/2025-26/000401,29,Tuition Fee,2000,10-03-2026,01-03-2026,2025-26
INV/2025-26/000402,29,Annual Fee,5000,22-07-2025,07-07-2025,2025-26
INV/2025-26/000403,29,Library Fee,500,22-07-2025,07-07-2025,2025-26
INV/2025-26/000404,29,Sports Fee,1000,22-07-2025,07-07-2025,2025-26
INV/2025-26/000405,29,Exam Fee,250,22-07-2025,07-07-2025,2025-26
INV/2025-26/000406,29,Exam Fee,250,16-01-2026,01-01-2026,2025-26
INV/2025-26/000407,30,Tuition Fee,2000,10-07-2025,01-07-2025,2025-26
INV/2025-26/000408,30,Tuition Fee,2000,10-08-2025,01-08-2025,2025-26
INV/2025-26/000409,30,Tuition Fee,2000,10-09-2025,01-09-2025,2025-26
INV/2025-26/000410,30,Tuition Fee,2000,10-10-2025,01-10-2025,2025-26
INV/2025-26/000411,30,Tuition Fee,2000,10-11-2025,01-11-2025,2025-26
INV/2025-26/000412,30,Tuition Fee,2000,10-12-2025,01-12-2025,2025-26
INV/2025-26/000413,30,Tuition Fee,2000,10-01-2026,01-01-2026,2025-26
INV/2025-26/000414,30,Tuition Fee,2000,10-02-2026,01-02-2026,2025-26
INV/2025-26/000415,30,Tuition Fee,2000,10-03-2026,01-03-2026,2025-26
INV/2025-26/000416,30,Annual Fee,5000,22-07-2025,07-07-2025,2025-26
INV/2025-26/000417,30,Library Fee,500,22-07-2025,07-07-2025,2025-26
INV/2025-26/000418,30,Sports Fee,1000,22-07-2025,07-07-2025,2025-26
INV/2025-26/000419,30,Exam Fee,250,22-07-2025,07-07-2025,2025-26
INV/2025-26/000420,30,Exam Fee,250,16-01-2026,01-01-2026,2025-26
INV/2025-26/000421,31,Tuition Fee,2000,10-07-2025,01-07-2025,2025-26
INV/2025-26/000422,31,Tuition Fee,2000,10-08-2025,01-08-2025,2025-26
INV/2025-26/000423,31,Tuition Fee,2000,10-09-2025,01-09-2025,2025-26
INV/2025-26/000424,31,Tuition Fee,2000,10-10-2025,01-10-2025,2025-26
INV/2025-26/000425,31,Tuition Fee,2000,10-11-2025,01-11-2025,2025-26
INV/2025-26/000426,31,Tuition Fee,2000,10-12-2025,01-12-2025,2025-26
INV/2025-26/000427,31,Tuition Fee,2000,10-01-2026,01-01-2026,2025-26
INV/2025-26/000428,31,Tuition Fee,2000,10-02-2026,01-02-2026,2025-26
INV/2025-26/000429,31,Tuition Fee,2000,10-03-2026,01-03-2026,2025-26
INV/2025-26/000430,31,Annual Fee,5000,22-07-2025,07-07-2025,2025-26
INV/2025-26/000431,31,Library Fee,500,22-07-2025,07-07-2025,2025-26
INV/2025-26/000432,31,Sports Fee,1000,22-07-2025,07-07-2025,2025-26
INV/2025-26/000433,31,Exam Fee,250,22-07-2025,07-07-2025,2025-26
INV/2025-26/000434,31,Exam Fee,250,16-01-2026,01-01-2026,2025-26
INV/2025-26/000435,32,Tuition Fee,2000,10-07-2025,01-07-2025,2025-26
INV/2025-26/000436,32,Tuition Fee,2000,10-08-2025,01-08-2025,2025-26
INV/2025-26/000437,32,Tuition Fee,2000,10-09-2025,01-09-2025,2025-26
INV/2025-26/000438,32,Tuition Fee,2000,10-10-2025,01-10-2025,2025-26
INV/2025-26/000439,32,Tuition Fee,2000,10-11-2025,01-11-2025,2025-26
INV/2025-26/000440,32,Tuition Fee,2000,10-12-2025,01-12-2025,2025-26
INV/2025-26/000441,32,Tuition Fee,2000,10-01-2026,01-01-2026,2025-26
INV/2025-26/000442,32,Tuition Fee,2000,10-02-2026,01-02-2026,2025-26
INV/2025-26/000443,32,Tuition Fee,2000,10-03-2026,01-03-2026,2025-26
INV/2025-26/000444,32,Annual Fee,5000,22-07-2025,07-07-2025,2025-26
INV/2025-26/000445,32,Library Fee,500,22-07-2025,07-07-2025,2025-26
INV/2025-26/000446,32,Sports Fee,1000,22-07-2025,07-07-2025,2025-26
INV/2025-26/000447,32,Exam Fee,250,22-07-2025,07-07-2025,2025-26
INV/2025-26/000448,32,Exam Fee,250,16-01-2026,01-01-2026,2025-26
INV/2025-26/000449,34,Tuition Fee,2000,10-07-2025,01-07-2025,2025-26
INV/2025-26/000450,34,Tuition Fee,2000,10-08-2025,01-08-2025,2025-26
INV/2025-26/000451,34,Tuition Fee,2000,10-09-2025,01-09-2025,2025-26
INV/2025-26/000452,34,Tuition Fee,2000,10-10-2025,01-10-2025,2025-26
INV/2025-26/000453,34,Tuition Fee,2000,10-11-2025,01-11-2025,2025-26
INV/2025-26/000454,34,Tuition Fee,2000,10-12-2025,01-12-2025,2025-26
INV/2025-26/000455,34,Tuition Fee,2000,10-01-2026,01-01-2026,2025-26
INV/2025-26/000456,34,Tuition Fee,2000,10-02-2026,01-02-2026,2025-26
INV/2025-26/000457,34,Tuition Fee,2000,10-03-2026,01-03-2026,2025-26
INV/2025-26/000458,34,Annual Fee,5000,22-07-2025,07-07-2025,2025-26
INV/2025-26/000459,34,Library Fee,500,22-07-2025,07-07-2025,2025-26
INV/2025-26/000460,34,Sports Fee,1000,22-07-2025,07-07-2025,2025-26
INV/2025-26/000461,34,Exam Fee,250,22-07-2025,07-07-2025,2025-26
INV/2025-26/000462,34,Exam Fee,250,16-01-2026,01-01-2026,2025-26
INV/2025-26/000463,35,Tuition Fee,2000,10-07-2025,01-07-2025,2025-26
INV/2025-26/000464,35,Tuition Fee,2000,10-08-2025,01-08-2025,2025-26
INV/2025-26/000465,35,Tuition Fee,2000,10-09-2025,01-09-2025,2025-26
INV/2025-26/000466,35,Tuition Fee,2000,10-10-2025,01-10-2025,2025-26
INV/2025-26/000467,35,Tuition Fee,2000,10-11-2025,01-11-2025,2025-26
INV/2025-26/000468,35,Tuition Fee,2000,10-12-2025,01-12-2025,2025-26
INV/2025-26/000469,35,Tuition Fee,2000,10-01-2026,01-01-2026,2025-26
INV/2025-26/000470,35,Tuition Fee,2000,10-02-2026,01-02-2026,2025-26
INV/2025-26/000471,35,Tuition Fee,2000,10-03-2026,01-03-2026,2025-26
INV/2025-26/000472,35,Annual Fee,5000,22-07-2025,07-07-2025,2025-26
INV/2025-26/000473,35,Library Fee,500,22-07-2025,07-07-2025,2025-26
INV/2025-26/000474,35,Sports Fee,1000,22-07-2025,07-07-2025,2025-26
INV/2025-26/000475,35,Exam Fee,250,22-07-2025,07-07-2025,2025-26
INV/2025-26/000476,35,Exam Fee,250,16-01-2026,01-01-2026,2025-26
INV/2025-26/000477,36,Tuition Fee,2000,10-07-2025,01-07-2025,2025-26
INV/2025-26/000478,36,Tuition Fee,2000,10-08-2025,01-08-2025,2025-26
INV/2025-26/000479,36,Tuition Fee,2000,10-09-2025,01-09-2025,2025-26
INV/2025-26/000480,36,Tuition Fee,2000,10-10-2025,01-10-2025,2025-26
INV/2025-26/000481,36,Tuition Fee,2000,10-11-2025,01-11-2025,2025-26
INV/2025-26/000482,36,Tuition Fee,2000,10-12-2025,01-12-2025,2025-26
INV/2025-26/000483,36,Tuition Fee,2000,10-01-2026,01-01-2026,2025-26
INV/2025-26/000484,36,Tuition Fee,2000,10-02-2026,01-02-2026,2025-26
INV/2025-26/000485,36,Tuition Fee,2000,10-03-2026,01-03-2026,2025-26
INV/2025-26/000486,36,Annual Fee,5000,22-07-2025,07-07-2025,2025-26
INV/2025-26/000487,36,Library Fee,500,22-07-2025,07-07-2025,2025-26
INV/2025-26/000488,36,Sports Fee,1000,22-07-2025,07-07-2025,2025-26
INV/2025-26/000489,36,Exam Fee,250,22-07-2025,07-07-2025,2025-26
INV/2025-26/000490,36,Exam Fee,250,16-01-2026,01-01-2026,2025-26
INV/2025-26/000491,37,Tuition Fee,2000,10-07-2025,01-07-2025,2025-26
INV/2025-26/000492,37,Tuition Fee,2000,10-08-2025,01-08-2025,2025-26
INV/2025-26/000493,37,Tuition Fee,2000,10-09-2025,01-09-2025,2025-26
INV/2025-26/000494,37,Tuition Fee,2000,10-10-2025,01-10-2025,2025-26
INV/2025-26/000495,37,Tuition Fee,2000,10-11-2025,01-11-2025,2025-26
INV/2025-26/000496,37,Tuition Fee,2000,10-12-2025,01-12-2025,2025-26
INV/2025-26/000497,37,Tuition Fee,2000,10-01-2026,01-01-2026,2025-26
INV/2025-26/000498,37,Tuition Fee,2000,10-02-2026,01-02-2026,2025-26
INV/2025-26/000499,37,Tuition Fee,2000,10-03-2026,01-03-2026,2025-26
INV/2025-26/000500,37,Annual Fee,5000,22-07-2025,07-07-2025,2025-26
INV/2025-26/000501,37,Library Fee,500,22-07-2025,07-07-2025,2025-26
INV/2025-26/000502,37,Sports Fee,1000,22-07-2025,07-07-2025,2025-26
INV/2025-26/000503,37,Exam Fee,250,22-07-2025,07-07-2025,2025-26
INV/2025-26/000504,37,Exam Fee,250,16-01-2026,01-01-2026,2025-26
INV/2025-26/000505,38,Tuition Fee,2000,10-07-2025,01-07-2025,2025-26
INV/2025-26/000506,38,Tuition Fee,2000,10-08-2025,01-08-2025,2025-26
INV/2025-26/000507,38,Tuition Fee,2000,10-09-2025,01-09-2025,2025-26
INV/2025-26/000508,38,Tuition Fee,2000,10-10-2025,01-10-2025,2025-26
INV/2025-26/000509,38,Tuition Fee,2000,10-11-2025,01-11-2025,2025-26
INV/2025-26/000510,38,Tuition Fee,2000,10-12-2025,01-12-2025,2025-26
INV/2025-26/000511,38,Tuition Fee,2000,10-01-2026,01-01-2026,2025-26
INV/2025-26/000512,38,Tuition Fee,2000,10-02-2026,01-02-2026,2025-26
INV/2025-26/000513,38,Tuition Fee,2000,10-03-2026,01-03-2026,2025-26
INV/2025-26/000514,38,Annual Fee,5000,22-07-2025,07-07-2025,2025-26
INV/2025-26/000515,38,Library Fee,500,22-07-2025,07-07-2025,2025-26
INV/2025-26/000516,38,Sports Fee,1000,22-07-2025,07-07-2025,2025-26
INV/2025-26/000517,38,Exam Fee,250,22-07-2025,07-07-2025,2025-26
INV/2025-26/000518,38,Exam Fee,250,16-01-2026,01-01-2026,2025-26
INV/2025-26/000519,39,Tuition Fee,2000,10-07-2025,01-07-2025,2025-26
INV/2025-26/000520,39,Tuition Fee,2000,10-08-2025,01-08-2025,2025-26
INV/2025-26/000521,39,Tuition Fee,2000,10-09-2025,01-09-2025,2025-26
INV/2025-26/000522,39,Tuition Fee,2000,10-10-2025,01-10-2025,2025-26
INV/2025-26/000523,39,Tuition Fee,2000,10-11-2025,01-11-2025,2025-26
INV/2025-26/000524,39,Tuition Fee,2000,10-12-2025,01-12-2025,2025-26
INV/2025-26/000525,39,Tuition Fee,2000,10-01-2026,01-01-2026,2025-26
INV/2025-26/000526,39,Tuition Fee,2000,10-02-2026,01-02-2026,2025-26
INV/2025-26/000527,39,Tuition Fee,2000,10-03-2026,01-03-2026,2025-26
INV/2025-26/000528,39,Annual Fee,5000,22-07-2025,07-07-2025,2025-26
INV/2025-26/000529,39,Library Fee,500,22-07-2025,07-07-2025,2025-26
INV/2025-26/000530,39,Sports Fee,1000,22-07-2025,07-07-2025,2025-26
INV/2025-26/000531,39,Exam Fee,250,22-07-2025,07-07-2025,2025-26
INV/2025-26/000532,39,Exam Fee,250,16-01-2026,01-01-2026,2025-26
INV/2025-26/000533,40,Tuition Fee,2000,10-07-2025,01-07-2025,2025-26
INV/2025-26/000534,40,Tuition Fee,2000,10-08-2025,01-08-2025,2025-26
INV/2025-26/000535,40,Tuition Fee,2000,10-09-2025,01-09-2025,2025-26
INV/2025-26/000536,40,Tuition Fee,2000,10-10-2025,01-10-2025,2025-26
INV/2025-26/000537,40,Tuition Fee,2000,10-11-2025,01-11-2025,2025-26
INV/2025-26/000538,40,Tuition Fee,2000,10-12-2025,01-12-2025,2025-26
INV/2025-26/000539,40,Tuition Fee,2000,10-01-2026,01-01-2026,2025-26
INV/2025-26/000540,40,Tuition Fee,2000,10-02-2026,01-02-2026,2025-26
INV/2025-26/000541,40,Tuition Fee,2000,10-03-2026,01-03-2026,2025-26
INV/2025-26/000542,40,Annual Fee,5000,22-07-2025,07-07-2025,2025-26
INV/2025-26/000543,40,Library Fee,500,22-07-2025,07-07-2025,2025-26
INV/2025-26/000544,40,Sports Fee,1000,22-07-2025,07-07-2025,2025-26
INV/2025-26/000545,40,Exam Fee,250,22-07-2025,07-07-2025,2025-26
INV/2025-26/000546,40,Exam Fee,250,16-01-2026,01-01-2026,2025-26
INV/2025-26/000547,41,Tuition Fee,2000,10-07-2025,01-07-2025,2025-26
INV/2025-26/000548,41,Tuition Fee,2000,10-08-2025,01-08-2025,2025-26
INV/2025-26/000549,41,Tuition Fee,2000,10-09-2025,01-09-2025,2025-26
INV/2025-26/000550,41,Tuition Fee,2000,10-10-2025,01-10-2025,2025-26
INV/2025-26/000551,41,Tuition Fee,2000,10-11-2025,01-11-2025,2025-26
INV/2025-26/000552,41,Tuition Fee,2000,10-12-2025,01-12-2025,2025-26
INV/2025-26/000553,41,Tuition Fee,2000,10-01-2026,01-01-2026,2025-26
INV/2025-26/000554,41,Tuition Fee,2000,10-02-2026,01-02-2026,2025-26
INV/2025-26/000555,41,Tuition Fee,2000,10-03-2026,01-03-2026,2025-26
INV/2025-26/000556,41,Annual Fee,5000,22-07-2025,07-07-2025,2025-26
INV/2025-26/000557,41,Library Fee,500,22-07-2025,07-07-2025,2025-26
INV/2025-26/000558,41,Sports Fee,1000,22-07-2025,07-07-2025,2025-26
INV/2025-26/000559,41,Exam Fee,250,22-07-2025,07-07-2025,2025-26
INV/2025-26/000560,41,Exam Fee,250,16-01-2026,01-01-2026,2025-26
INV/2025-26/000561,42,Tuition Fee,2000,10-07-2025,01-07-2025,2025-26
INV/2025-26/000562,42,Tuition Fee,2000,10-08-2025,01-08-2025,2025-26
INV/2025-26/000563,42,Tuition Fee,2000,10-09-2025,01-09-2025,2025-26
INV/2025-26/000564,42,Tuition Fee,2000,10-10-2025,01-10-2025,2025-26
INV/2025-26/000565,42,Tuition Fee,2000,10-11-2025,01-11-2025,2025-26
INV/2025-26/000566,42,Tuition Fee,2000,10-12-2025,01-12-2025,2025-26
INV/2025-26/000567,42,Tuition Fee,2000,10-01-2026,01-01-2026,2025-26
INV/2025-26/000568,42,Tuition Fee,2000,10-02-2026,01-02-2026,2025-26
INV/2025-26/000569,42,Tuition Fee,2000,10-03-2026,01-03-2026,2025-26
INV/2025-26/000570,42,Annual Fee,5000,22-07-2025,07-07-2025,2025-26
INV/2025-26/000571,42,Library Fee,500,22-07-2025,07-07-2025,2025-26
INV/2025-26/000572,42,Sports Fee,1000,22-07-2025,07-07-2025,2025-26
INV/2025-26/000573,42,Exam Fee,250,22-07-2025,07-07-2025,2025-26
INV/2025-26/000574,42,Exam Fee,250,16-01-2026,01-01-2026,2025-26
INV/2025-26/000575,43,Tuition Fee,2000,10-07-2025,01-07-2025,2025-26
INV/2025-26/000576,43,Tuition Fee,2000,10-08-2025,01-08-2025,2025-26
INV/2025-26/000577,43,Tuition Fee,2000,10-09-2025,01-09-2025,2025-26
INV/2025-26/000578,43,Tuition Fee,2000,10-10-2025,01-10-2025,2025-26
INV/2025-26/000579,43,Tuition Fee,2000,10-11-2025,01-11-2025,2025-26
INV/2025-26/000580,43,Tuition Fee,2000,10-12-2025,01-12-2025,2025-26
INV/2025-26/000581,43,Tuition Fee,2000,10-01-2026,01-01-2026,2025-26
INV/2025-26/000582,43,Tuition Fee,2000,10-02-2026,01-02-2026,2025-26
INV/2025-26/000583,43,Tuition Fee,2000,10-03-2026,01-03-2026,2025-26
INV/2025-26/000584,43,Annual Fee,5000,22-07-2025,07-07-2025,2025-26
INV/2025-26/000585,43,Library Fee,500,22-07-2025,07-07-2025,2025-26
INV/2025-26/000586,43,Sports Fee,1000,22-07-2025,07-07-2025,2025-26
INV/2025-26/000587,43,Exam Fee,250,22-07-2025,07-07-2025,2025-26
INV/2025-26/000588,43,Exam Fee,250,16-01-2026,01-01-2026,2025-26
INV/2025-26/000589,44,Tuition Fee,2000,10-07-2025,01-07-2025,2025-26
INV/2025-26/000590,44,Tuition Fee,2000,10-08-2025,01-08-2025,2025-26
INV/2025-26/000591,44,Tuition Fee,2000,10-09-2025,01-09-2025,2025-26
INV/2025-26/000592,44,Tuition Fee,2000,10-10-2025,01-10-2025,2025-26
INV/2025-26/000593,44,Tuition Fee,2000,10-11-2025,01-11-2025,2025-26
INV/2025-26/000594,44,Tuition Fee,2000,10-12-2025,01-12-2025,2025-26
INV/2025-26/000595,44,Tuition Fee,2000,10-01-2026,01-01-2026,2025-26
INV/2025-26/000596,44,Tuition Fee,2000,10-02-2026,01-02-2026,2025-26
INV/2025-26/000597,44,Tuition Fee,2000,10-03-2026,01-03-2026,2025-26
INV/2025-26/000598,44,Annual Fee,5000,22-07-2025,07-07-2025,2025-26
INV/2025-26/000599,44,Library Fee,500,22-07-2025,07-07-2025,2025-26
INV/2025-26/000600,44,Sports Fee,1000,22-07-2025,07-07-2025,2025-26
INV/2025-26/000601,44,Exam Fee,250,22-07-2025,07-07-2025,2025-26
INV/2025-26/000602,44,Exam Fee,250,16-01-2026,01-01-2026,2025-26
INV/2025-26/000603,45,Tuition Fee,2000,10-07-2025,01-07-2025,2025-26
INV/2025-26/000604,45,Tuition Fee,2000,10-08-2025,01-08-2025,2025-26
INV/2025-26/000605,45,Tuition Fee,2000,10-09-2025,01-09-2025,2025-26
INV/2025-26/000606,45,Tuition Fee,2000,10-10-2025,01-10-2025,2025-26
INV/2025-26/000607,45,Tuition Fee,2000,10-11-2025,01-11-2025,2025-26
INV/2025-26/000608,45,Tuition Fee,2000,10-12-2025,01-12-2025,2025-26
INV/2025-26/000609,45,Tuition Fee,2000,10-01-2026,01-01-2026,2025-26
INV/2025-26/000610,45,Tuition Fee,2000,10-02-2026,01-02-2026,2025-26
INV/2025-26/000611,45,Tuition Fee,2000,10-03-2026,01-03-2026,2025-26
INV/2025-26/000612,45,Annual Fee,5000,22-07-2025,07-07-2025,2025-26
INV/2025-26/000613,45,Library Fee,500,22-07-2025,07-07-2025,2025-26
INV/2025-26/000614,45,Sports Fee,1000,22-07-2025,07-07-2025,2025-26
INV/2025-26/000615,45,Exam Fee,250,22-07-2025,07-07-2025,2025-26
INV/2025-26/000616,45,Exam Fee,250,16-01-2026,01-01-2026,2025-26
INV/2025-26/000617,46,Tuition Fee,2000,10-07-2025,01-07-2025,2025-26
INV/2025-26/000618,46,Tuition Fee,2000,10-08-2025,01-08-2025,2025-26
INV/2025-26/000619,46,Tuition Fee,2000,10-09-2025,01-09-2025,2025-26
INV/2025-26/000620,46,Tuition Fee,2000,10-10-2025,01-10-2025,2025-26
INV/2025-26/000621,46,Tuition Fee,2000,10-11-2025,01-11-2025,2025-26
INV/2025-26/000622,46,Tuition Fee,2000,10-12-2025,01-12-2025,2025-26
INV/2025-26/000623,46,Tuition Fee,2000,10-01-2026,01-01-2026,2025-26
INV/2025-26/000624,46,Tuition Fee,2000,10-02-2026,01-02-2026,2025-26
INV/2025-26/000625,46,Tuition Fee,2000,10-03-2026,01-03-2026,2025-26
INV/2025-26/000626,46,Annual Fee,5000,22-07-2025,07-07-2025,2025-26
INV/2025-26/000627,46,Library Fee,500,22-07-2025,07-07-2025,2025-26
INV/2025-26/000628,46,Sports Fee,1000,22-07-2025,07-07-2025,2025-26
INV/2025-26/000629,46,Exam Fee,250,22-07-2025,07-07-2025,2025-26
INV/2025-26/000630,46,Exam Fee,250,16-01-2026,01-01-2026,2025-26
INV/2025-26/000631,47,Tuition Fee,2000,10-07-2025,01-07-2025,2025-26
INV/2025-26/000632,47,Tuition Fee,2000,10-08-2025,01-08-2025,2025-26
INV/2025-26/000633,47,Tuition Fee,2000,10-09-2025,01-09-2025,2025-26
INV/2025-26/000634,47,Tuition Fee,2000,10-10-2025,01-10-2025,2025-26
INV/2025-26/000635,47,Tuition Fee,2000,10-11-2025,01-11-2025,2025-26
INV/2025-26/000636,47,Tuition Fee,2000,10-12-2025,01-12-2025,2025-26
INV/2025-26/000637,47,Tuition Fee,2000,10-01-2026,01-01-2026,2025-26
INV/2025-26/000638,47,Tuition Fee,2000,10-02-2026,01-02-2026,2025-26
INV/2025-26/000639,47,Tuition Fee,2000,10-03-2026,01-03-2026,2025-26
INV/2025-26/000640,47,Annual Fee,5000,22-07-2025,07-07-2025,2025-26
INV/2025-26/000641,47,Library Fee,500,22-07-2025,07-07-2025,2025-26
INV/2025-26/000642,47,Sports Fee,1000,22-07-2025,07-07-2025,2025-26
INV/2025-26/000643,47,Exam Fee,250,22-07-2025,07-07-2025,2025-26
INV/2025-26/000644,47,Exam Fee,250,16-01-2026,01-01-2026,2025-26
INV/2025-26/000645,48,Tuition Fee,2000,10-07-2025,01-07-2025,2025-26
INV/2025-26/000646,48,Tuition Fee,2000,10-08-2025,01-08-2025,2025-26
INV/2025-26/000647,48,Tuition Fee,2000,10-09-2025,01-09-2025,2025-26
INV/2025-26/000648,48,Tuition Fee,2000,10-10-2025,01-10-2025,2025-26
INV/2025-26/000649,48,Tuition Fee,2000,10-11-2025,01-11-2025,2025-26
INV/2025-26/000650,48,Tuition Fee,2000,10-12-2025,01-12-2025,2025-26
INV/2025-26/000651,48,Tuition Fee,2000,10-01-2026,01-01-2026,2025-26
INV/2025-26/000652,48,Tuition Fee,2000,10-02-2026,01-02-2026,2025-26
INV/2025-26/000653,48,Tuition Fee,2000,10-03-2026,01-03-2026,2025-26
INV/2025-26/000654,48,Annual Fee,5000,22-07-2025,07-07-2025,2025-26
INV/2025-26/000655,48,Library Fee,500,22-07-2025,07-07-2025,2025-26
INV/2025-26/000656,48,Sports Fee,1000,22-07-2025,07-07-2025,2025-26
INV/2025-26/000657,48,Exam Fee,250,22-07-2025,07-07-2025,2025-26
INV/2025-26/000658,48,Exam Fee,250,16-01-2026,01-01-2026,2025-26
INV/2025-26/000659,49,Tuition Fee,2000,10-07-2025,01-07-2025,2025-26
INV/2025-26/000660,49,Tuition Fee,2000,10-08-2025,01-08-2025,2025-26
INV/2025-26/000661,49,Tuition Fee,2000,10-09-2025,01-09-2025,2025-26
INV/2025-26/000662,49,Tuition Fee,2000,10-10-2025,01-10-2025,2025-26
INV/2025-26/000663,49,Tuition Fee,2000,10-11-2025,01-11-2025,2025-26
INV/2025-26/000664,49,Tuition Fee,2000,10-12-2025,01-12-2025,2025-26
INV/2025-26/000665,49,Tuition Fee,2000,10-01-2026,01-01-2026,2025-26
INV/2025-26/000666,49,Tuition Fee,2000,10-02-2026,01-02-2026,2025-26
INV/2025-26/000667,49,Tuition Fee,2000,10-03-2026,01-03-2026,2025-26
INV/2025-26/000668,49,Annual Fee,5000,22-07-2025,07-07-2025,2025-26
INV/2025-26/000669,49,Library Fee,500,22-07-2025,07-07-2025,2025-26
INV/2025-26/000670,49,Sports Fee,1000,22-07-2025,07-07-2025,2025-26
INV/2025-26/000671,49,Exam Fee,250,22-07-2025,07-07-2025,2025-26
INV/2025-26/000672,49,Exam Fee,250,16-01-2026,01-01-2026,2025-26
INV/2025-26/000673,50,Tuition Fee,2000,10-07-2025,01-07-2025,2025-26
INV/2025-26/000674,50,Tuition Fee,2000,10-08-2025,01-08-2025,2025-26
INV/2025-26/000675,50,Tuition Fee,2000,10-09-2025,01-09-2025,2025-26
INV/2025-26/000676,50,Tuition Fee,2000,10-10-2025,01-10-2025,2025-26
INV/2025-26/000677,50,Tuition Fee,2000,10-11-2025,01-11-2025,2025-26
INV/2025-26/000678,50,Tuition Fee,2000,10-12-2025,01-12-2025,2025-26
INV/2025-26/000679,50,Tuition Fee,2000,10-01-2026,01-01-2026,2025-26
INV/2025-26/000680,50,Tuition Fee,2000,10-02-2026,01-02-2026,2025-26
INV/2025-26/000681,50,Tuition Fee,2000,10-03-2026,01-03-2026,2025-26
INV/2025-26/000682,50,Annual Fee,5000,22-07-2025,07-07-2025,2025-26
INV/2025-26/000683,50,Library Fee,500,22-07-2025,07-07-2025,2025-26
INV/2025-26/000684,50,Sports Fee,1000,22-07-2025,07-07-2025,2025-26
INV/2025-26/000685,50,Exam Fee,250,22-07-2025,07-07-2025,2025-26
INV/2025-26/000686,50,Exam Fee,250,16-01-2026,01-01-2026,2025-26
INV/2025-26/000687,51,Tuition Fee,2000,10-07-2025,01-07-2025,2025-26
INV/2025-26/000688,51,Tuition Fee,2000,10-08-2025,01-08-2025,2025-26
INV/2025-26/000689,51,Tuition Fee,2000,10-09-2025,01-09-2025,2025-26
INV/2025-26/000690,51,Tuition Fee,2000,10-10-2025,01-10-2025,2025-26
INV/2025-26/000691,51,Tuition Fee,2000,10-11-2025,01-11-2025,2025-26
INV/2025-26/000692,51,Tuition Fee,2000,10-12-2025,01-12-2025,2025-26
INV/2025-26/000693,51,Tuition Fee,2000,10-01-2026,01-01-2026,2025-26
INV/2025-26/000694,51,Tuition Fee,2000,10-02-2026,01-02-2026,2025-26
INV/2025-26/000695,51,Tuition Fee,2000,10-03-2026,01-03-2026,2025-26
INV/2025-26/000696,51,Annual Fee,5000,22-07-2025,07-07-2025,2025-26
INV/2025-26/000697,51,Library Fee,500,22-07-2025,07-07-2025,2025-26
INV/2025-26/000698,51,Sports Fee,1000,22-07-2025,07-07-2025,2025-26
INV/2025-26/000699,51,Exam Fee,250,22-07-2025,07-07-2025,2025-26
INV/2025-26/000700,51,Exam Fee,250,16-01-2026,01-01-2026,2025-26
INV/2025-26/000701,52,Tuition Fee,2000,10-07-2025,01-07-2025,2025-26
INV/2025-26/000702,52,Tuition Fee,2000,10-08-2025,01-08-2025,2025-26
INV/2025-26/000703,52,Tuition Fee,2000,10-09-2025,01-09-2025,2025-26
INV/2025-26/000704,52,Tuition Fee,2000,10-10-2025,01-10-2025,2025-26
INV/2025-26/000705,52,Tuition Fee,2000,10-11-2025,01-11-2025,2025-26
INV/2025-26/000706,52,Tuition Fee,2000,10-12-2025,01-12-2025,2025-26
INV/2025-26/000707,52,Tuition Fee,2000,10-01-2026,01-01-2026,2025-26
INV/2025-26/000708,52,Tuition Fee,2000,10-02-2026,01-02-2026,2025-26
INV/2025-26/000709,52,Tuition Fee,2000,10-03-2026,01-03-2026,2025-26
INV/2025-26/000710,52,Annual Fee,5000,22-07-2025,07-07-2025,2025-26
INV/2025-26/000711,52,Library Fee,500,22-07-2025,07-07-2025,2025-26
INV/2025-26/000712,52,Sports Fee,1000,22-07-2025,07-07-2025,2025-26
INV/2025-26/000713,52,Exam Fee,250,22-07-2025,07-07-2025,2025-26
INV/2025-26/000714,52,Exam Fee,250,16-01-2026,01-01-2026,2025-26
INV/2025-26/000715,53,Tuition Fee,2000,10-07-2025,01-07-2025,2025-26
INV/2025-26/000716,53,Tuition Fee,2000,10-08-2025,01-08-2025,2025-26
INV/2025-26/000717,53,Tuition Fee,2000,10-09-2025,01-09-2025,2025-26
INV/2025-26/000718,53,Tuition Fee,2000,10-10-2025,01-10-2025,2025-26
INV/2025-26/000719,53,Tuition Fee,2000,10-11-2025,01-11-2025,2025-26
INV/2025-26/000720,53,Tuition Fee,2000,10-12-2025,01-12-2025,2025-26
INV/2025-26/000721,53,Tuition Fee,2000,10-01-2026,01-01-2026,2025-26
INV/2025-26/000722,53,Tuition Fee,2000,10-02-2026,01-02-2026,2025-26
INV/2025-26/000723,53,Tuition Fee,2000,10-03-2026,01-03-2026,2025-26
INV/2025-26/000724,53,Annual Fee,5000,22-07-2025,07-07-2025,2025-26
INV/2025-26/000725,53,Library Fee,500,22-07-2025,07-07-2025,2025-26
INV/2025-26/000726,53,Sports Fee,1000,22-07-2025,07-07-2025,2025-26
INV/2025-26/000727,53,Exam Fee,250,22-07-2025,07-07-2025,2025-26
INV/2025-26/000728,53,Exam Fee,250,16-01-2026,01-01-2026,2025-26
INV/2025-26/000729,54,Tuition Fee,2000,10-07-2025,01-07-2025,2025-26
INV/2025-26/000730,54,Tuition Fee,2000,10-08-2025,01-08-2025,2025-26
INV/2025-26/000731,54,Tuition Fee,2000,10-09-2025,01-09-2025,2025-26
INV/2025-26/000732,54,Tuition Fee,2000,10-10-2025,01-10-2025,2025-26
INV/2025-26/000733,54,Tuition Fee,2000,10-11-2025,01-11-2025,2025-26
INV/2025-26/000734,54,Tuition Fee,2000,10-12-2025,01-12-2025,2025-26
INV/2025-26/000735,54,Tuition Fee,2000,10-01-2026,01-01-2026,2025-26
INV/2025-26/000736,54,Tuition Fee,2000,10-02-2026,01-02-2026,2025-26
INV/2025-26/000737,54,Tuition Fee,2000,10-03-2026,01-03-2026,2025-26
INV/2025-26/000738,54,Annual Fee,5000,22-07-2025,07-07-2025,2025-26
INV/2025-26/000739,54,Library Fee,500,22-07-2025,07-07-2025,2025-26
INV/2025-26/000740,54,Sports Fee,1000,22-07-2025,07-07-2025,2025-26
INV/2025-26/000741,54,Exam Fee,250,22-07-2025,07-07-2025,2025-26
INV/2025-26/000742,54,Exam Fee,250,16-01-2026,01-01-2026,2025-26
INV/2025-26/000743,55,Tuition Fee,2000,10-07-2025,01-07-2025,2025-26
INV/2025-26/000744,55,Tuition Fee,2000,10-08-2025,01-08-2025,2025-26
INV/2025-26/000745,55,Tuition Fee,2000,10-09-2025,01-09-2025,2025-26
INV/2025-26/000746,55,Tuition Fee,2000,10-10-2025,01-10-2025,2025-26
INV/2025-26/000747,55,Tuition Fee,2000,10-11-2025,01-11-2025,2025-26
INV/2025-26/000748,55,Tuition Fee,2000,10-12-2025,01-12-2025,2025-26
INV/2025-26/000749,55,Tuition Fee,2000,10-01-2026,01-01-2026,2025-26
INV/2025-26/000750,55,Tuition Fee,2000,10-02-2026,01-02-2026,2025-26
INV/2025-26/000751,55,Tuition Fee,2000,10-03-2026,01-03-2026,2025-26
INV/2025-26/000752,55,Annual Fee,5000,22-07-2025,07-07-2025,2025-26
INV/2025-26/000753,55,Library Fee,500,22-07-2025,07-07-2025,2025-26
INV/2025-26/000754,55,Sports Fee,1000,22-07-2025,07-07-2025,2025-26
INV/2025-26/000755,55,Exam Fee,250,22-07-2025,07-07-2025,2025-26
INV/2025-26/000756,55,Exam Fee,250,16-01-2026,01-01-2026,2025-26
INV/2025-26/000757,56,Tuition Fee,2000,10-07-2025,01-07-2025,2025-26
INV/2025-26/000758,56,Tuition Fee,2000,10-08-2025,01-08-2025,2025-26
INV/2025-26/000759,56,Tuition Fee,2000,10-09-2025,01-09-2025,2025-26
INV/2025-26/000760,56,Tuition Fee,2000,10-10-2025,01-10-2025,2025-26
INV/2025-26/000761,56,Tuition Fee,2000,10-11-2025,01-11-2025,2025-26
INV/2025-26/000762,56,Tuition Fee,2000,10-12-2025,01-12-2025,2025-26
INV/2025-26/000763,56,Tuition Fee,2000,10-01-2026,01-01-2026,2025-26
INV/2025-26/000764,56,Tuition Fee,2000,10-02-2026,01-02-2026,2025-26
INV/2025-26/000765,56,Tuition Fee,2000,10-03-2026,01-03-2026,2025-26
INV/2025-26/000766,56,Annual Fee,5000,22-07-2025,07-07-2025,2025-26
INV/2025-26/000767,56,Library Fee,500,22-07-2025,07-07-2025,2025-26
INV/2025-26/000768,56,Sports Fee,1000,22-07-2025,07-07-2025,2025-26
INV/2025-26/000769,56,Exam Fee,250,22-07-2025,07-07-2025,2025-26
INV/2025-26/000770,56,Exam Fee,250,16-01-2026,01-01-2026,2025-26
INV/2025-26/000771,57,Tuition Fee,2000,10-07-2025,01-07-2025,2025-26
INV/2025-26/000772,57,Tuition Fee,2000,10-08-2025,01-08-2025,2025-26
INV/2025-26/000773,57,Tuition Fee,2000,10-09-2025,01-09-2025,2025-26
INV/2025-26/000774,57,Tuition Fee,2000,10-10-2025,01-10-2025,2025-26
INV/2025-26/000775,57,Tuition Fee,2000,10-11-2025,01-11-2025,2025-26
INV/2025-26/000776,57,Tuition Fee,2000,10-12-2025,01-12-2025,2025-26
INV/2025-26/000777,57,Tuition Fee,2000,10-01-2026,01-01-2026,2025-26
INV/2025-26/000778,57,Tuition Fee,2000,10-02-2026,01-02-2026,2025-26
INV/2025-26/000779,57,Tuition Fee,2000,10-03-2026,01-03-2026,2025-26
INV/2025-26/000780,57,Annual Fee,5000,22-07-2025,07-07-2025,2025-26
INV/2025-26/000781,57,Library Fee,500,22-07-2025,07-07-2025,2025-26
INV/2025-26/000782,57,Sports Fee,1000,22-07-2025,07-07-2025,2025-26
INV/2025-26/000783,57,Exam Fee,250,22-07-2025,07-07-2025,2025-26
INV/2025-26/000784,57,Exam Fee,250,16-01-2026,01-01-2026,2025-26
INV/2025-26/000785,58,Tuition Fee,2000,10-07-2025,01-07-2025,2025-26
INV/2025-26/000786,58,Tuition Fee,2000,10-08-2025,01-08-2025,2025-26
INV/2025-26/000787,58,Tuition Fee,2000,10-09-2025,01-09-2025,2025-26
INV/2025-26/000788,58,Tuition Fee,2000,10-10-2025,01-10-2025,2025-26
INV/2025-26/000789,58,Tuition Fee,2000,10-11-2025,01-11-2025,2025-26
INV/2025-26/000790,58,Tuition Fee,2000,10-12-2025,01-12-2025,2025-26
INV/2025-26/000791,58,Tuition Fee,2000,10-01-2026,01-01-2026,2025-26
INV/2025-26/000792,58,Tuition Fee,2000,10-02-2026,01-02-2026,2025-26
INV/2025-26/000793,58,Tuition Fee,2000,10-03-2026,01-03-2026,2025-26
INV/2025-26/000794,58,Annual Fee,5000,22-07-2025,07-07-2025,2025-26
INV/2025-26/000795,58,Library Fee,500,22-07-2025,07-07-2025,2025-26
INV/2025-26/000796,58,Sports Fee,1000,22-07-2025,07-07-2025,2025-26
INV/2025-26/000797,58,Exam Fee,250,22-07-2025,07-07-2025,2025-26
INV/2025-26/000798,58,Exam Fee,250,16-01-2026,01-01-2026,2025-26
INV/2025-26/000799,59,Tuition Fee,2000,10-07-2025,01-07-2025,2025-26
INV/2025-26/000800,59,Tuition Fee,2000,10-08-2025,01-08-2025,2025-26
INV/2025-26/000801,59,Tuition Fee,2000,10-09-2025,01-09-2025,2025-26
INV/2025-26/000802,59,Tuition Fee,2000,10-10-2025,01-10-2025,2025-26
INV/2025-26/000803,59,Tuition Fee,2000,10-11-2025,01-11-2025,2025-26
INV/2025-26/000804,59,Tuition Fee,2000,10-12-2025,01-12-2025,2025-26
INV/2025-26/000805,59,Tuition Fee,2000,10-01-2026,01-01-2026,2025-26
INV/2025-26/000806,59,Tuition Fee,2000,10-02-2026,01-02-2026,2025-26
INV/2025-26/000807,59,Tuition Fee,2000,10-03-2026,01-03-2026,2025-26
INV/2025-26/000808,59,Annual Fee,5000,22-07-2025,07-07-2025,2025-26
INV/2025-26/000809,59,Library Fee,500,22-07-2025,07-07-2025,2025-26
INV/2025-26/000810,59,Sports Fee,1000,22-07-2025,07-07-2025,2025-26
INV/2025-26/000811,59,Exam Fee,250,22-07-2025,07-07-2025,2025-26
INV/2025-26/000812,59,Exam Fee,250,16-01-2026,01-01-2026,2025-26
INV/2025-26/000813,60,Tuition Fee,2000,10-07-2025,01-07-2025,2025-26
INV/2025-26/000814,60,Tuition Fee,2000,10-08-2025,01-08-2025,2025-26
INV/2025-26/000815,60,Tuition Fee,2000,10-09-2025,01-09-2025,2025-26
INV/2025-26/000816,60,Tuition Fee,2000,10-10-2025,01-10-2025,2025-26
INV/2025-26/000817,60,Tuition Fee,2000,10-11-2025,01-11-2025,2025-26
INV/2025-26/000818,60,Tuition Fee,2000,10-12-2025,01-12-2025,2025-26
INV/2025-26/000819,60,Tuition Fee,2000,10-01-2026,01-01-2026,2025-26
INV/2025-26/000820,60,Tuition Fee,2000,10-02-2026,01-02-2026,2025-26
INV/2025-26/000821,60,Tuition Fee,2000,10-03-2026,01-03-2026,2025-26
INV/2025-26/000822,60,Annual Fee,5000,22-07-2025,07-07-2025,2025-26
INV/2025-26/000823,60,Library Fee,500,22-07-2025,07-07-2025,2025-26
INV/2025-26/000824,60,Sports Fee,1000,22-07-2025,07-07-2025,2025-26
INV/2025-26/000825,60,Exam Fee,250,22-07-2025,07-07-2025,2025-26
INV/2025-26/000826,60,Exam Fee,250,16-01-2026,01-01-2026,2025-26
INV/2025-26/000827,61,Tuition Fee,2000,10-07-2025,01-07-2025,2025-26
INV/2025-26/000828,61,Tuition Fee,2000,10-08-2025,01-08-2025,2025-26
INV/2025-26/000829,61,Tuition Fee,2000,10-09-2025,01-09-2025,2025-26
INV/2025-26/000830,61,Tuition Fee,2000,10-10-2025,01-10-2025,2025-26
INV/2025-26/000831,61,Tuition Fee,2000,10-11-2025,01-11-2025,2025-26
INV/2025-26/000832,61,Tuition Fee,2000,10-12-2025,01-12-2025,2025-26
INV/2025-26/000833,61,Tuition Fee,2000,10-01-2026,01-01-2026,2025-26
INV/2025-26/000834,61,Tuition Fee,2000,10-02-2026,01-02-2026,2025-26
INV/2025-26/000835,61,Tuition Fee,2000,10-03-2026,01-03-2026,2025-26
INV/2025-26/000836,61,Annual Fee,5000,22-07-2025,07-07-2025,2025-26
INV/2025-26/000837,61,Library Fee,500,22-07-2025,07-07-2025,2025-26
INV/2025-26/000838,61,Sports Fee,1000,22-07-2025,07-07-2025,2025-26
INV/2025-26/000839,61,Exam Fee,250,22-07-2025,07-07-2025,2025-26
INV/2025-26/000840,61,Exam Fee,250,16-01-2026,01-01-2026,2025-26
INV/2025-26/000841,62,Tuition Fee,2000,10-07-2025,01-07-2025,2025-26
INV/2025-26/000842,62,Tuition Fee,2000,10-08-2025,01-08-2025,2025-26
INV/2025-26/000843,62,Tuition Fee,2000,10-09-2025,01-09-2025,2025-26
INV/2025-26/000844,62,Tuition Fee,2000,10-10-2025,01-10-2025,2025-26
INV/2025-26/000845,62,Tuition Fee,2000,10-11-2025,01-11-2025,2025-26
INV/2025-26/000846,62,Tuition Fee,2000,10-12-2025,01-12-2025,2025-26
INV/2025-26/000847,62,Tuition Fee,2000,10-01-2026,01-01-2026,2025-26
INV/2025-26/000848,62,Tuition Fee,2000,10-02-2026,01-02-2026,2025-26
INV/2025-26/000849,62,Tuition Fee,2000,10-03-2026,01-03-2026,2025-26
INV/2025-26/000850,62,Annual Fee,5000,22-07-2025,07-07-2025,2025-26
INV/2025-26/000851,62,Library Fee,500,22-07-2025,07-07-2025,2025-26
INV/2025-26/000852,62,Sports Fee,1000,22-07-2025,07-07-2025,2025-26
INV/2025-26/000853,62,Exam Fee,250,22-07-2025,07-07-2025,2025-26
INV/2025-26/000854,62,Exam Fee,250,16-01-2026,01-01-2026,2025-26
INV/2025-26/000855,63,Tuition Fee,2000,10-07-2025,01-07-2025,2025-26
INV/2025-26/000856,63,Tuition Fee,2000,10-08-2025,01-08-2025,2025-26
INV/2025-26/000857,63,Tuition Fee,2000,10-09-2025,01-09-2025,2025-26
INV/2025-26/000858,63,Tuition Fee,2000,10-10-2025,01-10-2025,2025-26
INV/2025-26/000859,63,Tuition Fee,2000,10-11-2025,01-11-2025,2025-26
INV/2025-26/000860,63,Tuition Fee,2000,10-12-2025,01-12-2025,2025-26
INV/2025-26/000861,63,Tuition Fee,2000,10-01-2026,01-01-2026,2025-26
INV/2025-26/000862,63,Tuition Fee,2000,10-02-2026,01-02-2026,2025-26
INV/2025-26/000863,63,Tuition Fee,2000,10-03-2026,01-03-2026,2025-26
INV/2025-26/000864,63,Annual Fee,5000,22-07-2025,07-07-2025,2025-26
INV/2025-26/000865,63,Library Fee,500,22-07-2025,07-07-2025,2025-26
INV/2025-26/000866,63,Sports Fee,1000,22-07-2025,07-07-2025,2025-26
INV/2025-26/000867,63,Exam Fee,250,22-07-2025,07-07-2025,2025-26
INV/2025-26/000868,63,Exam Fee,250,16-01-2026,01-01-2026,2025-26
INV/2025-26/000869,64,Tuition Fee,2000,10-07-2025,01-07-2025,2025-26
INV/2025-26/000870,64,Tuition Fee,2000,10-08-2025,01-08-2025,2025-26
INV/2025-26/000871,64,Tuition Fee,2000,10-09-2025,01-09-2025,2025-26
INV/2025-26/000872,64,Tuition Fee,2000,10-10-2025,01-10-2025,2025-26
INV/2025-26/000873,64,Tuition Fee,2000,10-11-2025,01-11-2025,2025-26
INV/2025-26/000874,64,Tuition Fee,2000,10-12-2025,01-12-2025,2025-26
INV/2025-26/000875,64,Tuition Fee,2000,10-01-2026,01-01-2026,2025-26
INV/2025-26/000876,64,Tuition Fee,2000,10-02-2026,01-02-2026,2025-26
INV/2025-26/000877,64,Tuition Fee,2000,10-03-2026,01-03-2026,2025-26
INV/2025-26/000878,64,Annual Fee,5000,22-07-2025,07-07-2025,2025-26
INV/2025-26/000879,64,Library Fee,500,22-07-2025,07-07-2025,2025-26
INV/2025-26/000880,64,Sports Fee,1000,22-07-2025,07-07-2025,2025-26
INV/2025-26/000881,64,Exam Fee,250,22-07-2025,07-07-2025,2025-26
INV/2025-26/000882,64,Exam Fee,250,16-01-2026,01-01-2026,2025-26
INV/2025-26/000883,65,Tuition Fee,2000,10-07-2025,01-07-2025,2025-26
INV/2025-26/000884,65,Tuition Fee,2000,10-08-2025,01-08-2025,2025-26
INV/2025-26/000885,65,Tuition Fee,2000,10-09-2025,01-09-2025,2025-26
INV/2025-26/000886,65,Tuition Fee,2000,10-10-2025,01-10-2025,2025-26
INV/2025-26/000887,65,Tuition Fee,2000,10-11-2025,01-11-2025,2025-26
INV/2025-26/000888,65,Tuition Fee,2000,10-12-2025,01-12-2025,2025-26
INV/2025-26/000889,65,Tuition Fee,2000,10-01-2026,01-01-2026,2025-26
INV/2025-26/000890,65,Tuition Fee,2000,10-02-2026,01-02-2026,2025-26
INV/2025-26/000891,65,Tuition Fee,2000,10-03-2026,01-03-2026,2025-26
INV/2025-26/000892,65,Annual Fee,5000,22-07-2025,07-07-2025,2025-26
INV/2025-26/000893,65,Library Fee,500,22-07-2025,07-07-2025,2025-26
INV/2025-26/000894,65,Sports Fee,1000,22-07-2025,07-07-2025,2025-26
INV/2025-26/000895,65,Exam Fee,250,22-07-2025,07-07-2025,2025-26
INV/2025-26/000896,65,Exam Fee,250,16-01-2026,01-01-2026,2025-26
INV/2025-26/000897,66,Tuition Fee,2000,10-07-2025,01-07-2025,2025-26
INV/2025-26/000898,66,Tuition Fee,2000,10-08-2025,01-08-2025,2025-26
INV/2025-26/000899,66,Tuition Fee,2000,10-09-2025,01-09-2025,2025-26
INV/2025-26/000900,66,Tuition Fee,2000,10-10-2025,01-10-2025,2025-26
INV/2025-26/000901,66,Tuition Fee,2000,10-11-2025,01-11-2025,2025-26
INV/2025-26/000902,66,Tuition Fee,2000,10-12-2025,01-12-2025,2025-26
INV/2025-26/000903,66,Tuition Fee,2000,10-01-2026,01-01-2026,2025-26
INV/2025-26/000904,66,Tuition Fee,2000,10-02-2026,01-02-2026,2025-26
INV/2025-26/000905,66,Tuition Fee,2000,10-03-2026,01-03-2026,2025-26
INV/2025-26/000906,66,Annual Fee,5000,22-07-2025,07-07-2025,2025-26
INV/2025-26/000907,66,Library Fee,500,22-07-2025,07-07-2025,2025-26
INV/2025-26/000908,66,Sports Fee,1000,22-07-2025,07-07-2025,2025-26
INV/2025-26/000909,66,Exam Fee,250,22-07-2025,07-07-2025,2025-26
INV/2025-26/000910,66,Exam Fee,250,16-01-2026,01-01-2026,2025-26
INV/2025-26/000911,67,Tuition Fee,2000,10-07-2025,01-07-2025,2025-26
INV/2025-26/000912,67,Tuition Fee,2000,10-08-2025,01-08-2025,2025-26
INV/2025-26/000913,67,Tuition Fee,2000,10-09-2025,01-09-2025,2025-26
INV/2025-26/000914,67,Tuition Fee,2000,10-10-2025,01-10-2025,2025-26
INV/2025-26/000915,67,Tuition Fee,2000,10-11-2025,01-11-2025,2025-26
INV/2025-26/000916,67,Tuition Fee,2000,10-12-2025,01-12-2025,2025-26
INV/2025-26/000917,67,Tuition Fee,2000,10-01-2026,01-01-2026,2025-26
INV/2025-26/000918,67,Tuition Fee,2000,10-02-2026,01-02-2026,2025-26
INV/2025-26/000919,67,Tuition Fee,2000,10-03-2026,01-03-2026,2025-26
INV/2025-26/000920,67,Annual Fee,5000,22-07-2025,07-07-2025,2025-26
INV/2025-26/000921,67,Library Fee,500,22-07-2025,07-07-2025,2025-26
INV/2025-26/000922,67,Sports Fee,1000,22-07-2025,07-07-2025,2025-26
INV/2025-26/000923,67,Exam Fee,250,22-07-2025,07-07-2025,2025-26
INV/2025-26/000924,67,Exam Fee,250,16-01-2026,01-01-2026,2025-26
INV/2025-26/000925,68,Tuition Fee,2000,10-07-2025,01-07-2025,2025-26
INV/2025-26/000926,68,Tuition Fee,2000,10-08-2025,01-08-2025,2025-26
INV/2025-26/000927,68,Tuition Fee,2000,10-09-2025,01-09-2025,2025-26
INV/2025-26/000928,68,Tuition Fee,2000,10-10-2025,01-10-2025,2025-26
INV/2025-26/000929,68,Tuition Fee,2000,10-11-2025,01-11-2025,2025-26
INV/2025-26/000930,68,Tuition Fee,2000,10-12-2025,01-12-2025,2025-26
INV/2025-26/000931,68,Tuition Fee,2000,10-01-2026,01-01-2026,2025-26
INV/2025-26/000932,68,Tuition Fee,2000,10-02-2026,01-02-2026,2025-26
INV/2025-26/000933,68,Tuition Fee,2000,10-03-2026,01-03-2026,2025-26
INV/2025-26/000934,68,Annual Fee,5000,22-07-2025,07-07-2025,2025-26
INV/2025-26/000935,68,Library Fee,500,22-07-2025,07-07-2025,2025-26
INV/2025-26/000936,68,Sports Fee,1000,22-07-2025,07-07-2025,2025-26
INV/2025-26/000937,68,Exam Fee,250,22-07-2025,07-07-2025,2025-26
INV/2025-26/000938,68,Exam Fee,250,16-01-2026,01-01-2026,2025-26
INV/2025-26/000939,69,Tuition Fee,2000,10-07-2025,01-07-2025,2025-26
INV/2025-26/000940,69,Tuition Fee,2000,10-08-2025,01-08-2025,2025-26
INV/2025-26/000941,69,Tuition Fee,2000,10-09-2025,01-09-2025,2025-26
INV/2025-26/000942,69,Tuition Fee,2000,10-10-2025,01-10-2025,2025-26
INV/2025-26/000943,69,Tuition Fee,2000,10-11-2025,01-11-2025,2025-26
INV/2025-26/000944,69,Tuition Fee,2000,10-12-2025,01-12-2025,2025-26
INV/2025-26/000945,69,Tuition Fee,2000,10-01-2026,01-01-2026,2025-26
INV/2025-26/000946,69,Tuition Fee,2000,10-02-2026,01-02-2026,2025-26
INV/2025-26/000947,69,Tuition Fee,2000,10-03-2026,01-03-2026,2025-26
INV/2025-26/000948,69,Annual Fee,5000,22-07-2025,07-07-2025,2025-26
INV/2025-26/000949,69,Library Fee,500,22-07-2025,07-07-2025,2025-26
INV/2025-26/000950,69,Sports Fee,1000,22-07-2025,07-07-2025,2025-26
INV/2025-26/000951,69,Exam Fee,250,22-07-2025,07-07-2025,2025-26
INV/2025-26/000952,69,Exam Fee,250,16-01-2026,01-01-2026,2025-26
INV/2025-26/000953,70,Tuition Fee,2000,10-07-2025,01-07-2025,2025-26
INV/2025-26/000954,70,Tuition Fee,2000,10-08-2025,01-08-2025,2025-26
INV/2025-26/000955,70,Tuition Fee,2000,10-09-2025,01-09-2025,2025-26
INV/2025-26/000956,70,Tuition Fee,2000,10-10-2025,01-10-2025,2025-26
INV/2025-26/000957,70,Tuition Fee,2000,10-11-2025,01-11-2025,2025-26
INV/2025-26/000958,70,Tuition Fee,2000,10-12-2025,01-12-2025,2025-26
INV/2025-26/000959,70,Tuition Fee,2000,10-01-2026,01-01-2026,2025-26
INV/2025-26/000960,70,Tuition Fee,2000,10-02-2026,01-02-2026,2025-26
INV/2025-26/000961,70,Tuition Fee,2000,10-03-2026,01-03-2026,2025-26
INV/2025-26/000962,70,Annual Fee,5000,22-07-2025,07-07-2025,2025-26
INV/2025-26/000963,70,Library Fee,500,22-07-2025,07-07-2025,2025-26
INV/2025-26/000964,70,Sports Fee,1000,22-07-2025,07-07-2025,2025-26
INV/2025-26/000965,70,Exam Fee,250,22-07-2025,07-07-2025,2025-26
INV/2025-26/000966,70,Exam Fee,250,16-01-2026,01-01-2026,2025-26
INV/2025-26/000967,71,Tuition Fee,2000,10-07-2025,01-07-2025,2025-26
INV/2025-26/000968,71,Tuition Fee,2000,10-08-2025,01-08-2025,2025-26
INV/2025-26/000969,71,Tuition Fee,2000,10-09-2025,01-09-2025,2025-26
INV/2025-26/000970,71,Tuition Fee,2000,10-10-2025,01-10-2025,2025-26
INV/2025-26/000971,71,Tuition Fee,2000,10-11-2025,01-11-2025,2025-26
INV/2025-26/000972,71,Tuition Fee,2000,10-12-2025,01-12-2025,2025-26
INV/2025-26/000973,71,Tuition Fee,2000,10-01-2026,01-01-2026,2025-26
INV/2025-26/000974,71,Tuition Fee,2000,10-02-2026,01-02-2026,2025-26
INV/2025-26/000975,71,Tuition Fee,2000,10-03-2026,01-03-2026,2025-26
INV/2025-26/000976,71,Annual Fee,5000,22-07-2025,07-07-2025,2025-26
INV/2025-26/000977,71,Library Fee,500,22-07-2025,07-07-2025,2025-26
INV/2025-26/000978,71,Sports Fee,1000,22-07-2025,07-07-2025,2025-26
INV/2025-26/000979,71,Exam Fee,250,22-07-2025,07-07-2025,2025-26
INV/2025-26/000980,71,Exam Fee,250,16-01-2026,01-01-2026,2025-26
INV/2025-26/000981,72,Tuition Fee,2000,10-07-2025,01-07-2025,2025-26
INV/2025-26/000982,72,Tuition Fee,2000,10-08-2025,01-08-2025,2025-26
INV/2025-26/000983,72,Tuition Fee,2000,10-09-2025,01-09-2025,2025-26
INV/2025-26/000984,72,Tuition Fee,2000,10-10-2025,01-10-2025,2025-26
INV/2025-26/000985,72,Tuition Fee,2000,10-11-2025,01-11-2025,2025-26
INV/2025-26/000986,72,Tuition Fee,2000,10-12-2025,01-12-2025,2025-26
INV/2025-26/000987,72,Tuition Fee,2000,10-01-2026,01-01-2026,2025-26
INV/2025-26/000988,72,Tuition Fee,2000,10-02-2026,01-02-2026,2025-26
INV/2025-26/000989,72,Tuition Fee,2000,10-03-2026,01-03-2026,2025-26
INV/2025-26/000990,72,Annual Fee,5000,22-07-2025,07-07-2025,2025-26
INV/2025-26/000991,72,Library Fee,500,22-07-2025,07-07-2025,2025-26
INV/2025-26/000992,72,Sports Fee,1000,22-07-2025,07-07-2025,2025-26
INV/2025-26/000993,72,Exam Fee,250,22-07-2025,07-07-2025,2025-26
INV/2025-26/000994,72,Exam Fee,250,16-01-2026,01-01-2026,2025-26
INV/2025-26/000995,73,Tuition Fee,2000,10-07-2025,01-07-2025,2025-26
INV/2025-26/000996,73,Tuition Fee,2000,10-08-2025,01-08-2025,2025-26
INV/2025-26/000997,73,Tuition Fee,2000,10-09-2025,01-09-2025,2025-26
INV/2025-26/000998,73,Tuition Fee,2000,10-10-2025,01-10-2025,2025-26
INV/2025-26/000999,73,Tuition Fee,2000,10-11-2025,01-11-2025,2025-26
INV/2025-26/001000,73,Tuition Fee,2000,10-12-2025,01-12-2025,2025-26
INV/2025-26/001001,73,Tuition Fee,2000,10-01-2026,01-01-2026,2025-26
INV/2025-26/001002,73,Tuition Fee,2000,10-02-2026,01-02-2026,2025-26
INV/2025-26/001003,73,Tuition Fee,2000,10-03-2026,01-03-2026,2025-26
INV/2025-26/001004,73,Annual Fee,5000,22-07-2025,07-07-2025,2025-26
INV/2025-26/001005,73,Library Fee,500,22-07-2025,07-07-2025,2025-26
INV/2025-26/001006,73,Sports Fee,1000,22-07-2025,07-07-2025,2025-26
INV/2025-26/001007,73,Exam Fee,250,22-07-2025,07-07-2025,2025-26
INV/2025-26/001008,73,Exam Fee,250,16-01-2026,01-01-2026,2025-26
INV/2025-26/001009,74,Tuition Fee,2000,10-07-2025,01-07-2025,2025-26
INV/2025-26/001010,74,Tuition Fee,2000,10-08-2025,01-08-2025,2025-26
INV/2025-26/001011,74,Tuition Fee,2000,10-09-2025,01-09-2025,2025-26
INV/2025-26/001012,74,Tuition Fee,2000,10-10-2025,01-10-2025,2025-26
INV/2025-26/001013,74,Tuition Fee,2000,10-11-2025,01-11-2025,2025-26
INV/2025-26/001014,74,Tuition Fee,2000,10-12-2025,01-12-2025,2025-26
INV/2025-26/001015,74,Tuition Fee,2000,10-01-2026,01-01-2026,2025-26
INV/2025-26/001016,74,Tuition Fee,2000,10-02-2026,01-02-2026,2025-26
INV/2025-26/001017,74,Tuition Fee,2000,10-03-2026,01-03-2026,2025-26
INV/2025-26/001018,74,Annual Fee,5000,22-07-2025,07-07-2025,2025-26
INV/2025-26/001019,74,Library Fee,500,22-07-2025,07-07-2025,2025-26
INV/2025-26/001020,74,Sports Fee,1000,22-07-2025,07-07-2025,2025-26
INV/2025-26/001021,74,Exam Fee,250,22-07-2025,07-07-2025,2025-26
INV/2025-26/001022,74,Exam Fee,250,16-01-2026,01-01-2026,2025-26
INV/2025-26/001023,75,Tuition Fee,2000,10-07-2025,01-07-2025,2025-26
INV/2025-26/001024,75,Tuition Fee,2000,10-08-2025,01-08-2025,2025-26
INV/2025-26/001025,75,Tuition Fee,2000,10-09-2025,01-09-2025,2025-26
INV/2025-26/001026,75,Tuition Fee,2000,10-10-2025,01-10-2025,2025-26
INV/2025-26/001027,75,Tuition Fee,2000,10-11-2025,01-11-2025,2025-26
INV/2025-26/001028,75,Tuition Fee,2000,10-12-2025,01-12-2025,2025-26
INV/2025-26/001029,75,Tuition Fee,2000,10-01-2026,01-01-2026,2025-26
INV/2025-26/001030,75,Tuition Fee,2000,10-02-2026,01-02-2026,2025-26
INV/2025-26/001031,75,Tuition Fee,2000,10-03-2026,01-03-2026,2025-26
INV/2025-26/001032,75,Annual Fee,5000,22-07-2025,07-07-2025,2025-26
INV/2025-26/001033,75,Library Fee,500,22-07-2025,07-07-2025,2025-26
INV/2025-26/001034,75,Sports Fee,1000,22-07-2025,07-07-2025,2025-26
INV/2025-26/001035,75,Exam Fee,250,22-07-2025,07-07-2025,2025-26
INV/2025-26/001036,75,Exam Fee,250,16-01-2026,01-01-2026,2025-26
INV/2025-26/001037,76,Tuition Fee,2000,10-07-2025,01-07-2025,2025-26
INV/2025-26/001038,76,Tuition Fee,2000,10-08-2025,01-08-2025,2025-26
INV/2025-26/001039,76,Tuition Fee,2000,10-09-2025,01-09-2025,2025-26
INV/2025-26/001040,76,Tuition Fee,2000,10-10-2025,01-10-2025,2025-26
INV/2025-26/001041,76,Tuition Fee,2000,10-11-2025,01-11-2025,2025-26
INV/2025-26/001042,76,Tuition Fee,2000,10-12-2025,01-12-2025,2025-26
INV/2025-26/001043,76,Tuition Fee,2000,10-01-2026,01-01-2026,2025-26
INV/2025-26/001044,76,Tuition Fee,2000,10-02-2026,01-02-2026,2025-26
INV/2025-26/001045,76,Tuition Fee,2000,10-03-2026,01-03-2026,2025-26
INV/2025-26/001046,76,Annual Fee,5000,22-07-2025,07-07-2025,2025-26
INV/2025-26/001047,76,Library Fee,500,22-07-2025,07-07-2025,2025-26
INV/2025-26/001048,76,Sports Fee,1000,22-07-2025,07-07-2025,2025-26
INV/2025-26/001049,76,Exam Fee,250,22-07-2025,07-07-2025,2025-26
INV/2025-26/001050,76,Exam Fee,250,16-01-2026,01-01-2026,2025-26
INV/2025-26/001051,77,Tuition Fee,2000,10-07-2025,01-07-2025,2025-26
INV/2025-26/001052,77,Tuition Fee,2000,10-08-2025,01-08-2025,2025-26
INV/2025-26/001053,77,Tuition Fee,2000,10-09-2025,01-09-2025,2025-26
INV/2025-26/001054,77,Tuition Fee,2000,10-10-2025,01-10-2025,2025-26
INV/2025-26/001055,77,Tuition Fee,2000,10-11-2025,01-11-2025,2025-26
INV/2025-26/001056,77,Tuition Fee,2000,10-12-2025,01-12-2025,2025-26
INV/2025-26/001057,77,Tuition Fee,2000,10-01-2026,01-01-2026,2025-26
INV/2025-26/001058,77,Tuition Fee,2000,10-02-2026,01-02-2026,2025-26
INV/2025-26/001059,77,Tuition Fee,2000,10-03-2026,01-03-2026,2025-26
INV/2025-26/001060,77,Annual Fee,5000,22-07-2025,07-07-2025,2025-26
INV/2025-26/001061,77,Library Fee,500,22-07-2025,07-07-2025,2025-26
INV/2025-26/001062,77,Sports Fee,1000,22-07-2025,07-07-2025,2025-26
INV/2025-26/001063,77,Exam Fee,250,22-07-2025,07-07-2025,2025-26
INV/2025-26/001064,77,Exam Fee,250,16-01-2026,01-01-2026,2025-26
INV/2025-26/001065,78,Tuition Fee,2000,10-07-2025,01-07-2025,2025-26
INV/2025-26/001066,78,Tuition Fee,2000,10-08-2025,01-08-2025,2025-26
INV/2025-26/001067,78,Tuition Fee,2000,10-09-2025,01-09-2025,2025-26
INV/2025-26/001068,78,Tuition Fee,2000,10-10-2025,01-10-2025,2025-26
INV/2025-26/001069,78,Tuition Fee,2000,10-11-2025,01-11-2025,2025-26
INV/2025-26/001070,78,Tuition Fee,2000,10-12-2025,01-12-2025,2025-26
INV/2025-26/001071,78,Tuition Fee,2000,10-01-2026,01-01-2026,2025-26
INV/2025-26/001072,78,Tuition Fee,2000,10-02-2026,01-02-2026,2025-26
INV/2025-26/001073,78,Tuition Fee,2000,10-03-2026,01-03-2026,2025-26
INV/2025-26/001074,78,Annual Fee,5000,22-07-2025,07-07-2025,2025-26
INV/2025-26/001075,78,Library Fee,500,22-07-2025,07-07-2025,2025-26
INV/2025-26/001076,78,Sports Fee,1000,22-07-2025,07-07-2025,2025-26
INV/2025-26/001077,78,Exam Fee,250,22-07-2025,07-07-2025,2025-26
INV/2025-26/001078,78,Exam Fee,250,16-01-2026,01-01-2026,2025-26
INV/2025-26/001079,79,Tuition Fee,2000,10-07-2025,01-07-2025,2025-26
INV/2025-26/001080,79,Tuition Fee,2000,10-08-2025,01-08-2025,2025-26
INV/2025-26/001081,79,Tuition Fee,2000,10-09-2025,01-09-2025,2025-26
INV/2025-26/001082,79,Tuition Fee,2000,10-10-2025,01-10-2025,2025-26
INV/2025-26/001083,79,Tuition Fee,2000,10-11-2025,01-11-2025,2025-26
INV/2025-26/001084,79,Tuition Fee,2000,10-12-2025,01-12-2025,2025-26
INV/2025-26/001085,79,Tuition Fee,2000,10-01-2026,01-01-2026,2025-26
INV/2025-26/001086,79,Tuition Fee,2000,10-02-2026,01-02-2026,2025-26
INV/2025-26/001087,79,Tuition Fee,2000,10-03-2026,01-03-2026,2025-26
INV/2025-26/001088,79,Annual Fee,5000,22-07-2025,07-07-2025,2025-26
INV/2025-26/001089,79,Library Fee,500,22-07-2025,07-07-2025,2025-26
INV/2025-26/001090,79,Sports Fee,1000,22-07-2025,07-07-2025,2025-26
INV/2025-26/001091,79,Exam Fee,250,22-07-2025,07-07-2025,2025-26
INV/2025-26/001092,79,Exam Fee,250,16-01-2026,01-01-2026,2025-26
INV/2025-26/001093,80,Tuition Fee,2000,10-07-2025,01-07-2025,2025-26
INV/2025-26/001094,80,Tuition Fee,2000,10-08-2025,01-08-2025,2025-26
INV/2025-26/001095,80,Tuition Fee,2000,10-09-2025,01-09-2025,2025-26
INV/2025-26/001096,80,Tuition Fee,2000,10-10-2025,01-10-2025,2025-26
INV/2025-26/001097,80,Tuition Fee,2000,10-11-2025,01-11-2025,2025-26
INV/2025-26/001098,80,Tuition Fee,2000,10-12-2025,01-12-2025,2025-26
INV/2025-26/001099,80,Tuition Fee,2000,10-01-2026,01-01-2026,2025-26
INV/2025-26/001100,80,Tuition Fee,2000,10-02-2026,01-02-2026,2025-26
INV/2025-26/001101,80,Tuition Fee,2000,10-03-2026,01-03-2026,2025-26
INV/2025-26/001102,80,Annual Fee,5000,22-07-2025,07-07-2025,2025-26
INV/2025-26/001103,80,Library Fee,500,22-07-2025,07-07-2025,2025-26
INV/2025-26/001104,80,Sports Fee,1000,22-07-2025,07-07-2025,2025-26
INV/2025-26/001105,80,Exam Fee,250,22-07-2025,07-07-2025,2025-26
INV/2025-26/001106,80,Exam Fee,250,16-01-2026,01-01-2026,2025-26
INV/2025-26/001107,81,Tuition Fee,2000,10-07-2025,01-07-2025,2025-26
INV/2025-26/001108,81,Tuition Fee,2000,10-08-2025,01-08-2025,2025-26
INV/2025-26/001109,81,Tuition Fee,2000,10-09-2025,01-09-2025,2025-26
INV/2025-26/001110,81,Tuition Fee,2000,10-10-2025,01-10-2025,2025-26
INV/2025-26/001111,81,Tuition Fee,2000,10-11-2025,01-11-2025,2025-26
INV/2025-26/001112,81,Tuition Fee,2000,10-12-2025,01-12-2025,2025-26
INV/2025-26/001113,81,Tuition Fee,2000,10-01-2026,01-01-2026,2025-26
INV/2025-26/001114,81,Tuition Fee,2000,10-02-2026,01-02-2026,2025-26
INV/2025-26/001115,81,Tuition Fee,2000,10-03-2026,01-03-2026,2025-26
INV/2025-26/001116,81,Annual Fee,5000,22-07-2025,07-07-2025,2025-26
INV/2025-26/001117,81,Library Fee,500,22-07-2025,07-07-2025,2025-26
INV/2025-26/001118,81,Sports Fee,1000,22-07-2025,07-07-2025,2025-26
INV/2025-26/001119,81,Exam Fee,250,22-07-2025,07-07-2025,2025-26
INV/2025-26/001120,81,Exam Fee,250,16-01-2026,01-01-2026,2025-26
INV/2025-26/001121,82,Tuition Fee,2000,10-07-2025,01-07-2025,2025-26
INV/2025-26/001122,82,Tuition Fee,2000,10-08-2025,01-08-2025,2025-26
INV/2025-26/001123,82,Tuition Fee,2000,10-09-2025,01-09-2025,2025-26
INV/2025-26/001124,82,Tuition Fee,2000,10-10-2025,01-10-2025,2025-26
INV/2025-26/001125,82,Tuition Fee,2000,10-11-2025,01-11-2025,2025-26
INV/2025-26/001126,82,Tuition Fee,2000,10-12-2025,01-12-2025,2025-26
INV/2025-26/001127,82,Tuition Fee,2000,10-01-2026,01-01-2026,2025-26
INV/2025-26/001128,82,Tuition Fee,2000,10-02-2026,01-02-2026,2025-26
INV/2025-26/001129,82,Tuition Fee,2000,10-03-2026,01-03-2026,2025-26
INV/2025-26/001130,82,Annual Fee,5000,22-07-2025,07-07-2025,2025-26
INV/2025-26/001131,82,Library Fee,500,22-07-2025,07-07-2025,2025-26
INV/2025-26/001132,82,Sports Fee,1000,22-07-2025,07-07-2025,2025-26
INV/2025-26/001133,82,Exam Fee,250,22-07-2025,07-07-2025,2025-26
INV/2025-26/001134,82,Exam Fee,250,16-01-2026,01-01-2026,2025-26
INV/2025-26/001135,83,Tuition Fee,2000,10-07-2025,01-07-2025,2025-26
INV/2025-26/001136,83,Tuition Fee,2000,10-08-2025,01-08-2025,2025-26
INV/2025-26/001137,83,Tuition Fee,2000,10-09-2025,01-09-2025,2025-26
INV/2025-26/001138,83,Tuition Fee,2000,10-10-2025,01-10-2025,2025-26
INV/2025-26/001139,83,Tuition Fee,2000,10-11-2025,01-11-2025,2025-26
INV/2025-26/001140,83,Tuition Fee,2000,10-12-2025,01-12-2025,2025-26
INV/2025-26/001141,83,Tuition Fee,2000,10-01-2026,01-01-2026,2025-26
INV/2025-26/001142,83,Tuition Fee,2000,10-02-2026,01-02-2026,2025-26
INV/2025-26/001143,83,Tuition Fee,2000,10-03-2026,01-03-2026,2025-26
INV/2025-26/001144,83,Annual Fee,5000,22-07-2025,07-07-2025,2025-26
INV/2025-26/001145,83,Library Fee,500,22-07-2025,07-07-2025,2025-26
INV/2025-26/001146,83,Sports Fee,1000,22-07-2025,07-07-2025,2025-26
INV/2025-26/001147,83,Exam Fee,250,22-07-2025,07-07-2025,2025-26
INV/2025-26/001148,83,Exam Fee,250,16-01-2026,01-01-2026,2025-26
INV/2025-26/001149,84,Tuition Fee,2000,10-07-2025,01-07-2025,2025-26
INV/2025-26/001150,84,Tuition Fee,2000,10-08-2025,01-08-2025,2025-26
INV/2025-26/001151,84,Tuition Fee,2000,10-09-2025,01-09-2025,2025-26
INV/2025-26/001152,84,Tuition Fee,2000,10-10-2025,01-10-2025,2025-26
INV/2025-26/001153,84,Tuition Fee,2000,10-11-2025,01-11-2025,2025-26
INV/2025-26/001154,84,Tuition Fee,2000,10-12-2025,01-12-2025,2025-26
INV/2025-26/001155,84,Tuition Fee,2000,10-01-2026,01-01-2026,2025-26
INV/2025-26/001156,84,Tuition Fee,2000,10-02-2026,01-02-2026,2025-26
INV/2025-26/001157,84,Tuition Fee,2000,10-03-2026,01-03-2026,2025-26
INV/2025-26/001158,84,Annual Fee,5000,22-07-2025,07-07-2025,2025-26
INV/2025-26/001159,84,Library Fee,500,22-07-2025,07-07-2025,2025-26
INV/2025-26/001160,84,Sports Fee,1000,22-07-2025,07-07-2025,2025-26
INV/2025-26/001161,84,Exam Fee,250,22-07-2025,07-07-2025,2025-26
INV/2025-26/001162,84,Exam Fee,250,16-01-2026,01-01-2026,2025-26
INV/2025-26/001163,85,Tuition Fee,2000,10-07-2025,01-07-2025,2025-26
INV/2025-26/001164,85,Tuition Fee,2000,10-08-2025,01-08-2025,2025-26
INV/2025-26/001165,85,Tuition Fee,2000,10-09-2025,01-09-2025,2025-26
INV/2025-26/001166,85,Tuition Fee,2000,10-10-2025,01-10-2025,2025-26
INV/2025-26/001167,85,Tuition Fee,2000,10-11-2025,01-11-2025,2025-26
INV/2025-26/001168,85,Tuition Fee,2000,10-12-2025,01-12-2025,2025-26
INV/2025-26/001169,85,Tuition Fee,2000,10-01-2026,01-01-2026,2025-26
INV/2025-26/001170,85,Tuition Fee,2000,10-02-2026,01-02-2026,2025-26
INV/2025-26/001171,85,Tuition Fee,2000,10-03-2026,01-03-2026,2025-26
INV/2025-26/001172,85,Annual Fee,5000,22-07-2025,07-07-2025,2025-26
INV/2025-26/001173,85,Library Fee,500,22-07-2025,07-07-2025,2025-26
INV/2025-26/001174,85,Sports Fee,1000,22-07-2025,07-07-2025,2025-26
INV/2025-26/001175,85,Exam Fee,250,22-07-2025,07-07-2025,2025-26
INV/2025-26/001176,85,Exam Fee,250,16-01-2026,01-01-2026,2025-26
INV/2025-26/001177,86,Tuition Fee,2000,10-07-2025,01-07-2025,2025-26
INV/2025-26/001178,86,Tuition Fee,2000,10-08-2025,01-08-2025,2025-26
INV/2025-26/001179,86,Tuition Fee,2000,10-09-2025,01-09-2025,2025-26
INV/2025-26/001180,86,Tuition Fee,2000,10-10-2025,01-10-2025,2025-26
INV/2025-26/001181,86,Tuition Fee,2000,10-11-2025,01-11-2025,2025-26
INV/2025-26/001182,86,Tuition Fee,2000,10-12-2025,01-12-2025,2025-26
INV/2025-26/001183,86,Tuition Fee,2000,10-01-2026,01-01-2026,2025-26
INV/2025-26/001184,86,Tuition Fee,2000,10-02-2026,01-02-2026,2025-26
INV/2025-26/001185,86,Tuition Fee,2000,10-03-2026,01-03-2026,2025-26
INV/2025-26/001186,86,Annual Fee,5000,22-07-2025,07-07-2025,2025-26
INV/2025-26/001187,86,Library Fee,500,22-07-2025,07-07-2025,2025-26
INV/2025-26/001188,86,Sports Fee,1000,22-07-2025,07-07-2025,2025-26
INV/2025-26/001189,86,Exam Fee,250,22-07-2025,07-07-2025,2025-26
INV/2025-26/001190,86,Exam Fee,250,16-01-2026,01-01-2026,2025-26
INV/2025-26/001191,87,Tuition Fee,2000,10-07-2025,01-07-2025,2025-26
INV/2025-26/001192,87,Tuition Fee,2000,10-08-2025,01-08-2025,2025-26
INV/2025-26/001193,87,Tuition Fee,2000,10-09-2025,01-09-2025,2025-26
INV/2025-26/001194,87,Tuition Fee,2000,10-10-2025,01-10-2025,2025-26
INV/2025-26/001195,87,Tuition Fee,2000,10-11-2025,01-11-2025,2025-26
INV/2025-26/001196,87,Tuition Fee,2000,10-12-2025,01-12-2025,2025-26
INV/2025-26/001197,87,Tuition Fee,2000,10-01-2026,01-01-2026,2025-26
INV/2025-26/001198,87,Tuition Fee,2000,10-02-2026,01-02-2026,2025-26
INV/2025-26/001199,87,Tuition Fee,2000,10-03-2026,01-03-2026,2025-26
INV/2025-26/001200,87,Annual Fee,5000,22-07-2025,07-07-2025,2025-26
INV/2025-26/001201,87,Library Fee,500,22-07-2025,07-07-2025,2025-26
INV/2025-26/001202,87,Sports Fee,1000,22-07-2025,07-07-2025,2025-26
INV/2025-26/001203,87,Exam Fee,250,22-07-2025,07-07-2025,2025-26
INV/2025-26/001204,87,Exam Fee,250,16-01-2026,01-01-2026,2025-26
INV/2025-26/001205,88,Tuition Fee,2000,10-07-2025,01-07-2025,2025-26
INV/2025-26/001206,88,Tuition Fee,2000,10-08-2025,01-08-2025,2025-26
INV/2025-26/001207,88,Tuition Fee,2000,10-09-2025,01-09-2025,2025-26
INV/2025-26/001208,88,Tuition Fee,2000,10-10-2025,01-10-2025,2025-26
INV/2025-26/001209,88,Tuition Fee,2000,10-11-2025,01-11-2025,2025-26
INV/2025-26/001210,88,Tuition Fee,2000,10-12-2025,01-12-2025,2025-26
INV/2025-26/001211,88,Tuition Fee,2000,10-01-2026,01-01-2026,2025-26
INV/2025-26/001212,88,Tuition Fee,2000,10-02-2026,01-02-2026,2025-26
INV/2025-26/001213,88,Tuition Fee,2000,10-03-2026,01-03-2026,2025-26
INV/2025-26/001214,88,Annual Fee,5000,22-07-2025,07-07-2025,2025-26
INV/2025-26/001215,88,Library Fee,500,22-07-2025,07-07-2025,2025-26
INV/2025-26/001216,88,Sports Fee,1000,22-07-2025,07-07-2025,2025-26
INV/2025-26/001217,88,Exam Fee,250,22-07-2025,07-07-2025,2025-26
INV/2025-26/001218,88,Exam Fee,250,16-01-2026,01-01-2026,2025-26
INV/2025-26/001219,89,Tuition Fee,2000,10-07-2025,01-07-2025,2025-26
INV/2025-26/001220,89,Tuition Fee,2000,10-08-2025,01-08-2025,2025-26
INV/2025-26/001221,89,Tuition Fee,2000,10-09-2025,01-09-2025,2025-26
INV/2025-26/001222,89,Tuition Fee,2000,10-10-2025,01-10-2025,2025-26
INV/2025-26/001223,89,Tuition Fee,2000,10-11-2025,01-11-2025,2025-26
INV/2025-26/001224,89,Tuition Fee,2000,10-12-2025,01-12-2025,2025-26
INV/2025-26/001225,89,Tuition Fee,2000,10-01-2026,01-01-2026,2025-26
INV/2025-26/001226,89,Tuition Fee,2000,10-02-2026,01-02-2026,2025-26
INV/2025-26/001227,89,Tuition Fee,2000,10-03-2026,01-03-2026,2025-26
INV/2025-26/001228,89,Annual Fee,5000,22-07-2025,07-07-2025,2025-26
INV/2025-26/001229,89,Library Fee,500,22-07-2025,07-07-2025,2025-26
INV/2025-26/001230,89,Sports Fee,1000,22-07-2025,07-07-2025,2025-26
INV/2025-26/001231,89,Exam Fee,250,22-07-2025,07-07-2025,2025-26
INV/2025-26/001232,89,Exam Fee,250,16-01-2026,01-01-2026,2025-26
INV/2025-26/001233,90,Tuition Fee,2000,10-07-2025,01-07-2025,2025-26
INV/2025-26/001234,90,Tuition Fee,2000,10-08-2025,01-08-2025,2025-26
INV/2025-26/001235,90,Tuition Fee,2000,10-09-2025,01-09-2025,2025-26
INV/2025-26/001236,90,Tuition Fee,2000,10-10-2025,01-10-2025,2025-26
INV/2025-26/001237,90,Tuition Fee,2000,10-11-2025,01-11-2025,2025-26
INV/2025-26/001238,90,Tuition Fee,2000,10-12-2025,01-12-2025,2025-26
INV/2025-26/001239,90,Tuition Fee,2000,10-01-2026,01-01-2026,2025-26
INV/2025-26/001240,90,Tuition Fee,2000,10-02-2026,01-02-2026,2025-26
INV/2025-26/001241,90,Tuition Fee,2000,10-03-2026,01-03-2026,2025-26
INV/2025-26/001242,90,Annual Fee,5000,22-07-2025,07-07-2025,2025-26
INV/2025-26/001243,90,Library Fee,500,22-07-2025,07-07-2025,2025-26
INV/2025-26/001244,90,Sports Fee,1000,22-07-2025,07-07-2025,2025-26
INV/2025-26/001245,90,Exam Fee,250,22-07-2025,07-07-2025,2025-26
INV/2025-26/001246,90,Exam Fee,250,16-01-2026,01-01-2026,2025-26
INV/2025-26/001247,91,Tuition Fee,2000,10-07-2025,01-07-2025,2025-26
INV/2025-26/001248,91,Tuition Fee,2000,10-08-2025,01-08-2025,2025-26
INV/2025-26/001249,91,Tuition Fee,2000,10-09-2025,01-09-2025,2025-26
INV/2025-26/001250,91,Tuition Fee,2000,10-10-2025,01-10-2025,2025-26
INV/2025-26/001251,91,Tuition Fee,2000,10-11-2025,01-11-2025,2025-26
INV/2025-26/001252,91,Tuition Fee,2000,10-12-2025,01-12-2025,2025-26
INV/2025-26/001253,91,Tuition Fee,2000,10-01-2026,01-01-2026,2025-26
INV/2025-26/001254,91,Tuition Fee,2000,10-02-2026,01-02-2026,2025-26
INV/2025-26/001255,91,Tuition Fee,2000,10-03-2026,01-03-2026,2025-26
INV/2025-26/001256,91,Annual Fee,5000,22-07-2025,07-07-2025,2025-26
INV/2025-26/001257,91,Library Fee,500,22-07-2025,07-07-2025,2025-26
INV/2025-26/001258,91,Sports Fee,1000,22-07-2025,07-07-2025,2025-26
INV/2025-26/001259,91,Exam Fee,250,22-07-2025,07-07-2025,2025-26
INV/2025-26/001260,91,Exam Fee,250,16-01-2026,01-01-2026,2025-26
INV/2025-26/001261,92,Tuition Fee,2000,10-07-2025,01-07-2025,2025-26
INV/2025-26/001262,92,Tuition Fee,2000,10-08-2025,01-08-2025,2025-26
INV/2025-26/001263,92,Tuition Fee,2000,10-09-2025,01-09-2025,2025-26
INV/2025-26/001264,92,Tuition Fee,2000,10-10-2025,01-10-2025,2025-26
INV/2025-26/001265,92,Tuition Fee,2000,10-11-2025,01-11-2025,2025-26
INV/2025-26/001266,92,Tuition Fee,2000,10-12-2025,01-12-2025,2025-26
INV/2025-26/001267,92,Tuition Fee,2000,10-01-2026,01-01-2026,2025-26
INV/2025-26/001268,92,Tuition Fee,2000,10-02-2026,01-02-2026,2025-26
INV/2025-26/001269,92,Tuition Fee,2000,10-03-2026,01-03-2026,2025-26
INV/2025-26/001270,92,Annual Fee,5000,22-07-2025,07-07-2025,2025-26
INV/2025-26/001271,92,Library Fee,500,22-07-2025,07-07-2025,2025-26
INV/2025-26/001272,92,Sports Fee,1000,22-07-2025,07-07-2025,2025-26
INV/2025-26/001273,92,Exam Fee,250,22-07-2025,07-07-2025,2025-26
INV/2025-26/001274,92,Exam Fee,250,16-01-2026,01-01-2026,2025-26
INV/2025-26/001275,93,Tuition Fee,2500,10-07-2025,01-07-2025,2025-26
INV/2025-26/001276,93,Tuition Fee,2500,10-08-2025,01-08-2025,2025-26
INV/2025-26/001277,93,Tuition Fee,2500,10-09-2025,01-09-2025,2025-26
INV/2025-26/001278,93,Tuition Fee,2500,10-10-2025,01-10-2025,2025-26
INV/2025-26/001279,93,Tuition Fee,2500,10-11-2025,01-11-2025,2025-26
INV/2025-26/001280,93,Tuition Fee,2500,10-12-2025,01-12-2025,2025-26
INV/2025-26/001281,93,Tuition Fee,2500,10-01-2026,01-01-2026,2025-26
INV/2025-26/001282,93,Tuition Fee,2500,10-02-2026,01-02-2026,2025-26
INV/2025-26/001283,93,Tuition Fee,2500,10-03-2026,01-03-2026,2025-26
INV/2025-26/001284,93,Annual Fee,6000,22-07-2025,07-07-2025,2025-26
INV/2025-26/001285,93,Lab Fee,1000,22-07-2025,07-07-2025,2025-26
INV/2025-26/001286,93,Library Fee,500,22-07-2025,07-07-2025,2025-26
INV/2025-26/001287,93,Sports Fee,1000,22-07-2025,07-07-2025,2025-26
INV/2025-26/001288,93,Exam Fee,375,22-07-2025,07-07-2025,2025-26
INV/2025-26/001289,93,Exam Fee,375,16-01-2026,01-01-2026,2025-26
INV/2025-26/001290,94,Tuition Fee,2500,10-07-2025,01-07-2025,2025-26
INV/2025-26/001291,94,Tuition Fee,2500,10-08-2025,01-08-2025,2025-26
INV/2025-26/001292,94,Tuition Fee,2500,10-09-2025,01-09-2025,2025-26
INV/2025-26/001293,94,Tuition Fee,2500,10-10-2025,01-10-2025,2025-26
INV/2025-26/001294,94,Tuition Fee,2500,10-11-2025,01-11-2025,2025-26
INV/2025-26/001295,94,Tuition Fee,2500,10-12-2025,01-12-2025,2025-26
INV/2025-26/001296,94,Tuition Fee,2500,10-01-2026,01-01-2026,2025-26
INV/2025-26/001297,94,Tuition Fee,2500,10-02-2026,01-02-2026,2025-26
INV/2025-26/001298,94,Tuition Fee,2500,10-03-2026,01-03-2026,2025-26
INV/2025-26/001299,94,Annual Fee,6000,22-07-2025,07-07-2025,2025-26
INV/2025-26/001300,94,Lab Fee,1000,22-07-2025,07-07-2025,2025-26
INV/2025-26/001301,94,Library Fee,500,22-07-2025,07-07-2025,2025-26
INV/2025-26/001302,94,Sports Fee,1000,22-07-2025,07-07-2025,2025-26
INV/2025-26/001303,94,Exam Fee,375,22-07-2025,07-07-2025,2025-26
INV/2025-26/001304,94,Exam Fee,375,16-01-2026,01-01-2026,2025-26
INV/2025-26/001305,95,Tuition Fee,2500,10-07-2025,01-07-2025,2025-26
INV/2025-26/001306,95,Tuition Fee,2500,10-08-2025,01-08-2025,2025-26
INV/2025-26/001307,95,Tuition Fee,2500,10-09-2025,01-09-2025,2025-26
INV/2025-26/001308,95,Tuition Fee,2500,10-10-2025,01-10-2025,2025-26
INV/2025-26/001309,95,Tuition Fee,2500,10-11-2025,01-11-2025,2025-26
INV/2025-26/001310,95,Tuition Fee,2500,10-12-2025,01-12-2025,2025-26
INV/2025-26/001311,95,Tuition Fee,2500,10-01-2026,01-01-2026,2025-26
INV/2025-26/001312,95,Tuition Fee,2500,10-02-2026,01-02-2026,2025-26
INV/2025-26/001313,95,Tuition Fee,2500,10-03-2026,01-03-2026,2025-26
INV/2025-26/001314,95,Annual Fee,6000,22-07-2025,07-07-2025,2025-26
INV/2025-26/001315,95,Lab Fee,1000,22-07-2025,07-07-2025,2025-26
INV/2025-26/001316,95,Library Fee,500,22-07-2025,07-07-2025,2025-26
INV/2025-26/001317,95,Sports Fee,1000,22-07-2025,07-07-2025,2025-26
INV/2025-26/001318,95,Exam Fee,375,22-07-2025,07-07-2025,2025-26
INV/2025-26/001319,95,Exam Fee,375,16-01-2026,01-01-2026,2025-26
INV/2025-26/001320,96,Tuition Fee,2500,10-07-2025,01-07-2025,2025-26
INV/2025-26/001321,96,Tuition Fee,2500,10-08-2025,01-08-2025,2025-26
INV/2025-26/001322,96,Tuition Fee,2500,10-09-2025,01-09-2025,2025-26
INV/2025-26/001323,96,Tuition Fee,2500,10-10-2025,01-10-2025,2025-26
INV/2025-26/001324,96,Tuition Fee,2500,10-11-2025,01-11-2025,2025-26
INV/2025-26/001325,96,Tuition Fee,2500,10-12-2025,01-12-2025,2025-26
INV/2025-26/001326,96,Tuition Fee,2500,10-01-2026,01-01-2026,2025-26
INV/2025-26/001327,96,Tuition Fee,2500,10-02-2026,01-02-2026,2025-26
INV/2025-26/001328,96,Tuition Fee,2500,10-03-2026,01-03-2026,2025-26
INV/2025-26/001329,96,Annual Fee,6000,22-07-2025,07-07-2025,2025-26
INV/2025-26/001330,96,Lab Fee,1000,22-07-2025,07-07-2025,2025-26
INV/2025-26/001331,96,Library Fee,500,22-07-2025,07-07-2025,2025-26
INV/2025-26/001332,96,Sports Fee,1000,22-07-2025,07-07-2025,2025-26
INV/2025-26/001333,96,Exam Fee,375,22-07-2025,07-07-2025,2025-26
INV/2025-26/001334,96,Exam Fee,375,16-01-2026,01-01-2026,2025-26
INV/2025-26/001335,97,Tuition Fee,2500,10-07-2025,01-07-2025,2025-26
INV/2025-26/001336,97,Tuition Fee,2500,10-08-2025,01-08-2025,2025-26
INV/2025-26/001337,97,Tuition Fee,2500,10-09-2025,01-09-2025,2025-26
INV/2025-26/001338,97,Tuition Fee,2500,10-10-2025,01-10-2025,2025-26
INV/2025-26/001339,97,Tuition Fee,2500,10-11-2025,01-11-2025,2025-26
INV/2025-26/001340,97,Tuition Fee,2500,10-12-2025,01-12-2025,2025-26
INV/2025-26/001341,97,Tuition Fee,2500,10-01-2026,01-01-2026,2025-26
INV/2025-26/001342,97,Tuition Fee,2500,10-02-2026,01-02-2026,2025-26
INV/2025-26/001343,97,Tuition Fee,2500,10-03-2026,01-03-2026,2025-26
INV/2025-26/001344,97,Annual Fee,6000,22-07-2025,07-07-2025,2025-26
INV/2025-26/001345,97,Lab Fee,1000,22-07-2025,07-07-2025,2025-26
INV/2025-26/001346,97,Library Fee,500,22-07-2025,07-07-2025,2025-26
INV/2025-26/001347,97,Sports Fee,1000,22-07-2025,07-07-2025,2025-26
INV/2025-26/001348,97,Exam Fee,375,22-07-2025,07-07-2025,2025-26
INV/2025-26/001349,97,Exam Fee,375,16-01-2026,01-01-2026,2025-26
INV/2025-26/001350,98,Tuition Fee,2500,10-07-2025,01-07-2025,2025-26
INV/2025-26/001351,98,Tuition Fee,2500,10-08-2025,01-08-2025,2025-26
INV/2025-26/001352,98,Tuition Fee,2500,10-09-2025,01-09-2025,2025-26
INV/2025-26/001353,98,Tuition Fee,2500,10-10-2025,01-10-2025,2025-26
INV/2025-26/001354,98,Tuition Fee,2500,10-11-2025,01-11-2025,2025-26
INV/2025-26/001355,98,Tuition Fee,2500,10-12-2025,01-12-2025,2025-26
INV/2025-26/001356,98,Tuition Fee,2500,10-01-2026,01-01-2026,2025-26
INV/2025-26/001357,98,Tuition Fee,2500,10-02-2026,01-02-2026,2025-26
INV/2025-26/001358,98,Tuition Fee,2500,10-03-2026,01-03-2026,2025-26
INV/2025-26/001359,98,Annual Fee,6000,22-07-2025,07-07-2025,2025-26
INV/2025-26/001360,98,Lab Fee,1000,22-07-2025,07-07-2025,2025-26
INV/2025-26/001361,98,Library Fee,500,22-07-2025,07-07-2025,2025-26
INV/2025-26/001362,98,Sports Fee,1000,22-07-2025,07-07-2025,2025-26
INV/2025-26/001363,98,Exam Fee,375,22-07-2025,07-07-2025,2025-26
INV/2025-26/001364,98,Exam Fee,375,16-01-2026,01-01-2026,2025-26
INV/2025-26/001365,99,Tuition Fee,2500,10-07-2025,01-07-2025,2025-26
INV/2025-26/001366,99,Tuition Fee,2500,10-08-2025,01-08-2025,2025-26
INV/2025-26/001367,99,Tuition Fee,2500,10-09-2025,01-09-2025,2025-26
INV/2025-26/001368,99,Tuition Fee,2500,10-10-2025,01-10-2025,2025-26
INV/2025-26/001369,99,Tuition Fee,2500,10-11-2025,01-11-2025,2025-26
INV/2025-26/001370,99,Tuition Fee,2500,10-12-2025,01-12-2025,2025-26
INV/2025-26/001371,99,Tuition Fee,2500,10-01-2026,01-01-2026,2025-26
INV/2025-26/001372,99,Tuition Fee,2500,10-02-2026,01-02-2026,2025-26
INV/2025-26/001373,99,Tuition Fee,2500,10-03-2026,01-03-2026,2025-26
INV/2025-26/001374,99,Annual Fee,6000,22-07-2025,07-07-2025,2025-26
INV/2025-26/001375,99,Lab Fee,1000,22-07-2025,07-07-2025,2025-26
INV/2025-26/001376,99,Library Fee,500,22-07-2025,07-07-2025,2025-26
INV/2025-26/001377,99,Sports Fee,1000,22-07-2025,07-07-2025,2025-26
INV/2025-26/001378,99,Exam Fee,375,22-07-2025,07-07-2025,2025-26
INV/2025-26/001379,99,Exam Fee,375,16-01-2026,01-01-2026,2025-26
INV/2025-26/001380,100,Tuition Fee,2500,10-07-2025,01-07-2025,2025-26
INV/2025-26/001381,100,Tuition Fee,2500,10-08-2025,01-08-2025,2025-26
INV/2025-26/001382,100,Tuition Fee,2500,10-09-2025,01-09-2025,2025-26
INV/2025-26/001383,100,Tuition Fee,2500,10-10-2025,01-10-2025,2025-26
INV/2025-26/001384,100,Tuition Fee,2500,10-11-2025,01-11-2025,2025-26
INV/2025-26/001385,100,Tuition Fee,2500,10-12-2025,01-12-2025,2025-26
INV/2025-26/001386,100,Tuition Fee,2500,10-01-2026,01-01-2026,2025-26
INV/2025-26/001387,100,Tuition Fee,2500,10-02-2026,01-02-2026,2025-26
INV/2025-26/001388,100,Tuition Fee,2500,10-03-2026,01-03-2026,2025-26
INV/2025-26/001389,100,Annual Fee,6000,22-07-2025,07-07-2025,2025-26
INV/2025-26/001390,100,Lab Fee,1000,22-07-2025,07-07-2025,2025-26
INV/2025-26/001391,100,Library Fee,500,22-07-2025,07-07-2025,2025-26
INV/2025-26/001392,100,Sports Fee,1000,22-07-2025,07-07-2025,2025-26
INV/2025-26/001393,100,Exam Fee,375,22-07-2025,07-07-2025,2025-26
INV/2025-26/001394,100,Exam Fee,375,16-01-2026,01-01-2026,2025-26
INV/2025-26/001395,101,Tuition Fee,2500,10-07-2025,01-07-2025,2025-26
INV/2025-26/001396,101,Tuition Fee,2500,10-08-2025,01-08-2025,2025-26
INV/2025-26/001397,101,Tuition Fee,2500,10-09-2025,01-09-2025,2025-26
INV/2025-26/001398,101,Tuition Fee,2500,10-10-2025,01-10-2025,2025-26
INV/2025-26/001399,101,Tuition Fee,2500,10-11-2025,01-11-2025,2025-26
INV/2025-26/001400,101,Tuition Fee,2500,10-12-2025,01-12-2025,2025-26
INV/2025-26/001401,101,Tuition Fee,2500,10-01-2026,01-01-2026,2025-26
INV/2025-26/001402,101,Tuition Fee,2500,10-02-2026,01-02-2026,2025-26
INV/2025-26/001403,101,Tuition Fee,2500,10-03-2026,01-03-2026,2025-26
INV/2025-26/001404,101,Annual Fee,6000,22-07-2025,07-07-2025,2025-26
INV/2025-26/001405,101,Lab Fee,1000,22-07-2025,07-07-2025,2025-26
INV/2025-26/001406,101,Library Fee,500,22-07-2025,07-07-2025,2025-26
INV/2025-26/001407,101,Sports Fee,1000,22-07-2025,07-07-2025,2025-26
INV/2025-26/001408,101,Exam Fee,375,22-07-2025,07-07-2025,2025-26
INV/2025-26/001409,101,Exam Fee,375,16-01-2026,01-01-2026,2025-26
INV/2025-26/001410,102,Tuition Fee,2500,10-07-2025,01-07-2025,2025-26
INV/2025-26/001411,102,Tuition Fee,2500,10-08-2025,01-08-2025,2025-26
INV/2025-26/001412,102,Tuition Fee,2500,10-09-2025,01-09-2025,2025-26
INV/2025-26/001413,102,Tuition Fee,2500,10-10-2025,01-10-2025,2025-26
INV/2025-26/001414,102,Tuition Fee,2500,10-11-2025,01-11-2025,2025-26
INV/2025-26/001415,102,Tuition Fee,2500,10-12-2025,01-12-2025,2025-26
INV/2025-26/001416,102,Tuition Fee,2500,10-01-2026,01-01-2026,2025-26
INV/2025-26/001417,102,Tuition Fee,2500,10-02-2026,01-02-2026,2025-26
INV/2025-26/001418,102,Tuition Fee,2500,10-03-2026,01-03-2026,2025-26
INV/2025-26/001419,102,Annual Fee,6000,22-07-2025,07-07-2025,2025-26
INV/2025-26/001420,102,Lab Fee,1000,22-07-2025,07-07-2025,2025-26
INV/2025-26/001421,102,Library Fee,500,22-07-2025,07-07-2025,2025-26
INV/2025-26/001422,102,Sports Fee,1000,22-07-2025,07-07-2025,2025-26
INV/2025-26/001423,102,Exam Fee,375,22-07-2025,07-07-2025,2025-26
INV/2025-26/001424,102,Exam Fee,375,16-01-2026,01-01-2026,2025-26
INV/2025-26/001425,103,Tuition Fee,2500,10-07-2025,01-07-2025,2025-26
INV/2025-26/001426,103,Tuition Fee,2500,10-08-2025,01-08-2025,2025-26
INV/2025-26/001427,103,Tuition Fee,2500,10-09-2025,01-09-2025,2025-26
INV/2025-26/001428,103,Tuition Fee,2500,10-10-2025,01-10-2025,2025-26
INV/2025-26/001429,103,Tuition Fee,2500,10-11-2025,01-11-2025,2025-26
INV/2025-26/001430,103,Tuition Fee,2500,10-12-2025,01-12-2025,2025-26
INV/2025-26/001431,103,Tuition Fee,2500,10-01-2026,01-01-2026,2025-26
INV/2025-26/001432,103,Tuition Fee,2500,10-02-2026,01-02-2026,2025-26
INV/2025-26/001433,103,Tuition Fee,2500,10-03-2026,01-03-2026,2025-26
INV/2025-26/001434,103,Annual Fee,6000,22-07-2025,07-07-2025,2025-26
INV/2025-26/001435,103,Lab Fee,1000,22-07-2025,07-07-2025,2025-26
INV/2025-26/001436,103,Library Fee,500,22-07-2025,07-07-2025,2025-26
INV/2025-26/001437,103,Sports Fee,1000,22-07-2025,07-07-2025,2025-26
INV/2025-26/001438,103,Exam Fee,375,22-07-2025,07-07-2025,2025-26
INV/2025-26/001439,103,Exam Fee,375,16-01-2026,01-01-2026,2025-26
INV/2025-26/001440,104,Tuition Fee,2500,10-07-2025,01-07-2025,2025-26
INV/2025-26/001441,104,Tuition Fee,2500,10-08-2025,01-08-2025,2025-26
INV/2025-26/001442,104,Tuition Fee,2500,10-09-2025,01-09-2025,2025-26
INV/2025-26/001443,104,Tuition Fee,2500,10-10-2025,01-10-2025,2025-26
INV/2025-26/001444,104,Tuition Fee,2500,10-11-2025,01-11-2025,2025-26
INV/2025-26/001445,104,Tuition Fee,2500,10-12-2025,01-12-2025,2025-26
INV/2025-26/001446,104,Tuition Fee,2500,10-01-2026,01-01-2026,2025-26
INV/2025-26/001447,104,Tuition Fee,2500,10-02-2026,01-02-2026,2025-26
INV/2025-26/001448,104,Tuition Fee,2500,10-03-2026,01-03-2026,2025-26
INV/2025-26/001449,104,Annual Fee,6000,22-07-2025,07-07-2025,2025-26
INV/2025-26/001450,104,Lab Fee,1000,22-07-2025,07-07-2025,2025-26
INV/2025-26/001451,104,Library Fee,500,22-07-2025,07-07-2025,2025-26
INV/2025-26/001452,104,Sports Fee,1000,22-07-2025,07-07-2025,2025-26
INV/2025-26/001453,104,Exam Fee,375,22-07-2025,07-07-2025,2025-26
INV/2025-26/001454,104,Exam Fee,375,16-01-2026,01-01-2026,2025-26
INV/2025-26/001455,105,Tuition Fee,2500,10-07-2025,01-07-2025,2025-26
INV/2025-26/001456,105,Tuition Fee,2500,10-08-2025,01-08-2025,2025-26
INV/2025-26/001457,105,Tuition Fee,2500,10-09-2025,01-09-2025,2025-26
INV/2025-26/001458,105,Tuition Fee,2500,10-10-2025,01-10-2025,2025-26
INV/2025-26/001459,105,Tuition Fee,2500,10-11-2025,01-11-2025,2025-26
INV/2025-26/001460,105,Tuition Fee,2500,10-12-2025,01-12-2025,2025-26
INV/2025-26/001461,105,Tuition Fee,2500,10-01-2026,01-01-2026,2025-26
INV/2025-26/001462,105,Tuition Fee,2500,10-02-2026,01-02-2026,2025-26
INV/2025-26/001463,105,Tuition Fee,2500,10-03-2026,01-03-2026,2025-26
INV/2025-26/001464,105,Annual Fee,6000,22-07-2025,07-07-2025,2025-26
INV/2025-26/001465,105,Lab Fee,1000,22-07-2025,07-07-2025,2025-26
INV/2025-26/001466,105,Library Fee,500,22-07-2025,07-07-2025,2025-26
INV/2025-26/001467,105,Sports Fee,1000,22-07-2025,07-07-2025,2025-26
INV/2025-26/001468,105,Exam Fee,375,22-07-2025,07-07-2025,2025-26
INV/2025-26/001469,105,Exam Fee,375,16-01-2026,01-01-2026,2025-26
INV/2025-26/001470,106,Tuition Fee,2500,10-07-2025,01-07-2025,2025-26
INV/2025-26/001471,106,Tuition Fee,2500,10-08-2025,01-08-2025,2025-26
INV/2025-26/001472,106,Tuition Fee,2500,10-09-2025,01-09-2025,2025-26
INV/2025-26/001473,106,Tuition Fee,2500,10-10-2025,01-10-2025,2025-26
INV/2025-26/001474,106,Tuition Fee,2500,10-11-2025,01-11-2025,2025-26
INV/2025-26/001475,106,Tuition Fee,2500,10-12-2025,01-12-2025,2025-26
INV/2025-26/001476,106,Tuition Fee,2500,10-01-2026,01-01-2026,2025-26
INV/2025-26/001477,106,Tuition Fee,2500,10-02-2026,01-02-2026,2025-26
INV/2025-26/001478,106,Tuition Fee,2500,10-03-2026,01-03-2026,2025-26
INV/2025-26/001479,106,Annual Fee,6000,22-07-2025,07-07-2025,2025-26
INV/2025-26/001480,106,Lab Fee,1000,22-07-2025,07-07-2025,2025-26
INV/2025-26/001481,106,Library Fee,500,22-07-2025,07-07-2025,2025-26
INV/2025-26/001482,106,Sports Fee,1000,22-07-2025,07-07-2025,2025-26
INV/2025-26/001483,106,Exam Fee,375,22-07-2025,07-07-2025,2025-26
INV/2025-26/001484,106,Exam Fee,375,16-01-2026,01-01-2026,2025-26
INV/2025-26/001485,107,Tuition Fee,2500,10-07-2025,01-07-2025,2025-26
INV/2025-26/001486,107,Tuition Fee,2500,10-08-2025,01-08-2025,2025-26
INV/2025-26/001487,107,Tuition Fee,2500,10-09-2025,01-09-2025,2025-26
INV/2025-26/001488,107,Tuition Fee,2500,10-10-2025,01-10-2025,2025-26
INV/2025-26/001489,107,Tuition Fee,2500,10-11-2025,01-11-2025,2025-26
INV/2025-26/001490,107,Tuition Fee,2500,10-12-2025,01-12-2025,2025-26
INV/2025-26/001491,107,Tuition Fee,2500,10-01-2026,01-01-2026,2025-26
INV/2025-26/001492,107,Tuition Fee,2500,10-02-2026,01-02-2026,2025-26
INV/2025-26/001493,107,Tuition Fee,2500,10-03-2026,01-03-2026,2025-26
INV/2025-26/001494,107,Annual Fee,6000,22-07-2025,07-07-2025,2025-26
INV/2025-26/001495,107,Lab Fee,1000,22-07-2025,07-07-2025,2025-26
INV/2025-26/001496,107,Library Fee,500,22-07-2025,07-07-2025,2025-26
INV/2025-26/001497,107,Sports Fee,1000,22-07-2025,07-07-2025,2025-26
INV/2025-26/001498,107,Exam Fee,375,22-07-2025,07-07-2025,2025-26
INV/2025-26/001499,107,Exam Fee,375,16-01-2026,01-01-2026,2025-26
INV/2025-26/001500,108,Tuition Fee,2500,10-07-2025,01-07-2025,2025-26
INV/2025-26/001501,108,Tuition Fee,2500,10-08-2025,01-08-2025,2025-26
INV/2025-26/001502,108,Tuition Fee,2500,10-09-2025,01-09-2025,2025-26
INV/2025-26/001503,108,Tuition Fee,2500,10-10-2025,01-10-2025,2025-26
INV/2025-26/001504,108,Tuition Fee,2500,10-11-2025,01-11-2025,2025-26
INV/2025-26/001505,108,Tuition Fee,2500,10-12-2025,01-12-2025,2025-26
INV/2025-26/001506,108,Tuition Fee,2500,10-01-2026,01-01-2026,2025-26
INV/2025-26/001507,108,Tuition Fee,2500,10-02-2026,01-02-2026,2025-26
INV/2025-26/001508,108,Tuition Fee,2500,10-03-2026,01-03-2026,2025-26
INV/2025-26/001509,108,Annual Fee,6000,22-07-2025,07-07-2025,2025-26
INV/2025-26/001510,108,Lab Fee,1000,22-07-2025,07-07-2025,2025-26
INV/2025-26/001511,108,Library Fee,500,22-07-2025,07-07-2025,2025-26
INV/2025-26/001512,108,Sports Fee,1000,22-07-2025,07-07-2025,2025-26
INV/2025-26/001513,108,Exam Fee,375,22-07-2025,07-07-2025,2025-26
INV/2025-26/001514,108,Exam Fee,375,16-01-2026,01-01-2026,2025-26
INV/2025-26/001515,109,Tuition Fee,2500,10-07-2025,01-07-2025,2025-26
INV/2025-26/001516,109,Tuition Fee,2500,10-08-2025,01-08-2025,2025-26
INV/2025-26/001517,109,Tuition Fee,2500,10-09-2025,01-09-2025,2025-26
INV/2025-26/001518,109,Tuition Fee,2500,10-10-2025,01-10-2025,2025-26
INV/2025-26/001519,109,Tuition Fee,2500,10-11-2025,01-11-2025,2025-26
INV/2025-26/001520,109,Tuition Fee,2500,10-12-2025,01-12-2025,2025-26
INV/2025-26/001521,109,Tuition Fee,2500,10-01-2026,01-01-2026,2025-26
INV/2025-26/001522,109,Tuition Fee,2500,10-02-2026,01-02-2026,2025-26
INV/2025-26/001523,109,Tuition Fee,2500,10-03-2026,01-03-2026,2025-26
INV/2025-26/001524,109,Annual Fee,6000,22-07-2025,07-07-2025,2025-26
INV/2025-26/001525,109,Lab Fee,1000,22-07-2025,07-07-2025,2025-26
INV/2025-26/001526,109,Library Fee,500,22-07-2025,07-07-2025,2025-26
INV/2025-26/001527,109,Sports Fee,1000,22-07-2025,07-07-2025,2025-26
INV/2025-26/001528,109,Exam Fee,375,22-07-2025,07-07-2025,2025-26
INV/2025-26/001529,109,Exam Fee,375,16-01-2026,01-01-2026,2025-26
INV/2025-26/001530,110,Tuition Fee,2500,10-07-2025,01-07-2025,2025-26
INV/2025-26/001531,110,Tuition Fee,2500,10-08-2025,01-08-2025,2025-26
INV/2025-26/001532,110,Tuition Fee,2500,10-09-2025,01-09-2025,2025-26
INV/2025-26/001533,110,Tuition Fee,2500,10-10-2025,01-10-2025,2025-26
INV/2025-26/001534,110,Tuition Fee,2500,10-11-2025,01-11-2025,2025-26
INV/2025-26/001535,110,Tuition Fee,2500,10-12-2025,01-12-2025,2025-26
INV/2025-26/001536,110,Tuition Fee,2500,10-01-2026,01-01-2026,2025-26
INV/2025-26/001537,110,Tuition Fee,2500,10-02-2026,01-02-2026,2025-26
INV/2025-26/001538,110,Tuition Fee,2500,10-03-2026,01-03-2026,2025-26
INV/2025-26/001539,110,Annual Fee,6000,22-07-2025,07-07-2025,2025-26
INV/2025-26/001540,110,Lab Fee,1000,22-07-2025,07-07-2025,2025-26
INV/2025-26/001541,110,Library Fee,500,22-07-2025,07-07-2025,2025-26
INV/2025-26/001542,110,Sports Fee,1000,22-07-2025,07-07-2025,2025-26
INV/2025-26/001543,110,Exam Fee,375,22-07-2025,07-07-2025,2025-26
INV/2025-26/001544,110,Exam Fee,375,16-01-2026,01-01-2026,2025-26
INV/2025-26/001545,111,Tuition Fee,2500,10-07-2025,01-07-2025,2025-26
INV/2025-26/001546,111,Tuition Fee,2500,10-08-2025,01-08-2025,2025-26
INV/2025-26/001547,111,Tuition Fee,2500,10-09-2025,01-09-2025,2025-26
INV/2025-26/001548,111,Tuition Fee,2500,10-10-2025,01-10-2025,2025-26
INV/2025-26/001549,111,Tuition Fee,2500,10-11-2025,01-11-2025,2025-26
INV/2025-26/001550,111,Tuition Fee,2500,10-12-2025,01-12-2025,2025-26
INV/2025-26/001551,111,Tuition Fee,2500,10-01-2026,01-01-2026,2025-26
INV/2025-26/001552,111,Tuition Fee,2500,10-02-2026,01-02-2026,2025-26
INV/2025-26/001553,111,Tuition Fee,2500,10-03-2026,01-03-2026,2025-26
INV/2025-26/001554,111,Annual Fee,6000,22-07-2025,07-07-2025,2025-26
INV/2025-26/001555,111,Lab Fee,1000,22-07-2025,07-07-2025,2025-26
INV/2025-26/001556,111,Library Fee,500,22-07-2025,07-07-2025,2025-26
INV/2025-26/001557,111,Sports Fee,1000,22-07-2025,07-07-2025,2025-26
INV/2025-26/001558,111,Exam Fee,375,22-07-2025,07-07-2025,2025-26
INV/2025-26/001559,111,Exam Fee,375,16-01-2026,01-01-2026,2025-26
INV/2025-26/001560,112,Tuition Fee,2500,10-07-2025,01-07-2025,2025-26
INV/2025-26/001561,112,Tuition Fee,2500,10-08-2025,01-08-2025,2025-26
INV/2025-26/001562,112,Tuition Fee,2500,10-09-2025,01-09-2025,2025-26
INV/2025-26/001563,112,Tuition Fee,2500,10-10-2025,01-10-2025,2025-26
INV/2025-26/001564,112,Tuition Fee,2500,10-11-2025,01-11-2025,2025-26
INV/2025-26/001565,112,Tuition Fee,2500,10-12-2025,01-12-2025,2025-26
INV/2025-26/001566,112,Tuition Fee,2500,10-01-2026,01-01-2026,2025-26
INV/2025-26/001567,112,Tuition Fee,2500,10-02-2026,01-02-2026,2025-26
INV/2025-26/001568,112,Tuition Fee,2500,10-03-2026,01-03-2026,2025-26
INV/2025-26/001569,112,Annual Fee,6000,22-07-2025,07-07-2025,2025-26
INV/2025-26/001570,112,Lab Fee,1000,22-07-2025,07-07-2025,2025-26
INV/2025-26/001571,112,Library Fee,500,22-07-2025,07-07-2025,2025-26
INV/2025-26/001572,112,Sports Fee,1000,22-07-2025,07-07-2025,2025-26
INV/2025-26/001573,112,Exam Fee,375,22-07-2025,07-07-2025,2025-26
INV/2025-26/001574,112,Exam Fee,375,16-01-2026,01-01-2026,2025-26
INV/2025-26/001575,113,Tuition Fee,2500,10-07-2025,01-07-2025,2025-26
INV/2025-26/001576,113,Tuition Fee,2500,10-08-2025,01-08-2025,2025-26
INV/2025-26/001577,113,Tuition Fee,2500,10-09-2025,01-09-2025,2025-26
INV/2025-26/001578,113,Tuition Fee,2500,10-10-2025,01-10-2025,2025-26
INV/2025-26/001579,113,Tuition Fee,2500,10-11-2025,01-11-2025,2025-26
INV/2025-26/001580,113,Tuition Fee,2500,10-12-2025,01-12-2025,2025-26
INV/2025-26/001581,113,Tuition Fee,2500,10-01-2026,01-01-2026,2025-26
INV/2025-26/001582,113,Tuition Fee,2500,10-02-2026,01-02-2026,2025-26
INV/2025-26/001583,113,Tuition Fee,2500,10-03-2026,01-03-2026,2025-26
INV/2025-26/001584,113,Annual Fee,6000,22-07-2025,07-07-2025,2025-26
INV/2025-26/001585,113,Lab Fee,1000,22-07-2025,07-07-2025,2025-26
INV/2025-26/001586,113,Library Fee,500,22-07-2025,07-07-2025,2025-26
INV/2025-26/001587,113,Sports Fee,1000,22-07-2025,07-07-2025,2025-26
INV/2025-26/001588,113,Exam Fee,375,22-07-2025,07-07-2025,2025-26
INV/2025-26/001589,113,Exam Fee,375,16-01-2026,01-01-2026,2025-26
INV/2025-26/001590,114,Tuition Fee,2500,10-07-2025,01-07-2025,2025-26
INV/2025-26/001591,114,Tuition Fee,2500,10-08-2025,01-08-2025,2025-26
INV/2025-26/001592,114,Tuition Fee,2500,10-09-2025,01-09-2025,2025-26
INV/2025-26/001593,114,Tuition Fee,2500,10-10-2025,01-10-2025,2025-26
INV/2025-26/001594,114,Tuition Fee,2500,10-11-2025,01-11-2025,2025-26
INV/2025-26/001595,114,Tuition Fee,2500,10-12-2025,01-12-2025,2025-26
INV/2025-26/001596,114,Tuition Fee,2500,10-01-2026,01-01-2026,2025-26
INV/2025-26/001597,114,Tuition Fee,2500,10-02-2026,01-02-2026,2025-26
INV/2025-26/001598,114,Tuition Fee,2500,10-03-2026,01-03-2026,2025-26
INV/2025-26/001599,114,Annual Fee,6000,22-07-2025,07-07-2025,2025-26
INV/2025-26/001600,114,Lab Fee,1000,22-07-2025,07-07-2025,2025-26
INV/2025-26/001601,114,Library Fee,500,22-07-2025,07-07-2025,2025-26
INV/2025-26/001602,114,Sports Fee,1000,22-07-2025,07-07-2025,2025-26
INV/2025-26/001603,114,Exam Fee,375,22-07-2025,07-07-2025,2025-26
INV/2025-26/001604,114,Exam Fee,375,16-01-2026,01-01-2026,2025-26
INV/2025-26/001605,115,Tuition Fee,2500,10-07-2025,01-07-2025,2025-26
INV/2025-26/001606,115,Tuition Fee,2500,10-08-2025,01-08-2025,2025-26
INV/2025-26/001607,115,Tuition Fee,2500,10-09-2025,01-09-2025,2025-26
INV/2025-26/001608,115,Tuition Fee,2500,10-10-2025,01-10-2025,2025-26
INV/2025-26/001609,115,Tuition Fee,2500,10-11-2025,01-11-2025,2025-26
INV/2025-26/001610,115,Tuition Fee,2500,10-12-2025,01-12-2025,2025-26
INV/2025-26/001611,115,Tuition Fee,2500,10-01-2026,01-01-2026,2025-26
INV/2025-26/001612,115,Tuition Fee,2500,10-02-2026,01-02-2026,2025-26
INV/2025-26/001613,115,Tuition Fee,2500,10-03-2026,01-03-2026,2025-26
INV/2025-26/001614,115,Annual Fee,6000,22-07-2025,07-07-2025,2025-26
INV/2025-26/001615,115,Lab Fee,1000,22-07-2025,07-07-2025,2025-26
INV/2025-26/001616,115,Library Fee,500,22-07-2025,07-07-2025,2025-26
INV/2025-26/001617,115,Sports Fee,1000,22-07-2025,07-07-2025,2025-26
INV/2025-26/001618,115,Exam Fee,375,22-07-2025,07-07-2025,2025-26
INV/2025-26/001619,115,Exam Fee,375,16-01-2026,01-01-2026,2025-26
INV/2025-26/001620,116,Tuition Fee,2500,10-07-2025,01-07-2025,2025-26
INV/2025-26/001621,116,Tuition Fee,2500,10-08-2025,01-08-2025,2025-26
INV/2025-26/001622,116,Tuition Fee,2500,10-09-2025,01-09-2025,2025-26
INV/2025-26/001623,116,Tuition Fee,2500,10-10-2025,01-10-2025,2025-26
INV/2025-26/001624,116,Tuition Fee,2500,10-11-2025,01-11-2025,2025-26
INV/2025-26/001625,116,Tuition Fee,2500,10-12-2025,01-12-2025,2025-26
INV/2025-26/001626,116,Tuition Fee,2500,10-01-2026,01-01-2026,2025-26
INV/2025-26/001627,116,Tuition Fee,2500,10-02-2026,01-02-2026,2025-26
INV/2025-26/001628,116,Tuition Fee,2500,10-03-2026,01-03-2026,2025-26
INV/2025-26/001629,116,Annual Fee,6000,22-07-2025,07-07-2025,2025-26
INV/2025-26/001630,116,Lab Fee,1000,22-07-2025,07-07-2025,2025-26
INV/2025-26/001631,116,Library Fee,500,22-07-2025,07-07-2025,2025-26
INV/2025-26/001632,116,Sports Fee,1000,22-07-2025,07-07-2025,2025-26
INV/2025-26/001633,116,Exam Fee,375,22-07-2025,07-07-2025,2025-26
INV/2025-26/001634,116,Exam Fee,375,16-01-2026,01-01-2026,2025-26
INV/2025-26/001635,117,Tuition Fee,2500,10-07-2025,01-07-2025,2025-26
INV/2025-26/001636,117,Tuition Fee,2500,10-08-2025,01-08-2025,2025-26
INV/2025-26/001637,117,Tuition Fee,2500,10-09-2025,01-09-2025,2025-26
INV/2025-26/001638,117,Tuition Fee,2500,10-10-2025,01-10-2025,2025-26
INV/2025-26/001639,117,Tuition Fee,2500,10-11-2025,01-11-2025,2025-26
INV/2025-26/001640,117,Tuition Fee,2500,10-12-2025,01-12-2025,2025-26
INV/2025-26/001641,117,Tuition Fee,2500,10-01-2026,01-01-2026,2025-26
INV/2025-26/001642,117,Tuition Fee,2500,10-02-2026,01-02-2026,2025-26
INV/2025-26/001643,117,Tuition Fee,2500,10-03-2026,01-03-2026,2025-26
INV/2025-26/001644,117,Annual Fee,6000,22-07-2025,07-07-2025,2025-26
INV/2025-26/001645,117,Lab Fee,1000,22-07-2025,07-07-2025,2025-26
INV/2025-26/001646,117,Library Fee,500,22-07-2025,07-07-2025,2025-26
INV/2025-26/001647,117,Sports Fee,1000,22-07-2025,07-07-2025,2025-26
INV/2025-26/001648,117,Exam Fee,375,22-07-2025,07-07-2025,2025-26
INV/2025-26/001649,117,Exam Fee,375,16-01-2026,01-01-2026,2025-26
INV/2025-26/001650,118,Tuition Fee,2500,10-07-2025,01-07-2025,2025-26
INV/2025-26/001651,118,Tuition Fee,2500,10-08-2025,01-08-2025,2025-26
INV/2025-26/001652,118,Tuition Fee,2500,10-09-2025,01-09-2025,2025-26
INV/2025-26/001653,118,Tuition Fee,2500,10-10-2025,01-10-2025,2025-26
INV/2025-26/001654,118,Tuition Fee,2500,10-11-2025,01-11-2025,2025-26
INV/2025-26/001655,118,Tuition Fee,2500,10-12-2025,01-12-2025,2025-26
INV/2025-26/001656,118,Tuition Fee,2500,10-01-2026,01-01-2026,2025-26
INV/2025-26/001657,118,Tuition Fee,2500,10-02-2026,01-02-2026,2025-26
INV/2025-26/001658,118,Tuition Fee,2500,10-03-2026,01-03-2026,2025-26
INV/2025-26/001659,118,Annual Fee,6000,22-07-2025,07-07-2025,2025-26
INV/2025-26/001660,118,Lab Fee,1000,22-07-2025,07-07-2025,2025-26
INV/2025-26/001661,118,Library Fee,500,22-07-2025,07-07-2025,2025-26
INV/2025-26/001662,118,Sports Fee,1000,22-07-2025,07-07-2025,2025-26
INV/2025-26/001663,118,Exam Fee,375,22-07-2025,07-07-2025,2025-26
INV/2025-26/001664,118,Exam Fee,375,16-01-2026,01-01-2026,2025-26
INV/2025-26/001665,119,Tuition Fee,2500,10-07-2025,01-07-2025,2025-26
INV/2025-26/001666,119,Tuition Fee,2500,10-08-2025,01-08-2025,2025-26
INV/2025-26/001667,119,Tuition Fee,2500,10-09-2025,01-09-2025,2025-26
INV/2025-26/001668,119,Tuition Fee,2500,10-10-2025,01-10-2025,2025-26
INV/2025-26/001669,119,Tuition Fee,2500,10-11-2025,01-11-2025,2025-26
INV/2025-26/001670,119,Tuition Fee,2500,10-12-2025,01-12-2025,2025-26
INV/2025-26/001671,119,Tuition Fee,2500,10-01-2026,01-01-2026,2025-26
INV/2025-26/001672,119,Tuition Fee,2500,10-02-2026,01-02-2026,2025-26
INV/2025-26/001673,119,Tuition Fee,2500,10-03-2026,01-03-2026,2025-26
INV/2025-26/001674,119,Annual Fee,6000,22-07-2025,07-07-2025,2025-26
INV/2025-26/001675,119,Lab Fee,1000,22-07-2025,07-07-2025,2025-26
INV/2025-26/001676,119,Library Fee,500,22-07-2025,07-07-2025,2025-26
INV/2025-26/001677,119,Sports Fee,1000,22-07-2025,07-07-2025,2025-26
INV/2025-26/001678,119,Exam Fee,375,22-07-2025,07-07-2025,2025-26
INV/2025-26/001679,119,Exam Fee,375,16-01-2026,01-01-2026,2025-26
INV/2025-26/001680,120,Tuition Fee,2500,10-07-2025,01-07-2025,2025-26
INV/2025-26/001681,120,Tuition Fee,2500,10-08-2025,01-08-2025,2025-26
INV/2025-26/001682,120,Tuition Fee,2500,10-09-2025,01-09-2025,2025-26
INV/2025-26/001683,120,Tuition Fee,2500,10-10-2025,01-10-2025,2025-26
INV/2025-26/001684,120,Tuition Fee,2500,10-11-2025,01-11-2025,2025-26
INV/2025-26/001685,120,Tuition Fee,2500,10-12-2025,01-12-2025,2025-26
INV/2025-26/001686,120,Tuition Fee,2500,10-01-2026,01-01-2026,2025-26
INV/2025-26/001687,120,Tuition Fee,2500,10-02-2026,01-02-2026,2025-26
INV/2025-26/001688,120,Tuition Fee,2500,10-03-2026,01-03-2026,2025-26
INV/2025-26/001689,120,Annual Fee,6000,22-07-2025,07-07-2025,2025-26
INV/2025-26/001690,120,Lab Fee,1000,22-07-2025,07-07-2025,2025-26
INV/2025-26/001691,120,Library Fee,500,22-07-2025,07-07-2025,2025-26
INV/2025-26/001692,120,Sports Fee,1000,22-07-2025,07-07-2025,2025-26
INV/2025-26/001693,120,Exam Fee,375,22-07-2025,07-07-2025,2025-26
INV/2025-26/001694,120,Exam Fee,375,16-01-2026,01-01-2026,2025-26
INV/2025-26/001695,121,Tuition Fee,2500,10-07-2025,01-07-2025,2025-26
INV/2025-26/001696,121,Tuition Fee,2500,10-08-2025,01-08-2025,2025-26
INV/2025-26/001697,121,Tuition Fee,2500,10-09-2025,01-09-2025,2025-26
INV/2025-26/001698,121,Tuition Fee,2500,10-10-2025,01-10-2025,2025-26
INV/2025-26/001699,121,Tuition Fee,2500,10-11-2025,01-11-2025,2025-26
INV/2025-26/001700,121,Tuition Fee,2500,10-12-2025,01-12-2025,2025-26
INV/2025-26/001701,121,Tuition Fee,2500,10-01-2026,01-01-2026,2025-26
INV/2025-26/001702,121,Tuition Fee,2500,10-02-2026,01-02-2026,2025-26
INV/2025-26/001703,121,Tuition Fee,2500,10-03-2026,01-03-2026,2025-26
INV/2025-26/001704,121,Annual Fee,6000,22-07-2025,07-07-2025,2025-26
INV/2025-26/001705,121,Lab Fee,1000,22-07-2025,07-07-2025,2025-26
INV/2025-26/001706,121,Library Fee,500,22-07-2025,07-07-2025,2025-26
INV/2025-26/001707,121,Sports Fee,1000,22-07-2025,07-07-2025,2025-26
INV/2025-26/001708,121,Exam Fee,375,22-07-2025,07-07-2025,2025-26
INV/2025-26/001709,121,Exam Fee,375,16-01-2026,01-01-2026,2025-26
INV/2025-26/001710,122,Tuition Fee,2500,10-07-2025,01-07-2025,2025-26
INV/2025-26/001711,122,Tuition Fee,2500,10-08-2025,01-08-2025,2025-26
INV/2025-26/001712,122,Tuition Fee,2500,10-09-2025,01-09-2025,2025-26
INV/2025-26/001713,122,Tuition Fee,2500,10-10-2025,01-10-2025,2025-26
INV/2025-26/001714,122,Tuition Fee,2500,10-11-2025,01-11-2025,2025-26
INV/2025-26/001715,122,Tuition Fee,2500,10-12-2025,01-12-2025,2025-26
INV/2025-26/001716,122,Tuition Fee,2500,10-01-2026,01-01-2026,2025-26
INV/2025-26/001717,122,Tuition Fee,2500,10-02-2026,01-02-2026,2025-26
INV/2025-26/001718,122,Tuition Fee,2500,10-03-2026,01-03-2026,2025-26
INV/2025-26/001719,122,Annual Fee,6000,22-07-2025,07-07-2025,2025-26
INV/2025-26/001720,122,Lab Fee,1000,22-07-2025,07-07-2025,2025-26
INV/2025-26/001721,122,Library Fee,500,22-07-2025,07-07-2025,2025-26
INV/2025-26/001722,122,Sports Fee,1000,22-07-2025,07-07-2025,2025-26
INV/2025-26/001723,122,Exam Fee,375,22-07-2025,07-07-2025,2025-26
INV/2025-26/001724,122,Exam Fee,375,16-01-2026,01-01-2026,2025-26
INV/2025-26/001725,123,Tuition Fee,2500,10-07-2025,01-07-2025,2025-26
INV/2025-26/001726,123,Tuition Fee,2500,10-08-2025,01-08-2025,2025-26
INV/2025-26/001727,123,Tuition Fee,2500,10-09-2025,01-09-2025,2025-26
INV/2025-26/001728,123,Tuition Fee,2500,10-10-2025,01-10-2025,2025-26
INV/2025-26/001729,123,Tuition Fee,2500,10-11-2025,01-11-2025,2025-26
INV/2025-26/001730,123,Tuition Fee,2500,10-12-2025,01-12-2025,2025-26
INV/2025-26/001731,123,Tuition Fee,2500,10-01-2026,01-01-2026,2025-26
INV/2025-26/001732,123,Tuition Fee,2500,10-02-2026,01-02-2026,2025-26
INV/2025-26/001733,123,Tuition Fee,2500,10-03-2026,01-03-2026,2025-26
INV/2025-26/001734,123,Annual Fee,6000,22-07-2025,07-07-2025,2025-26
INV/2025-26/001735,123,Lab Fee,1000,22-07-2025,07-07-2025,2025-26
INV/2025-26/001736,123,Library Fee,500,22-07-2025,07-07-2025,2025-26
INV/2025-26/001737,123,Sports Fee,1000,22-07-2025,07-07-2025,2025-26
INV/2025-26/001738,123,Exam Fee,375,22-07-2025,07-07-2025,2025-26
INV/2025-26/001739,123,Exam Fee,375,16-01-2026,01-01-2026,2025-26
INV/2025-26/001740,124,Tuition Fee,2500,10-07-2025,01-07-2025,2025-26
INV/2025-26/001741,124,Tuition Fee,2500,10-08-2025,01-08-2025,2025-26
INV/2025-26/001742,124,Tuition Fee,2500,10-09-2025,01-09-2025,2025-26
INV/2025-26/001743,124,Tuition Fee,2500,10-10-2025,01-10-2025,2025-26
INV/2025-26/001744,124,Tuition Fee,2500,10-11-2025,01-11-2025,2025-26
INV/2025-26/001745,124,Tuition Fee,2500,10-12-2025,01-12-2025,2025-26
INV/2025-26/001746,124,Tuition Fee,2500,10-01-2026,01-01-2026,2025-26
INV/2025-26/001747,124,Tuition Fee,2500,10-02-2026,01-02-2026,2025-26
INV/2025-26/001748,124,Tuition Fee,2500,10-03-2026,01-03-2026,2025-26
INV/2025-26/001749,124,Annual Fee,6000,22-07-2025,07-07-2025,2025-26
INV/2025-26/001750,124,Lab Fee,1000,22-07-2025,07-07-2025,2025-26
INV/2025-26/001751,124,Library Fee,500,22-07-2025,07-07-2025,2025-26
INV/2025-26/001752,124,Sports Fee,1000,22-07-2025,07-07-2025,2025-26
INV/2025-26/001753,124,Exam Fee,375,22-07-2025,07-07-2025,2025-26
INV/2025-26/001754,124,Exam Fee,375,16-01-2026,01-01-2026,2025-26
INV/2025-26/001755,125,Tuition Fee,2500,10-07-2025,01-07-2025,2025-26
INV/2025-26/001756,125,Tuition Fee,2500,10-08-2025,01-08-2025,2025-26
INV/2025-26/001757,125,Tuition Fee,2500,10-09-2025,01-09-2025,2025-26
INV/2025-26/001758,125,Tuition Fee,2500,10-10-2025,01-10-2025,2025-26
INV/2025-26/001759,125,Tuition Fee,2500,10-11-2025,01-11-2025,2025-26
INV/2025-26/001760,125,Tuition Fee,2500,10-12-2025,01-12-2025,2025-26
INV/2025-26/001761,125,Tuition Fee,2500,10-01-2026,01-01-2026,2025-26
INV/2025-26/001762,125,Tuition Fee,2500,10-02-2026,01-02-2026,2025-26
INV/2025-26/001763,125,Tuition Fee,2500,10-03-2026,01-03-2026,2025-26
INV/2025-26/001764,125,Annual Fee,6000,22-07-2025,07-07-2025,2025-26
INV/2025-26/001765,125,Lab Fee,1000,22-07-2025,07-07-2025,2025-26
INV/2025-26/001766,125,Library Fee,500,22-07-2025,07-07-2025,2025-26
INV/2025-26/001767,125,Sports Fee,1000,22-07-2025,07-07-2025,2025-26
INV/2025-26/001768,125,Exam Fee,375,22-07-2025,07-07-2025,2025-26
INV/2025-26/001769,125,Exam Fee,375,16-01-2026,01-01-2026,2025-26
INV/2025-26/001770,126,Tuition Fee,2500,10-07-2025,01-07-2025,2025-26
INV/2025-26/001771,126,Tuition Fee,2500,10-08-2025,01-08-2025,2025-26
INV/2025-26/001772,126,Tuition Fee,2500,10-09-2025,01-09-2025,2025-26
INV/2025-26/001773,126,Tuition Fee,2500,10-10-2025,01-10-2025,2025-26
INV/2025-26/001774,126,Tuition Fee,2500,10-11-2025,01-11-2025,2025-26
INV/2025-26/001775,126,Tuition Fee,2500,10-12-2025,01-12-2025,2025-26
INV/2025-26/001776,126,Tuition Fee,2500,10-01-2026,01-01-2026,2025-26
INV/2025-26/001777,126,Tuition Fee,2500,10-02-2026,01-02-2026,2025-26
INV/2025-26/001778,126,Tuition Fee,2500,10-03-2026,01-03-2026,2025-26
INV/2025-26/001779,126,Annual Fee,6000,22-07-2025,07-07-2025,2025-26
INV/2025-26/001780,126,Lab Fee,1000,22-07-2025,07-07-2025,2025-26
INV/2025-26/001781,126,Library Fee,500,22-07-2025,07-07-2025,2025-26
INV/2025-26/001782,126,Sports Fee,1000,22-07-2025,07-07-2025,2025-26
INV/2025-26/001783,126,Exam Fee,375,22-07-2025,07-07-2025,2025-26
INV/2025-26/001784,126,Exam Fee,375,16-01-2026,01-01-2026,2025-26
INV/2025-26/001785,127,Tuition Fee,2500,10-07-2025,01-07-2025,2025-26
INV/2025-26/001786,127,Tuition Fee,2500,10-08-2025,01-08-2025,2025-26
INV/2025-26/001787,127,Tuition Fee,2500,10-09-2025,01-09-2025,2025-26
INV/2025-26/001788,127,Tuition Fee,2500,10-10-2025,01-10-2025,2025-26
INV/2025-26/001789,127,Tuition Fee,2500,10-11-2025,01-11-2025,2025-26
INV/2025-26/001790,127,Tuition Fee,2500,10-12-2025,01-12-2025,2025-26
INV/2025-26/001791,127,Tuition Fee,2500,10-01-2026,01-01-2026,2025-26
INV/2025-26/001792,127,Tuition Fee,2500,10-02-2026,01-02-2026,2025-26
INV/2025-26/001793,127,Tuition Fee,2500,10-03-2026,01-03-2026,2025-26
INV/2025-26/001794,127,Annual Fee,6000,22-07-2025,07-07-2025,2025-26
INV/2025-26/001795,127,Lab Fee,1000,22-07-2025,07-07-2025,2025-26
INV/2025-26/001796,127,Library Fee,500,22-07-2025,07-07-2025,2025-26
INV/2025-26/001797,127,Sports Fee,1000,22-07-2025,07-07-2025,2025-26
INV/2025-26/001798,127,Exam Fee,375,22-07-2025,07-07-2025,2025-26
INV/2025-26/001799,127,Exam Fee,375,16-01-2026,01-01-2026,2025-26
INV/2025-26/001800,128,Tuition Fee,2500,10-07-2025,01-07-2025,2025-26
INV/2025-26/001801,128,Tuition Fee,2500,10-08-2025,01-08-2025,2025-26
INV/2025-26/001802,128,Tuition Fee,2500,10-09-2025,01-09-2025,2025-26
INV/2025-26/001803,128,Tuition Fee,2500,10-10-2025,01-10-2025,2025-26
INV/2025-26/001804,128,Tuition Fee,2500,10-11-2025,01-11-2025,2025-26
INV/2025-26/001805,128,Tuition Fee,2500,10-12-2025,01-12-2025,2025-26
INV/2025-26/001806,128,Tuition Fee,2500,10-01-2026,01-01-2026,2025-26
INV/2025-26/001807,128,Tuition Fee,2500,10-02-2026,01-02-2026,2025-26
INV/2025-26/001808,128,Tuition Fee,2500,10-03-2026,01-03-2026,2025-26
INV/2025-26/001809,128,Annual Fee,6000,22-07-2025,07-07-2025,2025-26
INV/2025-26/001810,128,Lab Fee,1000,22-07-2025,07-07-2025,2025-26
INV/2025-26/001811,128,Library Fee,500,22-07-2025,07-07-2025,2025-26
INV/2025-26/001812,128,Sports Fee,1000,22-07-2025,07-07-2025,2025-26
INV/2025-26/001813,128,Exam Fee,375,22-07-2025,07-07-2025,2025-26
INV/2025-26/001814,128,Exam Fee,375,16-01-2026,01-01-2026,2025-26
INV/2025-26/001815,129,Tuition Fee,2500,10-07-2025,01-07-2025,2025-26
INV/2025-26/001816,129,Tuition Fee,2500,10-08-2025,01-08-2025,2025-26
INV/2025-26/001817,129,Tuition Fee,2500,10-09-2025,01-09-2025,2025-26
INV/2025-26/001818,129,Tuition Fee,2500,10-10-2025,01-10-2025,2025-26
INV/2025-26/001819,129,Tuition Fee,2500,10-11-2025,01-11-2025,2025-26
INV/2025-26/001820,129,Tuition Fee,2500,10-12-2025,01-12-2025,2025-26
INV/2025-26/001821,129,Tuition Fee,2500,10-01-2026,01-01-2026,2025-26
INV/2025-26/001822,129,Tuition Fee,2500,10-02-2026,01-02-2026,2025-26
INV/2025-26/001823,129,Tuition Fee,2500,10-03-2026,01-03-2026,2025-26
INV/2025-26/001824,129,Annual Fee,6000,22-07-2025,07-07-2025,2025-26
INV/2025-26/001825,129,Lab Fee,1000,22-07-2025,07-07-2025,2025-26
INV/2025-26/001826,129,Library Fee,500,22-07-2025,07-07-2025,2025-26
INV/2025-26/001827,129,Sports Fee,1000,22-07-2025,07-07-2025,2025-26
INV/2025-26/001828,129,Exam Fee,375,22-07-2025,07-07-2025,2025-26
INV/2025-26/001829,129,Exam Fee,375,16-01-2026,01-01-2026,2025-26
INV/2025-26/001830,130,Tuition Fee,2500,10-07-2025,01-07-2025,2025-26
INV/2025-26/001831,130,Tuition Fee,2500,10-08-2025,01-08-2025,2025-26
INV/2025-26/001832,130,Tuition Fee,2500,10-09-2025,01-09-2025,2025-26
INV/2025-26/001833,130,Tuition Fee,2500,10-10-2025,01-10-2025,2025-26
INV/2025-26/001834,130,Tuition Fee,2500,10-11-2025,01-11-2025,2025-26
INV/2025-26/001835,130,Tuition Fee,2500,10-12-2025,01-12-2025,2025-26
INV/2025-26/001836,130,Tuition Fee,2500,10-01-2026,01-01-2026,2025-26
INV/2025-26/001837,130,Tuition Fee,2500,10-02-2026,01-02-2026,2025-26
INV/2025-26/001838,130,Tuition Fee,2500,10-03-2026,01-03-2026,2025-26
INV/2025-26/001839,130,Annual Fee,6000,22-07-2025,07-07-2025,2025-26
INV/2025-26/001840,130,Lab Fee,1000,22-07-2025,07-07-2025,2025-26
INV/2025-26/001841,130,Library Fee,500,22-07-2025,07-07-2025,2025-26
INV/2025-26/001842,130,Sports Fee,1000,22-07-2025,07-07-2025,2025-26
INV/2025-26/001843,130,Exam Fee,375,22-07-2025,07-07-2025,2025-26
INV/2025-26/001844,130,Exam Fee,375,16-01-2026,01-01-2026,2025-26
INV/2025-26/001845,131,Tuition Fee,2500,10-07-2025,01-07-2025,2025-26
INV/2025-26/001846,131,Tuition Fee,2500,10-08-2025,01-08-2025,2025-26
INV/2025-26/001847,131,Tuition Fee,2500,10-09-2025,01-09-2025,2025-26
INV/2025-26/001848,131,Tuition Fee,2500,10-10-2025,01-10-2025,2025-26
INV/2025-26/001849,131,Tuition Fee,2500,10-11-2025,01-11-2025,2025-26
INV/2025-26/001850,131,Tuition Fee,2500,10-12-2025,01-12-2025,2025-26
INV/2025-26/001851,131,Tuition Fee,2500,10-01-2026,01-01-2026,2025-26
INV/2025-26/001852,131,Tuition Fee,2500,10-02-2026,01-02-2026,2025-26
INV/2025-26/001853,131,Tuition Fee,2500,10-03-2026,01-03-2026,2025-26
INV/2025-26/001854,131,Annual Fee,6000,22-07-2025,07-07-2025,2025-26
INV/2025-26/001855,131,Lab Fee,1000,22-07-2025,07-07-2025,2025-26
INV/2025-26/001856,131,Library Fee,500,22-07-2025,07-07-2025,2025-26
INV/2025-26/001857,131,Sports Fee,1000,22-07-2025,07-07-2025,2025-26
INV/2025-26/001858,131,Exam Fee,375,22-07-2025,07-07-2025,2025-26
INV/2025-26/001859,131,Exam Fee,375,16-01-2026,01-01-2026,2025-26
INV/2025-26/001860,132,Tuition Fee,2500,10-07-2025,01-07-2025,2025-26
INV/2025-26/001861,132,Tuition Fee,2500,10-08-2025,01-08-2025,2025-26
INV/2025-26/001862,132,Tuition Fee,2500,10-09-2025,01-09-2025,2025-26
INV/2025-26/001863,132,Tuition Fee,2500,10-10-2025,01-10-2025,2025-26
INV/2025-26/001864,132,Tuition Fee,2500,10-11-2025,01-11-2025,2025-26
INV/2025-26/001865,132,Tuition Fee,2500,10-12-2025,01-12-2025,2025-26
INV/2025-26/001866,132,Tuition Fee,2500,10-01-2026,01-01-2026,2025-26
INV/2025-26/001867,132,Tuition Fee,2500,10-02-2026,01-02-2026,2025-26
INV/2025-26/001868,132,Tuition Fee,2500,10-03-2026,01-03-2026,2025-26
INV/2025-26/001869,132,Annual Fee,6000,22-07-2025,07-07-2025,2025-26
INV/2025-26/001870,132,Lab Fee,1000,22-07-2025,07-07-2025,2025-26
INV/2025-26/001871,132,Library Fee,500,22-07-2025,07-07-2025,2025-26
INV/2025-26/001872,132,Sports Fee,1000,22-07-2025,07-07-2025,2025-26
INV/2025-26/001873,132,Exam Fee,375,22-07-2025,07-07-2025,2025-26
INV/2025-26/001874,132,Exam Fee,375,16-01-2026,01-01-2026,2025-26
INV/2025-26/001875,133,Tuition Fee,2500,10-07-2025,01-07-2025,2025-26
INV/2025-26/001876,133,Tuition Fee,2500,10-08-2025,01-08-2025,2025-26
INV/2025-26/001877,133,Tuition Fee,2500,10-09-2025,01-09-2025,2025-26
INV/2025-26/001878,133,Tuition Fee,2500,10-10-2025,01-10-2025,2025-26
INV/2025-26/001879,133,Tuition Fee,2500,10-11-2025,01-11-2025,2025-26
INV/2025-26/001880,133,Tuition Fee,2500,10-12-2025,01-12-2025,2025-26
INV/2025-26/001881,133,Tuition Fee,2500,10-01-2026,01-01-2026,2025-26
INV/2025-26/001882,133,Tuition Fee,2500,10-02-2026,01-02-2026,2025-26
INV/2025-26/001883,133,Tuition Fee,2500,10-03-2026,01-03-2026,2025-26
INV/2025-26/001884,133,Annual Fee,6000,22-07-2025,07-07-2025,2025-26
INV/2025-26/001885,133,Lab Fee,1000,22-07-2025,07-07-2025,2025-26
INV/2025-26/001886,133,Library Fee,500,22-07-2025,07-07-2025,2025-26
INV/2025-26/001887,133,Sports Fee,1000,22-07-2025,07-07-2025,2025-26
INV/2025-26/001888,133,Exam Fee,375,22-07-2025,07-07-2025,2025-26
INV/2025-26/001889,133,Exam Fee,375,16-01-2026,01-01-2026,2025-26
INV/2025-26/001890,134,Tuition Fee,2500,10-07-2025,01-07-2025,2025-26
INV/2025-26/001891,134,Tuition Fee,2500,10-08-2025,01-08-2025,2025-26
INV/2025-26/001892,134,Tuition Fee,2500,10-09-2025,01-09-2025,2025-26
INV/2025-26/001893,134,Tuition Fee,2500,10-10-2025,01-10-2025,2025-26
INV/2025-26/001894,134,Tuition Fee,2500,10-11-2025,01-11-2025,2025-26
INV/2025-26/001895,134,Tuition Fee,2500,10-12-2025,01-12-2025,2025-26
INV/2025-26/001896,134,Tuition Fee,2500,10-01-2026,01-01-2026,2025-26
INV/2025-26/001897,134,Tuition Fee,2500,10-02-2026,01-02-2026,2025-26
INV/2025-26/001898,134,Tuition Fee,2500,10-03-2026,01-03-2026,2025-26
INV/2025-26/001899,134,Annual Fee,6000,22-07-2025,07-07-2025,2025-26
INV/2025-26/001900,134,Lab Fee,1000,22-07-2025,07-07-2025,2025-26
INV/2025-26/001901,134,Library Fee,500,22-07-2025,07-07-2025,2025-26
INV/2025-26/001902,134,Sports Fee,1000,22-07-2025,07-07-2025,2025-26
INV/2025-26/001903,134,Exam Fee,375,22-07-2025,07-07-2025,2025-26
INV/2025-26/001904,134,Exam Fee,375,16-01-2026,01-01-2026,2025-26
INV/2025-26/001905,135,Tuition Fee,2500,10-07-2025,01-07-2025,2025-26
INV/2025-26/001906,135,Tuition Fee,2500,10-08-2025,01-08-2025,2025-26
INV/2025-26/001907,135,Tuition Fee,2500,10-09-2025,01-09-2025,2025-26
INV/2025-26/001908,135,Tuition Fee,2500,10-10-2025,01-10-2025,2025-26
INV/2025-26/001909,135,Tuition Fee,2500,10-11-2025,01-11-2025,2025-26
INV/2025-26/001910,135,Tuition Fee,2500,10-12-2025,01-12-2025,2025-26
INV/2025-26/001911,135,Tuition Fee,2500,10-01-2026,01-01-2026,2025-26
INV/2025-26/001912,135,Tuition Fee,2500,10-02-2026,01-02-2026,2025-26
INV/2025-26/001913,135,Tuition Fee,2500,10-03-2026,01-03-2026,2025-26
INV/2025-26/001914,135,Annual Fee,6000,22-07-2025,07-07-2025,2025-26
INV/2025-26/001915,135,Lab Fee,1000,22-07-2025,07-07-2025,2025-26
INV/2025-26/001916,135,Library Fee,500,22-07-2025,07-07-2025,2025-26
INV/2025-26/001917,135,Sports Fee,1000,22-07-2025,07-07-2025,2025-26
INV/2025-26/001918,135,Exam Fee,375,22-07-2025,07-07-2025,2025-26
INV/2025-26/001919,135,Exam Fee,375,16-01-2026,01-01-2026,2025-26
INV/2025-26/001920,136,Tuition Fee,2500,10-07-2025,01-07-2025,2025-26
INV/2025-26/001921,136,Tuition Fee,2500,10-08-2025,01-08-2025,2025-26
INV/2025-26/001922,136,Tuition Fee,2500,10-09-2025,01-09-2025,2025-26
INV/2025-26/001923,136,Tuition Fee,2500,10-10-2025,01-10-2025,2025-26
INV/2025-26/001924,136,Tuition Fee,2500,10-11-2025,01-11-2025,2025-26
INV/2025-26/001925,136,Tuition Fee,2500,10-12-2025,01-12-2025,2025-26
INV/2025-26/001926,136,Tuition Fee,2500,10-01-2026,01-01-2026,2025-26
INV/2025-26/001927,136,Tuition Fee,2500,10-02-2026,01-02-2026,2025-26
INV/2025-26/001928,136,Tuition Fee,2500,10-03-2026,01-03-2026,2025-26
INV/2025-26/001929,136,Annual Fee,6000,22-07-2025,07-07-2025,2025-26
INV/2025-26/001930,136,Lab Fee,1000,22-07-2025,07-07-2025,2025-26
INV/2025-26/001931,136,Library Fee,500,22-07-2025,07-07-2025,2025-26
INV/2025-26/001932,136,Sports Fee,1000,22-07-2025,07-07-2025,2025-26
INV/2025-26/001933,136,Exam Fee,375,22-07-2025,07-07-2025,2025-26
INV/2025-26/001934,136,Exam Fee,375,16-01-2026,01-01-2026,2025-26
INV/2025-26/001935,137,Tuition Fee,2500,10-07-2025,01-07-2025,2025-26
INV/2025-26/001936,137,Tuition Fee,2500,10-08-2025,01-08-2025,2025-26
INV/2025-26/001937,137,Tuition Fee,2500,10-09-2025,01-09-2025,2025-26
INV/2025-26/001938,137,Tuition Fee,2500,10-10-2025,01-10-2025,2025-26
INV/2025-26/001939,137,Tuition Fee,2500,10-11-2025,01-11-2025,2025-26
INV/2025-26/001940,137,Tuition Fee,2500,10-12-2025,01-12-2025,2025-26
INV/2025-26/001941,137,Tuition Fee,2500,10-01-2026,01-01-2026,2025-26
INV/2025-26/001942,137,Tuition Fee,2500,10-02-2026,01-02-2026,2025-26
INV/2025-26/001943,137,Tuition Fee,2500,10-03-2026,01-03-2026,2025-26
INV/2025-26/001944,137,Annual Fee,6000,22-07-2025,07-07-2025,2025-26
INV/2025-26/001945,137,Lab Fee,1000,22-07-2025,07-07-2025,2025-26
INV/2025-26/001946,137,Library Fee,500,22-07-2025,07-07-2025,2025-26
INV/2025-26/001947,137,Sports Fee,1000,22-07-2025,07-07-2025,2025-26
INV/2025-26/001948,137,Exam Fee,375,22-07-2025,07-07-2025,2025-26
INV/2025-26/001949,137,Exam Fee,375,16-01-2026,01-01-2026,2025-26
INV/2025-26/001950,138,Tuition Fee,2500,10-07-2025,01-07-2025,2025-26
INV/2025-26/001951,138,Tuition Fee,2500,10-08-2025,01-08-2025,2025-26
INV/2025-26/001952,138,Tuition Fee,2500,10-09-2025,01-09-2025,2025-26
INV/2025-26/001953,138,Tuition Fee,2500,10-10-2025,01-10-2025,2025-26
INV/2025-26/001954,138,Tuition Fee,2500,10-11-2025,01-11-2025,2025-26
INV/2025-26/001955,138,Tuition Fee,2500,10-12-2025,01-12-2025,2025-26
INV/2025-26/001956,138,Tuition Fee,2500,10-01-2026,01-01-2026,2025-26
INV/2025-26/001957,138,Tuition Fee,2500,10-02-2026,01-02-2026,2025-26
INV/2025-26/001958,138,Tuition Fee,2500,10-03-2026,01-03-2026,2025-26
INV/2025-26/001959,138,Annual Fee,6000,22-07-2025,07-07-2025,2025-26
INV/2025-26/001960,138,Lab Fee,1000,22-07-2025,07-07-2025,2025-26
INV/2025-26/001961,138,Library Fee,500,22-07-2025,07-07-2025,2025-26
INV/2025-26/001962,138,Sports Fee,1000,22-07-2025,07-07-2025,2025-26
INV/2025-26/001963,138,Exam Fee,375,22-07-2025,07-07-2025,2025-26
INV/2025-26/001964,138,Exam Fee,375,16-01-2026,01-01-2026,2025-26
INV/2025-26/001965,139,Tuition Fee,2500,10-07-2025,01-07-2025,2025-26
INV/2025-26/001966,139,Tuition Fee,2500,10-08-2025,01-08-2025,2025-26
INV/2025-26/001967,139,Tuition Fee,2500,10-09-2025,01-09-2025,2025-26
INV/2025-26/001968,139,Tuition Fee,2500,10-10-2025,01-10-2025,2025-26
INV/2025-26/001969,139,Tuition Fee,2500,10-11-2025,01-11-2025,2025-26
INV/2025-26/001970,139,Tuition Fee,2500,10-12-2025,01-12-2025,2025-26
INV/2025-26/001971,139,Tuition Fee,2500,10-01-2026,01-01-2026,2025-26
INV/2025-26/001972,139,Tuition Fee,2500,10-02-2026,01-02-2026,2025-26
INV/2025-26/001973,139,Tuition Fee,2500,10-03-2026,01-03-2026,2025-26
INV/2025-26/001974,139,Annual Fee,6000,22-07-2025,07-07-2025,2025-26
INV/2025-26/001975,139,Lab Fee,1000,22-07-2025,07-07-2025,2025-26
INV/2025-26/001976,139,Library Fee,500,22-07-2025,07-07-2025,2025-26
INV/2025-26/001977,139,Sports Fee,1000,22-07-2025,07-07-2025,2025-26
INV/2025-26/001978,139,Exam Fee,375,22-07-2025,07-07-2025,2025-26
INV/2025-26/001979,139,Exam Fee,375,16-01-2026,01-01-2026,2025-26
INV/2025-26/001980,140,Tuition Fee,2500,10-07-2025,01-07-2025,2025-26
INV/2025-26/001981,140,Tuition Fee,2500,10-08-2025,01-08-2025,2025-26
INV/2025-26/001982,140,Tuition Fee,2500,10-09-2025,01-09-2025,2025-26
INV/2025-26/001983,140,Tuition Fee,2500,10-10-2025,01-10-2025,2025-26
INV/2025-26/001984,140,Tuition Fee,2500,10-11-2025,01-11-2025,2025-26
INV/2025-26/001985,140,Tuition Fee,2500,10-12-2025,01-12-2025,2025-26
INV/2025-26/001986,140,Tuition Fee,2500,10-01-2026,01-01-2026,2025-26
INV/2025-26/001987,140,Tuition Fee,2500,10-02-2026,01-02-2026,2025-26
INV/2025-26/001988,140,Tuition Fee,2500,10-03-2026,01-03-2026,2025-26
INV/2025-26/001989,140,Annual Fee,6000,22-07-2025,07-07-2025,2025-26
INV/2025-26/001990,140,Lab Fee,1000,22-07-2025,07-07-2025,2025-26
INV/2025-26/001991,140,Library Fee,500,22-07-2025,07-07-2025,2025-26
INV/2025-26/001992,140,Sports Fee,1000,22-07-2025,07-07-2025,2025-26
INV/2025-26/001993,140,Exam Fee,375,22-07-2025,07-07-2025,2025-26
INV/2025-26/001994,140,Exam Fee,375,16-01-2026,01-01-2026,2025-26
INV/2025-26/001995,141,Tuition Fee,2500,10-07-2025,01-07-2025,2025-26
INV/2025-26/001996,141,Tuition Fee,2500,10-08-2025,01-08-2025,2025-26
INV/2025-26/001997,141,Tuition Fee,2500,10-09-2025,01-09-2025,2025-26
INV/2025-26/001998,141,Tuition Fee,2500,10-10-2025,01-10-2025,2025-26
INV/2025-26/001999,141,Tuition Fee,2500,10-11-2025,01-11-2025,2025-26
INV/2025-26/002000,141,Tuition Fee,2500,10-12-2025,01-12-2025,2025-26
INV/2025-26/002001,141,Tuition Fee,2500,10-01-2026,01-01-2026,2025-26
INV/2025-26/002002,141,Tuition Fee,2500,10-02-2026,01-02-2026,2025-26
INV/2025-26/002003,141,Tuition Fee,2500,10-03-2026,01-03-2026,2025-26
INV/2025-26/002004,141,Annual Fee,6000,22-07-2025,07-07-2025,2025-26
INV/2025-26/002005,141,Lab Fee,1000,22-07-2025,07-07-2025,2025-26
INV/2025-26/002006,141,Library Fee,500,22-07-2025,07-07-2025,2025-26
INV/2025-26/002007,141,Sports Fee,1000,22-07-2025,07-07-2025,2025-26
INV/2025-26/002008,141,Exam Fee,375,22-07-2025,07-07-2025,2025-26
INV/2025-26/002009,141,Exam Fee,375,16-01-2026,01-01-2026,2025-26
INV/2025-26/002010,142,Tuition Fee,2500,10-07-2025,01-07-2025,2025-26
INV/2025-26/002011,142,Tuition Fee,2500,10-08-2025,01-08-2025,2025-26
INV/2025-26/002012,142,Tuition Fee,2500,10-09-2025,01-09-2025,2025-26
INV/2025-26/002013,142,Tuition Fee,2500,10-10-2025,01-10-2025,2025-26
INV/2025-26/002014,142,Tuition Fee,2500,10-11-2025,01-11-2025,2025-26
INV/2025-26/002015,142,Tuition Fee,2500,10-12-2025,01-12-2025,2025-26
INV/2025-26/002016,142,Tuition Fee,2500,10-01-2026,01-01-2026,2025-26
INV/2025-26/002017,142,Tuition Fee,2500,10-02-2026,01-02-2026,2025-26
INV/2025-26/002018,142,Tuition Fee,2500,10-03-2026,01-03-2026,2025-26
INV/2025-26/002019,142,Annual Fee,6000,22-07-2025,07-07-2025,2025-26
INV/2025-26/002020,142,Lab Fee,1000,22-07-2025,07-07-2025,2025-26
INV/2025-26/002021,142,Library Fee,500,22-07-2025,07-07-2025,2025-26
INV/2025-26/002022,142,Sports Fee,1000,22-07-2025,07-07-2025,2025-26
INV/2025-26/002023,142,Exam Fee,375,22-07-2025,07-07-2025,2025-26
INV/2025-26/002024,142,Exam Fee,375,16-01-2026,01-01-2026,2025-26
INV/2025-26/002025,143,Tuition Fee,2500,10-07-2025,01-07-2025,2025-26
INV/2025-26/002026,143,Tuition Fee,2500,10-08-2025,01-08-2025,2025-26
INV/2025-26/002027,143,Tuition Fee,2500,10-09-2025,01-09-2025,2025-26
INV/2025-26/002028,143,Tuition Fee,2500,10-10-2025,01-10-2025,2025-26
INV/2025-26/002029,143,Tuition Fee,2500,10-11-2025,01-11-2025,2025-26
INV/2025-26/002030,143,Tuition Fee,2500,10-12-2025,01-12-2025,2025-26
INV/2025-26/002031,143,Tuition Fee,2500,10-01-2026,01-01-2026,2025-26
INV/2025-26/002032,143,Tuition Fee,2500,10-02-2026,01-02-2026,2025-26
INV/2025-26/002033,143,Tuition Fee,2500,10-03-2026,01-03-2026,2025-26
INV/2025-26/002034,143,Annual Fee,6000,22-07-2025,07-07-2025,2025-26
INV/2025-26/002035,143,Lab Fee,1000,22-07-2025,07-07-2025,2025-26
INV/2025-26/002036,143,Library Fee,500,22-07-2025,07-07-2025,2025-26
INV/2025-26/002037,143,Sports Fee,1000,22-07-2025,07-07-2025,2025-26
INV/2025-26/002038,143,Exam Fee,375,22-07-2025,07-07-2025,2025-26
INV/2025-26/002039,143,Exam Fee,375,16-01-2026,01-01-2026,2025-26
INV/2025-26/002040,144,Tuition Fee,2500,10-07-2025,01-07-2025,2025-26
INV/2025-26/002041,144,Tuition Fee,2500,10-08-2025,01-08-2025,2025-26
INV/2025-26/002042,144,Tuition Fee,2500,10-09-2025,01-09-2025,2025-26
INV/2025-26/002043,144,Tuition Fee,2500,10-10-2025,01-10-2025,2025-26
INV/2025-26/002044,144,Tuition Fee,2500,10-11-2025,01-11-2025,2025-26
INV/2025-26/002045,144,Tuition Fee,2500,10-12-2025,01-12-2025,2025-26
INV/2025-26/002046,144,Tuition Fee,2500,10-01-2026,01-01-2026,2025-26
INV/2025-26/002047,144,Tuition Fee,2500,10-02-2026,01-02-2026,2025-26
INV/2025-26/002048,144,Tuition Fee,2500,10-03-2026,01-03-2026,2025-26
INV/2025-26/002049,144,Annual Fee,6000,22-07-2025,07-07-2025,2025-26
INV/2025-26/002050,144,Lab Fee,1000,22-07-2025,07-07-2025,2025-26
INV/2025-26/002051,144,Library Fee,500,22-07-2025,07-07-2025,2025-26
INV/2025-26/002052,144,Sports Fee,1000,22-07-2025,07-07-2025,2025-26
INV/2025-26/002053,144,Exam Fee,375,22-07-2025,07-07-2025,2025-26
INV/2025-26/002054,144,Exam Fee,375,16-01-2026,01-01-2026,2025-26
INV/2025-26/002055,145,Tuition Fee,2500,10-07-2025,01-07-2025,2025-26
INV/2025-26/002056,145,Tuition Fee,2500,10-08-2025,01-08-2025,2025-26
INV/2025-26/002057,145,Tuition Fee,2500,10-09-2025,01-09-2025,2025-26
INV/2025-26/002058,145,Tuition Fee,2500,10-10-2025,01-10-2025,2025-26
INV/2025-26/002059,145,Tuition Fee,2500,10-11-2025,01-11-2025,2025-26
INV/2025-26/002060,145,Tuition Fee,2500,10-12-2025,01-12-2025,2025-26
INV/2025-26/002061,145,Tuition Fee,2500,10-01-2026,01-01-2026,2025-26
INV/2025-26/002062,145,Tuition Fee,2500,10-02-2026,01-02-2026,2025-26
INV/2025-26/002063,145,Tuition Fee,2500,10-03-2026,01-03-2026,2025-26
INV/2025-26/002064,145,Annual Fee,6000,22-07-2025,07-07-2025,2025-26
INV/2025-26/002065,145,Lab Fee,1000,22-07-2025,07-07-2025,2025-26
INV/2025-26/002066,145,Library Fee,500,22-07-2025,07-07-2025,2025-26
INV/2025-26/002067,145,Sports Fee,1000,22-07-2025,07-07-2025,2025-26
INV/2025-26/002068,145,Exam Fee,375,22-07-2025,07-07-2025,2025-26
INV/2025-26/002069,145,Exam Fee,375,16-01-2026,01-01-2026,2025-26
INV/2025-26/002070,146,Tuition Fee,2500,10-07-2025,01-07-2025,2025-26
INV/2025-26/002071,146,Tuition Fee,2500,10-08-2025,01-08-2025,2025-26
INV/2025-26/002072,146,Tuition Fee,2500,10-09-2025,01-09-2025,2025-26
INV/2025-26/002073,146,Tuition Fee,2500,10-10-2025,01-10-2025,2025-26
INV/2025-26/002074,146,Tuition Fee,2500,10-11-2025,01-11-2025,2025-26
INV/2025-26/002075,146,Tuition Fee,2500,10-12-2025,01-12-2025,2025-26
INV/2025-26/002076,146,Tuition Fee,2500,10-01-2026,01-01-2026,2025-26
INV/2025-26/002077,146,Tuition Fee,2500,10-02-2026,01-02-2026,2025-26
INV/2025-26/002078,146,Tuition Fee,2500,10-03-2026,01-03-2026,2025-26
INV/2025-26/002079,146,Annual Fee,6000,22-07-2025,07-07-2025,2025-26
INV/2025-26/002080,146,Lab Fee,1000,22-07-2025,07-07-2025,2025-26
INV/2025-26/002081,146,Library Fee,500,22-07-2025,07-07-2025,2025-26
INV/2025-26/002082,146,Sports Fee,1000,22-07-2025,07-07-2025,2025-26
INV/2025-26/002083,146,Exam Fee,375,22-07-2025,07-07-2025,2025-26
INV/2025-26/002084,146,Exam Fee,375,16-01-2026,01-01-2026,2025-26
INV/2025-26/002085,147,Tuition Fee,2500,10-07-2025,01-07-2025,2025-26
INV/2025-26/002086,147,Tuition Fee,2500,10-08-2025,01-08-2025,2025-26
INV/2025-26/002087,147,Tuition Fee,2500,10-09-2025,01-09-2025,2025-26
INV/2025-26/002088,147,Tuition Fee,2500,10-10-2025,01-10-2025,2025-26
INV/2025-26/002089,147,Tuition Fee,2500,10-11-2025,01-11-2025,2025-26
INV/2025-26/002090,147,Tuition Fee,2500,10-12-2025,01-12-2025,2025-26
INV/2025-26/002091,147,Tuition Fee,2500,10-01-2026,01-01-2026,2025-26
INV/2025-26/002092,147,Tuition Fee,2500,10-02-2026,01-02-2026,2025-26
INV/2025-26/002093,147,Tuition Fee,2500,10-03-2026,01-03-2026,2025-26
INV/2025-26/002094,147,Annual Fee,6000,22-07-2025,07-07-2025,2025-26
INV/2025-26/002095,147,Lab Fee,1000,22-07-2025,07-07-2025,2025-26
INV/2025-26/002096,147,Library Fee,500,22-07-2025,07-07-2025,2025-26
INV/2025-26/002097,147,Sports Fee,1000,22-07-2025,07-07-2025,2025-26
INV/2025-26/002098,147,Exam Fee,375,22-07-2025,07-07-2025,2025-26
INV/2025-26/002099,147,Exam Fee,375,16-01-2026,01-01-2026,2025-26
INV/2025-26/002100,148,Tuition Fee,2500,10-07-2025,01-07-2025,2025-26
INV/2025-26/002101,148,Tuition Fee,2500,10-08-2025,01-08-2025,2025-26
INV/2025-26/002102,148,Tuition Fee,2500,10-09-2025,01-09-2025,2025-26
INV/2025-26/002103,148,Tuition Fee,2500,10-10-2025,01-10-2025,2025-26
INV/2025-26/002104,148,Tuition Fee,2500,10-11-2025,01-11-2025,2025-26
INV/2025-26/002105,148,Tuition Fee,2500,10-12-2025,01-12-2025,2025-26
INV/2025-26/002106,148,Tuition Fee,2500,10-01-2026,01-01-2026,2025-26
INV/2025-26/002107,148,Tuition Fee,2500,10-02-2026,01-02-2026,2025-26
INV/2025-26/002108,148,Tuition Fee,2500,10-03-2026,01-03-2026,2025-26
INV/2025-26/002109,148,Annual Fee,6000,22-07-2025,07-07-2025,2025-26
INV/2025-26/002110,148,Lab Fee,1000,22-07-2025,07-07-2025,2025-26
INV/2025-26/002111,148,Library Fee,500,22-07-2025,07-07-2025,2025-26
INV/2025-26/002112,148,Sports Fee,1000,22-07-2025,07-07-2025,2025-26
INV/2025-26/002113,148,Exam Fee,375,22-07-2025,07-07-2025,2025-26
INV/2025-26/002114,148,Exam Fee,375,16-01-2026,01-01-2026,2025-26
INV/2025-26/002115,149,Tuition Fee,2500,10-07-2025,01-07-2025,2025-26
INV/2025-26/002116,149,Tuition Fee,2500,10-08-2025,01-08-2025,2025-26
INV/2025-26/002117,149,Tuition Fee,2500,10-09-2025,01-09-2025,2025-26
INV/2025-26/002118,149,Tuition Fee,2500,10-10-2025,01-10-2025,2025-26
INV/2025-26/002119,149,Tuition Fee,2500,10-11-2025,01-11-2025,2025-26
INV/2025-26/002120,149,Tuition Fee,2500,10-12-2025,01-12-2025,2025-26
INV/2025-26/002121,149,Tuition Fee,2500,10-01-2026,01-01-2026,2025-26
INV/2025-26/002122,149,Tuition Fee,2500,10-02-2026,01-02-2026,2025-26
INV/2025-26/002123,149,Tuition Fee,2500,10-03-2026,01-03-2026,2025-26
INV/2025-26/002124,149,Annual Fee,6000,22-07-2025,07-07-2025,2025-26
INV/2025-26/002125,149,Lab Fee,1000,22-07-2025,07-07-2025,2025-26
INV/2025-26/002126,149,Library Fee,500,22-07-2025,07-07-2025,2025-26
INV/2025-26/002127,149,Sports Fee,1000,22-07-2025,07-07-2025,2025-26
INV/2025-26/002128,149,Exam Fee,375,22-07-2025,07-07-2025,2025-26
INV/2025-26/002129,149,Exam Fee,375,16-01-2026,01-01-2026,2025-26
INV/2025-26/002130,150,Tuition Fee,2500,10-07-2025,01-07-2025,2025-26
INV/2025-26/002131,150,Tuition Fee,2500,10-08-2025,01-08-2025,2025-26
INV/2025-26/002132,150,Tuition Fee,2500,10-09-2025,01-09-2025,2025-26
INV/2025-26/002133,150,Tuition Fee,2500,10-10-2025,01-10-2025,2025-26
INV/2025-26/002134,150,Tuition Fee,2500,10-11-2025,01-11-2025,2025-26
INV/2025-26/002135,150,Tuition Fee,2500,10-12-2025,01-12-2025,2025-26
INV/2025-26/002136,150,Tuition Fee,2500,10-01-2026,01-01-2026,2025-26
INV/2025-26/002137,150,Tuition Fee,2500,10-02-2026,01-02-2026,2025-26
INV/2025-26/002138,150,Tuition Fee,2500,10-03-2026,01-03-2026,2025-26
INV/2025-26/002139,150,Annual Fee,6000,22-07-2025,07-07-2025,2025-26
INV/2025-26/002140,150,Lab Fee,1000,22-07-2025,07-07-2025,2025-26
INV/2025-26/002141,150,Library Fee,500,22-07-2025,07-07-2025,2025-26
INV/2025-26/002142,150,Sports Fee,1000,22-07-2025,07-07-2025,2025-26
INV/2025-26/002143,150,Exam Fee,375,22-07-2025,07-07-2025,2025-26
INV/2025-26/002144,150,Exam Fee,375,16-01-2026,01-01-2026,2025-26
INV/2025-26/002145,151,Tuition Fee,2500,10-07-2025,01-07-2025,2025-26
INV/2025-26/002146,151,Tuition Fee,2500,10-08-2025,01-08-2025,2025-26
INV/2025-26/002147,151,Tuition Fee,2500,10-09-2025,01-09-2025,2025-26
INV/2025-26/002148,151,Tuition Fee,2500,10-10-2025,01-10-2025,2025-26
INV/2025-26/002149,151,Tuition Fee,2500,10-11-2025,01-11-2025,2025-26
INV/2025-26/002150,151,Tuition Fee,2500,10-12-2025,01-12-2025,2025-26
INV/2025-26/002151,151,Tuition Fee,2500,10-01-2026,01-01-2026,2025-26
INV/2025-26/002152,151,Tuition Fee,2500,10-02-2026,01-02-2026,2025-26
INV/2025-26/002153,151,Tuition Fee,2500,10-03-2026,01-03-2026,2025-26
INV/2025-26/002154,151,Annual Fee,6000,22-07-2025,07-07-2025,2025-26
INV/2025-26/002155,151,Lab Fee,1000,22-07-2025,07-07-2025,2025-26
INV/2025-26/002156,151,Library Fee,500,22-07-2025,07-07-2025,2025-26
INV/2025-26/002157,151,Sports Fee,1000,22-07-2025,07-07-2025,2025-26
INV/2025-26/002158,151,Exam Fee,375,22-07-2025,07-07-2025,2025-26
INV/2025-26/002159,151,Exam Fee,375,16-01-2026,01-01-2026,2025-26
INV/2025-26/002160,152,Tuition Fee,2500,10-07-2025,01-07-2025,2025-26
INV/2025-26/002161,152,Tuition Fee,2500,10-08-2025,01-08-2025,2025-26
INV/2025-26/002162,152,Tuition Fee,2500,10-09-2025,01-09-2025,2025-26
INV/2025-26/002163,152,Tuition Fee,2500,10-10-2025,01-10-2025,2025-26
INV/2025-26/002164,152,Tuition Fee,2500,10-11-2025,01-11-2025,2025-26
INV/2025-26/002165,152,Tuition Fee,2500,10-12-2025,01-12-2025,2025-26
INV/2025-26/002166,152,Tuition Fee,2500,10-01-2026,01-01-2026,2025-26
INV/2025-26/002167,152,Tuition Fee,2500,10-02-2026,01-02-2026,2025-26
INV/2025-26/002168,152,Tuition Fee,2500,10-03-2026,01-03-2026,2025-26
INV/2025-26/002169,152,Annual Fee,6000,22-07-2025,07-07-2025,2025-26
INV/2025-26/002170,152,Lab Fee,1000,22-07-2025,07-07-2025,2025-26
INV/2025-26/002171,152,Library Fee,500,22-07-2025,07-07-2025,2025-26
INV/2025-26/002172,152,Sports Fee,1000,22-07-2025,07-07-2025,2025-26
INV/2025-26/002173,152,Exam Fee,375,22-07-2025,07-07-2025,2025-26
INV/2025-26/002174,152,Exam Fee,375,16-01-2026,01-01-2026,2025-26
INV/2025-26/002175,NMS-0153,Tuition Fee,2000,10-07-2025,01-07-2025,2025-26
INV/2025-26/002176,NMS-0153,Tuition Fee,2000,10-08-2025,01-08-2025,2025-26
INV/2025-26/002177,NMS-0153,Tuition Fee,2000,10-09-2025,01-09-2025,2025-26
INV/2025-26/002178,NMS-0153,Tuition Fee,2000,10-10-2025,01-10-2025,2025-26
INV/2025-26/002179,NMS-0153,Tuition Fee,2000,10-11-2025,01-11-2025,2025-26
INV/2025-26/002180,NMS-0153,Tuition Fee,2000,10-12-2025,01-12-2025,2025-26
INV/2025-26/002181,NMS-0153,Tuition Fee,2000,10-01-2026,01-01-2026,2025-26
INV/2025-26/002182,NMS-0153,Tuition Fee,2000,10-02-2026,01-02-2026,2025-26
INV/2025-26/002183,NMS-0153,Tuition Fee,2000,10-03-2026,01-03-2026,2025-26
INV/2025-26/002184,NMS-0153,Annual Fee,5000,22-07-2025,07-07-2025,2025-26
INV/2025-26/002185,NMS-0153,Library Fee,500,22-07-2025,07-07-2025,2025-26
INV/2025-26/002186,NMS-0153,Sports Fee,1000,22-07-2025,07-07-2025,2025-26
INV/2025-26/002187,NMS-0153,Exam Fee,250,22-07-2025,07-07-2025,2025-26
INV/2025-26/002188,NMS-0153,Exam Fee,250,16-01-2026,01-01-2026,2025-26
INV/2025-26/002189,NMS-0154,Tuition Fee,2000,10-07-2025,01-07-2025,2025-26
INV/2025-26/002190,NMS-0154,Tuition Fee,2000,10-08-2025,01-08-2025,2025-26
INV/2025-26/002191,NMS-0154,Tuition Fee,2000,10-09-2025,01-09-2025,2025-26
INV/2025-26/002192,NMS-0154,Tuition Fee,2000,10-10-2025,01-10-2025,2025-26
INV/2025-26/002193,NMS-0154,Tuition Fee,2000,10-11-2025,01-11-2025,2025-26
INV/2025-26/002194,NMS-0154,Tuition Fee,2000,10-12-2025,01-12-2025,2025-26
INV/2025-26/002195,NMS-0154,Tuition Fee,2000,10-01-2026,01-01-2026,2025-26
INV/2025-26/002196,NMS-0154,Tuition Fee,2000,10-02-2026,01-02-2026,2025-26
INV/2025-26/002197,NMS-0154,Tuition Fee,2000,10-03-2026,01-03-2026,2025-26
INV/2025-26/002198,NMS-0154,Annual Fee,5000,22-07-2025,07-07-2025,2025-26
INV/2025-26/002199,NMS-0154,Library Fee,500,22-07-2025,07-07-2025,2025-26
INV/2025-26/002200,NMS-0154,Sports Fee,1000,22-07-2025,07-07-2025,2025-26
INV/2025-26/002201,NMS-0154,Exam Fee,250,22-07-2025,07-07-2025,2025-26
INV/2025-26/002202,NMS-0154,Exam Fee,250,16-01-2026,01-01-2026,2025-26
INV/2025-26/002203,NMS-0155,Tuition Fee,2500,10-07-2025,01-07-2025,2025-26
INV/2025-26/002204,NMS-0155,Tuition Fee,2500,10-08-2025,01-08-2025,2025-26
INV/2025-26/002205,NMS-0155,Tuition Fee,2500,10-09-2025,01-09-2025,2025-26
INV/2025-26/002206,NMS-0155,Tuition Fee,2500,10-10-2025,01-10-2025,2025-26
INV/2025-26/002207,NMS-0155,Tuition Fee,2500,10-11-2025,01-11-2025,2025-26
INV/2025-26/002208,NMS-0155,Tuition Fee,2500,10-12-2025,01-12-2025,2025-26
INV/2025-26/002209,NMS-0155,Tuition Fee,2500,10-01-2026,01-01-2026,2025-26
INV/2025-26/002210,NMS-0155,Tuition Fee,2500,10-02-2026,01-02-2026,2025-26
INV/2025-26/002211,NMS-0155,Tuition Fee,2500,10-03-2026,01-03-2026,2025-26
INV/2025-26/002212,NMS-0155,Annual Fee,6000,22-07-2025,07-07-2025,2025-26
INV/2025-26/002213,NMS-0155,Lab Fee,1000,22-07-2025,07-07-2025,2025-26
INV/2025-26/002214,NMS-0155,Library Fee,500,22-07-2025,07-07-2025,2025-26
INV/2025-26/002215,NMS-0155,Sports Fee,1000,22-07-2025,07-07-2025,2025-26
INV/2025-26/002216,NMS-0155,Exam Fee,375,22-07-2025,07-07-2025,2025-26
INV/2025-26/002217,NMS-0155,Exam Fee,375,16-01-2026,01-01-2026,2025-26
INV/2025-26/002218,NMS-0156,Tuition Fee,2000,10-07-2025,01-07-2025,2025-26
INV/2025-26/002219,NMS-0156,Tuition Fee,2000,10-08-2025,01-08-2025,2025-26
INV/2025-26/002220,NMS-0156,Tuition Fee,2000,10-09-2025,01-09-2025,2025-26
INV/2025-26/002221,NMS-0156,Tuition Fee,2000,10-10-2025,01-10-2025,2025-26
INV/2025-26/002222,NMS-0156,Tuition Fee,2000,10-11-2025,01-11-2025,2025-26
INV/2025-26/002223,NMS-0156,Tuition Fee,2000,10-12-2025,01-12-2025,2025-26
INV/2025-26/002224,NMS-0156,Tuition Fee,2000,10-01-2026,01-01-2026,2025-26
INV/2025-26/002225,NMS-0156,Tuition Fee,2000,10-02-2026,01-02-2026,2025-26
INV/2025-26/002226,NMS-0156,Tuition Fee,2000,10-03-2026,01-03-2026,2025-26
INV/2025-26/002227,NMS-0156,Annual Fee,5000,22-07-2025,07-07-2025,2025-26
INV/2025-26/002228,NMS-0156,Library Fee,500,22-07-2025,07-07-2025,2025-26
INV/2025-26/002229,NMS-0156,Sports Fee,1000,22-07-2025,07-07-2025,2025-26
INV/2025-26/002230,NMS-0156,Exam Fee,250,22-07-2025,07-07-2025,2025-26
INV/2025-26/002231,NMS-0156,Exam Fee,250,16-01-2026,01-01-2026,2025-26
INV/2025-26/002232,NMS-0157,Tuition Fee,2500,10-07-2025,01-07-2025,2025-26
INV/2025-26/002233,NMS-0157,Tuition Fee,2500,10-08-2025,01-08-2025,2025-26
INV/2025-26/002234,NMS-0157,Tuition Fee,2500,10-09-2025,01-09-2025,2025-26
INV/2025-26/002235,NMS-0157,Tuition Fee,2500,10-10-2025,01-10-2025,2025-26
INV/2025-26/002236,NMS-0157,Tuition Fee,2500,10-11-2025,01-11-2025,2025-26
INV/2025-26/002237,NMS-0157,Tuition Fee,2500,10-12-2025,01-12-2025,2025-26
INV/2025-26/002238,NMS-0157,Tuition Fee,2500,10-01-2026,01-01-2026,2025-26
INV/2025-26/002239,NMS-0157,Tuition Fee,2500,10-02-2026,01-02-2026,2025-26
INV/2025-26/002240,NMS-0157,Tuition Fee,2500,10-03-2026,01-03-2026,2025-26
INV/2025-26/002241,NMS-0157,Annual Fee,6000,22-07-2025,07-07-2025,2025-26
INV/2025-26/002242,NMS-0157,Lab Fee,1000,22-07-2025,07-07-2025,2025-26
INV/2025-26/002243,NMS-0157,Library Fee,500,22-07-2025,07-07-2025,2025-26
INV/2025-26/002244,NMS-0157,Sports Fee,1000,22-07-2025,07-07-2025,2025-26
INV/2025-26/002245,NMS-0157,Exam Fee,375,22-07-2025,07-07-2025,2025-26
INV/2025-26/002246,NMS-0157,Exam Fee,375,16-01-2026,01-01-2026,2025-26
INV/2025-26/002247,NMS-0158,Tuition Fee,2500,10-07-2025,01-07-2025,2025-26
INV/2025-26/002248,NMS-0158,Tuition Fee,2500,10-08-2025,01-08-2025,2025-26
INV/2025-26/002249,NMS-0158,Tuition Fee,2500,10-09-2025,01-09-2025,2025-26
INV/2025-26/002250,NMS-0158,Tuition Fee,2500,10-10-2025,01-10-2025,2025-26
INV/2025-26/002251,NMS-0158,Tuition Fee,2500,10-11-2025,01-11-2025,2025-26
INV/2025-26/002252,NMS-0158,Tuition Fee,2500,10-12-2025,01-12-2025,2025-26
INV/2025-26/002253,NMS-0158,Tuition Fee,2500,10-01-2026,01-01-2026,2025-26
INV/2025-26/002254,NMS-0158,Tuition Fee,2500,10-02-2026,01-02-2026,2025-26
INV/2025-26/002255,NMS-0158,Tuition Fee,2500,10-03-2026,01-03-2026,2025-26
INV/2025-26/002256,NMS-0158,Annual Fee,6000,22-07-2025,07-07-2025,2025-26
INV/2025-26/002257,NMS-0158,Lab Fee,1000,22-07-2025,07-07-2025,2025-26
INV/2025-26/002258,NMS-0158,Library Fee,500,22-07-2025,07-07-2025,2025-26
INV/2025-26/002259,NMS-0158,Sports Fee,1000,22-07-2025,07-07-2025,2025-26
INV/2025-26/002260,NMS-0158,Exam Fee,375,22-07-2025,07-07-2025,2025-26
INV/2025-26/002261,NMS-0158,Exam Fee,375,16-01-2026,01-01-2026,2025-26
