receipt_number,invoice_number,amount_paid,payment_date,payment_mode,remarks
RCP/2025-26/000001,INV/2025-26/000001,2000,10-07-2025,BANK_TRANSFER,
RCP/2025-26/000002,INV/2025-26/000002,2000,14-08-2025,CASH,
RCP/2025-26/000003,INV/2025-26/000003,2000,12-09-2025,CHEQUE,
RCP/2025-26/000004,INV/2025-26/000004,2000,10-10-2025,CASH,
RCP/2025-26/000005,INV/2025-26/000005,2000,10-11-2025,CHEQUE,
RCP/2025-26/000006,INV/2025-26/000006,2000,23-12-2025,UPI,
RCP/2025-26/000007,INV/2025-26/000007,2000,18-01-2026,CASH,
RCP/2025-26/000008,INV/2025-26/000008,2000,15-02-2026,ONLINE,
RCP/2025-26/000009,INV/2025-26/000009,2000,14-03-2026,UPI,
RCP/2025-26/000010,INV/2025-26/000011,500,24-07-2025,ONLINE,
RCP/2025-26/000011,INV/2025-26/000012,1000,02-08-2025,CHEQUE,
RCP/2025-26/000012,INV/2025-26/000013,250,23-07-2025,ONLINE,
RCP/2025-26/000013,INV/2025-26/000014,250,28-01-2026,CASH,
RCP/2025-26/000014,INV/2025-26/000015,2000,21-07-2025,CHEQUE,
RCP/2025-26/000015,INV/2025-26/000016,2000,12-08-2025,CASH,
RCP/2025-26/000016,INV/2025-26/000017,2000,19-09-2025,CASH,
RCP/2025-26/000017,INV/2025-26/000020,2000,24-12-2025,BANK_TRANSFER,
RCP/2025-26/000018,INV/2025-26/000021,2000,21-01-2026,UPI,
RCP/2025-26/000019,INV/2025-26/000022,2000,12-02-2026,CHEQUE,
RCP/2025-26/000020,INV/2025-26/000023,2000,17-03-2026,UPI,
RCP/2025-26/000021,INV/2025-26/000024,5000,30-07-2025,CHEQUE,
RCP/2025-26/000022,INV/2025-26/000025,500,01-08-2025,CASH,
RCP/2025-26/000023,INV/2025-26/000026,1000,23-07-2025,BANK_TRANSFER,
RCP/2025-26/000024,INV/2025-26/000027,250,24-07-2025,UPI,
RCP/2025-26/000025,INV/2025-26/000029,2000,20-07-2025,UPI,
RCP/2025-26/000026,INV/2025-26/000030,2000,22-08-2025,ONLINE,
RCP/2025-26/000027,INV/2025-26/000031,2000,14-09-2025,UPI,
RCP/2025-26/000028,INV/2025-26/000032,2000,18-10-2025,CHEQUE,
RCP/2025-26/000029,INV/2025-26/000033,2000,22-11-2025,BANK_TRANSFER,
RCP/2025-26/000030,INV/2025-26/000034,2000,14-12-2025,CHEQUE,
RCP/2025-26/000031,INV/2025-26/000035,2000,11-01-2026,CASH,
RCP/2025-26/000032,INV/2025-26/000036,2000,15-02-2026,ONLINE,
RCP/2025-26/000033,INV/2025-26/000037,2000,22-03-2026,ONLINE,
RCP/2025-26/000034,INV/2025-26/000038,5000,05-08-2025,CHEQUE,
RCP/2025-26/000035,INV/2025-26/000039,500,22-07-2025,CASH,
RCP/2025-26/000036,INV/2025-26/000040,1000,30-07-2025,BANK_TRANSFER,
RCP/2025-26/000037,INV/2025-26/000041,250,04-08-2025,UPI,
RCP/2025-26/000038,INV/2025-26/000042,250,24-01-2026,CHEQUE,
RCP/2025-26/000039,INV/2025-26/000043,2000,13-07-2025,BANK_TRANSFER,
RCP/2025-26/000040,INV/2025-26/000044,2000,16-08-2025,UPI,
RCP/2025-26/000041,INV/2025-26/000045,2000,15-09-2025,CHEQUE,
RCP/2025-26/000042,INV/2025-26/000049,2000,25-01-2026,CASH,
RCP/2025-26/000043,INV/2025-26/000050,2000,21-02-2026,BANK_TRANSFER,
RCP/2025-26/000044,INV/2025-26/000051,2000,17-03-2026,CHEQUE,
RCP/2025-26/000045,INV/2025-26/000053,500,06-08-2025,CASH,
RCP/2025-26/000046,INV/2025-26/000055,250,26-07-2025,UPI,
RCP/2025-26/000047,INV/2025-26/000056,250,21-01-2026,BANK_TRANSFER,
RCP/2025-26/000048,INV/2025-26/000057,2000,23-07-2025,UPI,
RCP/2025-26/000049,INV/2025-26/000059,2000,16-09-2025,BANK_TRANSFER,
RCP/2025-26/000050,INV/2025-26/000060,2000,21-10-2025,ONLINE,
RCP/2025-26/000051,INV/2025-26/000062,2000,17-12-2025,UPI,
RCP/2025-26/000052,INV/2025-26/000063,2000,10-01-2026,CHEQUE,
RCP/2025-26/000053,INV/2025-26/000064,2000,17-02-2026,CASH,
RCP/2025-26/000054,INV/2025-26/000065,2000,11-03-2026,UPI,
RCP/2025-26/000055,INV/2025-26/000066,5000,23-07-2025,BANK_TRANSFER,
RCP/2025-26/000056,INV/2025-26/000067,500,29-07-2025,BANK_TRANSFER,
RCP/2025-26/000057,INV/2025-26/000068,1000,28-07-2025,CHEQUE,
RCP/2025-26/000058,INV/2025-26/000069,250,06-08-2025,UPI,
RCP/2025-26/000059,INV/2025-26/000070,250,29-01-2026,UPI,
RCP/2025-26/000060,INV/2025-26/000071,2000,23-07-2025,BANK_TRANSFER,
RCP/2025-26/000061,INV/2025-26/000072,2000,24-08-2025,CASH,
RCP/2025-26/000062,INV/2025-26/000073,2000,13-09-2025,CASH,
RCP/2025-26/000063,INV/2025-26/000074,2000,20-10-2025,CASH,
RCP/2025-26/000064,INV/2025-26/000075,2000,16-11-2025,CHEQUE,
RCP/2025-26/000065,INV/2025-26/000076,2000,23-12-2025,UPI,
RCP/2025-26/000066,INV/2025-26/000077,2000,17-01-2026,CASH,
RCP/2025-26/000067,INV/2025-26/000078,2000,13-02-2026,CASH,
RCP/2025-26/000068,INV/2025-26/000079,2000,10-03-2026,CASH,
RCP/2025-26/000069,INV/2025-26/000081,500,27-07-2025,ONLINE,
RCP/2025-26/000070,INV/2025-26/000082,1000,28-07-2025,ONLINE,
RCP/2025-26/000071,INV/2025-26/000084,250,16-01-2026,ONLINE,
RCP/2025-26/000072,INV/2025-26/000085,2000,24-07-2025,BANK_TRANSFER,
RCP/2025-26/000073,INV/2025-26/000086,2000,25-08-2025,UPI,
RCP/2025-26/000074,INV/2025-26/000087,2000,16-09-2025,CASH,
RCP/2025-26/000075,INV/2025-26/000088,2000,11-10-2025,BANK_TRANSFER,
RCP/2025-26/000076,INV/2025-26/000089,2000,25-11-2025,CHEQUE,
RCP/2025-26/000077,INV/2025-26/000091,2000,11-01-2026,CHEQUE,
RCP/2025-26/000078,INV/2025-26/000092,2000,15-02-2026,CASH,
RCP/2025-26/000079,INV/2025-26/000093,2000,17-03-2026,ONLINE,
RCP/2025-26/000080,INV/2025-26/000094,5000,29-07-2025,CHEQUE,
RCP/2025-26/000081,INV/2025-26/000095,500,24-07-2025,ONLINE,
RCP/2025-26/000082,INV/2025-26/000096,1000,01-08-2025,BANK_TRANSFER,
RCP/2025-26/000083,INV/2025-26/000097,250,01-08-2025,UPI,
RCP/2025-26/000084,INV/2025-26/000098,250,20-01-2026,BANK_TRANSFER,
RCP/2025-26/000085,INV/2025-26/000099,2000,12-07-2025,CASH,
RCP/2025-26/000086,INV/2025-26/000100,2000,13-08-2025,CASH,
RCP/2025-26/000087,INV/2025-26/000101,2000,18-09-2025,UPI,
RCP/2025-26/000088,INV/2025-26/000105,2000,15-01-2026,ONLINE,
RCP/2025-26/000089,INV/2025-26/000106,2000,19-02-2026,CHEQUE,
RCP/2025-26/000090,INV/2025-26/000108,5000,22-07-2025,CHEQUE,
RCP/2025-26/000091,INV/2025-26/000109,500,25-07-2025,UPI,
RCP/2025-26/000092,INV/2025-26/000110,1000,25-07-2025,CHEQUE,
RCP/2025-26/000093,INV/2025-26/000111,250,31-07-2025,CHEQUE,
RCP/2025-26/000094,INV/2025-26/000112,250,26-01-2026,UPI,
RCP/2025-26/000095,INV/2025-26/000113,2000,18-07-2025,CHEQUE,
RCP/2025-26/000096,INV/2025-26/000114,2000,11-08-2025,CASH,
RCP/2025-26/000097,INV/2025-26/000115,2000,18-09-2025,CASH,
RCP/2025-26/000098,INV/2025-26/000116,2000,14-10-2025,BANK_TRANSFER,
RCP/2025-26/000099,INV/2025-26/000117,2000,24-11-2025,CHEQUE,
RCP/2025-26/000100,INV/2025-26/000118,2000,10-12-2025,CASH,
RCP/2025-26/000101,INV/2025-26/000119,2000,14-01-2026,CHEQUE,
RCP/2025-26/000102,INV/2025-26/000120,2000,21-02-2026,CHEQUE,
RCP/2025-26/000103,INV/2025-26/000121,2000,23-03-2026,UPI,
RCP/2025-26/000104,INV/2025-26/000122,5000,02-08-2025,CASH,
RCP/2025-26/000105,INV/2025-26/000124,1000,29-07-2025,CASH,
RCP/2025-26/000106,INV/2025-26/000125,250,04-08-2025,CHEQUE,
RCP/2025-26/000107,INV/2025-26/000126,250,23-01-2026,UPI,
RCP/2025-26/000108,INV/2025-26/000128,2000,23-08-2025,CASH,
RCP/2025-26/000109,INV/2025-26/000129,2000,20-09-2025,ONLINE,
RCP/2025-26/000110,INV/2025-26/000130,2000,17-10-2025,BANK_TRANSFER,
RCP/2025-26/000111,INV/2025-26/000131,2000,13-11-2025,ONLINE,
RCP/2025-26/000112,INV/2025-26/000134,2000,24-02-2026,BANK_TRANSFER,
RCP/2025-26/000113,INV/2025-26/000135,2000,17-03-2026,UPI,
RCP/2025-26/000114,INV/2025-26/000136,5000,28-07-2025,ONLINE,
RCP/2025-26/000115,INV/2025-26/000137,500,24-07-2025,BANK_TRANSFER,
RCP/2025-26/000116,INV/2025-26/000138,1000,03-08-2025,CHEQUE,
RCP/2025-26/000117,INV/2025-26/000139,250,22-07-2025,CASH,
RCP/2025-26/000118,INV/2025-26/000141,2000,18-07-2025,CASH,
RCP/2025-26/000119,INV/2025-26/000142,2000,23-08-2025,BANK_TRANSFER,
RCP/2025-26/000120,INV/2025-26/000143,2000,20-09-2025,ONLINE,
RCP/2025-26/000121,INV/2025-26/000144,2000,13-10-2025,ONLINE,
RCP/2025-26/000122,INV/2025-26/000146,2000,11-12-2025,ONLINE,
RCP/2025-26/000123,INV/2025-26/000147,2000,16-01-2026,BANK_TRANSFER,
RCP/2025-26/000124,INV/2025-26/000148,2000,20-02-2026,CHEQUE,
RCP/2025-26/000125,INV/2025-26/000149,2000,13-03-2026,BANK_TRANSFER,
RCP/2025-26/000126,INV/2025-26/000150,5000,04-08-2025,BANK_TRANSFER,
RCP/2025-26/000127,INV/2025-26/000151,500,31-07-2025,CHEQUE,
RCP/2025-26/000128,INV/2025-26/000152,1000,04-08-2025,ONLINE,
RCP/2025-26/000129,INV/2025-26/000153,250,27-07-2025,CHEQUE,
RCP/2025-26/000130,INV/2025-26/000154,250,28-01-2026,CHEQUE,
RCP/2025-26/000131,INV/2025-26/000155,2000,19-07-2025,BANK_TRANSFER,
RCP/2025-26/000132,INV/2025-26/000156,2000,20-08-2025,ONLINE,
RCP/2025-26/000133,INV/2025-26/000157,2000,16-09-2025,CHEQUE,
RCP/2025-26/000134,INV/2025-26/000158,2000,15-10-2025,CASH,
RCP/2025-26/000135,INV/2025-26/000159,2000,20-11-2025,CASH,
RCP/2025-26/000136,INV/2025-26/000160,2000,17-12-2025,BANK_TRANSFER,
RCP/2025-26/000137,INV/2025-26/000161,2000,16-01-2026,UPI,
RCP/2025-26/000138,INV/2025-26/000162,2000,17-02-2026,ONLINE,
RCP/2025-26/000139,INV/2025-26/000163,2000,12-03-2026,ONLINE,
RCP/2025-26/000140,INV/2025-26/000164,5000,28-07-2025,ONLINE,
RCP/2025-26/000141,INV/2025-26/000165,500,29-07-2025,UPI,
RCP/2025-26/000142,INV/2025-26/000166,1000,22-07-2025,CASH,
RCP/2025-26/000143,INV/2025-26/000167,250,29-07-2025,UPI,
RCP/2025-26/000144,INV/2025-26/000168,250,30-01-2026,CASH,
RCP/2025-26/000145,INV/2025-26/000169,2000,13-07-2025,ONLINE,
RCP/2025-26/000146,INV/2025-26/000170,2000,24-08-2025,CHEQUE,
RCP/2025-26/000147,INV/2025-26/000172,2000,24-10-2025,CHEQUE,
RCP/2025-26/000148,INV/2025-26/000173,2000,23-11-2025,CHEQUE,
RCP/2025-26/000149,INV/2025-26/000174,2000,15-12-2025,ONLINE,
RCP/2025-26/000150,INV/2025-26/000175,2000,17-01-2026,BANK_TRANSFER,
RCP/2025-26/000151,INV/2025-26/000176,2000,25-02-2026,UPI,
RCP/2025-26/000152,INV/2025-26/000177,2000,12-03-2026,BANK_TRANSFER,
RCP/2025-26/000153,INV/2025-26/000178,5000,01-08-2025,BANK_TRANSFER,
RCP/2025-26/000154,INV/2025-26/000180,1000,26-07-2025,UPI,
RCP/2025-26/000155,INV/2025-26/000181,250,26-07-2025,UPI,
RCP/2025-26/000156,INV/2025-26/000182,250,29-01-2026,BANK_TRANSFER,
RCP/2025-26/000157,INV/2025-26/000183,2000,23-07-2025,CASH,
RCP/2025-26/000158,INV/2025-26/000184,2000,23-08-2025,ONLINE,
RCP/2025-26/000159,INV/2025-26/000186,2000,10-10-2025,CHEQUE,
RCP/2025-26/000160,INV/2025-26/000187,2000,10-11-2025,BANK_TRANSFER,
RCP/2025-26/000161,INV/2025-26/000188,2000,22-12-2025,ONLINE,
RCP/2025-26/000162,INV/2025-26/000189,2000,17-01-2026,ONLINE,
RCP/2025-26/000163,INV/2025-26/000190,2000,23-02-2026,ONLINE,
RCP/2025-26/000164,INV/2025-26/000191,2000,20-03-2026,ONLINE,
RCP/2025-26/000165,INV/2025-26/000192,5000,05-08-2025,UPI,
RCP/2025-26/000166,INV/2025-26/000194,1000,03-08-2025,CHEQUE,
RCP/2025-26/000167,INV/2025-26/000195,250,22-07-2025,CASH,
RCP/2025-26/000168,INV/2025-26/000196,250,20-01-2026,ONLINE,
RCP/2025-26/000169,INV/2025-26/000197,2000,18-07-2025,ONLINE,
RCP/2025-26/000170,INV/2025-26/000198,2000,24-08-2025,BANK_TRANSFER,
RCP/2025-26/000171,INV/2025-26/000199,2000,22-09-2025,BANK_TRANSFER,
RCP/2025-26/000172,INV/2025-26/000200,2000,23-10-2025,BANK_TRANSFER,
RCP/2025-26/000173,INV/2025-26/000201,2000,25-11-2025,CASH,
RCP/2025-26/000174,INV/2025-26/000202,2000,11-12-2025,BANK_TRANSFER,
RCP/2025-26/000175,INV/2025-26/000203,2000,12-01-2026,CASH,
RCP/2025-26/000176,INV/2025-26/000204,2000,17-02-2026,UPI,
RCP/2025-26/000177,INV/2025-26/000205,2000,14-03-2026,UPI,
RCP/2025-26/000178,INV/2025-26/000206,5000,25-07-2025,CHEQUE,
RCP/2025-26/000179,INV/2025-26/000208,1000,30-07-2025,BANK_TRANSFER,
RCP/2025-26/000180,INV/2025-26/000209,250,25-07-2025,UPI,
RCP/2025-26/000181,INV/2025-26/000211,2000,10-07-2025,BANK_TRANSFER,
RCP/2025-26/000182,INV/2025-26/000212,2000,22-08-2025,ONLINE,
RCP/2025-26/000183,INV/2025-26/000214,2000,17-10-2025,CASH,
RCP/2025-26/000184,INV/2025-26/000215,2000,19-11-2025,CHEQUE,
RCP/2025-26/000185,INV/2025-26/000216,2000,11-12-2025,BANK_TRANSFER,
RCP/2025-26/000186,INV/2025-26/000217,2000,21-01-2026,CASH,
RCP/2025-26/000187,INV/2025-26/000218,2000,20-02-2026,CASH,
RCP/2025-26/000188,INV/2025-26/000219,2000,25-03-2026,CASH,
RCP/2025-26/000189,INV/2025-26/000220,5000,02-08-2025,ONLINE,
RCP/2025-26/000190,INV/2025-26/000221,500,04-08-2025,UPI,
RCP/2025-26/000191,INV/2025-26/000222,1000,30-07-2025,CHEQUE,
RCP/2025-26/000192,INV/2025-26/000223,250,06-08-2025,ONLINE,
RCP/2025-26/000193,INV/2025-26/000224,250,24-01-2026,BANK_TRANSFER,
RCP/2025-26/000194,INV/2025-26/000226,2000,12-08-2025,BANK_TRANSFER,
RCP/2025-26/000195,INV/2025-26/000228,2000,24-10-2025,CHEQUE,
RCP/2025-26/000196,INV/2025-26/000229,2000,22-11-2025,BANK_TRANSFER,
RCP/2025-26/000197,INV/2025-26/000230,2000,20-12-2025,UPI,
RCP/2025-26/000198,INV/2025-26/000231,2000,21-01-2026,BANK_TRANSFER,
RCP/2025-26/000199,INV/2025-26/000232,2000,18-02-2026,CHEQUE,
RCP/2025-26/000200,INV/2025-26/000233,2000,16-03-2026,CASH,
RCP/2025-26/000201,INV/2025-26/000234,5000,04-08-2025,ONLINE,
RCP/2025-26/000202,INV/2025-26/000235,500,29-07-2025,ONLINE,
RCP/2025-26/000203,INV/2025-26/000236,1000,06-08-2025,ONLINE,
RCP/2025-26/000204,INV/2025-26/000237,250,24-07-2025,BANK_TRANSFER,
RCP/2025-26/000205,INV/2025-26/000238,250,23-01-2026,BANK_TRANSFER,
RCP/2025-26/000206,INV/2025-26/000239,2000,21-07-2025,ONLINE,
RCP/2025-26/000207,INV/2025-26/000240,2000,21-08-2025,ONLINE,
RCP/2025-26/000208,INV/2025-26/000242,2000,21-10-2025,ONLINE,
RCP/2025-26/000209,INV/2025-26/000243,2000,18-11-2025,UPI,
RCP/2025-26/000210,INV/2025-26/000244,2000,16-12-2025,BANK_TRANSFER,
RCP/2025-26/000211,INV/2025-26/000245,2000,15-01-2026,UPI,
RCP/2025-26/000212,INV/2025-26/000246,2000,25-02-2026,BANK_TRANSFER,
RCP/2025-26/000213,INV/2025-26/000247,2000,19-03-2026,CASH,
RCP/2025-26/000214,INV/2025-26/000248,5000,31-07-2025,UPI,
RCP/2025-26/000215,INV/2025-26/000249,500,31-07-2025,CASH,
RCP/2025-26/000216,INV/2025-26/000250,1000,26-07-2025,BANK_TRANSFER,
RCP/2025-26/000217,INV/2025-26/000251,250,23-07-2025,CHEQUE,
RCP/2025-26/000218,INV/2025-26/000252,250,20-01-2026,ONLINE,
RCP/2025-26/000219,INV/2025-26/000253,2000,10-07-2025,CHEQUE,
RCP/2025-26/000220,INV/2025-26/000254,2000,25-08-2025,ONLINE,
RCP/2025-26/000221,INV/2025-26/000255,2000,11-09-2025,BANK_TRANSFER,
RCP/2025-26/000222,INV/2025-26/000257,2000,12-11-2025,ONLINE,
RCP/2025-26/000223,INV/2025-26/000258,2000,11-12-2025,UPI,
RCP/2025-26/000224,INV/2025-26/000259,2000,19-01-2026,CASH,
RCP/2025-26/000225,INV/2025-26/000261,2000,23-03-2026,CHEQUE,
RCP/2025-26/000226,INV/2025-26/000262,5000,29-07-2025,CHEQUE,
RCP/2025-26/000227,INV/2025-26/000263,500,05-08-2025,BANK_TRANSFER,
RCP/2025-26/000228,INV/2025-26/000266,250,17-01-2026,CHEQUE,
RCP/2025-26/000229,INV/2025-26/000268,2000,16-08-2025,UPI,
RCP/2025-26/000230,INV/2025-26/000269,2000,12-09-2025,UPI,
RCP/2025-26/000231,INV/2025-26/000270,2000,12-10-2025,UPI,
RCP/2025-26/000232,INV/2025-26/000271,2000,24-11-2025,CHEQUE,
RCP/2025-26/000233,INV/2025-26/000272,2000,11-12-2025,UPI,
RCP/2025-26/000234,INV/2025-26/000273,2000,19-01-2026,ONLINE,
RCP/2025-26/000235,INV/2025-26/000274,2000,17-02-2026,BANK_TRANSFER,
RCP/2025-26/000236,INV/2025-26/000275,2000,16-03-2026,ONLINE,
RCP/2025-26/000237,INV/2025-26/000276,5000,29-07-2025,UPI,
RCP/2025-26/000238,INV/2025-26/000278,1000,24-07-2025,CASH,
RCP/2025-26/000239,INV/2025-26/000279,250,31-07-2025,CHEQUE,
RCP/2025-26/000240,INV/2025-26/000280,250,25-01-2026,ONLINE,
RCP/2025-26/000241,INV/2025-26/000281,2000,19-07-2025,ONLINE,
RCP/2025-26/000242,INV/2025-26/000283,2000,25-09-2025,ONLINE,
RCP/2025-26/000243,INV/2025-26/000284,2000,11-10-2025,ONLINE,
RCP/2025-26/000244,INV/2025-26/000285,2000,18-11-2025,CASH,
RCP/2025-26/000245,INV/2025-26/000286,2000,10-12-2025,BANK_TRANSFER,
RCP/2025-26/000246,INV/2025-26/000287,2000,15-01-2026,ONLINE,
RCP/2025-26/000247,INV/2025-26/000288,2000,24-02-2026,BANK_TRANSFER,
RCP/2025-26/000248,INV/2025-26/000289,2000,23-03-2026,ONLINE,
RCP/2025-26/000249,INV/2025-26/000291,500,04-08-2025,BANK_TRANSFER,
RCP/2025-26/000250,INV/2025-26/000292,1000,25-07-2025,UPI,
RCP/2025-26/000251,INV/2025-26/000293,250,06-08-2025,BANK_TRANSFER,
RCP/2025-26/000252,INV/2025-26/000294,250,28-01-2026,CHEQUE,
RCP/2025-26/000253,INV/2025-26/000295,2000,12-07-2025,BANK_TRANSFER,
RCP/2025-26/000254,INV/2025-26/000296,2000,13-08-2025,ONLINE,
RCP/2025-26/000255,INV/2025-26/000298,2000,10-10-2025,CHEQUE,
RCP/2025-26/000256,INV/2025-26/000299,2000,11-11-2025,UPI,
RCP/2025-26/000257,INV/2025-26/000300,2000,25-12-2025,ONLINE,
RCP/2025-26/000258,INV/2025-26/000301,2000,16-01-2026,BANK_TRANSFER,
RCP/2025-26/000259,INV/2025-26/000302,2000,19-02-2026,ONLINE,
RCP/2025-26/000260,INV/2025-26/000304,5000,22-07-2025,CHEQUE,
RCP/2025-26/000261,INV/2025-26/000305,500,27-07-2025,BANK_TRANSFER,
RCP/2025-26/000262,INV/2025-26/000306,1000,04-08-2025,CASH,
RCP/2025-26/000263,INV/2025-26/000307,250,25-07-2025,ONLINE,
RCP/2025-26/000264,INV/2025-26/000309,2000,14-07-2025,ONLINE,
RCP/2025-26/000265,INV/2025-26/000311,2000,18-09-2025,ONLINE,
RCP/2025-26/000266,INV/2025-26/000312,2000,25-10-2025,UPI,
RCP/2025-26/000267,INV/2025-26/000313,2000,14-11-2025,ONLINE,
RCP/2025-26/000268,INV/2025-26/000314,2000,14-12-2025,CASH,
RCP/2025-26/000269,INV/2025-26/000315,2000,23-01-2026,BANK_TRANSFER,
RCP/2025-26/000270,INV/2025-26/000317,2000,10-03-2026,BANK_TRANSFER,
RCP/2025-26/000271,INV/2025-26/000318,5000,06-08-2025,UPI,
RCP/2025-26/000272,INV/2025-26/000319,500,06-08-2025,BANK_TRANSFER,
RCP/2025-26/000273,INV/2025-26/000320,1000,03-08-2025,ONLINE,
RCP/2025-26/000274,INV/2025-26/000324,2000,22-08-2025,UPI,
RCP/2025-26/000275,INV/2025-26/000326,2000,20-10-2025,ONLINE,
RCP/2025-26/000276,INV/2025-26/000327,2000,22-11-2025,ONLINE,
RCP/2025-26/000277,INV/2025-26/000329,2000,14-01-2026,ONLINE,
RCP/2025-26/000278,INV/2025-26/000331,2000,20-03-2026,CASH,
RCP/2025-26/000279,INV/2025-26/000333,500,05-08-2025,CASH,
RCP/2025-26/000280,INV/2025-26/000334,1000,04-08-2025,UPI,
RCP/2025-26/000281,INV/2025-26/000335,250,30-07-2025,BANK_TRANSFER,
RCP/2025-26/000282,INV/2025-26/000336,250,28-01-2026,CASH,
RCP/2025-26/000283,INV/2025-26/000340,2000,20-10-2025,ONLINE,
RCP/2025-26/000284,INV/2025-26/000342,2000,12-12-2025,UPI,
RCP/2025-26/000285,INV/2025-26/000343,2000,19-01-2026,UPI,
RCP/2025-26/000286,INV/2025-26/000344,2000,23-02-2026,CASH,
RCP/2025-26/000287,INV/2025-26/000345,2000,13-03-2026,ONLINE,
RCP/2025-26/000288,INV/2025-26/000346,5000,31-07-2025,CASH,
RCP/2025-26/000289,INV/2025-26/000347,500,23-07-2025,BANK_TRANSFER,
RCP/2025-26/000290,INV/2025-26/000348,1000,04-08-2025,UPI,
RCP/2025-26/000291,INV/2025-26/000349,250,04-08-2025,CHEQUE,
RCP/2025-26/000292,INV/2025-26/000350,250,21-01-2026,UPI,
RCP/2025-26/000293,INV/2025-26/000351,2000,22-07-2025,CHEQUE,
RCP/2025-26/000294,INV/2025-26/000352,2000,25-08-2025,CHEQUE,
RCP/2025-26/000295,INV/2025-26/000353,2000,24-09-2025,BANK_TRANSFER,
RCP/2025-26/000296,INV/2025-26/000354,2000,10-10-2025,ONLINE,
RCP/2025-26/000297,INV/2025-26/000356,2000,15-12-2025,CASH,
RCP/2025-26/000298,INV/2025-26/000357,2000,21-01-2026,CHEQUE,
RCP/2025-26/000299,INV/2025-26/000358,2000,23-02-2026,BANK_TRANSFER,
RCP/2025-26/000300,INV/2025-26/000359,2000,19-03-2026,UPI,
RCP/2025-26/000301,INV/2025-26/000362,1000,03-08-2025,CHEQUE,
RCP/2025-26/000302,INV/2025-26/000363,250,31-07-2025,BANK_TRANSFER,
RCP/2025-26/000303,INV/2025-26/000364,250,28-01-2026,BANK_TRANSFER,
RCP/2025-26/000304,INV/2025-26/000365,2000,11-07-2025,CHEQUE,
RCP/2025-26/000305,INV/2025-26/000366,2000,19-08-2025,UPI,
RCP/2025-26/000306,INV/2025-26/000367,2000,21-09-2025,UPI,
RCP/2025-26/000307,INV/2025-26/000368,2000,18-10-2025,UPI,
RCP/2025-26/000308,INV/2025-26/000369,2000,11-11-2025,BANK_TRANSFER,
RCP/2025-26/000309,INV/2025-26/000370,2000,11-12-2025,CHEQUE,
RCP/2025-26/000310,INV/2025-26/000371,2000,14-01-2026,CASH,
RCP/2025-26/000311,INV/2025-26/000373,2000,23-03-2026,UPI,
RCP/2025-26/000312,INV/2025-26/000374,5000,02-08-2025,CHEQUE,
RCP/2025-26/000313,INV/2025-26/000375,500,30-07-2025,UPI,
RCP/2025-26/000314,INV/2025-26/000376,1000,06-08-2025,BANK_TRANSFER,
RCP/2025-26/000315,INV/2025-26/000377,250,01-08-2025,CASH,
RCP/2025-26/000316,INV/2025-26/000378,250,18-01-2026,UPI,
RCP/2025-26/000317,INV/2025-26/000379,2000,17-07-2025,ONLINE,
RCP/2025-26/000318,INV/2025-26/000381,2000,21-09-2025,CASH,
RCP/2025-26/000319,INV/2025-26/000382,2000,10-10-2025,BANK_TRANSFER,
RCP/2025-26/000320,INV/2025-26/000383,2000,24-11-2025,BANK_TRANSFER,
RCP/2025-26/000321,INV/2025-26/000384,2000,18-12-2025,CHEQUE,
RCP/2025-26/000322,INV/2025-26/000385,2000,21-01-2026,CASH,
RCP/2025-26/000323,INV/2025-26/000386,2000,25-02-2026,CASH,
RCP/2025-26/000324,INV/2025-26/000387,2000,20-03-2026,CHEQUE,
RCP/2025-26/000325,INV/2025-26/000388,5000,24-07-2025,ONLINE,
RCP/2025-26/000326,INV/2025-26/000390,1000,04-08-2025,CASH,
RCP/2025-26/000327,INV/2025-26/000391,250,23-07-2025,BANK_TRANSFER,
RCP/2025-26/000328,INV/2025-26/000393,2000,17-07-2025,CHEQUE,
RCP/2025-26/000329,INV/2025-26/000394,2000,24-08-2025,BANK_TRANSFER,
RCP/2025-26/000330,INV/2025-26/000395,2000,23-09-2025,CHEQUE,
RCP/2025-26/000331,INV/2025-26/000396,2000,14-10-2025,ONLINE,
RCP/2025-26/000332,INV/2025-26/000397,2000,25-11-2025,CHEQUE,
RCP/2025-26/000333,INV/2025-26/000398,2000,18-12-2025,CASH,
RCP/2025-26/000334,INV/2025-26/000399,2000,16-01-2026,ONLINE,
RCP/2025-26/000335,INV/2025-26/000400,2000,17-02-2026,BANK_TRANSFER,
RCP/2025-26/000336,INV/2025-26/000401,2000,21-03-2026,CHEQUE,
RCP/2025-26/000337,INV/2025-26/000403,500,23-07-2025,ONLINE,
RCP/2025-26/000338,INV/2025-26/000404,1000,25-07-2025,ONLINE,
RCP/2025-26/000339,INV/2025-26/000405,250,28-07-2025,CHEQUE,
RCP/2025-26/000340,INV/2025-26/000407,2000,20-07-2025,UPI,
RCP/2025-26/000341,INV/2025-26/000409,2000,16-09-2025,CASH,
RCP/2025-26/000342,INV/2025-26/000410,2000,16-10-2025,CHEQUE,
RCP/2025-26/000343,INV/2025-26/000411,2000,17-11-2025,BANK_TRANSFER,
RCP/2025-26/000344,INV/2025-26/000412,2000,10-12-2025,BANK_TRANSFER,
RCP/2025-26/000345,INV/2025-26/000414,2000,14-02-2026,CHEQUE,
RCP/2025-26/000346,INV/2025-26/000415,2000,15-03-2026,CASH,
RCP/2025-26/000347,INV/2025-26/000416,5000,22-07-2025,UPI,
RCP/2025-26/000348,INV/2025-26/000417,500,29-07-2025,CHEQUE,
RCP/2025-26/000349,INV/2025-26/000418,1000,27-07-2025,BANK_TRANSFER,
RCP/2025-26/000350,INV/2025-26/000419,250,04-08-2025,CHEQUE,
RCP/2025-26/000351,INV/2025-26/000420,250,18-01-2026,ONLINE,
RCP/2025-26/000352,INV/2025-26/000421,2000,21-07-2025,CHEQUE,
RCP/2025-26/000353,INV/2025-26/000422,2000,24-08-2025,CHEQUE,
RCP/2025-26/000354,INV/2025-26/000423,2000,11-09-2025,CHEQUE,
RCP/2025-26/000355,INV/2025-26/000424,2000,10-10-2025,CASH,
RCP/2025-26/000356,INV/2025-26/000426,2000,23-12-2025,CASH,
RCP/2025-26/000357,INV/2025-26/000427,2000,24-01-2026,CASH,
RCP/2025-26/000358,INV/2025-26/000429,2000,14-03-2026,CASH,
RCP/2025-26/000359,INV/2025-26/000430,5000,01-08-2025,ONLINE,
RCP/2025-26/000360,INV/2025-26/000432,1000,05-08-2025,CHEQUE,
RCP/2025-26/000361,INV/2025-26/000433,250,25-07-2025,CASH,
RCP/2025-26/000362,INV/2025-26/000435,2000,16-07-2025,ONLINE,
RCP/2025-26/000363,INV/2025-26/000436,2000,17-08-2025,ONLINE,
RCP/2025-26/000364,INV/2025-26/000437,2000,24-09-2025,ONLINE,
RCP/2025-26/000365,INV/2025-26/000438,2000,13-10-2025,BANK_TRANSFER,
RCP/2025-26/000366,INV/2025-26/000439,2000,18-11-2025,BANK_TRANSFER,
RCP/2025-26/000367,INV/2025-26/000441,2000,25-01-2026,CASH,
RCP/2025-26/000368,INV/2025-26/000442,2000,12-02-2026,CASH,
RCP/2025-26/000369,INV/2025-26/000443,2000,21-03-2026,UPI,
RCP/2025-26/000370,INV/2025-26/000444,5000,01-08-2025,CASH,
RCP/2025-26/000371,INV/2025-26/000445,500,04-08-2025,CASH,
RCP/2025-26/000372,INV/2025-26/000447,250,02-08-2025,CASH,
RCP/2025-26/000373,INV/2025-26/000448,250,22-01-2026,UPI,
RCP/2025-26/000374,INV/2025-26/000449,2000,17-07-2025,CASH,
RCP/2025-26/000375,INV/2025-26/000450,2000,21-08-2025,CASH,
RCP/2025-26/000376,INV/2025-26/000451,2000,17-09-2025,ONLINE,
RCP/2025-26/000377,INV/2025-26/000452,2000,10-10-2025,CHEQUE,
RCP/2025-26/000378,INV/2025-26/000454,2000,18-12-2025,CASH,
RCP/2025-26/000379,INV/2025-26/000455,2000,19-01-2026,BANK_TRANSFER,
RCP/2025-26/000380,INV/2025-26/000456,2000,15-02-2026,UPI,
RCP/2025-26/000381,INV/2025-26/000457,2000,22-03-2026,CASH,
RCP/2025-26/000382,INV/2025-26/000458,5000,22-07-2025,CASH,
RCP/2025-26/000383,INV/2025-26/000459,500,28-07-2025,ONLINE,
RCP/2025-26/000384,INV/2025-26/000460,1000,01-08-2025,UPI,
RCP/2025-26/000385,INV/2025-26/000461,250,01-08-2025,CHEQUE,
RCP/2025-26/000386,INV/2025-26/000462,250,17-01-2026,UPI,
RCP/2025-26/000387,INV/2025-26/000463,2000,11-07-2025,CASH,
RCP/2025-26/000388,INV/2025-26/000464,2000,23-08-2025,ONLINE,
RCP/2025-26/000389,INV/2025-26/000465,2000,23-09-2025,BANK_TRANSFER,
RCP/2025-26/000390,INV/2025-26/000466,2000,13-10-2025,BANK_TRANSFER,
RCP/2025-26/000391,INV/2025-26/000467,2000,19-11-2025,CHEQUE,
RCP/2025-26/000392,INV/2025-26/000468,2000,19-12-2025,CASH,
RCP/2025-26/000393,INV/2025-26/000469,2000,11-01-2026,CASH,
RCP/2025-26/000394,INV/2025-26/000470,2000,16-02-2026,UPI,
RCP/2025-26/000395,INV/2025-26/000471,2000,19-03-2026,BANK_TRANSFER,
RCP/2025-26/000396,INV/2025-26/000472,5000,06-08-2025,ONLINE,
RCP/2025-26/000397,INV/2025-26/000473,500,03-08-2025,CHEQUE,
RCP/2025-26/000398,INV/2025-26/000474,1000,02-08-2025,CASH,
RCP/2025-26/000399,INV/2025-26/000475,250,23-07-2025,ONLINE,
RCP/2025-26/000400,INV/2025-26/000476,250,18-01-2026,BANK_TRANSFER,
RCP/2025-26/000401,INV/2025-26/000477,2000,22-07-2025,ONLINE,
RCP/2025-26/000402,INV/2025-26/000478,2000,22-08-2025,CASH,
RCP/2025-26/000403,INV/2025-26/000480,2000,24-10-2025,BANK_TRANSFER,
RCP/2025-26/000404,INV/2025-26/000481,2000,13-11-2025,UPI,
RCP/2025-26/000405,INV/2025-26/000482,2000,22-12-2025,CHEQUE,
RCP/2025-26/000406,INV/2025-26/000483,2000,19-01-2026,BANK_TRANSFER,
RCP/2025-26/000407,INV/2025-26/000484,2000,15-02-2026,CASH,
RCP/2025-26/000408,INV/2025-26/000485,2000,13-03-2026,CHEQUE,
RCP/2025-26/000409,INV/2025-26/000486,5000,02-08-2025,BANK_TRANSFER,
RCP/2025-26/000410,INV/2025-26/000487,500,26-07-2025,UPI,
RCP/2025-26/000411,INV/2025-26/000488,1000,30-07-2025,UPI,
RCP/2025-26/000412,INV/2025-26/000489,250,26-07-2025,CASH,
RCP/2025-26/000413,INV/2025-26/000490,250,31-01-2026,ONLINE,
RCP/2025-26/000414,INV/2025-26/000491,2000,24-07-2025,CHEQUE,
RCP/2025-26/000415,INV/2025-26/000492,2000,20-08-2025,BANK_TRANSFER,
RCP/2025-26/000416,INV/2025-26/000493,2000,12-09-2025,ONLINE,
RCP/2025-26/000417,INV/2025-26/000494,2000,19-10-2025,BANK_TRANSFER,
RCP/2025-26/000418,INV/2025-26/000495,2000,21-11-2025,CHEQUE,
RCP/2025-26/000419,INV/2025-26/000496,2000,24-12-2025,ONLINE,
RCP/2025-26/000420,INV/2025-26/000497,2000,21-01-2026,BANK_TRANSFER,
RCP/2025-26/000421,INV/2025-26/000498,2000,12-02-2026,CHEQUE,
RCP/2025-26/000422,INV/2025-26/000499,2000,22-03-2026,ONLINE,
RCP/2025-26/000423,INV/2025-26/000500,5000,23-07-2025,ONLINE,
RCP/2025-26/000424,INV/2025-26/000502,1000,28-07-2025,BANK_TRANSFER,
RCP/2025-26/000425,INV/2025-26/000503,250,26-07-2025,CASH,
RCP/2025-26/000426,INV/2025-26/000504,250,26-01-2026,CASH,
RCP/2025-26/000427,INV/2025-26/000505,2000,15-07-2025,CASH,
RCP/2025-26/000428,INV/2025-26/000506,2000,24-08-2025,ONLINE,
RCP/2025-26/000429,INV/2025-26/000507,2000,15-09-2025,BANK_TRANSFER,
RCP/2025-26/000430,INV/2025-26/000508,2000,19-10-2025,ONLINE,
RCP/2025-26/000431,INV/2025-26/000509,2000,20-11-2025,CHEQUE,
RCP/2025-26/000432,INV/2025-26/000510,2000,20-12-2025,CASH,
RCP/2025-26/000433,INV/2025-26/000511,2000,22-01-2026,BANK_TRANSFER,
RCP/2025-26/000434,INV/2025-26/000512,2000,14-02-2026,BANK_TRANSFER,
RCP/2025-26/000435,INV/2025-26/000513,2000,14-03-2026,BANK_TRANSFER,
RCP/2025-26/000436,INV/2025-26/000514,5000,03-08-2025,UPI,
RCP/2025-26/000437,INV/2025-26/000515,500,24-07-2025,BANK_TRANSFER,
RCP/2025-26/000438,INV/2025-26/000516,1000,01-08-2025,UPI,
RCP/2025-26/000439,INV/2025-26/000517,250,24-07-2025,ONLINE,
RCP/2025-26/000440,INV/2025-26/000518,250,16-01-2026,BANK_TRANSFER,
RCP/2025-26/000441,INV/2025-26/000519,2000,16-07-2025,BANK_TRANSFER,
RCP/2025-26/000442,INV/2025-26/000521,2000,17-09-2025,UPI,
RCP/2025-26/000443,INV/2025-26/000522,2000,19-10-2025,CASH,
RCP/2025-26/000444,INV/2025-26/000523,2000,11-11-2025,BANK_TRANSFER,
RCP/2025-26/000445,INV/2025-26/000525,2000,22-01-2026,UPI,
RCP/2025-26/000446,INV/2025-26/000526,2000,15-02-2026,ONLINE,
RCP/2025-26/000447,INV/2025-26/000527,2000,21-03-2026,UPI,
RCP/2025-26/000448,INV/2025-26/000529,500,05-08-2025,UPI,
RCP/2025-26/000449,INV/2025-26/000530,1000,31-07-2025,ONLINE,
RCP/2025-26/000450,INV/2025-26/000532,250,30-01-2026,ONLINE,
RCP/2025-26/000451,INV/2025-26/000533,2000,22-07-2025,CHEQUE,
RCP/2025-26/000452,INV/2025-26/000534,2000,15-08-2025,UPI,
RCP/2025-26/000453,INV/2025-26/000535,2000,14-09-2025,BANK_TRANSFER,
RCP/2025-26/000454,INV/2025-26/000536,2000,25-10-2025,BANK_TRANSFER,
RCP/2025-26/000455,INV/2025-26/000537,2000,13-11-2025,CHEQUE,
RCP/2025-26/000456,INV/2025-26/000539,2000,15-01-2026,BANK_TRANSFER,
RCP/2025-26/000457,INV/2025-26/000540,2000,14-02-2026,ONLINE,
RCP/2025-26/000458,INV/2025-26/000541,2000,17-03-2026,ONLINE,
RCP/2025-26/000459,INV/2025-26/000544,1000,03-08-2025,CHEQUE,
RCP/2025-26/000460,INV/2025-26/000545,250,03-08-2025,CASH,
RCP/2025-26/000461,INV/2025-26/000546,250,16-01-2026,BANK_TRANSFER,
RCP/2025-26/000462,INV/2025-26/000548,2000,20-08-2025,UPI,
RCP/2025-26/000463,INV/2025-26/000549,2000,19-09-2025,ONLINE,
RCP/2025-26/000464,INV/2025-26/000550,2000,14-10-2025,ONLINE,
RCP/2025-26/000465,INV/2025-26/000551,2000,10-11-2025,CASH,
RCP/2025-26/000466,INV/2025-26/000552,2000,16-12-2025,UPI,
RCP/2025-26/000467,INV/2025-26/000553,2000,23-01-2026,CASH,
RCP/2025-26/000468,INV/2025-26/000554,2000,17-02-2026,BANK_TRANSFER,
RCP/2025-26/000469,INV/2025-26/000555,2000,17-03-2026,ONLINE,
RCP/2025-26/000470,INV/2025-26/000556,5000,05-08-2025,CASH,
RCP/2025-26/000471,INV/2025-26/000557,500,06-08-2025,CHEQUE,
RCP/2025-26/000472,INV/2025-26/000558,1000,29-07-2025,UPI,
RCP/2025-26/000473,INV/2025-26/000559,250,22-07-2025,CHEQUE,
RCP/2025-26/000474,INV/2025-26/000560,250,29-01-2026,UPI,
RCP/2025-26/000475,INV/2025-26/000561,2000,12-07-2025,CHEQUE,
RCP/2025-26/000476,INV/2025-26/000563,2000,10-09-2025,ONLINE,
RCP/2025-26/000477,INV/2025-26/000565,2000,22-11-2025,BANK_TRANSFER,
RCP/2025-26/000478,INV/2025-26/000566,2000,10-12-2025,BANK_TRANSFER,
RCP/2025-26/000479,INV/2025-26/000567,2000,21-01-2026,UPI,
RCP/2025-26/000480,INV/2025-26/000568,2000,13-02-2026,CHEQUE,
RCP/2025-26/000481,INV/2025-26/000569,2000,20-03-2026,UPI,
RCP/2025-26/000482,INV/2025-26/000570,5000,01-08-2025,UPI,
RCP/2025-26/000483,INV/2025-26/000571,500,05-08-2025,ONLINE,
RCP/2025-26/000484,INV/2025-26/000572,1000,26-07-2025,CASH,
RCP/2025-26/000485,INV/2025-26/000573,250,05-08-2025,CASH,
RCP/2025-26/000486,INV/2025-26/000574,250,17-01-2026,UPI,
RCP/2025-26/000487,INV/2025-26/000576,2000,19-08-2025,CHEQUE,
RCP/2025-26/000488,INV/2025-26/000577,2000,25-09-2025,BANK_TRANSFER,
RCP/2025-26/000489,INV/2025-26/000578,2000,16-10-2025,BANK_TRANSFER,
RCP/2025-26/000490,INV/2025-26/000579,2000,11-11-2025,BANK_TRANSFER,
RCP/2025-26/000491,INV/2025-26/000580,2000,21-12-2025,ONLINE,
RCP/2025-26/000492,INV/2025-26/000582,2000,22-02-2026,BANK_TRANSFER,
RCP/2025-26/000493,INV/2025-26/000584,5000,06-08-2025,BANK_TRANSFER,
RCP/2025-26/000494,INV/2025-26/000586,1000,24-07-2025,ONLINE,
RCP/2025-26/000495,INV/2025-26/000587,250,27-07-2025,CHEQUE,
RCP/2025-26/000496,INV/2025-26/000588,250,19-01-2026,CASH,
RCP/2025-26/000497,INV/2025-26/000589,2000,19-07-2025,BANK_TRANSFER,
RCP/2025-26/000498,INV/2025-26/000590,2000,23-08-2025,UPI,
RCP/2025-26/000499,INV/2025-26/000591,2000,21-09-2025,ONLINE,
RCP/2025-26/000500,INV/2025-26/000592,2000,21-10-2025,CHEQUE,
RCP/2025-26/000501,INV/2025-26/000594,2000,11-12-2025,CASH,
RCP/2025-26/000502,INV/2025-26/000595,2000,22-01-2026,BANK_TRANSFER,
RCP/2025-26/000503,INV/2025-26/000596,2000,15-02-2026,CASH,
RCP/2025-26/000504,INV/2025-26/000597,2000,24-03-2026,CASH,
RCP/2025-26/000505,INV/2025-26/000598,5000,29-07-2025,BANK_TRANSFER,
RCP/2025-26/000506,INV/2025-26/000599,500,23-07-2025,CHEQUE,
RCP/2025-26/000507,INV/2025-26/000600,1000,05-08-2025,BANK_TRANSFER,
RCP/2025-26/000508,INV/2025-26/000601,250,24-07-2025,CHEQUE,
RCP/2025-26/000509,INV/2025-26/000602,250,27-01-2026,ONLINE,
RCP/2025-26/000510,INV/2025-26/000603,2000,18-07-2025,UPI,
RCP/2025-26/000511,INV/2025-26/000605,2000,15-09-2025,ONLINE,
RCP/2025-26/000512,INV/2025-26/000606,2000,13-10-2025,BANK_TRANSFER,
RCP/2025-26/000513,INV/2025-26/000607,2000,24-11-2025,UPI,
RCP/2025-26/000514,INV/2025-26/000609,2000,25-01-2026,UPI,
RCP/2025-26/000515,INV/2025-26/000610,2000,12-02-2026,ONLINE,
RCP/2025-26/000516,INV/2025-26/000611,2000,24-03-2026,CASH,
RCP/2025-26/000517,INV/2025-26/000612,5000,01-08-2025,BANK_TRANSFER,
RCP/2025-26/000518,INV/2025-26/000613,500,31-07-2025,BANK_TRANSFER,
RCP/2025-26/000519,INV/2025-26/000615,250,27-07-2025,BANK_TRANSFER,
RCP/2025-26/000520,INV/2025-26/000616,250,19-01-2026,UPI,
RCP/2025-26/000521,INV/2025-26/000617,2000,17-07-2025,ONLINE,
RCP/2025-26/000522,INV/2025-26/000618,2000,21-08-2025,ONLINE,
RCP/2025-26/000523,INV/2025-26/000619,2000,14-09-2025,CHEQUE,
RCP/2025-26/000524,INV/2025-26/000621,2000,22-11-2025,ONLINE,
RCP/2025-26/000525,INV/2025-26/000622,2000,23-12-2025,CHEQUE,
RCP/2025-26/000526,INV/2025-26/000623,2000,20-01-2026,CASH,
RCP/2025-26/000527,INV/2025-26/000624,2000,21-02-2026,UPI,
RCP/2025-26/000528,INV/2025-26/000626,5000,27-07-2025,UPI,
RCP/2025-26/000529,INV/2025-26/000627,500,23-07-2025,CASH,
RCP/2025-26/000530,INV/2025-26/000628,1000,31-07-2025,UPI,
RCP/2025-26/000531,INV/2025-26/000629,250,29-07-2025,BANK_TRANSFER,
RCP/2025-26/000532,INV/2025-26/000631,2000,19-07-2025,CASH,
RCP/2025-26/000533,INV/2025-26/000632,2000,18-08-2025,UPI,
RCP/2025-26/000534,INV/2025-26/000633,2000,12-09-2025,CHEQUE,
RCP/2025-26/000535,INV/2025-26/000634,2000,14-10-2025,UPI,
RCP/2025-26/000536,INV/2025-26/000635,2000,20-11-2025,CHEQUE,
RCP/2025-26/000537,INV/2025-26/000636,2000,10-12-2025,CASH,
RCP/2025-26/000538,INV/2025-26/000637,2000,18-01-2026,UPI,
RCP/2025-26/000539,INV/2025-26/000638,2000,23-02-2026,CHEQUE,
RCP/2025-26/000540,INV/2025-26/000639,2000,25-03-2026,CHEQUE,
RCP/2025-26/000541,INV/2025-26/000640,5000,31-07-2025,ONLINE,
RCP/2025-26/000542,INV/2025-26/000641,500,03-08-2025,BANK_TRANSFER,
RCP/2025-26/000543,INV/2025-26/000642,1000,23-07-2025,UPI,
RCP/2025-26/000544,INV/2025-26/000643,250,06-08-2025,ONLINE,
RCP/2025-26/000545,INV/2025-26/000644,250,20-01-2026,BANK_TRANSFER,
RCP/2025-26/000546,INV/2025-26/000646,2000,21-08-2025,ONLINE,
RCP/2025-26/000547,INV/2025-26/000647,2000,21-09-2025,CHEQUE,
RCP/2025-26/000548,INV/2025-26/000648,2000,20-10-2025,UPI,
RCP/2025-26/000549,INV/2025-26/000649,2000,18-11-2025,ONLINE,
RCP/2025-26/000550,INV/2025-26/000650,2000,13-12-2025,CASH,
RCP/2025-26/000551,INV/2025-26/000651,2000,22-01-2026,CHEQUE,
RCP/2025-26/000552,INV/2025-26/000652,2000,15-02-2026,BANK_TRANSFER,
RCP/2025-26/000553,INV/2025-26/000654,5000,28-07-2025,UPI,
RCP/2025-26/000554,INV/2025-26/000655,500,05-08-2025,ONLINE,
RCP/2025-26/000555,INV/2025-26/000657,250,24-07-2025,ONLINE,
RCP/2025-26/000556,INV/2025-26/000658,250,23-01-2026,UPI,
RCP/2025-26/000557,INV/2025-26/000659,2000,11-07-2025,CASH,
RCP/2025-26/000558,INV/2025-26/000660,2000,25-08-2025,BANK_TRANSFER,
RCP/2025-26/000559,INV/2025-26/000661,2000,13-09-2025,ONLINE,
RCP/2025-26/000560,INV/2025-26/000662,2000,18-10-2025,BANK_TRANSFER,
RCP/2025-26/000561,INV/2025-26/000663,2000,21-11-2025,CASH,
RCP/2025-26/000562,INV/2025-26/000664,2000,16-12-2025,BANK_TRANSFER,
RCP/2025-26/000563,INV/2025-26/000665,2000,12-01-2026,ONLINE,
RCP/2025-26/000564,INV/2025-26/000666,2000,18-02-2026,CHEQUE,
RCP/2025-26/000565,INV/2025-26/000667,2000,13-03-2026,UPI,
RCP/2025-26/000566,INV/2025-26/000669,500,01-08-2025,CHEQUE,
RCP/2025-26/000567,INV/2025-26/000671,250,28-07-2025,CHEQUE,
RCP/2025-26/000568,INV/2025-26/000672,250,17-01-2026,CASH,
RCP/2025-26/000569,INV/2025-26/000673,2000,20-07-2025,ONLINE,
RCP/2025-26/000570,INV/2025-26/000674,2000,14-08-2025,CHEQUE,
RCP/2025-26/000571,INV/2025-26/000676,2000,20-10-2025,UPI,
RCP/2025-26/000572,INV/2025-26/000677,2000,19-11-2025,CHEQUE,
RCP/2025-26/000573,INV/2025-26/000678,2000,25-12-2025,CHEQUE,
RCP/2025-26/000574,INV/2025-26/000679,2000,10-01-2026,BANK_TRANSFER,
RCP/2025-26/000575,INV/2025-26/000680,2000,13-02-2026,ONLINE,
RCP/2025-26/000576,INV/2025-26/000681,2000,10-03-2026,CHEQUE,
RCP/2025-26/000577,INV/2025-26/000682,5000,29-07-2025,CASH,
RCP/2025-26/000578,INV/2025-26/000683,500,27-07-2025,CHEQUE,
RCP/2025-26/000579,INV/2025-26/000684,1000,03-08-2025,UPI,
RCP/2025-26/000580,INV/2025-26/000685,250,29-07-2025,CASH,
RCP/2025-26/000581,INV/2025-26/000686,250,19-01-2026,UPI,
RCP/2025-26/000582,INV/2025-26/000687,2000,20-07-2025,ONLINE,
RCP/2025-26/000583,INV/2025-26/000688,2000,16-08-2025,ONLINE,
RCP/2025-26/000584,INV/2025-26/000689,2000,25-09-2025,CASH,
RCP/2025-26/000585,INV/2025-26/000690,2000,16-10-2025,CHEQUE,
RCP/2025-26/000586,INV/2025-26/000691,2000,25-11-2025,CHEQUE,
RCP/2025-26/000587,INV/2025-26/000692,2000,15-12-2025,ONLINE,
RCP/2025-26/000588,INV/2025-26/000694,2000,21-02-2026,BANK_TRANSFER,
RCP/2025-26/000589,INV/2025-26/000695,2000,16-03-2026,UPI,
RCP/2025-26/000590,INV/2025-26/000696,5000,31-07-2025,UPI,
RCP/2025-26/000591,INV/2025-26/000699,250,28-07-2025,ONLINE,
RCP/2025-26/000592,INV/2025-26/000700,250,27-01-2026,CHEQUE,
RCP/2025-26/000593,INV/2025-26/000702,2000,18-08-2025,BANK_TRANSFER,
RCP/2025-26/000594,INV/2025-26/000703,2000,22-09-2025,ONLINE,
RCP/2025-26/000595,INV/2025-26/000704,2000,14-10-2025,BANK_TRANSFER,
RCP/2025-26/000596,INV/2025-26/000705,2000,12-11-2025,BANK_TRANSFER,
RCP/2025-26/000597,INV/2025-26/000707,2000,25-01-2026,UPI,
RCP/2025-26/000598,INV/2025-26/000708,2000,18-02-2026,CHEQUE,
RCP/2025-26/000599,INV/2025-26/000709,2000,14-03-2026,CASH,
RCP/2025-26/000600,INV/2025-26/000710,5000,29-07-2025,UPI,
RCP/2025-26/000601,INV/2025-26/000711,500,29-07-2025,UPI,
RCP/2025-26/000602,INV/2025-26/000712,1000,04-08-2025,BANK_TRANSFER,
RCP/2025-26/000603,INV/2025-26/000713,250,25-07-2025,UPI,
RCP/2025-26/000604,INV/2025-26/000714,250,21-01-2026,ONLINE,
RCP/2025-26/000605,INV/2025-26/000715,2000,25-07-2025,ONLINE,
RCP/2025-26/000606,INV/2025-26/000716,2000,19-08-2025,BANK_TRANSFER,
RCP/2025-26/000607,INV/2025-26/000717,2000,11-09-2025,CASH,
RCP/2025-26/000608,INV/2025-26/000718,2000,17-10-2025,CHEQUE,
RCP/2025-26/000609,INV/2025-26/000719,2000,11-11-2025,UPI,
RCP/2025-26/000610,INV/2025-26/000720,2000,15-12-2025,CASH,
RCP/2025-26/000611,INV/2025-26/000722,2000,25-02-2026,UPI,
RCP/2025-26/000612,INV/2025-26/000727,250,25-07-2025,BANK_TRANSFER,
RCP/2025-26/000613,INV/2025-26/000728,250,31-01-2026,UPI,
RCP/2025-26/000614,INV/2025-26/000730,2000,16-08-2025,CASH,
RCP/2025-26/000615,INV/2025-26/000731,2000,24-09-2025,BANK_TRANSFER,
RCP/2025-26/000616,INV/2025-26/000732,2000,10-10-2025,BANK_TRANSFER,
RCP/2025-26/000617,INV/2025-26/000733,2000,16-11-2025,UPI,
RCP/2025-26/000618,INV/2025-26/000734,2000,22-12-2025,ONLINE,
RCP/2025-26/000619,INV/2025-26/000735,2000,12-01-2026,ONLINE,
RCP/2025-26/000620,INV/2025-26/000736,2000,15-02-2026,UPI,
RCP/2025-26/000621,INV/2025-26/000737,2000,17-03-2026,CASH,
RCP/2025-26/000622,INV/2025-26/000738,5000,29-07-2025,ONLINE,
RCP/2025-26/000623,INV/2025-26/000739,500,01-08-2025,BANK_TRANSFER,
RCP/2025-26/000624,INV/2025-26/000740,1000,22-07-2025,BANK_TRANSFER,
RCP/2025-26/000625,INV/2025-26/000741,250,29-07-2025,CASH,
RCP/2025-26/000626,INV/2025-26/000742,250,30-01-2026,BANK_TRANSFER,
RCP/2025-26/000627,INV/2025-26/000743,2000,19-07-2025,CASH,
RCP/2025-26/000628,INV/2025-26/000744,2000,19-08-2025,BANK_TRANSFER,
RCP/2025-26/000629,INV/2025-26/000745,2000,17-09-2025,UPI,
RCP/2025-26/000630,INV/2025-26/000746,2000,24-10-2025,CHEQUE,
RCP/2025-26/000631,INV/2025-26/000747,2000,25-11-2025,CHEQUE,
RCP/2025-26/000632,INV/2025-26/000748,2000,16-12-2025,UPI,
RCP/2025-26/000633,INV/2025-26/000749,2000,12-01-2026,CHEQUE,
RCP/2025-26/000634,INV/2025-26/000750,2000,21-02-2026,CASH,
RCP/2025-26/000635,INV/2025-26/000752,5000,28-07-2025,CHEQUE,
RCP/2025-26/000636,INV/2025-26/000753,500,27-07-2025,BANK_TRANSFER,
RCP/2025-26/000637,INV/2025-26/000755,250,28-07-2025,CHEQUE,
RCP/2025-26/000638,INV/2025-26/000756,250,30-01-2026,CASH,
RCP/2025-26/000639,INV/2025-26/000757,2000,23-07-2025,ONLINE,
RCP/2025-26/000640,INV/2025-26/000758,2000,24-08-2025,BANK_TRANSFER,
RCP/2025-26/000641,INV/2025-26/000759,2000,22-09-2025,BANK_TRANSFER,
RCP/2025-26/000642,INV/2025-26/000760,2000,16-10-2025,CHEQUE,
RCP/2025-26/000643,INV/2025-26/000761,2000,23-11-2025,BANK_TRANSFER,
RCP/2025-26/000644,INV/2025-26/000762,2000,11-12-2025,CASH,
RCP/2025-26/000645,INV/2025-26/000764,2000,19-02-2026,ONLINE,
RCP/2025-26/000646,INV/2025-26/000765,2000,14-03-2026,ONLINE,
RCP/2025-26/000647,INV/2025-26/000766,5000,03-08-2025,ONLINE,
RCP/2025-26/000648,INV/2025-26/000769,250,26-07-2025,BANK_TRANSFER,
RCP/2025-26/000649,INV/2025-26/000770,250,28-01-2026,CHEQUE,
RCP/2025-26/000650,INV/2025-26/000771,2000,17-07-2025,CASH,
RCP/2025-26/000651,INV/2025-26/000772,2000,19-08-2025,ONLINE,
RCP/2025-26/000652,INV/2025-26/000773,2000,23-09-2025,CHEQUE,
RCP/2025-26/000653,INV/2025-26/000774,2000,17-10-2025,UPI,
RCP/2025-26/000654,INV/2025-26/000775,2000,14-11-2025,BANK_TRANSFER,
RCP/2025-26/000655,INV/2025-26/000776,2000,13-12-2025,CASH,
RCP/2025-26/000656,INV/2025-26/000777,2000,23-01-2026,CHEQUE,
RCP/2025-26/000657,INV/2025-26/000778,2000,10-02-2026,UPI,
RCP/2025-26/000658,INV/2025-26/000779,2000,13-03-2026,CHEQUE,
RCP/2025-26/000659,INV/2025-26/000780,5000,23-07-2025,UPI,
RCP/2025-26/000660,INV/2025-26/000781,500,03-08-2025,ONLINE,
RCP/2025-26/000661,INV/2025-26/000782,1000,28-07-2025,CASH,
RCP/2025-26/000662,INV/2025-26/000783,250,31-07-2025,UPI,
RCP/2025-26/000663,INV/2025-26/000784,250,26-01-2026,CHEQUE,
RCP/2025-26/000664,INV/2025-26/000785,2000,20-07-2025,UPI,
RCP/2025-26/000665,INV/2025-26/000786,2000,14-08-2025,CHEQUE,
RCP/2025-26/000666,INV/2025-26/000787,2000,19-09-2025,BANK_TRANSFER,
RCP/2025-26/000667,INV/2025-26/000788,2000,15-10-2025,ONLINE,
RCP/2025-26/000668,INV/2025-26/000789,2000,11-11-2025,BANK_TRANSFER,
RCP/2025-26/000669,INV/2025-26/000791,2000,20-01-2026,ONLINE,
RCP/2025-26/000670,INV/2025-26/000792,2000,19-02-2026,ONLINE,
RCP/2025-26/000671,INV/2025-26/000793,2000,25-03-2026,UPI,
RCP/2025-26/000672,INV/2025-26/000794,5000,31-07-2025,UPI,
RCP/2025-26/000673,INV/2025-26/000795,500,23-07-2025,CHEQUE,
RCP/2025-26/000674,INV/2025-26/000796,1000,04-08-2025,CHEQUE,
RCP/2025-26/000675,INV/2025-26/000797,250,03-08-2025,UPI,
RCP/2025-26/000676,INV/2025-26/000798,250,26-01-2026,CASH,
RCP/2025-26/000677,INV/2025-26/000800,2000,12-08-2025,CHEQUE,
RCP/2025-26/000678,INV/2025-26/000801,2000,16-09-2025,CASH,
RCP/2025-26/000679,INV/2025-26/000802,2000,11-10-2025,CASH,
RCP/2025-26/000680,INV/2025-26/000803,2000,16-11-2025,ONLINE,
RCP/2025-26/000681,INV/2025-26/000804,2000,20-12-2025,BANK_TRANSFER,
RCP/2025-26/000682,INV/2025-26/000806,2000,16-02-2026,CASH,
RCP/2025-26/000683,INV/2025-26/000807,2000,25-03-2026,UPI,
RCP/2025-26/000684,INV/2025-26/000808,5000,28-07-2025,ONLINE,
RCP/2025-26/000685,INV/2025-26/000810,1000,31-07-2025,ONLINE,
RCP/2025-26/000686,INV/2025-26/000811,250,02-08-2025,BANK_TRANSFER,
RCP/2025-26/000687,INV/2025-26/000812,250,31-01-2026,ONLINE,
RCP/2025-26/000688,INV/2025-26/000813,2000,25-07-2025,BANK_TRANSFER,
RCP/2025-26/000689,INV/2025-26/000815,2000,23-09-2025,CASH,
RCP/2025-26/000690,INV/2025-26/000816,2000,17-10-2025,UPI,
RCP/2025-26/000691,INV/2025-26/000817,2000,23-11-2025,BANK_TRANSFER,
RCP/2025-26/000692,INV/2025-26/000818,2000,20-12-2025,UPI,
RCP/2025-26/000693,INV/2025-26/000819,2000,17-01-2026,ONLINE,
RCP/2025-26/000694,INV/2025-26/000820,2000,20-02-2026,BANK_TRANSFER,
RCP/2025-26/000695,INV/2025-26/000821,2000,25-03-2026,ONLINE,
RCP/2025-26/000696,INV/2025-26/000822,5000,02-08-2025,UPI,
RCP/2025-26/000697,INV/2025-26/000823,500,06-08-2025,UPI,
RCP/2025-26/000698,INV/2025-26/000825,250,23-07-2025,CHEQUE,
RCP/2025-26/000699,INV/2025-26/000826,250,18-01-2026,CASH,
RCP/2025-26/000700,INV/2025-26/000827,2000,23-07-2025,UPI,
RCP/2025-26/000701,INV/2025-26/000828,2000,17-08-2025,CASH,
RCP/2025-26/000702,INV/2025-26/000829,2000,10-09-2025,UPI,
RCP/2025-26/000703,INV/2025-26/000830,2000,21-10-2025,CASH,
RCP/2025-26/000704,INV/2025-26/000831,2000,25-11-2025,ONLINE,
RCP/2025-26/000705,INV/2025-26/000832,2000,23-12-2025,CASH,
RCP/2025-26/000706,INV/2025-26/000833,2000,18-01-2026,CHEQUE,
RCP/2025-26/000707,INV/2025-26/000835,2000,23-03-2026,UPI,
RCP/2025-26/000708,INV/2025-26/000836,5000,25-07-2025,CHEQUE,
RCP/2025-26/000709,INV/2025-26/000837,500,28-07-2025,CHEQUE,
RCP/2025-26/000710,INV/2025-26/000838,1000,02-08-2025,BANK_TRANSFER,
RCP/2025-26/000711,INV/2025-26/000839,250,24-07-2025,BANK_TRANSFER,
RCP/2025-26/000712,INV/2025-26/000841,2000,17-07-2025,UPI,
RCP/2025-26/000713,INV/2025-26/000842,2000,12-08-2025,CASH,
RCP/2025-26/000714,INV/2025-26/000843,2000,22-09-2025,ONLINE,
RCP/2025-26/000715,INV/2025-26/000844,2000,11-10-2025,CASH,
RCP/2025-26/000716,INV/2025-26/000845,2000,12-11-2025,ONLINE,
RCP/2025-26/000717,INV/2025-26/000846,2000,20-12-2025,CHEQUE,
RCP/2025-26/000718,INV/2025-26/000851,500,06-08-2025,BANK_TRANSFER,
RCP/2025-26/000719,INV/2025-26/000852,1000,24-07-2025,BANK_TRANSFER,
RCP/2025-26/000720,INV/2025-26/000854,250,17-01-2026,UPI,
RCP/2025-26/000721,INV/2025-26/000856,2000,16-08-2025,CHEQUE,
RCP/2025-26/000722,INV/2025-26/000857,2000,22-09-2025,CASH,
RCP/2025-26/000723,INV/2025-26/000858,2000,17-10-2025,CHEQUE,
RCP/2025-26/000724,INV/2025-26/000859,2000,22-11-2025,CHEQUE,
RCP/2025-26/000725,INV/2025-26/000860,2000,14-12-2025,CASH,
RCP/2025-26/000726,INV/2025-26/000861,2000,21-01-2026,CASH,
RCP/2025-26/000727,INV/2025-26/000862,2000,17-02-2026,CASH,
RCP/2025-26/000728,INV/2025-26/000863,2000,22-03-2026,BANK_TRANSFER,
RCP/2025-26/000729,INV/2025-26/000864,5000,30-07-2025,ONLINE,
RCP/2025-26/000730,INV/2025-26/000865,500,02-08-2025,CHEQUE,
RCP/2025-26/000731,INV/2025-26/000867,250,03-08-2025,CASH,
RCP/2025-26/000732,INV/2025-26/000868,250,25-01-2026,UPI,
RCP/2025-26/000733,INV/2025-26/000869,2000,12-07-2025,BANK_TRANSFER,
RCP/2025-26/000734,INV/2025-26/000870,2000,14-08-2025,ONLINE,
RCP/2025-26/000735,INV/2025-26/000871,2000,13-09-2025,CASH,
RCP/2025-26/000736,INV/2025-26/000872,2000,19-10-2025,ONLINE,
RCP/2025-26/000737,INV/2025-26/000873,2000,18-11-2025,CASH,
RCP/2025-26/000738,INV/2025-26/000874,2000,15-12-2025,ONLINE,
RCP/2025-26/000739,INV/2025-26/000875,2000,23-01-2026,CASH,
RCP/2025-26/000740,INV/2025-26/000876,2000,21-02-2026,CHEQUE,
RCP/2025-26/000741,INV/2025-26/000877,2000,20-03-2026,ONLINE,
RCP/2025-26/000742,INV/2025-26/000878,5000,04-08-2025,ONLINE,
RCP/2025-26/000743,INV/2025-26/000879,500,29-07-2025,CHEQUE,
RCP/2025-26/000744,INV/2025-26/000880,1000,03-08-2025,UPI,
RCP/2025-26/000745,INV/2025-26/000881,250,31-07-2025,BANK_TRANSFER,
RCP/2025-26/000746,INV/2025-26/000882,250,18-01-2026,UPI,
RCP/2025-26/000747,INV/2025-26/000883,2000,23-07-2025,BANK_TRANSFER,
RCP/2025-26/000748,INV/2025-26/000884,2000,12-08-2025,BANK_TRANSFER,
RCP/2025-26/000749,INV/2025-26/000885,2000,17-09-2025,ONLINE,
RCP/2025-26/000750,INV/2025-26/000886,2000,16-10-2025,ONLINE,
RCP/2025-26/000751,INV/2025-26/000887,2000,19-11-2025,CASH,
RCP/2025-26/000752,INV/2025-26/000889,2000,22-01-2026,BANK_TRANSFER,
RCP/2025-26/000753,INV/2025-26/000890,2000,23-02-2026,CHEQUE,
RCP/2025-26/000754,INV/2025-26/000891,2000,20-03-2026,CHEQUE,
RCP/2025-26/000755,INV/2025-26/000893,500,01-08-2025,UPI,
RCP/2025-26/000756,INV/2025-26/000896,250,31-01-2026,CHEQUE,
RCP/2025-26/000757,INV/2025-26/000897,2000,20-07-2025,ONLINE,
RCP/2025-26/000758,INV/2025-26/000898,2000,22-08-2025,BANK_TRANSFER,
RCP/2025-26/000759,INV/2025-26/000899,2000,16-09-2025,CHEQUE,
RCP/2025-26/000760,INV/2025-26/000901,2000,10-11-2025,ONLINE,
RCP/2025-26/000761,INV/2025-26/000903,2000,19-01-2026,CASH,
RCP/2025-26/000762,INV/2025-26/000904,2000,23-02-2026,ONLINE,
RCP/2025-26/000763,INV/2025-26/000905,2000,19-03-2026,UPI,
RCP/2025-26/000764,INV/2025-26/000906,5000,26-07-2025,ONLINE,
RCP/2025-26/000765,INV/2025-26/000907,500,24-07-2025,ONLINE,
RCP/2025-26/000766,INV/2025-26/000909,250,03-08-2025,CHEQUE,
RCP/2025-26/000767,INV/2025-26/000910,250,29-01-2026,CHEQUE,
RCP/2025-26/000768,INV/2025-26/000911,2000,21-07-2025,CHEQUE,
RCP/2025-26/000769,INV/2025-26/000912,2000,12-08-2025,CASH,
RCP/2025-26/000770,INV/2025-26/000913,2000,21-09-2025,UPI,
RCP/2025-26/000771,INV/2025-26/000914,2000,11-10-2025,CHEQUE,
RCP/2025-26/000772,INV/2025-26/000916,2000,22-12-2025,BANK_TRANSFER,
RCP/2025-26/000773,INV/2025-26/000918,2000,10-02-2026,CASH,
RCP/2025-26/000774,INV/2025-26/000919,2000,17-03-2026,ONLINE,
RCP/2025-26/000775,INV/2025-26/000920,5000,05-08-2025,CHEQUE,
RCP/2025-26/000776,INV/2025-26/000921,500,26-07-2025,BANK_TRANSFER,
RCP/2025-26/000777,INV/2025-26/000923,250,31-07-2025,ONLINE,
RCP/2025-26/000778,INV/2025-26/000925,2000,14-07-2025,BANK_TRANSFER,
RCP/2025-26/000779,INV/2025-26/000926,2000,24-08-2025,UPI,
RCP/2025-26/000780,INV/2025-26/000927,2000,21-09-2025,ONLINE,
RCP/2025-26/000781,INV/2025-26/000928,2000,24-10-2025,BANK_TRANSFER,
RCP/2025-26/000782,INV/2025-26/000929,2000,11-11-2025,CASH,
RCP/2025-26/000783,INV/2025-26/000930,2000,20-12-2025,CASH,
RCP/2025-26/000784,INV/2025-26/000931,2000,15-01-2026,UPI,
RCP/2025-26/000785,INV/2025-26/000932,2000,15-02-2026,BANK_TRANSFER,
RCP/2025-26/000786,INV/2025-26/000933,2000,24-03-2026,UPI,
RCP/2025-26/000787,INV/2025-26/000934,5000,27-07-2025,UPI,
RCP/2025-26/000788,INV/2025-26/000935,500,04-08-2025,ONLINE,
RCP/2025-26/000789,INV/2025-26/000936,1000,28-07-2025,ONLINE,
RCP/2025-26/000790,INV/2025-26/000937,250,03-08-2025,CASH,
RCP/2025-26/000791,INV/2025-26/000938,250,22-01-2026,BANK_TRANSFER,
RCP/2025-26/000792,INV/2025-26/000939,2000,12-07-2025,CHEQUE,
RCP/2025-26/000793,INV/2025-26/000940,2000,15-08-2025,BANK_TRANSFER,
RCP/2025-26/000794,INV/2025-26/000941,2000,24-09-2025,CASH,
RCP/2025-26/000795,INV/2025-26/000942,2000,25-10-2025,CHEQUE,
RCP/2025-26/000796,INV/2025-26/000944,2000,22-12-2025,CHEQUE,
RCP/2025-26/000797,INV/2025-26/000945,2000,13-01-2026,BANK_TRANSFER,
RCP/2025-26/000798,INV/2025-26/000946,2000,24-02-2026,CHEQUE,
RCP/2025-26/000799,INV/2025-26/000947,2000,19-03-2026,CHEQUE,
RCP/2025-26/000800,INV/2025-26/000948,5000,26-07-2025,BANK_TRANSFER,
RCP/2025-26/000801,INV/2025-26/000949,500,31-07-2025,CASH,
RCP/2025-26/000802,INV/2025-26/000950,1000,26-07-2025,CHEQUE,
RCP/2025-26/000803,INV/2025-26/000951,250,26-07-2025,CHEQUE,
RCP/2025-26/000804,INV/2025-26/000952,250,21-01-2026,ONLINE,
RCP/2025-26/000805,INV/2025-26/000953,2000,15-07-2025,CHEQUE,
RCP/2025-26/000806,INV/2025-26/000954,2000,19-08-2025,UPI,
RCP/2025-26/000807,INV/2025-26/000955,2000,24-09-2025,CHEQUE,
RCP/2025-26/000808,INV/2025-26/000956,2000,21-10-2025,CASH,
RCP/2025-26/000809,INV/2025-26/000957,2000,16-11-2025,ONLINE,
RCP/2025-26/000810,INV/2025-26/000959,2000,25-01-2026,ONLINE,
RCP/2025-26/000811,INV/2025-26/000960,2000,23-02-2026,ONLINE,
RCP/2025-26/000812,INV/2025-26/000961,2000,12-03-2026,CHEQUE,
RCP/2025-26/000813,INV/2025-26/000962,5000,29-07-2025,BANK_TRANSFER,
RCP/2025-26/000814,INV/2025-26/000963,500,29-07-2025,CHEQUE,
RCP/2025-26/000815,INV/2025-26/000964,1000,05-08-2025,CHEQUE,
RCP/2025-26/000816,INV/2025-26/000965,250,06-08-2025,CHEQUE,
RCP/2025-26/000817,INV/2025-26/000966,250,19-01-2026,BANK_TRANSFER,
RCP/2025-26/000818,INV/2025-26/000967,2000,21-07-2025,CHEQUE,
RCP/2025-26/000819,INV/2025-26/000968,2000,11-08-2025,ONLINE,
RCP/2025-26/000820,INV/2025-26/000969,2000,23-09-2025,CASH,
RCP/2025-26/000821,INV/2025-26/000970,2000,17-10-2025,BANK_TRANSFER,
RCP/2025-26/000822,INV/2025-26/000972,2000,18-12-2025,BANK_TRANSFER,
RCP/2025-26/000823,INV/2025-26/000974,2000,13-02-2026,UPI,
RCP/2025-26/000824,INV/2025-26/000975,2000,21-03-2026,CHEQUE,
RCP/2025-26/000825,INV/2025-26/000976,5000,27-07-2025,CHEQUE,
RCP/2025-26/000826,INV/2025-26/000977,500,28-07-2025,UPI,
RCP/2025-26/000827,INV/2025-26/000978,1000,02-08-2025,CHEQUE,
RCP/2025-26/000828,INV/2025-26/000979,250,27-07-2025,BANK_TRANSFER,
RCP/2025-26/000829,INV/2025-26/000981,2000,18-07-2025,CHEQUE,
RCP/2025-26/000830,INV/2025-26/000983,2000,13-09-2025,UPI,
RCP/2025-26/000831,INV/2025-26/000985,2000,11-11-2025,BANK_TRANSFER,
RCP/2025-26/000832,INV/2025-26/000987,2000,14-01-2026,UPI,
RCP/2025-26/000833,INV/2025-26/000988,2000,20-02-2026,UPI,
RCP/2025-26/000834,INV/2025-26/000989,2000,22-03-2026,ONLINE,
RCP/2025-26/000835,INV/2025-26/000990,5000,30-07-2025,ONLINE,
RCP/2025-26/000836,INV/2025-26/000991,500,24-07-2025,CASH,
RCP/2025-26/000837,INV/2025-26/000992,1000,30-07-2025,BANK_TRANSFER,
RCP/2025-26/000838,INV/2025-26/000993,250,06-08-2025,BANK_TRANSFER,
RCP/2025-26/000839,INV/2025-26/000994,250,18-01-2026,ONLINE,
RCP/2025-26/000840,INV/2025-26/000995,2000,21-07-2025,CASH,
RCP/2025-26/000841,INV/2025-26/000996,2000,22-08-2025,UPI,
RCP/2025-26/000842,INV/2025-26/000998,2000,25-10-2025,BANK_TRANSFER,
RCP/2025-26/000843,INV/2025-26/000999,2000,19-11-2025,BANK_TRANSFER,
RCP/2025-26/000844,INV/2025-26/001000,2000,14-12-2025,CHEQUE,
RCP/2025-26/000845,INV/2025-26/001002,2000,11-02-2026,CASH,
RCP/2025-26/000846,INV/2025-26/001003,2000,24-03-2026,CASH,
RCP/2025-26/000847,INV/2025-26/001004,5000,27-07-2025,ONLINE,
RCP/2025-26/000848,INV/2025-26/001005,500,04-08-2025,UPI,
RCP/2025-26/000849,INV/2025-26/001009,2000,18-07-2025,CASH,
RCP/2025-26/000850,INV/2025-26/001010,2000,18-08-2025,CASH,
RCP/2025-26/000851,INV/2025-26/001011,2000,15-09-2025,CASH,
RCP/2025-26/000852,INV/2025-26/001012,2000,19-10-2025,UPI,
RCP/2025-26/000853,INV/2025-26/001013,2000,12-11-2025,CASH,
RCP/2025-26/000854,INV/2025-26/001014,2000,25-12-2025,CASH,
RCP/2025-26/000855,INV/2025-26/001015,2000,17-01-2026,CHEQUE,
RCP/2025-26/000856,INV/2025-26/001016,2000,10-02-2026,CASH,
RCP/2025-26/000857,INV/2025-26/001017,2000,13-03-2026,ONLINE,
RCP/2025-26/000858,INV/2025-26/001018,5000,06-08-2025,CASH,
RCP/2025-26/000859,INV/2025-26/001019,500,24-07-2025,CASH,
RCP/2025-26/000860,INV/2025-26/001020,1000,02-08-2025,BANK_TRANSFER,
RCP/2025-26/000861,INV/2025-26/001021,250,26-07-2025,UPI,
RCP/2025-26/000862,INV/2025-26/001022,250,16-01-2026,CHEQUE,
RCP/2025-26/000863,INV/2025-26/001023,2000,24-07-2025,BANK_TRANSFER,
RCP/2025-26/000864,INV/2025-26/001024,2000,14-08-2025,ONLINE,
RCP/2025-26/000865,INV/2025-26/001025,2000,24-09-2025,UPI,
RCP/2025-26/000866,INV/2025-26/001026,2000,13-10-2025,UPI,
RCP/2025-26/000867,INV/2025-26/001027,2000,22-11-2025,BANK_TRANSFER,
RCP/2025-26/000868,INV/2025-26/001029,2000,14-01-2026,UPI,
RCP/2025-26/000869,INV/2025-26/001030,2000,12-02-2026,UPI,
RCP/2025-26/000870,INV/2025-26/001031,2000,19-03-2026,CASH,
RCP/2025-26/000871,INV/2025-26/001032,5000,31-07-2025,UPI,
RCP/2025-26/000872,INV/2025-26/001033,500,28-07-2025,ONLINE,
RCP/2025-26/000873,INV/2025-26/001034,1000,23-07-2025,UPI,
RCP/2025-26/000874,INV/2025-26/001035,250,25-07-2025,UPI,
RCP/2025-26/000875,INV/2025-26/001036,250,18-01-2026,CHEQUE,
RCP/2025-26/000876,INV/2025-26/001038,2000,21-08-2025,BANK_TRANSFER,
RCP/2025-26/000877,INV/2025-26/001039,2000,23-09-2025,BANK_TRANSFER,
RCP/2025-26/000878,INV/2025-26/001040,2000,15-10-2025,ONLINE,
RCP/2025-26/000879,INV/2025-26/001042,2000,10-12-2025,CHEQUE,
RCP/2025-26/000880,INV/2025-26/001043,2000,18-01-2026,UPI,
RCP/2025-26/000881,INV/2025-26/001044,2000,11-02-2026,ONLINE,
RCP/2025-26/000882,INV/2025-26/001045,2000,23-03-2026,ONLINE,
RCP/2025-26/000883,INV/2025-26/001046,5000,24-07-2025,CHEQUE,
RCP/2025-26/000884,INV/2025-26/001047,500,26-07-2025,BANK_TRANSFER,
RCP/2025-26/000885,INV/2025-26/001048,1000,24-07-2025,CHEQUE,
RCP/2025-26/000886,INV/2025-26/001051,2000,20-07-2025,ONLINE,
RCP/2025-26/000887,INV/2025-26/001052,2000,12-08-2025,BANK_TRANSFER,
RCP/2025-26/000888,INV/2025-26/001053,2000,17-09-2025,CASH,
RCP/2025-26/000889,INV/2025-26/001054,2000,23-10-2025,CASH,
RCP/2025-26/000890,INV/2025-26/001055,2000,11-11-2025,BANK_TRANSFER,
RCP/2025-26/000891,INV/2025-26/001056,2000,15-12-2025,CASH,
RCP/2025-26/000892,INV/2025-26/001057,2000,14-01-2026,CASH,
RCP/2025-26/000893,INV/2025-26/001058,2000,21-02-2026,CHEQUE,
RCP/2025-26/000894,INV/2025-26/001059,2000,18-03-2026,UPI,
RCP/2025-26/000895,INV/2025-26/001060,5000,30-07-2025,CASH,
RCP/2025-26/000896,INV/2025-26/001061,500,22-07-2025,BANK_TRANSFER,
RCP/2025-26/000897,INV/2025-26/001062,1000,30-07-2025,CHEQUE,
RCP/2025-26/000898,INV/2025-26/001063,250,24-07-2025,ONLINE,
RCP/2025-26/000899,INV/2025-26/001064,250,27-01-2026,CASH,
RCP/2025-26/000900,INV/2025-26/001065,2000,15-07-2025,BANK_TRANSFER,
RCP/2025-26/000901,INV/2025-26/001066,2000,13-08-2025,CHEQUE,
RCP/2025-26/000902,INV/2025-26/001067,2000,13-09-2025,UPI,
RCP/2025-26/000903,INV/2025-26/001068,2000,10-10-2025,CASH,
RCP/2025-26/000904,INV/2025-26/001070,2000,11-12-2025,ONLINE,
RCP/2025-26/000905,INV/2025-26/001071,2000,14-01-2026,UPI,
RCP/2025-26/000906,INV/2025-26/001074,5000,04-08-2025,UPI,
RCP/2025-26/000907,INV/2025-26/001075,500,04-08-2025,BANK_TRANSFER,
RCP/2025-26/000908,INV/2025-26/001076,1000,24-07-2025,CHEQUE,
RCP/2025-26/000909,INV/2025-26/001077,250,23-07-2025,UPI,
RCP/2025-26/000910,INV/2025-26/001078,250,17-01-2026,ONLINE,
RCP/2025-26/000911,INV/2025-26/001079,2000,24-07-2025,BANK_TRANSFER,
RCP/2025-26/000912,INV/2025-26/001080,2000,19-08-2025,BANK_TRANSFER,
RCP/2025-26/000913,INV/2025-26/001081,2000,24-09-2025,CASH,
RCP/2025-26/000914,INV/2025-26/001082,2000,19-10-2025,CHEQUE,
RCP/2025-26/000915,INV/2025-26/001083,2000,17-11-2025,ONLINE,
RCP/2025-26/000916,INV/2025-26/001084,2000,25-12-2025,UPI,
RCP/2025-26/000917,INV/2025-26/001085,2000,17-01-2026,UPI,
RCP/2025-26/000918,INV/2025-26/001086,2000,23-02-2026,CASH,
RCP/2025-26/000919,INV/2025-26/001087,2000,21-03-2026,CASH,
RCP/2025-26/000920,INV/2025-26/001089,500,03-08-2025,BANK_TRANSFER,
RCP/2025-26/000921,INV/2025-26/001090,1000,29-07-2025,ONLINE,
RCP/2025-26/000922,INV/2025-26/001091,250,23-07-2025,UPI,
RCP/2025-26/000923,INV/2025-26/001092,250,18-01-2026,CASH,
RCP/2025-26/000924,INV/2025-26/001095,2000,21-09-2025,ONLINE,
RCP/2025-26/000925,INV/2025-26/001097,2000,13-11-2025,CHEQUE,
RCP/2025-26/000926,INV/2025-26/001098,2000,22-12-2025,CASH,
RCP/2025-26/000927,INV/2025-26/001099,2000,11-01-2026,ONLINE,
RCP/2025-26/000928,INV/2025-26/001100,2000,14-02-2026,UPI,
RCP/2025-26/000929,INV/2025-26/001101,2000,20-03-2026,ONLINE,
RCP/2025-26/000930,INV/2025-26/001102,5000,01-08-2025,BANK_TRANSFER,
RCP/2025-26/000931,INV/2025-26/001103,500,29-07-2025,CASH,
RCP/2025-26/000932,INV/2025-26/001105,250,25-07-2025,UPI,
RCP/2025-26/000933,INV/2025-26/001106,250,30-01-2026,ONLINE,
RCP/2025-26/000934,INV/2025-26/001107,2000,13-07-2025,CHEQUE,
RCP/2025-26/000935,INV/2025-26/001108,2000,16-08-2025,ONLINE,
RCP/2025-26/000936,INV/2025-26/001109,2000,18-09-2025,CASH,
RCP/2025-26/000937,INV/2025-26/001110,2000,19-10-2025,CHEQUE,
RCP/2025-26/000938,INV/2025-26/001111,2000,20-11-2025,UPI,
RCP/2025-26/000939,INV/2025-26/001112,2000,17-12-2025,BANK_TRANSFER,
RCP/2025-26/000940,INV/2025-26/001113,2000,11-01-2026,BANK_TRANSFER,
RCP/2025-26/000941,INV/2025-26/001114,2000,15-02-2026,CASH,
RCP/2025-26/000942,INV/2025-26/001117,500,29-07-2025,CASH,
RCP/2025-26/000943,INV/2025-26/001118,1000,26-07-2025,CASH,
RCP/2025-26/000944,INV/2025-26/001119,250,29-07-2025,UPI,
RCP/2025-26/000945,INV/2025-26/001120,250,28-01-2026,BANK_TRANSFER,
RCP/2025-26/000946,INV/2025-26/001121,2000,12-07-2025,CHEQUE,
RCP/2025-26/000947,INV/2025-26/001122,2000,12-08-2025,CASH,
RCP/2025-26/000948,INV/2025-26/001124,2000,24-10-2025,UPI,
RCP/2025-26/000949,INV/2025-26/001125,2000,20-11-2025,CASH,
RCP/2025-26/000950,INV/2025-26/001126,2000,24-12-2025,CASH,
RCP/2025-26/000951,INV/2025-26/001127,2000,23-01-2026,ONLINE,
RCP/2025-26/000952,INV/2025-26/001128,2000,22-02-2026,ONLINE,
RCP/2025-26/000953,INV/2025-26/001129,2000,16-03-2026,UPI,
RCP/2025-26/000954,INV/2025-26/001130,5000,05-08-2025,UPI,
RCP/2025-26/000955,INV/2025-26/001131,500,29-07-2025,BANK_TRANSFER,
RCP/2025-26/000956,INV/2025-26/001132,1000,06-08-2025,CASH,
RCP/2025-26/000957,INV/2025-26/001133,250,03-08-2025,UPI,
RCP/2025-26/000958,INV/2025-26/001134,250,23-01-2026,CHEQUE,
RCP/2025-26/000959,INV/2025-26/001135,2000,22-07-2025,BANK_TRANSFER,
RCP/2025-26/000960,INV/2025-26/001136,2000,25-08-2025,BANK_TRANSFER,
RCP/2025-26/000961,INV/2025-26/001138,2000,22-10-2025,BANK_TRANSFER,
RCP/2025-26/000962,INV/2025-26/001139,2000,20-11-2025,CHEQUE,
RCP/2025-26/000963,INV/2025-26/001140,2000,18-12-2025,CASH,
RCP/2025-26/000964,INV/2025-26/001141,2000,25-01-2026,CHEQUE,
RCP/2025-26/000965,INV/2025-26/001142,2000,17-02-2026,UPI,
RCP/2025-26/000966,INV/2025-26/001143,2000,17-03-2026,BANK_TRANSFER,
RCP/2025-26/000967,INV/2025-26/001144,5000,23-07-2025,UPI,
RCP/2025-26/000968,INV/2025-26/001145,500,03-08-2025,BANK_TRANSFER,
RCP/2025-26/000969,INV/2025-26/001148,250,23-01-2026,CHEQUE,
RCP/2025-26/000970,INV/2025-26/001149,2000,21-07-2025,CHEQUE,
RCP/2025-26/000971,INV/2025-26/001150,2000,21-08-2025,CHEQUE,
RCP/2025-26/000972,INV/2025-26/001151,2000,16-09-2025,ONLINE,
RCP/2025-26/000973,INV/2025-26/001152,2000,15-10-2025,ONLINE,
RCP/2025-26/000974,INV/2025-26/001153,2000,11-11-2025,UPI,
RCP/2025-26/000975,INV/2025-26/001154,2000,10-12-2025,CHEQUE,
RCP/2025-26/000976,INV/2025-26/001155,2000,20-01-2026,CHEQUE,
RCP/2025-26/000977,INV/2025-26/001156,2000,14-02-2026,BANK_TRANSFER,
RCP/2025-26/000978,INV/2025-26/001157,2000,20-03-2026,CASH,
RCP/2025-26/000979,INV/2025-26/001158,5000,26-07-2025,CASH,
RCP/2025-26/000980,INV/2025-26/001159,500,02-08-2025,CASH,
RCP/2025-26/000981,INV/2025-26/001160,1000,03-08-2025,CHEQUE,
RCP/2025-26/000982,INV/2025-26/001161,250,31-07-2025,BANK_TRANSFER,
RCP/2025-26/000983,INV/2025-26/001162,250,21-01-2026,ONLINE,
RCP/2025-26/000984,INV/2025-26/001163,2000,25-07-2025,BANK_TRANSFER,
RCP/2025-26/000985,INV/2025-26/001164,2000,21-08-2025,UPI,
RCP/2025-26/000986,INV/2025-26/001165,2000,15-09-2025,ONLINE,
RCP/2025-26/000987,INV/2025-26/001166,2000,19-10-2025,UPI,
RCP/2025-26/000988,INV/2025-26/001167,2000,10-11-2025,CHEQUE,
RCP/2025-26/000989,INV/2025-26/001168,2000,11-12-2025,UPI,
RCP/2025-26/000990,INV/2025-26/001169,2000,17-01-2026,CHEQUE,
RCP/2025-26/000991,INV/2025-26/001170,2000,25-02-2026,UPI,
RCP/2025-26/000992,INV/2025-26/001171,2000,12-03-2026,UPI,
RCP/2025-26/000993,INV/2025-26/001172,5000,01-08-2025,UPI,
RCP/2025-26/000994,INV/2025-26/001173,500,24-07-2025,BANK_TRANSFER,
RCP/2025-26/000995,INV/2025-26/001174,1000,30-07-2025,UPI,
RCP/2025-26/000996,INV/2025-26/001175,250,24-07-2025,BANK_TRANSFER,
RCP/2025-26/000997,INV/2025-26/001176,250,19-01-2026,CASH,
RCP/2025-26/000998,INV/2025-26/001177,2000,24-07-2025,ONLINE,
RCP/2025-26/000999,INV/2025-26/001180,2000,22-10-2025,BANK_TRANSFER,
RCP/2025-26/001000,INV/2025-26/001181,2000,13-11-2025,ONLINE,
RCP/2025-26/001001,INV/2025-26/001182,2000,17-12-2025,UPI,
RCP/2025-26/001002,INV/2025-26/001183,2000,11-01-2026,BANK_TRANSFER,
RCP/2025-26/001003,INV/2025-26/001184,2000,18-02-2026,CASH,
RCP/2025-26/001004,INV/2025-26/001185,2000,15-03-2026,ONLINE,
RCP/2025-26/001005,INV/2025-26/001186,5000,24-07-2025,CHEQUE,
RCP/2025-26/001006,INV/2025-26/001189,250,06-08-2025,CASH,
RCP/2025-26/001007,INV/2025-26/001190,250,21-01-2026,CHEQUE,
RCP/2025-26/001008,INV/2025-26/001192,2000,13-08-2025,BANK_TRANSFER,
RCP/2025-26/001009,INV/2025-26/001193,2000,16-09-2025,ONLINE,
RCP/2025-26/001010,INV/2025-26/001194,2000,18-10-2025,BANK_TRANSFER,
RCP/2025-26/001011,INV/2025-26/001195,2000,13-11-2025,CASH,
RCP/2025-26/001012,INV/2025-26/001196,2000,25-12-2025,UPI,
RCP/2025-26/001013,INV/2025-26/001197,2000,10-01-2026,ONLINE,
RCP/2025-26/001014,INV/2025-26/001198,2000,25-02-2026,UPI,
RCP/2025-26/001015,INV/2025-26/001199,2000,16-03-2026,UPI,
RCP/2025-26/001016,INV/2025-26/001200,5000,24-07-2025,ONLINE,
RCP/2025-26/001017,INV/2025-26/001201,500,31-07-2025,ONLINE,
RCP/2025-26/001018,INV/2025-26/001202,1000,30-07-2025,CASH,
RCP/2025-26/001019,INV/2025-26/001203,250,03-08-2025,UPI,
RCP/2025-26/001020,INV/2025-26/001204,250,28-01-2026,BANK_TRANSFER,
RCP/2025-26/001021,INV/2025-26/001205,2000,11-07-2025,BANK_TRANSFER,
RCP/2025-26/001022,INV/2025-26/001206,2000,18-08-2025,UPI,
RCP/2025-26/001023,INV/2025-26/001207,2000,11-09-2025,UPI,
RCP/2025-26/001024,INV/2025-26/001208,2000,13-10-2025,CASH,
RCP/2025-26/001025,INV/2025-26/001209,2000,23-11-2025,CHEQUE,
RCP/2025-26/001026,INV/2025-26/001210,2000,11-12-2025,ONLINE,
RCP/2025-26/001027,INV/2025-26/001211,2000,23-01-2026,CHEQUE,
RCP/2025-26/001028,INV/2025-26/001212,2000,25-02-2026,CHEQUE,
RCP/2025-26/001029,INV/2025-26/001214,5000,24-07-2025,ONLINE,
RCP/2025-26/001030,INV/2025-26/001216,1000,26-07-2025,CASH,
RCP/2025-26/001031,INV/2025-26/001218,250,21-01-2026,UPI,
RCP/2025-26/001032,INV/2025-26/001219,2000,14-07-2025,CASH,
RCP/2025-26/001033,INV/2025-26/001220,2000,23-08-2025,UPI,
RCP/2025-26/001034,INV/2025-26/001222,2000,18-10-2025,BANK_TRANSFER,
RCP/2025-26/001035,INV/2025-26/001225,2000,22-01-2026,CHEQUE,
RCP/2025-26/001036,INV/2025-26/001226,2000,20-02-2026,BANK_TRANSFER,
RCP/2025-26/001037,INV/2025-26/001227,2000,10-03-2026,CHEQUE,
RCP/2025-26/001038,INV/2025-26/001228,5000,04-08-2025,CASH,
RCP/2025-26/001039,INV/2025-26/001229,500,26-07-2025,CHEQUE,
RCP/2025-26/001040,INV/2025-26/001230,1000,25-07-2025,CASH,
RCP/2025-26/001041,INV/2025-26/001231,250,25-07-2025,BANK_TRANSFER,
RCP/2025-26/001042,INV/2025-26/001235,2000,25-09-2025,CHEQUE,
RCP/2025-26/001043,INV/2025-26/001236,2000,11-10-2025,UPI,
RCP/2025-26/001044,INV/2025-26/001237,2000,14-11-2025,CHEQUE,
RCP/2025-26/001045,INV/2025-26/001238,2000,22-12-2025,CASH,
RCP/2025-26/001046,INV/2025-26/001239,2000,20-01-2026,UPI,
RCP/2025-26/001047,INV/2025-26/001240,2000,25-02-2026,BANK_TRANSFER,
RCP/2025-26/001048,INV/2025-26/001242,5000,31-07-2025,BANK_TRANSFER,
RCP/2025-26/001049,INV/2025-26/001243,500,06-08-2025,CASH,
RCP/2025-26/001050,INV/2025-26/001245,250,31-07-2025,ONLINE,
RCP/2025-26/001051,INV/2025-26/001246,250,26-01-2026,BANK_TRANSFER,
RCP/2025-26/001052,INV/2025-26/001247,2000,12-07-2025,UPI,
RCP/2025-26/001053,INV/2025-26/001248,2000,23-08-2025,ONLINE,
RCP/2025-26/001054,INV/2025-26/001249,2000,21-09-2025,CASH,
RCP/2025-26/001055,INV/2025-26/001250,2000,15-10-2025,CASH,
RCP/2025-26/001056,INV/2025-26/001251,2000,22-11-2025,UPI,
RCP/2025-26/001057,INV/2025-26/001252,2000,10-12-2025,UPI,
RCP/2025-26/001058,INV/2025-26/001253,2000,16-01-2026,CASH,
RCP/2025-26/001059,INV/2025-26/001254,2000,24-02-2026,CASH,
RCP/2025-26/001060,INV/2025-26/001256,5000,30-07-2025,BANK_TRANSFER,
RCP/2025-26/001061,INV/2025-26/001257,500,03-08-2025,CASH,
RCP/2025-26/001062,INV/2025-26/001258,1000,29-07-2025,BANK_TRANSFER,
RCP/2025-26/001063,INV/2025-26/001259,250,05-08-2025,UPI,
RCP/2025-26/001064,INV/2025-26/001261,2000,21-07-2025,BANK_TRANSFER,
RCP/2025-26/001065,INV/2025-26/001262,2000,18-08-2025,CASH,
RCP/2025-26/001066,INV/2025-26/001263,2000,22-09-2025,CASH,
RCP/2025-26/001067,INV/2025-26/001264,2000,16-10-2025,UPI,
RCP/2025-26/001068,INV/2025-26/001265,2000,16-11-2025,BANK_TRANSFER,
RCP/2025-26/001069,INV/2025-26/001266,2000,10-12-2025,CASH,
RCP/2025-26/001070,INV/2025-26/001267,2000,14-01-2026,UPI,
RCP/2025-26/001071,INV/2025-26/001268,2000,10-02-2026,UPI,
RCP/2025-26/001072,INV/2025-26/001269,2000,19-03-2026,BANK_TRANSFER,
RCP/2025-26/001073,INV/2025-26/001270,5000,03-08-2025,BANK_TRANSFER,
RCP/2025-26/001074,INV/2025-26/001271,500,28-07-2025,ONLINE,
RCP/2025-26/001075,INV/2025-26/001272,1000,03-08-2025,CHEQUE,
RCP/2025-26/001076,INV/2025-26/001273,250,02-08-2025,CHEQUE,
RCP/2025-26/001077,INV/2025-26/001274,250,25-01-2026,BANK_TRANSFER,
RCP/2025-26/001078,INV/2025-26/001275,2500,25-07-2025,CASH,
RCP/2025-26/001079,INV/2025-26/001276,2500,18-08-2025,BANK_TRANSFER,
RCP/2025-26/001080,INV/2025-26/001278,2500,19-10-2025,UPI,
RCP/2025-26/001081,INV/2025-26/001279,2500,17-11-2025,CASH,
RCP/2025-26/001082,INV/2025-26/001280,2500,22-12-2025,BANK_TRANSFER,
RCP/2025-26/001083,INV/2025-26/001281,2500,10-01-2026,ONLINE,
RCP/2025-26/001084,INV/2025-26/001283,2500,23-03-2026,ONLINE,
RCP/2025-26/001085,INV/2025-26/001284,6000,23-07-2025,CHEQUE,
RCP/2025-26/001086,INV/2025-26/001285,1000,28-07-2025,BANK_TRANSFER,
RCP/2025-26/001087,INV/2025-26/001286,500,29-07-2025,CHEQUE,
RCP/2025-26/001088,INV/2025-26/001287,1000,06-08-2025,BANK_TRANSFER,
RCP/2025-26/001089,INV/2025-26/001288,375,27-07-2025,CHEQUE,
RCP/2025-26/001090,INV/2025-26/001289,375,19-01-2026,ONLINE,
RCP/2025-26/001091,INV/2025-26/001290,2500,18-07-2025,CHEQUE,
RCP/2025-26/001092,INV/2025-26/001291,2500,15-08-2025,BANK_TRANSFER,
RCP/2025-26/001093,INV/2025-26/001292,2500,17-09-2025,BANK_TRANSFER,
RCP/2025-26/001094,INV/2025-26/001293,2500,19-10-2025,ONLINE,
RCP/2025-26/001095,INV/2025-26/001294,2500,20-11-2025,BANK_TRANSFER,
RCP/2025-26/001096,INV/2025-26/001295,2500,19-12-2025,ONLINE,
RCP/2025-26/001097,INV/2025-26/001297,2500,12-02-2026,ONLINE,
RCP/2025-26/001098,INV/2025-26/001299,6000,03-08-2025,CHEQUE,
RCP/2025-26/001099,INV/2025-26/001300,1000,23-07-2025,UPI,
RCP/2025-26/001100,INV/2025-26/001301,500,28-07-2025,BANK_TRANSFER,
RCP/2025-26/001101,INV/2025-26/001302,1000,05-08-2025,UPI,
RCP/2025-26/001102,INV/2025-26/001303,375,27-07-2025,CASH,
RCP/2025-26/001103,INV/2025-26/001304,375,21-01-2026,BANK_TRANSFER,
RCP/2025-26/001104,INV/2025-26/001305,2500,10-07-2025,ONLINE,
RCP/2025-26/001105,INV/2025-26/001306,2500,15-08-2025,CHEQUE,
RCP/2025-26/001106,INV/2025-26/001307,2500,25-09-2025,CASH,
RCP/2025-26/001107,INV/2025-26/001308,2500,23-10-2025,ONLINE,
RCP/2025-26/001108,INV/2025-26/001309,2500,25-11-2025,ONLINE,
RCP/2025-26/001109,INV/2025-26/001310,2500,16-12-2025,BANK_TRANSFER,
RCP/2025-26/001110,INV/2025-26/001313,2500,16-03-2026,CASH,
RCP/2025-26/001111,INV/2025-26/001314,6000,29-07-2025,UPI,
RCP/2025-26/001112,INV/2025-26/001315,1000,02-08-2025,BANK_TRANSFER,
RCP/2025-26/001113,INV/2025-26/001316,500,03-08-2025,CHEQUE,
RCP/2025-26/001114,INV/2025-26/001317,1000,27-07-2025,CASH,
RCP/2025-26/001115,INV/2025-26/001318,375,31-07-2025,BANK_TRANSFER,
RCP/2025-26/001116,INV/2025-26/001319,375,26-01-2026,ONLINE,
RCP/2025-26/001117,INV/2025-26/001322,2500,25-09-2025,BANK_TRANSFER,
RCP/2025-26/001118,INV/2025-26/001323,2500,15-10-2025,ONLINE,
RCP/2025-26/001119,INV/2025-26/001324,2500,17-11-2025,UPI,
RCP/2025-26/001120,INV/2025-26/001325,2500,10-12-2025,CHEQUE,
RCP/2025-26/001121,INV/2025-26/001326,2500,13-01-2026,BANK_TRANSFER,
RCP/2025-26/001122,INV/2025-26/001327,2500,11-02-2026,ONLINE,
RCP/2025-26/001123,INV/2025-26/001329,6000,23-07-2025,CHEQUE,
RCP/2025-26/001124,INV/2025-26/001331,500,22-07-2025,CASH,
RCP/2025-26/001125,INV/2025-26/001332,1000,04-08-2025,ONLINE,
RCP/2025-26/001126,INV/2025-26/001333,375,30-07-2025,ONLINE,
RCP/2025-26/001127,INV/2025-26/001334,375,22-01-2026,CASH,
RCP/2025-26/001128,INV/2025-26/001335,2500,13-07-2025,CHEQUE,
RCP/2025-26/001129,INV/2025-26/001336,2500,14-08-2025,ONLINE,
RCP/2025-26/001130,INV/2025-26/001337,2500,13-09-2025,CHEQUE,
RCP/2025-26/001131,INV/2025-26/001338,2500,13-10-2025,BANK_TRANSFER,
RCP/2025-26/001132,INV/2025-26/001339,2500,13-11-2025,ONLINE,
RCP/2025-26/001133,INV/2025-26/001340,2500,16-12-2025,BANK_TRANSFER,
RCP/2025-26/001134,INV/2025-26/001341,2500,16-01-2026,BANK_TRANSFER,
RCP/2025-26/001135,INV/2025-26/001342,2500,19-02-2026,UPI,
RCP/2025-26/001136,INV/2025-26/001343,2500,25-03-2026,UPI,
RCP/2025-26/001137,INV/2025-26/001344,6000,06-08-2025,BANK_TRANSFER,
RCP/2025-26/001138,INV/2025-26/001345,1000,22-07-2025,CASH,
RCP/2025-26/001139,INV/2025-26/001347,1000,06-08-2025,UPI,
RCP/2025-26/001140,INV/2025-26/001349,375,18-01-2026,CASH,
RCP/2025-26/001141,INV/2025-26/001351,2500,24-08-2025,BANK_TRANSFER,
RCP/2025-26/001142,INV/2025-26/001352,2500,11-09-2025,CASH,
RCP/2025-26/001143,INV/2025-26/001353,2500,11-10-2025,BANK_TRANSFER,
RCP/2025-26/001144,INV/2025-26/001354,2500,20-11-2025,ONLINE,
RCP/2025-26/001145,INV/2025-26/001355,2500,13-12-2025,CASH,
RCP/2025-26/001146,INV/2025-26/001356,2500,14-01-2026,UPI,
RCP/2025-26/001147,INV/2025-26/001357,2500,24-02-2026,CHEQUE,
RCP/2025-26/001148,INV/2025-26/001358,2500,12-03-2026,BANK_TRANSFER,
RCP/2025-26/001149,INV/2025-26/001359,6000,27-07-2025,CASH,
RCP/2025-26/001150,INV/2025-26/001360,1000,05-08-2025,BANK_TRANSFER,
RCP/2025-26/001151,INV/2025-26/001361,500,06-08-2025,ONLINE,
RCP/2025-26/001152,INV/2025-26/001362,1000,27-07-2025,CASH,
RCP/2025-26/001153,INV/2025-26/001363,375,23-07-2025,UPI,
RCP/2025-26/001154,INV/2025-26/001364,375,31-01-2026,CHEQUE,
RCP/2025-26/001155,INV/2025-26/001365,2500,15-07-2025,CHEQUE,
RCP/2025-26/001156,INV/2025-26/001366,2500,21-08-2025,CHEQUE,
RCP/2025-26/001157,INV/2025-26/001367,2500,14-09-2025,ONLINE,
RCP/2025-26/001158,INV/2025-26/001369,2500,23-11-2025,ONLINE,
RCP/2025-26/001159,INV/2025-26/001370,2500,18-12-2025,BANK_TRANSFER,
RCP/2025-26/001160,INV/2025-26/001371,2500,17-01-2026,BANK_TRANSFER,
RCP/2025-26/001161,INV/2025-26/001372,2500,13-02-2026,ONLINE,
RCP/2025-26/001162,INV/2025-26/001373,2500,17-03-2026,ONLINE,
RCP/2025-26/001163,INV/2025-26/001374,6000,03-08-2025,UPI,
RCP/2025-26/001164,INV/2025-26/001375,1000,23-07-2025,CASH,
RCP/2025-26/001165,INV/2025-26/001376,500,27-07-2025,CHEQUE,
RCP/2025-26/001166,INV/2025-26/001377,1000,06-08-2025,UPI,
RCP/2025-26/001167,INV/2025-26/001378,375,06-08-2025,BANK_TRANSFER,
RCP/2025-26/001168,INV/2025-26/001379,375,24-01-2026,CASH,
RCP/2025-26/001169,INV/2025-26/001380,2500,22-07-2025,ONLINE,
RCP/2025-26/001170,INV/2025-26/001381,2500,12-08-2025,ONLINE,
RCP/2025-26/001171,INV/2025-26/001382,2500,24-09-2025,CASH,
RCP/2025-26/001172,INV/2025-26/001384,2500,13-11-2025,ONLINE,
RCP/2025-26/001173,INV/2025-26/001385,2500,10-12-2025,CASH,
RCP/2025-26/001174,INV/2025-26/001386,2500,11-01-2026,CHEQUE,
RCP/2025-26/001175,INV/2025-26/001387,2500,12-02-2026,CHEQUE,
RCP/2025-26/001176,INV/2025-26/001389,6000,28-07-2025,ONLINE,
RCP/2025-26/001177,INV/2025-26/001391,500,23-07-2025,UPI,
RCP/2025-26/001178,INV/2025-26/001392,1000,01-08-2025,CHEQUE,
RCP/2025-26/001179,INV/2025-26/001393,375,06-08-2025,BANK_TRANSFER,
RCP/2025-26/001180,INV/2025-26/001394,375,19-01-2026,CASH,
RCP/2025-26/001181,INV/2025-26/001395,2500,17-07-2025,CASH,
RCP/2025-26/001182,INV/2025-26/001396,2500,19-08-2025,CHEQUE,
RCP/2025-26/001183,INV/2025-26/001397,2500,13-09-2025,CASH,
RCP/2025-26/001184,INV/2025-26/001399,2500,23-11-2025,CASH,
RCP/2025-26/001185,INV/2025-26/001400,2500,16-12-2025,UPI,
RCP/2025-26/001186,INV/2025-26/001401,2500,22-01-2026,UPI,
RCP/2025-26/001187,INV/2025-26/001402,2500,16-02-2026,BANK_TRANSFER,
RCP/2025-26/001188,INV/2025-26/001403,2500,23-03-2026,CASH,
RCP/2025-26/001189,INV/2025-26/001405,1000,25-07-2025,ONLINE,
RCP/2025-26/001190,INV/2025-26/001406,500,26-07-2025,ONLINE,
RCP/2025-26/001191,INV/2025-26/001407,1000,23-07-2025,CHEQUE,
RCP/2025-26/001192,INV/2025-26/001409,375,31-01-2026,CHEQUE,
RCP/2025-26/001193,INV/2025-26/001410,2500,15-07-2025,CHEQUE,
RCP/2025-26/001194,INV/2025-26/001411,2500,14-08-2025,CASH,
RCP/2025-26/001195,INV/2025-26/001412,2500,20-09-2025,CHEQUE,
RCP/2025-26/001196,INV/2025-26/001414,2500,17-11-2025,BANK_TRANSFER,
RCP/2025-26/001197,INV/2025-26/001415,2500,20-12-2025,BANK_TRANSFER,
RCP/2025-26/001198,INV/2025-26/001416,2500,14-01-2026,UPI,
RCP/2025-26/001199,INV/2025-26/001417,2500,19-02-2026,CHEQUE,
RCP/2025-26/001200,INV/2025-26/001419,6000,28-07-2025,UPI,
RCP/2025-26/001201,INV/2025-26/001420,1000,31-07-2025,BANK_TRANSFER,
RCP/2025-26/001202,INV/2025-26/001422,1000,27-07-2025,CHEQUE,
RCP/2025-26/001203,INV/2025-26/001423,375,01-08-2025,CASH,
RCP/2025-26/001204,INV/2025-26/001424,375,31-01-2026,CHEQUE,
RCP/2025-26/001205,INV/2025-26/001425,2500,23-07-2025,CHEQUE,
RCP/2025-26/001206,INV/2025-26/001426,2500,23-08-2025,CASH,
RCP/2025-26/001207,INV/2025-26/001427,2500,10-09-2025,ONLINE,
RCP/2025-26/001208,INV/2025-26/001428,2500,11-10-2025,UPI,
RCP/2025-26/001209,INV/2025-26/001429,2500,15-11-2025,BANK_TRANSFER,
RCP/2025-26/001210,INV/2025-26/001430,2500,14-12-2025,CASH,
RCP/2025-26/001211,INV/2025-26/001431,2500,19-01-2026,UPI,
RCP/2025-26/001212,INV/2025-26/001432,2500,11-02-2026,BANK_TRANSFER,
RCP/2025-26/001213,INV/2025-26/001433,2500,13-03-2026,CHEQUE,
RCP/2025-26/001214,INV/2025-26/001435,1000,29-07-2025,CHEQUE,
RCP/2025-26/001215,INV/2025-26/001436,500,31-07-2025,CASH,
RCP/2025-26/001216,INV/2025-26/001438,375,01-08-2025,CHEQUE,
RCP/2025-26/001217,INV/2025-26/001439,375,24-01-2026,UPI,
RCP/2025-26/001218,INV/2025-26/001440,2500,24-07-2025,UPI,
RCP/2025-26/001219,INV/2025-26/001442,2500,21-09-2025,CHEQUE,
RCP/2025-26/001220,INV/2025-26/001443,2500,16-10-2025,UPI,
RCP/2025-26/001221,INV/2025-26/001444,2500,15-11-2025,CASH,
RCP/2025-26/001222,INV/2025-26/001445,2500,15-12-2025,CHEQUE,
RCP/2025-26/001223,INV/2025-26/001446,2500,11-01-2026,ONLINE,
RCP/2025-26/001224,INV/2025-26/001447,2500,18-02-2026,UPI,
RCP/2025-26/001225,INV/2025-26/001448,2500,18-03-2026,CASH,
RCP/2025-26/001226,INV/2025-26/001449,6000,26-07-2025,CASH,
RCP/2025-26/001227,INV/2025-26/001450,1000,01-08-2025,CHEQUE,
RCP/2025-26/001228,INV/2025-26/001451,500,31-07-2025,ONLINE,
RCP/2025-26/001229,INV/2025-26/001452,1000,02-08-2025,CASH,
RCP/2025-26/001230,INV/2025-26/001453,375,01-08-2025,CHEQUE,
RCP/2025-26/001231,INV/2025-26/001454,375,21-01-2026,CHEQUE,
RCP/2025-26/001232,INV/2025-26/001455,2500,15-07-2025,ONLINE,
RCP/2025-26/001233,INV/2025-26/001456,2500,22-08-2025,CASH,
RCP/2025-26/001234,INV/2025-26/001457,2500,16-09-2025,BANK_TRANSFER,
RCP/2025-26/001235,INV/2025-26/001458,2500,19-10-2025,UPI,
RCP/2025-26/001236,INV/2025-26/001460,2500,25-12-2025,CHEQUE,
RCP/2025-26/001237,INV/2025-26/001461,2500,10-01-2026,CASH,
RCP/2025-26/001238,INV/2025-26/001462,2500,24-02-2026,UPI,
RCP/2025-26/001239,INV/2025-26/001464,6000,29-07-2025,CASH,
RCP/2025-26/001240,INV/2025-26/001465,1000,01-08-2025,ONLINE,
RCP/2025-26/001241,INV/2025-26/001468,375,31-07-2025,CASH,
RCP/2025-26/001242,INV/2025-26/001470,2500,21-07-2025,CHEQUE,
RCP/2025-26/001243,INV/2025-26/001471,2500,24-08-2025,ONLINE,
RCP/2025-26/001244,INV/2025-26/001472,2500,16-09-2025,BANK_TRANSFER,
RCP/2025-26/001245,INV/2025-26/001473,2500,13-10-2025,UPI,
RCP/2025-26/001246,INV/2025-26/001475,2500,10-12-2025,CASH,
RCP/2025-26/001247,INV/2025-26/001476,2500,16-01-2026,ONLINE,
RCP/2025-26/001248,INV/2025-26/001477,2500,16-02-2026,CHEQUE,
RCP/2025-26/001249,INV/2025-26/001478,2500,23-03-2026,CASH,
RCP/2025-26/001250,INV/2025-26/001479,6000,26-07-2025,CASH,
RCP/2025-26/001251,INV/2025-26/001480,1000,01-08-2025,CASH,
RCP/2025-26/001252,INV/2025-26/001481,500,23-07-2025,UPI,
RCP/2025-26/001253,INV/2025-26/001482,1000,24-07-2025,CHEQUE,
RCP/2025-26/001254,INV/2025-26/001483,375,30-07-2025,ONLINE,
RCP/2025-26/001255,INV/2025-26/001484,375,28-01-2026,ONLINE,
RCP/2025-26/001256,INV/2025-26/001485,2500,22-07-2025,CASH,
RCP/2025-26/001257,INV/2025-26/001486,2500,12-08-2025,CHEQUE,
RCP/2025-26/001258,INV/2025-26/001487,2500,12-09-2025,BANK_TRANSFER,
RCP/2025-26/001259,INV/2025-26/001489,2500,19-11-2025,CHEQUE,
RCP/2025-26/001260,INV/2025-26/001490,2500,24-12-2025,ONLINE,
RCP/2025-26/001261,INV/2025-26/001491,2500,10-01-2026,ONLINE,
RCP/2025-26/001262,INV/2025-26/001492,2500,17-02-2026,UPI,
RCP/2025-26/001263,INV/2025-26/001493,2500,19-03-2026,UPI,
RCP/2025-26/001264,INV/2025-26/001494,6000,02-08-2025,CASH,
RCP/2025-26/001265,INV/2025-26/001495,1000,26-07-2025,CASH,
RCP/2025-26/001266,INV/2025-26/001496,500,03-08-2025,CHEQUE,
RCP/2025-26/001267,INV/2025-26/001497,1000,24-07-2025,BANK_TRANSFER,
RCP/2025-26/001268,INV/2025-26/001498,375,02-08-2025,UPI,
RCP/2025-26/001269,INV/2025-26/001499,375,20-01-2026,UPI,
RCP/2025-26/001270,INV/2025-26/001500,2500,18-07-2025,UPI,
RCP/2025-26/001271,INV/2025-26/001501,2500,11-08-2025,CHEQUE,
RCP/2025-26/001272,INV/2025-26/001502,2500,12-09-2025,BANK_TRANSFER,
RCP/2025-26/001273,INV/2025-26/001503,2500,18-10-2025,CASH,
RCP/2025-26/001274,INV/2025-26/001504,2500,25-11-2025,BANK_TRANSFER,
RCP/2025-26/001275,INV/2025-26/001505,2500,17-12-2025,CASH,
RCP/2025-26/001276,INV/2025-26/001506,2500,12-01-2026,UPI,
RCP/2025-26/001277,INV/2025-26/001507,2500,24-02-2026,BANK_TRANSFER,
RCP/2025-26/001278,INV/2025-26/001508,2500,19-03-2026,CHEQUE,
RCP/2025-26/001279,INV/2025-26/001509,6000,02-08-2025,BANK_TRANSFER,
RCP/2025-26/001280,INV/2025-26/001511,500,01-08-2025,UPI,
RCP/2025-26/001281,INV/2025-26/001512,1000,04-08-2025,BANK_TRANSFER,
RCP/2025-26/001282,INV/2025-26/001513,375,26-07-2025,BANK_TRANSFER,
RCP/2025-26/001283,INV/2025-26/001515,2500,21-07-2025,BANK_TRANSFER,
RCP/2025-26/001284,INV/2025-26/001516,2500,13-08-2025,UPI,
RCP/2025-26/001285,INV/2025-26/001517,2500,12-09-2025,BANK_TRANSFER,
RCP/2025-26/001286,INV/2025-26/001519,2500,16-11-2025,BANK_TRANSFER,
RCP/2025-26/001287,INV/2025-26/001520,2500,12-12-2025,CASH,
RCP/2025-26/001288,INV/2025-26/001522,2500,10-02-2026,CHEQUE,
RCP/2025-26/001289,INV/2025-26/001523,2500,16-03-2026,CASH,
RCP/2025-26/001290,INV/2025-26/001524,6000,06-08-2025,UPI,
RCP/2025-26/001291,INV/2025-26/001525,1000,29-07-2025,CHEQUE,
RCP/2025-26/001292,INV/2025-26/001526,500,31-07-2025,UPI,
RCP/2025-26/001293,INV/2025-26/001527,1000,24-07-2025,ONLINE,
RCP/2025-26/001294,INV/2025-26/001528,375,22-07-2025,UPI,
RCP/2025-26/001295,INV/2025-26/001529,375,21-01-2026,CHEQUE,
RCP/2025-26/001296,INV/2025-26/001530,2500,15-07-2025,UPI,
RCP/2025-26/001297,INV/2025-26/001531,2500,14-08-2025,ONLINE,
RCP/2025-26/001298,INV/2025-26/001533,2500,25-10-2025,UPI,
RCP/2025-26/001299,INV/2025-26/001534,2500,21-11-2025,UPI,
RCP/2025-26/001300,INV/2025-26/001535,2500,16-12-2025,CHEQUE,
RCP/2025-26/001301,INV/2025-26/001537,2500,25-02-2026,ONLINE,
RCP/2025-26/001302,INV/2025-26/001539,6000,01-08-2025,CASH,
RCP/2025-26/001303,INV/2025-26/001540,1000,30-07-2025,BANK_TRANSFER,
RCP/2025-26/001304,INV/2025-26/001541,500,27-07-2025,ONLINE,
RCP/2025-26/001305,INV/2025-26/001542,1000,02-08-2025,CHEQUE,
RCP/2025-26/001306,INV/2025-26/001543,375,24-07-2025,CHEQUE,
RCP/2025-26/001307,INV/2025-26/001544,375,23-01-2026,CHEQUE,
RCP/2025-26/001308,INV/2025-26/001545,2500,21-07-2025,ONLINE,
RCP/2025-26/001309,INV/2025-26/001546,2500,10-08-2025,CHEQUE,
RCP/2025-26/001310,INV/2025-26/001548,2500,17-10-2025,CASH,
RCP/2025-26/001311,INV/2025-26/001549,2500,18-11-2025,UPI,
RCP/2025-26/001312,INV/2025-26/001550,2500,15-12-2025,BANK_TRANSFER,
RCP/2025-26/001313,INV/2025-26/001551,2500,13-01-2026,UPI,
RCP/2025-26/001314,INV/2025-26/001552,2500,20-02-2026,CASH,
RCP/2025-26/001315,INV/2025-26/001553,2500,25-03-2026,ONLINE,
RCP/2025-26/001316,INV/2025-26/001554,6000,27-07-2025,ONLINE,
RCP/2025-26/001317,INV/2025-26/001555,1000,23-07-2025,UPI,
RCP/2025-26/001318,INV/2025-26/001556,500,27-07-2025,UPI,
RCP/2025-26/001319,INV/2025-26/001557,1000,23-07-2025,CHEQUE,
RCP/2025-26/001320,INV/2025-26/001558,375,27-07-2025,BANK_TRANSFER,
RCP/2025-26/001321,INV/2025-26/001560,2500,22-07-2025,CHEQUE,
RCP/2025-26/001322,INV/2025-26/001562,2500,19-09-2025,CASH,
RCP/2025-26/001323,INV/2025-26/001563,2500,25-10-2025,ONLINE,
RCP/2025-26/001324,INV/2025-26/001564,2500,23-11-2025,CHEQUE,
RCP/2025-26/001325,INV/2025-26/001565,2500,15-12-2025,CHEQUE,
RCP/2025-26/001326,INV/2025-26/001566,2500,18-01-2026,UPI,
RCP/2025-26/001327,INV/2025-26/001567,2500,20-02-2026,ONLINE,
RCP/2025-26/001328,INV/2025-26/001568,2500,12-03-2026,UPI,
RCP/2025-26/001329,INV/2025-26/001569,6000,26-07-2025,CASH,
RCP/2025-26/001330,INV/2025-26/001570,1000,04-08-2025,UPI,
RCP/2025-26/001331,INV/2025-26/001571,500,27-07-2025,ONLINE,
RCP/2025-26/001332,INV/2025-26/001573,375,25-07-2025,CASH,
RCP/2025-26/001333,INV/2025-26/001574,375,20-01-2026,CHEQUE,
RCP/2025-26/001334,INV/2025-26/001575,2500,10-07-2025,ONLINE,
RCP/2025-26/001335,INV/2025-26/001576,2500,21-08-2025,CASH,
RCP/2025-26/001336,INV/2025-26/001577,2500,23-09-2025,UPI,
RCP/2025-26/001337,INV/2025-26/001579,2500,22-11-2025,BANK_TRANSFER,
RCP/2025-26/001338,INV/2025-26/001580,2500,13-12-2025,ONLINE,
RCP/2025-26/001339,INV/2025-26/001581,2500,25-01-2026,UPI,
RCP/2025-26/001340,INV/2025-26/001583,2500,23-03-2026,BANK_TRANSFER,
RCP/2025-26/001341,INV/2025-26/001584,6000,22-07-2025,CHEQUE,
RCP/2025-26/001342,INV/2025-26/001585,1000,22-07-2025,ONLINE,
RCP/2025-26/001343,INV/2025-26/001586,500,01-08-2025,ONLINE,
RCP/2025-26/001344,INV/2025-26/001587,1000,26-07-2025,ONLINE,
RCP/2025-26/001345,INV/2025-26/001588,375,30-07-2025,BANK_TRANSFER,
RCP/2025-26/001346,INV/2025-26/001590,2500,21-07-2025,CHEQUE,
RCP/2025-26/001347,INV/2025-26/001591,2500,22-08-2025,UPI,
RCP/2025-26/001348,INV/2025-26/001592,2500,25-09-2025,UPI,
RCP/2025-26/001349,INV/2025-26/001593,2500,25-10-2025,BANK_TRANSFER,
RCP/2025-26/001350,INV/2025-26/001595,2500,22-12-2025,UPI,
RCP/2025-26/001351,INV/2025-26/001597,2500,17-02-2026,ONLINE,
RCP/2025-26/001352,INV/2025-26/001598,2500,15-03-2026,CASH,
RCP/2025-26/001353,INV/2025-26/001599,6000,03-08-2025,BANK_TRANSFER,
RCP/2025-26/001354,INV/2025-26/001600,1000,23-07-2025,UPI,
RCP/2025-26/001355,INV/2025-26/001601,500,22-07-2025,CASH,
RCP/2025-26/001356,INV/2025-26/001602,1000,06-08-2025,CHEQUE,
RCP/2025-26/001357,INV/2025-26/001603,375,24-07-2025,BANK_TRANSFER,
RCP/2025-26/001358,INV/2025-26/001604,375,18-01-2026,CHEQUE,
RCP/2025-26/001359,INV/2025-26/001605,2500,22-07-2025,ONLINE,
RCP/2025-26/001360,INV/2025-26/001606,2500,19-08-2025,CHEQUE,
RCP/2025-26/001361,INV/2025-26/001607,2500,15-09-2025,ONLINE,
RCP/2025-26/001362,INV/2025-26/001608,2500,16-10-2025,CHEQUE,
RCP/2025-26/001363,INV/2025-26/001609,2500,11-11-2025,CHEQUE,
RCP/2025-26/001364,INV/2025-26/001610,2500,17-12-2025,CHEQUE,
RCP/2025-26/001365,INV/2025-26/001611,2500,11-01-2026,BANK_TRANSFER,
RCP/2025-26/001366,INV/2025-26/001612,2500,10-02-2026,UPI,
RCP/2025-26/001367,INV/2025-26/001613,2500,18-03-2026,ONLINE,
RCP/2025-26/001368,INV/2025-26/001614,6000,03-08-2025,ONLINE,
RCP/2025-26/001369,INV/2025-26/001615,1000,22-07-2025,CASH,
RCP/2025-26/001370,INV/2025-26/001617,1000,02-08-2025,BANK_TRANSFER,
RCP/2025-26/001371,INV/2025-26/001619,375,22-01-2026,ONLINE,
RCP/2025-26/001372,INV/2025-26/001621,2500,18-08-2025,UPI,
RCP/2025-26/001373,INV/2025-26/001622,2500,13-09-2025,CHEQUE,
RCP/2025-26/001374,INV/2025-26/001623,2500,19-10-2025,BANK_TRANSFER,
RCP/2025-26/001375,INV/2025-26/001625,2500,18-12-2025,CHEQUE,
RCP/2025-26/001376,INV/2025-26/001626,2500,18-01-2026,ONLINE,
RCP/2025-26/001377,INV/2025-26/001628,2500,17-03-2026,BANK_TRANSFER,
RCP/2025-26/001378,INV/2025-26/001630,1000,05-08-2025,CHEQUE,
RCP/2025-26/001379,INV/2025-26/001632,1000,30-07-2025,CASH,
RCP/2025-26/001380,INV/2025-26/001633,375,29-07-2025,UPI,
RCP/2025-26/001381,INV/2025-26/001634,375,29-01-2026,BANK_TRANSFER,
RCP/2025-26/001382,INV/2025-26/001635,2500,10-07-2025,BANK_TRANSFER,
RCP/2025-26/001383,INV/2025-26/001636,2500,12-08-2025,ONLINE,
RCP/2025-26/001384,INV/2025-26/001637,2500,20-09-2025,CASH,
RCP/2025-26/001385,INV/2025-26/001638,2500,15-10-2025,ONLINE,
RCP/2025-26/001386,INV/2025-26/001639,2500,16-11-2025,CHEQUE,
RCP/2025-26/001387,INV/2025-26/001640,2500,16-12-2025,ONLINE,
RCP/2025-26/001388,INV/2025-26/001641,2500,17-01-2026,UPI,
RCP/2025-26/001389,INV/2025-26/001643,2500,16-03-2026,UPI,
RCP/2025-26/001390,INV/2025-26/001644,6000,02-08-2025,UPI,
RCP/2025-26/001391,INV/2025-26/001645,1000,25-07-2025,CASH,
RCP/2025-26/001392,INV/2025-26/001646,500,06-08-2025,CHEQUE,
RCP/2025-26/001393,INV/2025-26/001647,1000,23-07-2025,ONLINE,
RCP/2025-26/001394,INV/2025-26/001648,375,01-08-2025,ONLINE,
RCP/2025-26/001395,INV/2025-26/001651,2500,18-08-2025,ONLINE,
RCP/2025-26/001396,INV/2025-26/001652,2500,18-09-2025,ONLINE,
RCP/2025-26/001397,INV/2025-26/001653,2500,14-10-2025,CASH,
RCP/2025-26/001398,INV/2025-26/001654,2500,23-11-2025,ONLINE,
RCP/2025-26/001399,INV/2025-26/001656,2500,21-01-2026,ONLINE,
RCP/2025-26/001400,INV/2025-26/001658,2500,24-03-2026,CASH,
RCP/2025-26/001401,INV/2025-26/001659,6000,05-08-2025,BANK_TRANSFER,
RCP/2025-26/001402,INV/2025-26/001660,1000,22-07-2025,UPI,
RCP/2025-26/001403,INV/2025-26/001661,500,25-07-2025,BANK_TRANSFER,
RCP/2025-26/001404,INV/2025-26/001662,1000,30-07-2025,UPI,
RCP/2025-26/001405,INV/2025-26/001663,375,29-07-2025,BANK_TRANSFER,
RCP/2025-26/001406,INV/2025-26/001664,375,26-01-2026,BANK_TRANSFER,
RCP/2025-26/001407,INV/2025-26/001665,2500,23-07-2025,UPI,
RCP/2025-26/001408,INV/2025-26/001666,2500,21-08-2025,BANK_TRANSFER,
RCP/2025-26/001409,INV/2025-26/001668,2500,15-10-2025,CHEQUE,
RCP/2025-26/001410,INV/2025-26/001669,2500,17-11-2025,CASH,
RCP/2025-26/001411,INV/2025-26/001670,2500,17-12-2025,CHEQUE,
RCP/2025-26/001412,INV/2025-26/001671,2500,22-01-2026,UPI,
RCP/2025-26/001413,INV/2025-26/001672,2500,14-02-2026,ONLINE,
RCP/2025-26/001414,INV/2025-26/001673,2500,15-03-2026,ONLINE,
RCP/2025-26/001415,INV/2025-26/001674,6000,01-08-2025,ONLINE,
RCP/2025-26/001416,INV/2025-26/001675,1000,23-07-2025,ONLINE,
RCP/2025-26/001417,INV/2025-26/001676,500,27-07-2025,CASH,
RCP/2025-26/001418,INV/2025-26/001677,1000,30-07-2025,ONLINE,
RCP/2025-26/001419,INV/2025-26/001678,375,25-07-2025,ONLINE,
RCP/2025-26/001420,INV/2025-26/001679,375,24-01-2026,BANK_TRANSFER,
RCP/2025-26/001421,INV/2025-26/001680,2500,18-07-2025,BANK_TRANSFER,
RCP/2025-26/001422,INV/2025-26/001681,2500,13-08-2025,BANK_TRANSFER,
RCP/2025-26/001423,INV/2025-26/001684,2500,15-11-2025,BANK_TRANSFER,
RCP/2025-26/001424,INV/2025-26/001685,2500,25-12-2025,ONLINE,
RCP/2025-26/001425,INV/2025-26/001687,2500,19-02-2026,ONLINE,
RCP/2025-26/001426,INV/2025-26/001688,2500,14-03-2026,UPI,
RCP/2025-26/001427,INV/2025-26/001689,6000,01-08-2025,ONLINE,
RCP/2025-26/001428,INV/2025-26/001690,1000,03-08-2025,CASH,
RCP/2025-26/001429,INV/2025-26/001691,500,01-08-2025,UPI,
RCP/2025-26/001430,INV/2025-26/001692,1000,31-07-2025,BANK_TRANSFER,
RCP/2025-26/001431,INV/2025-26/001693,375,03-08-2025,BANK_TRANSFER,
RCP/2025-26/001432,INV/2025-26/001695,2500,21-07-2025,CHEQUE,
RCP/2025-26/001433,INV/2025-26/001696,2500,24-08-2025,ONLINE,
RCP/2025-26/001434,INV/2025-26/001697,2500,10-09-2025,UPI,
RCP/2025-26/001435,INV/2025-26/001698,2500,18-10-2025,CASH,
RCP/2025-26/001436,INV/2025-26/001699,2500,22-11-2025,CASH,
RCP/2025-26/001437,INV/2025-26/001700,2500,25-12-2025,CHEQUE,
RCP/2025-26/001438,INV/2025-26/001701,2500,22-01-2026,CHEQUE,
RCP/2025-26/001439,INV/2025-26/001702,2500,12-02-2026,CASH,
RCP/2025-26/001440,INV/2025-26/001703,2500,14-03-2026,CASH,
RCP/2025-26/001441,INV/2025-26/001704,6000,03-08-2025,BANK_TRANSFER,
RCP/2025-26/001442,INV/2025-26/001705,1000,31-07-2025,ONLINE,
RCP/2025-26/001443,INV/2025-26/001706,500,26-07-2025,CHEQUE,
RCP/2025-26/001444,INV/2025-26/001707,1000,22-07-2025,CASH,
RCP/2025-26/001445,INV/2025-26/001708,375,01-08-2025,ONLINE,
RCP/2025-26/001446,INV/2025-26/001709,375,24-01-2026,CHEQUE,
RCP/2025-26/001447,INV/2025-26/001710,2500,15-07-2025,CHEQUE,
RCP/2025-26/001448,INV/2025-26/001711,2500,23-08-2025,CHEQUE,
RCP/2025-26/001449,INV/2025-26/001712,2500,19-09-2025,BANK_TRANSFER,
RCP/2025-26/001450,INV/2025-26/001713,2500,17-10-2025,CASH,
RCP/2025-26/001451,INV/2025-26/001714,2500,21-11-2025,ONLINE,
RCP/2025-26/001452,INV/2025-26/001715,2500,19-12-2025,CASH,
RCP/2025-26/001453,INV/2025-26/001716,2500,14-01-2026,BANK_TRANSFER,
RCP/2025-26/001454,INV/2025-26/001717,2500,10-02-2026,ONLINE,
RCP/2025-26/001455,INV/2025-26/001719,6000,22-07-2025,ONLINE,
RCP/2025-26/001456,INV/2025-26/001720,1000,29-07-2025,CASH,
RCP/2025-26/001457,INV/2025-26/001721,500,28-07-2025,ONLINE,
RCP/2025-26/001458,INV/2025-26/001723,375,29-07-2025,UPI,
RCP/2025-26/001459,INV/2025-26/001724,375,28-01-2026,ONLINE,
RCP/2025-26/001460,INV/2025-26/001725,2500,12-07-2025,ONLINE,
RCP/2025-26/001461,INV/2025-26/001726,2500,18-08-2025,BANK_TRANSFER,
RCP/2025-26/001462,INV/2025-26/001727,2500,18-09-2025,ONLINE,
RCP/2025-26/001463,INV/2025-26/001728,2500,12-10-2025,UPI,
RCP/2025-26/001464,INV/2025-26/001729,2500,13-11-2025,ONLINE,
RCP/2025-26/001465,INV/2025-26/001730,2500,18-12-2025,CHEQUE,
RCP/2025-26/001466,INV/2025-26/001731,2500,20-01-2026,CASH,
RCP/2025-26/001467,INV/2025-26/001732,2500,10-02-2026,UPI,
RCP/2025-26/001468,INV/2025-26/001734,6000,26-07-2025,ONLINE,
RCP/2025-26/001469,INV/2025-26/001735,1000,29-07-2025,CASH,
RCP/2025-26/001470,INV/2025-26/001736,500,06-08-2025,UPI,
RCP/2025-26/001471,INV/2025-26/001737,1000,31-07-2025,ONLINE,
RCP/2025-26/001472,INV/2025-26/001739,375,17-01-2026,BANK_TRANSFER,
RCP/2025-26/001473,INV/2025-26/001740,2500,14-07-2025,CASH,
RCP/2025-26/001474,INV/2025-26/001741,2500,22-08-2025,CASH,
RCP/2025-26/001475,INV/2025-26/001742,2500,15-09-2025,UPI,
RCP/2025-26/001476,INV/2025-26/001744,2500,22-11-2025,CASH,
RCP/2025-26/001477,INV/2025-26/001745,2500,17-12-2025,ONLINE,
RCP/2025-26/001478,INV/2025-26/001746,2500,24-01-2026,UPI,
RCP/2025-26/001479,INV/2025-26/001747,2500,11-02-2026,UPI,
RCP/2025-26/001480,INV/2025-26/001748,2500,13-03-2026,CHEQUE,
RCP/2025-26/001481,INV/2025-26/001749,6000,28-07-2025,ONLINE,
RCP/2025-26/001482,INV/2025-26/001750,1000,31-07-2025,BANK_TRANSFER,
RCP/2025-26/001483,INV/2025-26/001751,500,23-07-2025,CHEQUE,
RCP/2025-26/001484,INV/2025-26/001752,1000,30-07-2025,ONLINE,
RCP/2025-26/001485,INV/2025-26/001753,375,28-07-2025,BANK_TRANSFER,
RCP/2025-26/001486,INV/2025-26/001756,2500,13-08-2025,UPI,
RCP/2025-26/001487,INV/2025-26/001757,2500,20-09-2025,CASH,
RCP/2025-26/001488,INV/2025-26/001758,2500,18-10-2025,CHEQUE,
RCP/2025-26/001489,INV/2025-26/001759,2500,17-11-2025,CASH,
RCP/2025-26/001490,INV/2025-26/001761,2500,25-01-2026,CHEQUE,
RCP/2025-26/001491,INV/2025-26/001762,2500,12-02-2026,UPI,
RCP/2025-26/001492,INV/2025-26/001763,2500,12-03-2026,CHEQUE,
RCP/2025-26/001493,INV/2025-26/001764,6000,23-07-2025,CASH,
RCP/2025-26/001494,INV/2025-26/001765,1000,26-07-2025,CHEQUE,
RCP/2025-26/001495,INV/2025-26/001766,500,26-07-2025,ONLINE,
RCP/2025-26/001496,INV/2025-26/001767,1000,02-08-2025,ONLINE,
RCP/2025-26/001497,INV/2025-26/001768,375,22-07-2025,ONLINE,
RCP/2025-26/001498,INV/2025-26/001769,375,20-01-2026,BANK_TRANSFER,
RCP/2025-26/001499,INV/2025-26/001771,2500,24-08-2025,CHEQUE,
RCP/2025-26/001500,INV/2025-26/001772,2500,25-09-2025,UPI,
RCP/2025-26/001501,INV/2025-26/001773,2500,21-10-2025,BANK_TRANSFER,
RCP/2025-26/001502,INV/2025-26/001774,2500,18-11-2025,CHEQUE,
RCP/2025-26/001503,INV/2025-26/001776,2500,12-01-2026,CHEQUE,
RCP/2025-26/001504,INV/2025-26/001777,2500,19-02-2026,BANK_TRANSFER,
RCP/2025-26/001505,INV/2025-26/001778,2500,24-03-2026,CASH,
RCP/2025-26/001506,INV/2025-26/001779,6000,03-08-2025,UPI,
RCP/2025-26/001507,INV/2025-26/001781,500,02-08-2025,CHEQUE,
RCP/2025-26/001508,INV/2025-26/001782,1000,24-07-2025,CHEQUE,
RCP/2025-26/001509,INV/2025-26/001783,375,28-07-2025,CHEQUE,
RCP/2025-26/001510,INV/2025-26/001784,375,20-01-2026,CHEQUE,
RCP/2025-26/001511,INV/2025-26/001785,2500,23-07-2025,BANK_TRANSFER,
RCP/2025-26/001512,INV/2025-26/001786,2500,12-08-2025,CASH,
RCP/2025-26/001513,INV/2025-26/001787,2500,14-09-2025,UPI,
RCP/2025-26/001514,INV/2025-26/001789,2500,25-11-2025,UPI,
RCP/2025-26/001515,INV/2025-26/001790,2500,22-12-2025,ONLINE,
RCP/2025-26/001516,INV/2025-26/001791,2500,18-01-2026,CASH,
RCP/2025-26/001517,INV/2025-26/001792,2500,12-02-2026,CASH,
RCP/2025-26/001518,INV/2025-26/001794,6000,06-08-2025,CASH,
RCP/2025-26/001519,INV/2025-26/001795,1000,23-07-2025,BANK_TRANSFER,
RCP/2025-26/001520,INV/2025-26/001796,500,04-08-2025,BANK_TRANSFER,
RCP/2025-26/001521,INV/2025-26/001797,1000,23-07-2025,CHEQUE,
RCP/2025-26/001522,INV/2025-26/001798,375,23-07-2025,CASH,
RCP/2025-26/001523,INV/2025-26/001799,375,18-01-2026,UPI,
RCP/2025-26/001524,INV/2025-26/001801,2500,17-08-2025,CHEQUE,
RCP/2025-26/001525,INV/2025-26/001802,2500,16-09-2025,CHEQUE,
RCP/2025-26/001526,INV/2025-26/001803,2500,15-10-2025,CHEQUE,
RCP/2025-26/001527,INV/2025-26/001804,2500,23-11-2025,CASH,
RCP/2025-26/001528,INV/2025-26/001805,2500,21-12-2025,ONLINE,
RCP/2025-26/001529,INV/2025-26/001806,2500,23-01-2026,CASH,
RCP/2025-26/001530,INV/2025-26/001807,2500,15-02-2026,CHEQUE,
RCP/2025-26/001531,INV/2025-26/001808,2500,20-03-2026,UPI,
RCP/2025-26/001532,INV/2025-26/001809,6000,05-08-2025,BANK_TRANSFER,
RCP/2025-26/001533,INV/2025-26/001811,500,01-08-2025,BANK_TRANSFER,
RCP/2025-26/001534,INV/2025-26/001812,1000,04-08-2025,BANK_TRANSFER,
RCP/2025-26/001535,INV/2025-26/001813,375,28-07-2025,ONLINE,
RCP/2025-26/001536,INV/2025-26/001814,375,24-01-2026,BANK_TRANSFER,
RCP/2025-26/001537,INV/2025-26/001816,2500,22-08-2025,CASH,
RCP/2025-26/001538,INV/2025-26/001817,2500,19-09-2025,CHEQUE,
RCP/2025-26/001539,INV/2025-26/001818,2500,14-10-2025,BANK_TRANSFER,
RCP/2025-26/001540,INV/2025-26/001819,2500,17-11-2025,UPI,
RCP/2025-26/001541,INV/2025-26/001821,2500,18-01-2026,CHEQUE,
RCP/2025-26/001542,INV/2025-26/001822,2500,14-02-2026,CASH,
RCP/2025-26/001543,INV/2025-26/001823,2500,21-03-2026,UPI,
RCP/2025-26/001544,INV/2025-26/001824,6000,02-08-2025,CHEQUE,
RCP/2025-26/001545,INV/2025-26/001825,1000,30-07-2025,BANK_TRANSFER,
RCP/2025-26/001546,INV/2025-26/001826,500,03-08-2025,CHEQUE,
RCP/2025-26/001547,INV/2025-26/001828,375,01-08-2025,ONLINE,
RCP/2025-26/001548,INV/2025-26/001829,375,19-01-2026,CHEQUE,
RCP/2025-26/001549,INV/2025-26/001830,2500,11-07-2025,CHEQUE,
RCP/2025-26/001550,INV/2025-26/001831,2500,11-08-2025,BANK_TRANSFER,
RCP/2025-26/001551,INV/2025-26/001832,2500,23-09-2025,ONLINE,
RCP/2025-26/001552,INV/2025-26/001834,2500,17-11-2025,CHEQUE,
RCP/2025-26/001553,INV/2025-26/001836,2500,22-01-2026,CASH,
RCP/2025-26/001554,INV/2025-26/001837,2500,11-02-2026,BANK_TRANSFER,
RCP/2025-26/001555,INV/2025-26/001838,2500,14-03-2026,BANK_TRANSFER,
RCP/2025-26/001556,INV/2025-26/001839,6000,29-07-2025,UPI,
RCP/2025-26/001557,INV/2025-26/001840,1000,03-08-2025,ONLINE,
RCP/2025-26/001558,INV/2025-26/001841,500,24-07-2025,UPI,
RCP/2025-26/001559,INV/2025-26/001842,1000,03-08-2025,UPI,
RCP/2025-26/001560,INV/2025-26/001843,375,24-07-2025,ONLINE,
RCP/2025-26/001561,INV/2025-26/001844,375,17-01-2026,CHEQUE,
RCP/2025-26/001562,INV/2025-26/001845,2500,12-07-2025,ONLINE,
RCP/2025-26/001563,INV/2025-26/001846,2500,14-08-2025,UPI,
RCP/2025-26/001564,INV/2025-26/001847,2500,16-09-2025,ONLINE,
RCP/2025-26/001565,INV/2025-26/001848,2500,16-10-2025,CHEQUE,
RCP/2025-26/001566,INV/2025-26/001849,2500,17-11-2025,UPI,
RCP/2025-26/001567,INV/2025-26/001850,2500,23-12-2025,BANK_TRANSFER,
RCP/2025-26/001568,INV/2025-26/001851,2500,12-01-2026,CASH,
RCP/2025-26/001569,INV/2025-26/001852,2500,23-02-2026,BANK_TRANSFER,
RCP/2025-26/001570,INV/2025-26/001853,2500,20-03-2026,BANK_TRANSFER,
RCP/2025-26/001571,INV/2025-26/001854,6000,22-07-2025,BANK_TRANSFER,
RCP/2025-26/001572,INV/2025-26/001855,1000,02-08-2025,CHEQUE,
RCP/2025-26/001573,INV/2025-26/001856,500,05-08-2025,CHEQUE,
RCP/2025-26/001574,INV/2025-26/001857,1000,23-07-2025,UPI,
RCP/2025-26/001575,INV/2025-26/001858,375,02-08-2025,UPI,
RCP/2025-26/001576,INV/2025-26/001859,375,18-01-2026,CASH,
RCP/2025-26/001577,INV/2025-26/001860,2500,17-07-2025,CHEQUE,
RCP/2025-26/001578,INV/2025-26/001863,2500,10-10-2025,BANK_TRANSFER,
RCP/2025-26/001579,INV/2025-26/001864,2500,13-11-2025,BANK_TRANSFER,
RCP/2025-26/001580,INV/2025-26/001865,2500,10-12-2025,BANK_TRANSFER,
RCP/2025-26/001581,INV/2025-26/001866,2500,16-01-2026,UPI,
RCP/2025-26/001582,INV/2025-26/001867,2500,18-02-2026,CHEQUE,
RCP/2025-26/001583,INV/2025-26/001868,2500,14-03-2026,CASH,
RCP/2025-26/001584,INV/2025-26/001869,6000,23-07-2025,BANK_TRANSFER,
RCP/2025-26/001585,INV/2025-26/001870,1000,31-07-2025,UPI,
RCP/2025-26/001586,INV/2025-26/001871,500,30-07-2025,CASH,
RCP/2025-26/001587,INV/2025-26/001872,1000,22-07-2025,CASH,
RCP/2025-26/001588,INV/2025-26/001873,375,30-07-2025,BANK_TRANSFER,
RCP/2025-26/001589,INV/2025-26/001875,2500,22-07-2025,UPI,
RCP/2025-26/001590,INV/2025-26/001877,2500,13-09-2025,BANK_TRANSFER,
RCP/2025-26/001591,INV/2025-26/001878,2500,12-10-2025,UPI,
RCP/2025-26/001592,INV/2025-26/001879,2500,24-11-2025,CHEQUE,
RCP/2025-26/001593,INV/2025-26/001881,2500,17-01-2026,CHEQUE,
RCP/2025-26/001594,INV/2025-26/001882,2500,25-02-2026,ONLINE,
RCP/2025-26/001595,INV/2025-26/001883,2500,10-03-2026,BANK_TRANSFER,
RCP/2025-26/001596,INV/2025-26/001884,6000,02-08-2025,BANK_TRANSFER,
RCP/2025-26/001597,INV/2025-26/001885,1000,30-07-2025,CASH,
RCP/2025-26/001598,INV/2025-26/001886,500,03-08-2025,CASH,
RCP/2025-26/001599,INV/2025-26/001889,375,26-01-2026,ONLINE,
RCP/2025-26/001600,INV/2025-26/001890,2500,12-07-2025,ONLINE,
RCP/2025-26/001601,INV/2025-26/001891,2500,17-08-2025,ONLINE,
RCP/2025-26/001602,INV/2025-26/001892,2500,14-09-2025,ONLINE,
RCP/2025-26/001603,INV/2025-26/001895,2500,14-12-2025,UPI,
RCP/2025-26/001604,INV/2025-26/001896,2500,16-01-2026,UPI,
RCP/2025-26/001605,INV/2025-26/001897,2500,14-02-2026,ONLINE,
RCP/2025-26/001606,INV/2025-26/001900,1000,27-07-2025,BANK_TRANSFER,
RCP/2025-26/001607,INV/2025-26/001901,500,25-07-2025,UPI,
RCP/2025-26/001608,INV/2025-26/001902,1000,26-07-2025,CASH,
RCP/2025-26/001609,INV/2025-26/001903,375,04-08-2025,ONLINE,
RCP/2025-26/001610,INV/2025-26/001904,375,24-01-2026,UPI,
RCP/2025-26/001611,INV/2025-26/001905,2500,13-07-2025,UPI,
RCP/2025-26/001612,INV/2025-26/001906,2500,18-08-2025,CHEQUE,
RCP/2025-26/001613,INV/2025-26/001907,2500,17-09-2025,CHEQUE,
RCP/2025-26/001614,INV/2025-26/001908,2500,10-10-2025,BANK_TRANSFER,
RCP/2025-26/001615,INV/2025-26/001909,2500,25-11-2025,UPI,
RCP/2025-26/001616,INV/2025-26/001910,2500,25-12-2025,BANK_TRANSFER,
RCP/2025-26/001617,INV/2025-26/001911,2500,22-01-2026,ONLINE,
RCP/2025-26/001618,INV/2025-26/001912,2500,15-02-2026,UPI,
RCP/2025-26/001619,INV/2025-26/001913,2500,23-03-2026,CASH,
RCP/2025-26/001620,INV/2025-26/001916,500,28-07-2025,UPI,
RCP/2025-26/001621,INV/2025-26/001917,1000,05-08-2025,CHEQUE,
RCP/2025-26/001622,INV/2025-26/001918,375,01-08-2025,ONLINE,
RCP/2025-26/001623,INV/2025-26/001920,2500,11-07-2025,CHEQUE,
RCP/2025-26/001624,INV/2025-26/001921,2500,22-08-2025,BANK_TRANSFER,
RCP/2025-26/001625,INV/2025-26/001922,2500,11-09-2025,CHEQUE,
RCP/2025-26/001626,INV/2025-26/001923,2500,24-10-2025,CASH,
RCP/2025-26/001627,INV/2025-26/001925,2500,22-12-2025,CASH,
RCP/2025-26/001628,INV/2025-26/001926,2500,11-01-2026,UPI,
RCP/2025-26/001629,INV/2025-26/001927,2500,22-02-2026,BANK_TRANSFER,
RCP/2025-26/001630,INV/2025-26/001928,2500,19-03-2026,ONLINE,
RCP/2025-26/001631,INV/2025-26/001929,6000,31-07-2025,CHEQUE,
RCP/2025-26/001632,INV/2025-26/001931,500,26-07-2025,ONLINE,
RCP/2025-26/001633,INV/2025-26/001932,1000,05-08-2025,CASH,
RCP/2025-26/001634,INV/2025-26/001933,375,25-07-2025,UPI,
RCP/2025-26/001635,INV/2025-26/001934,375,20-01-2026,ONLINE,
RCP/2025-26/001636,INV/2025-26/001935,2500,24-07-2025,CASH,
RCP/2025-26/001637,INV/2025-26/001936,2500,16-08-2025,ONLINE,
RCP/2025-26/001638,INV/2025-26/001937,2500,20-09-2025,UPI,
RCP/2025-26/001639,INV/2025-26/001938,2500,13-10-2025,CASH,
RCP/2025-26/001640,INV/2025-26/001939,2500,24-11-2025,BANK_TRANSFER,
RCP/2025-26/001641,INV/2025-26/001940,2500,22-12-2025,CHEQUE,
RCP/2025-26/001642,INV/2025-26/001941,2500,15-01-2026,ONLINE,
RCP/2025-26/001643,INV/2025-26/001942,2500,11-02-2026,UPI,
RCP/2025-26/001644,INV/2025-26/001944,6000,26-07-2025,UPI,
RCP/2025-26/001645,INV/2025-26/001946,500,23-07-2025,ONLINE,
RCP/2025-26/001646,INV/2025-26/001947,1000,05-08-2025,BANK_TRANSFER,
RCP/2025-26/001647,INV/2025-26/001948,375,25-07-2025,UPI,
RCP/2025-26/001648,INV/2025-26/001950,2500,18-07-2025,CASH,
RCP/2025-26/001649,INV/2025-26/001951,2500,25-08-2025,CHEQUE,
RCP/2025-26/001650,INV/2025-26/001952,2500,25-09-2025,UPI,
RCP/2025-26/001651,INV/2025-26/001953,2500,25-10-2025,ONLINE,
RCP/2025-26/001652,INV/2025-26/001954,2500,12-11-2025,CHEQUE,
RCP/2025-26/001653,INV/2025-26/001955,2500,17-12-2025,CHEQUE,
RCP/2025-26/001654,INV/2025-26/001956,2500,16-01-2026,CASH,
RCP/2025-26/001655,INV/2025-26/001957,2500,11-02-2026,BANK_TRANSFER,
RCP/2025-26/001656,INV/2025-26/001958,2500,11-03-2026,CHEQUE,
RCP/2025-26/001657,INV/2025-26/001959,6000,31-07-2025,BANK_TRANSFER,
RCP/2025-26/001658,INV/2025-26/001961,500,04-08-2025,UPI,
RCP/2025-26/001659,INV/2025-26/001962,1000,31-07-2025,CHEQUE,
RCP/2025-26/001660,INV/2025-26/001963,375,27-07-2025,ONLINE,
RCP/2025-26/001661,INV/2025-26/001964,375,27-01-2026,CASH,
RCP/2025-26/001662,INV/2025-26/001965,2500,19-07-2025,BANK_TRANSFER,
RCP/2025-26/001663,INV/2025-26/001966,2500,22-08-2025,CASH,
RCP/2025-26/001664,INV/2025-26/001967,2500,12-09-2025,BANK_TRANSFER,
RCP/2025-26/001665,INV/2025-26/001968,2500,13-10-2025,BANK_TRANSFER,
RCP/2025-26/001666,INV/2025-26/001969,2500,23-11-2025,CHEQUE,
RCP/2025-26/001667,INV/2025-26/001970,2500,16-12-2025,CHEQUE,
RCP/2025-26/001668,INV/2025-26/001971,2500,12-01-2026,ONLINE,
RCP/2025-26/001669,INV/2025-26/001972,2500,19-02-2026,ONLINE,
RCP/2025-26/001670,INV/2025-26/001973,2500,20-03-2026,BANK_TRANSFER,
RCP/2025-26/001671,INV/2025-26/001974,6000,02-08-2025,UPI,
RCP/2025-26/001672,INV/2025-26/001975,1000,06-08-2025,CHEQUE,
RCP/2025-26/001673,INV/2025-26/001976,500,06-08-2025,ONLINE,
RCP/2025-26/001674,INV/2025-26/001977,1000,29-07-2025,BANK_TRANSFER,
RCP/2025-26/001675,INV/2025-26/001979,375,16-01-2026,ONLINE,
RCP/2025-26/001676,INV/2025-26/001980,2500,13-07-2025,UPI,
RCP/2025-26/001677,INV/2025-26/001981,2500,23-08-2025,ONLINE,
RCP/2025-26/001678,INV/2025-26/001982,2500,21-09-2025,CHEQUE,
RCP/2025-26/001679,INV/2025-26/001983,2500,16-10-2025,CASH,
RCP/2025-26/001680,INV/2025-26/001984,2500,19-11-2025,BANK_TRANSFER,
RCP/2025-26/001681,INV/2025-26/001985,2500,19-12-2025,BANK_TRANSFER,
RCP/2025-26/001682,INV/2025-26/001986,2500,20-01-2026,CASH,
RCP/2025-26/001683,INV/2025-26/001987,2500,20-02-2026,BANK_TRANSFER,
RCP/2025-26/001684,INV/2025-26/001988,2500,10-03-2026,UPI,
RCP/2025-26/001685,INV/2025-26/001989,6000,01-08-2025,ONLINE,
RCP/2025-26/001686,INV/2025-26/001991,500,26-07-2025,ONLINE,
RCP/2025-26/001687,INV/2025-26/001992,1000,05-08-2025,CHEQUE,
RCP/2025-26/001688,INV/2025-26/001994,375,29-01-2026,CASH,
RCP/2025-26/001689,INV/2025-26/001995,2500,19-07-2025,CHEQUE,
RCP/2025-26/001690,INV/2025-26/001996,2500,20-08-2025,CHEQUE,
RCP/2025-26/001691,INV/2025-26/001997,2500,16-09-2025,CHEQUE,
RCP/2025-26/001692,INV/2025-26/001998,2500,21-10-2025,CASH,
RCP/2025-26/001693,INV/2025-26/002000,2500,10-12-2025,BANK_TRANSFER,
RCP/2025-26/001694,INV/2025-26/002002,2500,15-02-2026,CHEQUE,
RCP/2025-26/001695,INV/2025-26/002003,2500,15-03-2026,CHEQUE,
RCP/2025-26/001696,INV/2025-26/002004,6000,31-07-2025,BANK_TRANSFER,
RCP/2025-26/001697,INV/2025-26/002005,1000,30-07-2025,ONLINE,
RCP/2025-26/001698,INV/2025-26/002006,500,29-07-2025,BANK_TRANSFER,
RCP/2025-26/001699,INV/2025-26/002007,1000,31-07-2025,UPI,
RCP/2025-26/001700,INV/2025-26/002008,375,27-07-2025,CASH,
RCP/2025-26/001701,INV/2025-26/002009,375,17-01-2026,UPI,
RCP/2025-26/001702,INV/2025-26/002011,2500,10-08-2025,ONLINE,
RCP/2025-26/001703,INV/2025-26/002013,2500,20-10-2025,ONLINE,
RCP/2025-26/001704,INV/2025-26/002014,2500,19-11-2025,BANK_TRANSFER,
RCP/2025-26/001705,INV/2025-26/002015,2500,13-12-2025,CHEQUE,
RCP/2025-26/001706,INV/2025-26/002016,2500,14-01-2026,UPI,
RCP/2025-26/001707,INV/2025-26/002017,2500,24-02-2026,ONLINE,
RCP/2025-26/001708,INV/2025-26/002018,2500,13-03-2026,CASH,
RCP/2025-26/001709,INV/2025-26/002019,6000,23-07-2025,CHEQUE,
RCP/2025-26/001710,INV/2025-26/002021,500,23-07-2025,CASH,
RCP/2025-26/001711,INV/2025-26/002022,1000,31-07-2025,CASH,
RCP/2025-26/001712,INV/2025-26/002023,375,31-07-2025,UPI,
RCP/2025-26/001713,INV/2025-26/002024,375,22-01-2026,BANK_TRANSFER,
RCP/2025-26/001714,INV/2025-26/002025,2500,20-07-2025,ONLINE,
RCP/2025-26/001715,INV/2025-26/002026,2500,18-08-2025,UPI,
RCP/2025-26/001716,INV/2025-26/002027,2500,13-09-2025,CASH,
RCP/2025-26/001717,INV/2025-26/002029,2500,13-11-2025,UPI,
RCP/2025-26/001718,INV/2025-26/002030,2500,20-12-2025,BANK_TRANSFER,
RCP/2025-26/001719,INV/2025-26/002031,2500,19-01-2026,CHEQUE,
RCP/2025-26/001720,INV/2025-26/002032,2500,12-02-2026,BANK_TRANSFER,
RCP/2025-26/001721,INV/2025-26/002033,2500,20-03-2026,CHEQUE,
RCP/2025-26/001722,INV/2025-26/002034,6000,26-07-2025,CASH,
RCP/2025-26/001723,INV/2025-26/002035,1000,23-07-2025,CASH,
RCP/2025-26/001724,INV/2025-26/002036,500,24-07-2025,ONLINE,
RCP/2025-26/001725,INV/2025-26/002037,1000,05-08-2025,CHEQUE,
RCP/2025-26/001726,INV/2025-26/002038,375,01-08-2025,UPI,
RCP/2025-26/001727,INV/2025-26/002039,375,18-01-2026,ONLINE,
RCP/2025-26/001728,INV/2025-26/002040,2500,12-07-2025,ONLINE,
RCP/2025-26/001729,INV/2025-26/002041,2500,19-08-2025,ONLINE,
RCP/2025-26/001730,INV/2025-26/002042,2500,17-09-2025,UPI,
RCP/2025-26/001731,INV/2025-26/002044,2500,21-11-2025,ONLINE,
RCP/2025-26/001732,INV/2025-26/002045,2500,20-12-2025,BANK_TRANSFER,
RCP/2025-26/001733,INV/2025-26/002046,2500,10-01-2026,CASH,
RCP/2025-26/001734,INV/2025-26/002047,2500,21-02-2026,ONLINE,
RCP/2025-26/001735,INV/2025-26/002048,2500,15-03-2026,BANK_TRANSFER,
RCP/2025-26/001736,INV/2025-26/002049,6000,26-07-2025,CHEQUE,
RCP/2025-26/001737,INV/2025-26/002050,1000,25-07-2025,BANK_TRANSFER,
RCP/2025-26/001738,INV/2025-26/002051,500,24-07-2025,BANK_TRANSFER,
RCP/2025-26/001739,INV/2025-26/002052,1000,03-08-2025,CHEQUE,
RCP/2025-26/001740,INV/2025-26/002053,375,29-07-2025,CHEQUE,
RCP/2025-26/001741,INV/2025-26/002054,375,31-01-2026,ONLINE,
RCP/2025-26/001742,INV/2025-26/002055,2500,16-07-2025,CHEQUE,
RCP/2025-26/001743,INV/2025-26/002056,2500,23-08-2025,CHEQUE,
RCP/2025-26/001744,INV/2025-26/002057,2500,17-09-2025,UPI,
RCP/2025-26/001745,INV/2025-26/002058,2500,12-10-2025,CHEQUE,
RCP/2025-26/001746,INV/2025-26/002059,2500,13-11-2025,CHEQUE,
RCP/2025-26/001747,INV/2025-26/002060,2500,20-12-2025,CHEQUE,
RCP/2025-26/001748,INV/2025-26/002061,2500,24-01-2026,UPI,
RCP/2025-26/001749,INV/2025-26/002062,2500,22-02-2026,CASH,
RCP/2025-26/001750,INV/2025-26/002063,2500,22-03-2026,BANK_TRANSFER,
RCP/2025-26/001751,INV/2025-26/002064,6000,23-07-2025,CASH,
RCP/2025-26/001752,INV/2025-26/002065,1000,26-07-2025,CHEQUE,
RCP/2025-26/001753,INV/2025-26/002067,1000,22-07-2025,UPI,
RCP/2025-26/001754,INV/2025-26/002068,375,05-08-2025,CHEQUE,
RCP/2025-26/001755,INV/2025-26/002069,375,30-01-2026,UPI,
RCP/2025-26/001756,INV/2025-26/002070,2500,20-07-2025,BANK_TRANSFER,
RCP/2025-26/001757,INV/2025-26/002071,2500,19-08-2025,ONLINE,
RCP/2025-26/001758,INV/2025-26/002072,2500,21-09-2025,CASH,
RCP/2025-26/001759,INV/2025-26/002073,2500,22-10-2025,UPI,
RCP/2025-26/001760,INV/2025-26/002075,2500,11-12-2025,CASH,
RCP/2025-26/001761,INV/2025-26/002076,2500,21-01-2026,CASH,
RCP/2025-26/001762,INV/2025-26/002079,6000,03-08-2025,BANK_TRANSFER,
RCP/2025-26/001763,INV/2025-26/002080,1000,03-08-2025,ONLINE,
RCP/2025-26/001764,INV/2025-26/002081,500,28-07-2025,UPI,
RCP/2025-26/001765,INV/2025-26/002082,1000,28-07-2025,CHEQUE,
RCP/2025-26/001766,INV/2025-26/002083,375,02-08-2025,ONLINE,
RCP/2025-26/001767,INV/2025-26/002084,375,20-01-2026,UPI,
RCP/2025-26/001768,INV/2025-26/002085,2500,10-07-2025,UPI,
RCP/2025-26/001769,INV/2025-26/002086,2500,25-08-2025,ONLINE,
RCP/2025-26/001770,INV/2025-26/002088,2500,14-10-2025,ONLINE,
RCP/2025-26/001771,INV/2025-26/002091,2500,23-01-2026,CHEQUE,
RCP/2025-26/001772,INV/2025-26/002092,2500,23-02-2026,CHEQUE,
RCP/2025-26/001773,INV/2025-26/002093,2500,22-03-2026,BANK_TRANSFER,
RCP/2025-26/001774,INV/2025-26/002094,6000,04-08-2025,CHEQUE,
RCP/2025-26/001775,INV/2025-26/002095,1000,06-08-2025,UPI,
RCP/2025-26/001776,INV/2025-26/002096,500,30-07-2025,ONLINE,
RCP/2025-26/001777,INV/2025-26/002098,375,23-07-2025,CASH,
RCP/2025-26/001778,INV/2025-26/002099,375,27-01-2026,CASH,
RCP/2025-26/001779,INV/2025-26/002100,2500,12-07-2025,UPI,
RCP/2025-26/001780,INV/2025-26/002101,2500,18-08-2025,ONLINE,
RCP/2025-26/001781,INV/2025-26/002102,2500,12-09-2025,UPI,
RCP/2025-26/001782,INV/2025-26/002103,2500,12-10-2025,CHEQUE,
RCP/2025-26/001783,INV/2025-26/002104,2500,19-11-2025,CHEQUE,
RCP/2025-26/001784,INV/2025-26/002105,2500,20-12-2025,CHEQUE,
RCP/2025-26/001785,INV/2025-26/002106,2500,25-01-2026,ONLINE,
RCP/2025-26/001786,INV/2025-26/002107,2500,25-02-2026,CHEQUE,
RCP/2025-26/001787,INV/2025-26/002108,2500,23-03-2026,BANK_TRANSFER,
RCP/2025-26/001788,INV/2025-26/002110,1000,31-07-2025,UPI,
RCP/2025-26/001789,INV/2025-26/002111,500,31-07-2025,CHEQUE,
RCP/2025-26/001790,INV/2025-26/002112,1000,06-08-2025,CHEQUE,
RCP/2025-26/001791,INV/2025-26/002113,375,23-07-2025,BANK_TRANSFER,
RCP/2025-26/001792,INV/2025-26/002114,375,16-01-2026,BANK_TRANSFER,
RCP/2025-26/001793,INV/2025-26/002115,2500,14-07-2025,CHEQUE,
RCP/2025-26/001794,INV/2025-26/002116,2500,18-08-2025,BANK_TRANSFER,
RCP/2025-26/001795,INV/2025-26/002117,2500,18-09-2025,BANK_TRANSFER,
RCP/2025-26/001796,INV/2025-26/002119,2500,13-11-2025,CHEQUE,
RCP/2025-26/001797,INV/2025-26/002120,2500,14-12-2025,ONLINE,
RCP/2025-26/001798,INV/2025-26/002121,2500,15-01-2026,BANK_TRANSFER,
RCP/2025-26/001799,INV/2025-26/002122,2500,17-02-2026,ONLINE,
RCP/2025-26/001800,INV/2025-26/002123,2500,11-03-2026,BANK_TRANSFER,
RCP/2025-26/001801,INV/2025-26/002126,500,26-07-2025,ONLINE,
RCP/2025-26/001802,INV/2025-26/002127,1000,04-08-2025,ONLINE,
RCP/2025-26/001803,INV/2025-26/002128,375,05-08-2025,UPI,
RCP/2025-26/001804,INV/2025-26/002129,375,27-01-2026,CASH,
RCP/2025-26/001805,INV/2025-26/002130,2500,13-07-2025,CASH,
RCP/2025-26/001806,INV/2025-26/002131,2500,22-08-2025,ONLINE,
RCP/2025-26/001807,INV/2025-26/002132,2500,17-09-2025,ONLINE,
RCP/2025-26/001808,INV/2025-26/002133,2500,22-10-2025,ONLINE,
RCP/2025-26/001809,INV/2025-26/002134,2500,23-11-2025,CASH,
RCP/2025-26/001810,INV/2025-26/002135,2500,24-12-2025,ONLINE,
RCP/2025-26/001811,INV/2025-26/002136,2500,11-01-2026,CASH,
RCP/2025-26/001812,INV/2025-26/002138,2500,23-03-2026,CHEQUE,
RCP/2025-26/001813,INV/2025-26/002141,500,30-07-2025,CASH,
RCP/2025-26/001814,INV/2025-26/002142,1000,03-08-2025,ONLINE,
RCP/2025-26/001815,INV/2025-26/002143,375,29-07-2025,CHEQUE,
RCP/2025-26/001816,INV/2025-26/002144,375,26-01-2026,UPI,
RCP/2025-26/001817,INV/2025-26/002145,2500,10-07-2025,CASH,
RCP/2025-26/001818,INV/2025-26/002146,2500,10-08-2025,ONLINE,
RCP/2025-26/001819,INV/2025-26/002147,2500,13-09-2025,ONLINE,
RCP/2025-26/001820,INV/2025-26/002148,2500,19-10-2025,BANK_TRANSFER,
RCP/2025-26/001821,INV/2025-26/002149,2500,10-11-2025,CHEQUE,
RCP/2025-26/001822,INV/2025-26/002150,2500,16-12-2025,CHEQUE,
RCP/2025-26/001823,INV/2025-26/002151,2500,13-01-2026,CASH,
RCP/2025-26/001824,INV/2025-26/002153,2500,15-03-2026,CASH,
RCP/2025-26/001825,INV/2025-26/002154,6000,30-07-2025,BANK_TRANSFER,
RCP/2025-26/001826,INV/2025-26/002155,1000,24-07-2025,ONLINE,
RCP/2025-26/001827,INV/2025-26/002157,1000,04-08-2025,BANK_TRANSFER,
RCP/2025-26/001828,INV/2025-26/002158,375,24-07-2025,BANK_TRANSFER,
RCP/2025-26/001829,INV/2025-26/002159,375,28-01-2026,ONLINE,
RCP/2025-26/001830,INV/2025-26/002160,2500,11-07-2025,BANK_TRANSFER,
RCP/2025-26/001831,INV/2025-26/002162,2500,24-09-2025,CASH,
RCP/2025-26/001832,INV/2025-26/002163,2500,16-10-2025,CHEQUE,
RCP/2025-26/001833,INV/2025-26/002164,2500,25-11-2025,CASH,
RCP/2025-26/001834,INV/2025-26/002165,2500,23-12-2025,UPI,
RCP/2025-26/001835,INV/2025-26/002166,2500,13-01-2026,ONLINE,
RCP/2025-26/001836,INV/2025-26/002167,2500,13-02-2026,CASH,
RCP/2025-26/001837,INV/2025-26/002168,2500,18-03-2026,ONLINE,
RCP/2025-26/001838,INV/2025-26/002169,6000,06-08-2025,UPI,
RCP/2025-26/001839,INV/2025-26/002170,1000,22-07-2025,CASH,
RCP/2025-26/001840,INV/2025-26/002171,500,30-07-2025,UPI,
RCP/2025-26/001841,INV/2025-26/002172,1000,03-08-2025,CHEQUE,
RCP/2025-26/001842,INV/2025-26/002173,375,06-08-2025,ONLINE,
RCP/2025-26/001843,INV/2025-26/002174,375,18-01-2026,CHEQUE,
RCP/2025-26/001844,INV/2025-26/002175,2000,22-07-2025,ONLINE,
RCP/2025-26/001845,INV/2025-26/002176,2000,21-08-2025,BANK_TRANSFER,
RCP/2025-26/001846,INV/2025-26/002177,2000,22-09-2025,CASH,
RCP/2025-26/001847,INV/2025-26/002178,2000,12-10-2025,BANK_TRANSFER,
RCP/2025-26/001848,INV/2025-26/002179,2000,20-11-2025,CASH,
RCP/2025-26/001849,INV/2025-26/002180,2000,19-12-2025,UPI,
RCP/2025-26/001850,INV/2025-26/002181,2000,11-01-2026,ONLINE,
RCP/2025-26/001851,INV/2025-26/002182,2000,19-02-2026,ONLINE,
RCP/2025-26/001852,INV/2025-26/002184,5000,02-08-2025,ONLINE,
RCP/2025-26/001853,INV/2025-26/002185,500,05-08-2025,UPI,
RCP/2025-26/001854,INV/2025-26/002186,1000,28-07-2025,CASH,
RCP/2025-26/001855,INV/2025-26/002187,250,29-07-2025,ONLINE,
RCP/2025-26/001856,INV/2025-26/002188,250,25-01-2026,ONLINE,
RCP/2025-26/001857,INV/2025-26/002189,2000,24-07-2025,CASH,
RCP/2025-26/001858,INV/2025-26/002190,2000,11-08-2025,BANK_TRANSFER,
RCP/2025-26/001859,INV/2025-26/002191,2000,11-09-2025,ONLINE,
RCP/2025-26/001860,INV/2025-26/002192,2000,24-10-2025,CHEQUE,
RCP/2025-26/001861,INV/2025-26/002193,2000,17-11-2025,CASH,
RCP/2025-26/001862,INV/2025-26/002194,2000,14-12-2025,ONLINE,
RCP/2025-26/001863,INV/2025-26/002195,2000,25-01-2026,CHEQUE,
RCP/2025-26/001864,INV/2025-26/002196,2000,14-02-2026,CASH,
RCP/2025-26/001865,INV/2025-26/002197,2000,11-03-2026,BANK_TRANSFER,
RCP/2025-26/001866,INV/2025-26/002198,5000,25-07-2025,ONLINE,
RCP/2025-26/001867,INV/2025-26/002199,500,24-07-2025,CASH,
RCP/2025-26/001868,INV/2025-26/002200,1000,29-07-2025,CASH,
RCP/2025-26/001869,INV/2025-26/002201,250,04-08-2025,BANK_TRANSFER,
RCP/2025-26/001870,INV/2025-26/002202,250,28-01-2026,BANK_TRANSFER,
RCP/2025-26/001871,INV/2025-26/002203,2500,14-07-2025,BANK_TRANSFER,
RCP/2025-26/001872,INV/2025-26/002204,2500,16-08-2025,CASH,
RCP/2025-26/001873,INV/2025-26/002205,2500,20-09-2025,CASH,
RCP/2025-26/001874,INV/2025-26/002206,2500,14-10-2025,ONLINE,
RCP/2025-26/001875,INV/2025-26/002207,2500,21-11-2025,CHEQUE,
RCP/2025-26/001876,INV/2025-26/002208,2500,17-12-2025,CHEQUE,
RCP/2025-26/001877,INV/2025-26/002209,2500,13-01-2026,CHEQUE,
RCP/2025-26/001878,INV/2025-26/002210,2500,15-02-2026,CASH,
RCP/2025-26/001879,INV/2025-26/002212,6000,22-07-2025,UPI,
RCP/2025-26/001880,INV/2025-26/002214,500,31-07-2025,ONLINE,
RCP/2025-26/001881,INV/2025-26/002215,1000,06-08-2025,UPI,
RCP/2025-26/001882,INV/2025-26/002216,375,30-07-2025,CHEQUE,
RCP/2025-26/001883,INV/2025-26/002217,375,23-01-2026,UPI,
RCP/2025-26/001884,INV/2025-26/002218,2000,11-07-2025,CHEQUE,
RCP/2025-26/001885,INV/2025-26/002219,2000,25-08-2025,CHEQUE,
RCP/2025-26/001886,INV/2025-26/002221,2000,19-10-2025,BANK_TRANSFER,
RCP/2025-26/001887,INV/2025-26/002222,2000,17-11-2025,UPI,
RCP/2025-26/001888,INV/2025-26/002223,2000,13-12-2025,CHEQUE,
RCP/2025-26/001889,INV/2025-26/002224,2000,17-01-2026,ONLINE,
RCP/2025-26/001890,INV/2025-26/002225,2000,16-02-2026,BANK_TRANSFER,
RCP/2025-26/001891,INV/2025-26/002226,2000,13-03-2026,UPI,
RCP/2025-26/001892,INV/2025-26/002227,5000,06-08-2025,ONLINE,
RCP/2025-26/001893,INV/2025-26/002228,500,23-07-2025,CASH,
RCP/2025-26/001894,INV/2025-26/002229,1000,31-07-2025,UPI,
RCP/2025-26/001895,INV/2025-26/002230,250,01-08-2025,CHEQUE,
RCP/2025-26/001896,INV/2025-26/002231,250,30-01-2026,CASH,
RCP/2025-26/001897,INV/2025-26/002232,2500,11-07-2025,CHEQUE,
RCP/2025-26/001898,INV/2025-26/002233,2500,10-08-2025,ONLINE,
RCP/2025-26/001899,INV/2025-26/002234,2500,12-09-2025,UPI,
RCP/2025-26/001900,INV/2025-26/002235,2500,20-10-2025,ONLINE,
RCP/2025-26/001901,INV/2025-26/002236,2500,20-11-2025,UPI,
RCP/2025-26/001902,INV/2025-26/002237,2500,20-12-2025,UPI,
RCP/2025-26/001903,INV/2025-26/002238,2500,23-01-2026,UPI,
RCP/2025-26/001904,INV/2025-26/002239,2500,17-02-2026,CASH,
RCP/2025-26/001905,INV/2025-26/002240,2500,25-03-2026,CASH,
RCP/2025-26/001906,INV/2025-26/002242,1000,05-08-2025,UPI,
RCP/2025-26/001907,INV/2025-26/002243,500,26-07-2025,ONLINE,
RCP/2025-26/001908,INV/2025-26/002244,1000,02-08-2025,BANK_TRANSFER,
RCP/2025-26/001909,INV/2025-26/002245,375,26-07-2025,CASH,
RCP/2025-26/001910,INV/2025-26/002246,375,17-01-2026,BANK_TRANSFER,
RCP/2025-26/001911,INV/2025-26/002247,2500,24-07-2025,ONLINE,
RCP/2025-26/001912,INV/2025-26/002248,2500,20-08-2025,UPI,
RCP/2025-26/001913,INV/2025-26/002250,2500,15-10-2025,CHEQUE,
RCP/2025-26/001914,INV/2025-26/002253,2500,25-01-2026,UPI,
RCP/2025-26/001915,INV/2025-26/002254,2500,24-02-2026,BANK_TRANSFER,
RCP/2025-26/001916,INV/2025-26/002255,2500,23-03-2026,UPI,
RCP/2025-26/001917,INV/2025-26/002256,6000,04-08-2025,CHEQUE,
RCP/2025-26/001918,INV/2025-26/002257,1000,26-07-2025,CHEQUE,
RCP/2025-26/001919,INV/2025-26/002259,1000,23-07-2025,CASH,
RCP/2025-26/001920,INV/2025-26/002261,375,17-01-2026,ONLINE,
