admission_number,date,status,remarks
1,10-07-2025,LATE,
1,11-07-2025,PRESENT,
1,31-07-2025,PRESENT,
1,02-08-2025,HALF_DAY,
1,05-08-2025,PRESENT,
1,14-08-2025,PRESENT,
1,23-08-2025,PRESENT,
1,09-09-2025,PRESENT,
1,16-09-2025,LEAVE,Family event
1,02-10-2025,LATE,
1,06-10-2025,PRESENT,
1,21-10-2025,PRESENT,
1,31-10-2025,PRESENT,
1,05-11-2025,ABSENT,Medical leave
1,18-11-2025,LATE,
1,26-11-2025,ABSENT,Sick
1,01-12-2025,ABSENT,Sick
1,11-12-2025,PRESENT,
1,19-12-2025,ABSENT,Not informed
1,15-01-2026,PRESENT,
1,22-01-2026,PRESENT,
1,29-01-2026,PRESENT,
1,30-01-2026,PRESENT,
1,10-02-2026,HALF_DAY,
1,16-02-2026,PRESENT,
1,02-03-2026,ABSENT,
1,05-03-2026,PRESENT,
1,09-03-2026,PRESENT,
1,19-03-2026,PRESENT,
1,28-03-2026,ABSENT,Sick
2,18-07-2025,PRESENT,
2,22-07-2025,ABSENT,Medical leave
2,23-07-2025,LATE,
2,26-07-2025,HALF_DAY,
2,08-08-2025,PRESENT,
2,16-08-2025,ABSENT,Family event
2,27-08-2025,HALF_DAY,
2,05-09-2025,HALF_DAY,
2,16-09-2025,HALF_DAY,
2,14-10-2025,PRESENT,
2,23-10-2025,PRESENT,
2,29-10-2025,PRESENT,
2,22-11-2025,PRESENT,
2,06-12-2025,PRESENT,
2,15-12-2025,ABSENT,Medical leave
2,20-12-2025,PRESENT,
2,07-01-2026,PRESENT,
2,15-01-2026,PRESENT,
2,23-01-2026,PRESENT,
2,02-02-2026,PRESENT,
2,03-02-2026,PRESENT,
2,11-02-2026,PRESENT,
2,23-02-2026,PRESENT,
2,09-03-2026,PRESENT,
2,13-03-2026,PRESENT,
2,18-03-2026,PRESENT,
2,23-03-2026,LATE,
2,26-03-2026,PRESENT,
2,28-03-2026,ABSENT,
2,31-03-2026,PRESENT,
3,12-07-2025,ABSENT,
3,25-07-2025,PRESENT,
3,29-07-2025,PRESENT,
3,30-07-2025,PRESENT,
3,01-08-2025,PRESENT,
3,07-08-2025,PRESENT,
3,08-08-2025,LATE,
3,19-08-2025,ABSENT,Sick
3,20-08-2025,PRESENT,
3,25-08-2025,PRESENT,
3,28-08-2025,PRESENT,
3,01-09-2025,PRESENT,
3,05-09-2025,PRESENT,
3,26-09-2025,PRESENT,
3,30-09-2025,ABSENT,Not informed
3,02-10-2025,PRESENT,
3,24-10-2025,PRESENT,
3,31-10-2025,PRESENT,
3,07-11-2025,ABSENT,Not informed
3,18-11-2025,PRESENT,
3,20-11-2025,PRESENT,
3,02-12-2025,ABSENT,
3,09-12-2025,PRESENT,
3,07-01-2026,PRESENT,
3,09-01-2026,PRESENT,
3,23-01-2026,PRESENT,
3,29-01-2026,PRESENT,
3,30-01-2026,PRESENT,
3,02-03-2026,PRESENT,
3,05-03-2026,PRESENT,
4,18-07-2025,PRESENT,
4,21-07-2025,PRESENT,
4,09-08-2025,PRESENT,
4,19-08-2025,PRESENT,
4,21-08-2025,PRESENT,
4,23-08-2025,PRESENT,
4,25-08-2025,PRESENT,
4,27-08-2025,PRESENT,
4,29-08-2025,PRESENT,
4,12-09-2025,LATE,
4,15-09-2025,PRESENT,
4,22-09-2025,ABSENT,Not informed
4,29-09-2025,PRESENT,
4,30-09-2025,PRESENT,
4,20-10-2025,PRESENT,
4,25-10-2025,PRESENT,
4,19-11-2025,PRESENT,
4,27-11-2025,PRESENT,
4,13-12-2025,PRESENT,
4,07-01-2026,PRESENT,
4,21-01-2026,PRESENT,
4,29-01-2026,PRESENT,
4,03-02-2026,PRESENT,
4,04-02-2026,PRESENT,
4,21-02-2026,LEAVE,Family event
4,27-02-2026,PRESENT,
4,28-02-2026,PRESENT,
4,13-03-2026,PRESENT,
4,16-03-2026,PRESENT,
4,25-03-2026,LATE,
5,14-07-2025,PRESENT,
5,18-07-2025,PRESENT,
5,08-08-2025,PRESENT,
5,09-08-2025,PRESENT,
5,16-08-2025,PRESENT,
5,19-08-2025,PRESENT,
5,01-10-2025,PRESENT,
5,02-10-2025,ABSENT,Family event
5,06-10-2025,PRESENT,
5,13-10-2025,PRESENT,
5,15-10-2025,PRESENT,
5,03-11-2025,LEAVE,Not informed
5,15-11-2025,PRESENT,
5,25-11-2025,PRESENT,
5,26-11-2025,PRESENT,
5,04-12-2025,PRESENT,
5,16-12-2025,PRESENT,
5,18-12-2025,ABSENT,Sick
5,22-12-2025,PRESENT,
5,24-12-2025,PRESENT,
5,07-01-2026,PRESENT,
5,15-01-2026,PRESENT,
5,21-01-2026,PRESENT,
5,24-01-2026,PRESENT,
5,28-01-2026,PRESENT,
5,02-02-2026,PRESENT,
5,09-02-2026,PRESENT,
5,10-02-2026,ABSENT,Not informed
5,17-02-2026,PRESENT,
5,02-03-2026,PRESENT,
6,10-07-2025,PRESENT,
6,01-08-2025,PRESENT,
6,16-08-2025,PRESENT,
6,23-08-2025,PRESENT,
6,09-09-2025,PRESENT,
6,29-09-2025,PRESENT,
6,30-09-2025,PRESENT,
6,06-10-2025,PRESENT,
6,17-10-2025,PRESENT,
6,18-10-2025,PRESENT,
6,24-10-2025,HALF_DAY,
6,25-10-2025,PRESENT,
6,29-10-2025,PRESENT,
6,07-11-2025,PRESENT,
6,10-11-2025,PRESENT,
6,11-11-2025,ABSENT,Not informed
6,15-11-2025,PRESENT,
6,17-11-2025,PRESENT,
6,20-12-2025,PRESENT,
6,29-12-2025,PRESENT,
6,05-02-2026,LATE,
6,09-02-2026,PRESENT,
6,12-02-2026,HALF_DAY,
6,03-03-2026,PRESENT,
6,04-03-2026,PRESENT,
6,09-03-2026,PRESENT,
6,10-03-2026,PRESENT,
6,12-03-2026,PRESENT,
6,13-03-2026,PRESENT,
6,18-03-2026,PRESENT,
7,07-07-2025,PRESENT,
7,14-07-2025,PRESENT,
7,18-07-2025,PRESENT,
7,12-08-2025,HALF_DAY,
7,21-08-2025,PRESENT,
7,28-08-2025,PRESENT,
7,11-09-2025,PRESENT,
7,23-09-2025,PRESENT,
7,30-09-2025,HALF_DAY,
7,03-10-2025,PRESENT,
7,04-10-2025,PRESENT,
7,07-11-2025,PRESENT,
7,21-11-2025,PRESENT,
7,24-11-2025,PRESENT,
7,29-11-2025,PRESENT,
7,01-12-2025,ABSENT,Medical leave
7,20-12-2025,ABSENT,Sick
7,27-12-2025,PRESENT,
7,12-01-2026,PRESENT,
7,13-01-2026,LATE,
7,15-01-2026,PRESENT,
7,17-01-2026,PRESENT,
7,21-01-2026,PRESENT,
7,28-01-2026,PRESENT,
7,12-02-2026,PRESENT,
7,27-02-2026,PRESENT,
7,09-03-2026,PRESENT,
7,10-03-2026,PRESENT,
7,12-03-2026,PRESENT,
7,27-03-2026,ABSENT,Family event
8,21-07-2025,ABSENT,Not informed
8,22-07-2025,PRESENT,
8,29-07-2025,PRESENT,
8,04-08-2025,PRESENT,
8,23-08-2025,PRESENT,
8,25-08-2025,PRESENT,
8,29-08-2025,PRESENT,
8,02-09-2025,PRESENT,
8,25-09-2025,PRESENT,
8,01-10-2025,PRESENT,
8,04-10-2025,PRESENT,
8,08-10-2025,LEAVE,Medical leave
8,10-10-2025,PRESENT,
8,21-10-2025,PRESENT,
8,22-10-2025,PRESENT,
8,08-11-2025,PRESENT,
8,06-12-2025,PRESENT,
8,11-12-2025,PRESENT,
8,16-12-2025,PRESENT,
8,01-01-2026,PRESENT,
8,09-01-2026,PRESENT,
8,12-01-2026,PRESENT,
8,13-01-2026,PRESENT,
8,27-01-2026,ABSENT,
8,16-02-2026,PRESENT,
8,19-02-2026,LATE,
8,20-02-2026,PRESENT,
8,20-03-2026,ABSENT,Sick
8,27-03-2026,PRESENT,
8,31-03-2026,PRESENT,
9,11-07-2025,PRESENT,
9,15-07-2025,PRESENT,
9,29-07-2025,PRESENT,
9,09-08-2025,PRESENT,
9,11-08-2025,PRESENT,
9,13-08-2025,ABSENT,Sick
9,14-08-2025,PRESENT,
9,16-08-2025,PRESENT,
9,18-08-2025,LEAVE,Medical leave
9,27-08-2025,HALF_DAY,
9,10-09-2025,PRESENT,
9,12-09-2025,PRESENT,
9,04-10-2025,PRESENT,
9,06-10-2025,PRESENT,
9,07-10-2025,PRESENT,
9,16-10-2025,ABSENT,
9,18-10-2025,PRESENT,
9,22-10-2025,PRESENT,
9,15-11-2025,PRESENT,
9,26-11-2025,PRESENT,
9,09-12-2025,PRESENT,
9,31-12-2025,PRESENT,
9,28-01-2026,PRESENT,
9,29-01-2026,PRESENT,
9,03-02-2026,ABSENT,Sick
9,13-02-2026,HALF_DAY,
9,19-02-2026,PRESENT,
9,07-03-2026,PRESENT,
9,21-03-2026,PRESENT,
9,28-03-2026,PRESENT,
10,10-07-2025,PRESENT,
10,15-07-2025,PRESENT,
10,26-07-2025,PRESENT,
10,02-08-2025,HALF_DAY,
10,05-08-2025,PRESENT,
10,19-08-2025,PRESENT,
10,23-08-2025,LATE,
10,30-08-2025,PRESENT,
10,04-09-2025,PRESENT,
10,09-09-2025,PRESENT,
10,16-09-2025,LATE,
10,27-09-2025,PRESENT,
10,18-10-2025,PRESENT,
10,20-10-2025,ABSENT,
10,03-12-2025,PRESENT,
10,04-12-2025,PRESENT,
10,11-12-2025,ABSENT,Sick
10,23-12-2025,PRESENT,
10,26-12-2025,PRESENT,
10,29-12-2025,PRESENT,
10,05-01-2026,PRESENT,
10,22-01-2026,PRESENT,
10,05-02-2026,PRESENT,
10,09-02-2026,PRESENT,
10,14-02-2026,PRESENT,
10,19-02-2026,PRESENT,
10,24-02-2026,HALF_DAY,
10,16-03-2026,PRESENT,
10,18-03-2026,PRESENT,
10,26-03-2026,PRESENT,
11,18-07-2025,PRESENT,
11,26-07-2025,ABSENT,Not informed
11,31-07-2025,PRESENT,
11,08-08-2025,PRESENT,
11,09-08-2025,ABSENT,Medical leave
11,15-08-2025,ABSENT,Sick
11,01-09-2025,PRESENT,
11,11-09-2025,PRESENT,
11,29-09-2025,PRESENT,
11,30-09-2025,ABSENT,Sick
11,01-10-2025,PRESENT,
11,07-10-2025,PRESENT,
11,11-10-2025,PRESENT,
11,22-10-2025,PRESENT,
11,29-10-2025,ABSENT,
11,05-11-2025,PRESENT,
11,11-11-2025,LATE,
11,15-11-2025,PRESENT,
11,19-11-2025,PRESENT,
11,01-12-2025,PRESENT,
11,09-12-2025,PRESENT,
11,18-12-2025,PRESENT,
11,19-12-2025,PRESENT,
11,01-01-2026,PRESENT,
11,27-01-2026,PRESENT,
11,02-02-2026,PRESENT,
11,06-02-2026,PRESENT,
11,11-02-2026,PRESENT,
11,19-02-2026,LATE,
11,27-03-2026,PRESENT,
12,07-08-2025,PRESENT,
12,12-08-2025,PRESENT,
12,19-08-2025,PRESENT,
12,13-09-2025,LATE,
12,19-09-2025,PRESENT,
12,25-09-2025,PRESENT,
12,27-09-2025,PRESENT,
12,21-10-2025,ABSENT,Sick
12,03-11-2025,PRESENT,
12,04-11-2025,PRESENT,
12,19-11-2025,PRESENT,
12,25-11-2025,ABSENT,Not informed
12,28-11-2025,PRESENT,
12,29-11-2025,PRESENT,
12,02-12-2025,PRESENT,
12,05-12-2025,PRESENT,
12,26-12-2025,PRESENT,
12,30-12-2025,HALF_DAY,
12,02-01-2026,PRESENT,
12,09-01-2026,ABSENT,
12,14-01-2026,LEAVE,Medical leave
12,21-01-2026,PRESENT,
12,04-02-2026,PRESENT,
12,17-02-2026,PRESENT,
12,19-02-2026,ABSENT,Medical leave
12,20-02-2026,PRESENT,
12,27-02-2026,PRESENT,
12,03-03-2026,PRESENT,
12,27-03-2026,PRESENT,
12,31-03-2026,PRESENT,
13,11-07-2025,PRESENT,
13,16-07-2025,HALF_DAY,
13,17-07-2025,PRESENT,
13,11-08-2025,PRESENT,
13,15-08-2025,ABSENT,Medical leave
13,25-08-2025,ABSENT,
13,28-08-2025,ABSENT,
13,04-10-2025,PRESENT,
13,07-10-2025,PRESENT,
13,08-10-2025,PRESENT,
13,27-10-2025,PRESENT,
13,29-10-2025,PRESENT,
13,30-10-2025,PRESENT,
13,12-11-2025,PRESENT,
13,15-11-2025,PRESENT,
13,18-11-2025,PRESENT,
13,20-11-2025,PRESENT,
13,29-11-2025,PRESENT,
13,15-12-2025,PRESENT,
13,16-12-2025,PRESENT,
13,19-12-2025,ABSENT,Not informed
13,19-01-2026,LEAVE,Not informed
13,02-02-2026,PRESENT,
13,05-02-2026,PRESENT,
13,19-02-2026,PRESENT,
13,24-02-2026,PRESENT,
13,05-03-2026,PRESENT,
13,20-03-2026,PRESENT,
13,23-03-2026,PRESENT,
13,24-03-2026,PRESENT,
14,12-07-2025,PRESENT,
14,14-07-2025,PRESENT,
14,23-07-2025,PRESENT,
14,25-07-2025,PRESENT,
14,31-07-2025,ABSENT,Medical leave
14,04-08-2025,PRESENT,
14,09-08-2025,PRESENT,
14,26-08-2025,PRESENT,
14,15-09-2025,PRESENT,
14,17-09-2025,PRESENT,
14,18-09-2025,ABSENT,Medical leave
14,06-10-2025,PRESENT,
14,07-10-2025,PRESENT,
14,15-10-2025,PRESENT,
14,16-10-2025,PRESENT,
14,17-10-2025,PRESENT,
14,18-10-2025,PRESENT,
14,21-10-2025,PRESENT,
14,28-10-2025,PRESENT,
14,06-11-2025,PRESENT,
14,11-11-2025,PRESENT,
14,27-12-2025,PRESENT,
14,30-12-2025,ABSENT,Family event
14,09-01-2026,PRESENT,
14,15-01-2026,PRESENT,
14,20-01-2026,PRESENT,
14,28-01-2026,HALF_DAY,
14,12-02-2026,ABSENT,Not informed
14,19-02-2026,PRESENT,
14,05-03-2026,PRESENT,
15,21-07-2025,PRESENT,
15,29-07-2025,PRESENT,
15,02-08-2025,PRESENT,
15,04-08-2025,PRESENT,
15,04-09-2025,PRESENT,
15,08-09-2025,PRESENT,
15,11-09-2025,PRESENT,
15,23-09-2025,PRESENT,
15,25-09-2025,ABSENT,Not informed
15,30-09-2025,PRESENT,
15,03-10-2025,PRESENT,
15,15-10-2025,PRESENT,
15,23-10-2025,ABSENT,
15,03-11-2025,PRESENT,
15,13-11-2025,PRESENT,
15,02-12-2025,PRESENT,
15,13-12-2025,PRESENT,
15,24-12-2025,PRESENT,
15,26-12-2025,PRESENT,
15,30-12-2025,PRESENT,
15,08-01-2026,PRESENT,
15,12-01-2026,ABSENT,
15,05-02-2026,PRESENT,
15,13-02-2026,PRESENT,
15,26-02-2026,ABSENT,
15,03-03-2026,PRESENT,
15,14-03-2026,PRESENT,
15,16-03-2026,PRESENT,
15,17-03-2026,PRESENT,
15,31-03-2026,ABSENT,Medical leave
16,24-07-2025,PRESENT,
16,25-07-2025,PRESENT,
16,19-08-2025,ABSENT,Family event
16,20-08-2025,PRESENT,
16,04-09-2025,ABSENT,
16,05-09-2025,PRESENT,
16,16-09-2025,PRESENT,
16,24-09-2025,PRESENT,
16,03-10-2025,PRESENT,
16,09-10-2025,PRESENT,
16,23-10-2025,PRESENT,
16,06-11-2025,PRESENT,
16,13-11-2025,PRESENT,
16,21-11-2025,PRESENT,
16,09-12-2025,PRESENT,
16,12-12-2025,PRESENT,
16,22-12-2025,PRESENT,
16,06-01-2026,PRESENT,
16,09-01-2026,PRESENT,
16,12-01-2026,ABSENT,Sick
16,13-01-2026,PRESENT,
16,27-01-2026,PRESENT,
16,09-02-2026,PRESENT,
16,14-02-2026,PRESENT,
16,19-02-2026,PRESENT,
16,20-02-2026,PRESENT,
16,03-03-2026,PRESENT,
16,05-03-2026,ABSENT,
16,18-03-2026,PRESENT,
16,23-03-2026,ABSENT,Sick
17,12-07-2025,PRESENT,
17,23-07-2025,PRESENT,
17,25-07-2025,PRESENT,
17,31-07-2025,PRESENT,
17,02-08-2025,PRESENT,
17,08-08-2025,PRESENT,
17,11-08-2025,LEAVE,Not informed
17,16-08-2025,PRESENT,
17,15-09-2025,PRESENT,
17,03-10-2025,LATE,
17,08-10-2025,PRESENT,
17,23-10-2025,HALF_DAY,
17,01-11-2025,HALF_DAY,
17,05-11-2025,PRESENT,
17,28-11-2025,PRESENT,
17,03-12-2025,PRESENT,
17,09-12-2025,PRESENT,
17,10-12-2025,PRESENT,
17,24-12-2025,PRESENT,
17,26-12-2025,PRESENT,
17,02-01-2026,PRESENT,
17,19-01-2026,PRESENT,
17,21-01-2026,PRESENT,
17,22-01-2026,PRESENT,
17,06-02-2026,PRESENT,
17,07-02-2026,PRESENT,
17,11-02-2026,PRESENT,
17,23-02-2026,PRESENT,
17,25-02-2026,PRESENT,
17,20-03-2026,ABSENT,Sick
18,12-07-2025,PRESENT,
18,16-07-2025,ABSENT,Not informed
18,22-07-2025,ABSENT,Sick
18,19-08-2025,PRESENT,
18,16-09-2025,PRESENT,
18,18-09-2025,PRESENT,
18,19-09-2025,PRESENT,
18,27-09-2025,PRESENT,
18,06-10-2025,PRESENT,
18,09-10-2025,PRESENT,
18,22-10-2025,PRESENT,
18,24-10-2025,PRESENT,
18,29-10-2025,HALF_DAY,
18,10-11-2025,PRESENT,
18,25-11-2025,PRESENT,
18,16-12-2025,PRESENT,
18,18-12-2025,PRESENT,
18,03-01-2026,PRESENT,
18,15-01-2026,ABSENT,Not informed
18,20-01-2026,LEAVE,Medical leave
18,22-01-2026,PRESENT,
18,26-01-2026,PRESENT,
18,28-01-2026,PRESENT,
18,05-02-2026,LEAVE,Medical leave
18,12-02-2026,PRESENT,
18,25-02-2026,LATE,
18,26-02-2026,PRESENT,
18,02-03-2026,PRESENT,
18,09-03-2026,LATE,
18,27-03-2026,PRESENT,
19,15-07-2025,PRESENT,
19,22-07-2025,PRESENT,
19,25-07-2025,PRESENT,
19,05-08-2025,ABSENT,Not informed
19,15-08-2025,PRESENT,
19,23-08-2025,PRESENT,
19,30-08-2025,PRESENT,
19,22-09-2025,PRESENT,
19,11-10-2025,PRESENT,
19,20-10-2025,PRESENT,
19,08-11-2025,PRESENT,
19,15-11-2025,LATE,
19,19-11-2025,LEAVE,Family event
19,04-12-2025,PRESENT,
19,17-12-2025,ABSENT,Medical leave
19,02-01-2026,PRESENT,
19,10-01-2026,PRESENT,
19,14-01-2026,PRESENT,
19,29-01-2026,LATE,
19,30-01-2026,PRESENT,
19,09-02-2026,PRESENT,
19,11-02-2026,PRESENT,
19,19-02-2026,ABSENT,
19,27-02-2026,PRESENT,
19,04-03-2026,PRESENT,
19,05-03-2026,PRESENT,
19,06-03-2026,PRESENT,
19,07-03-2026,PRESENT,
19,10-03-2026,PRESENT,
19,25-03-2026,PRESENT,
20,12-07-2025,PRESENT,
20,21-07-2025,PRESENT,
20,01-08-2025,LATE,
20,20-08-2025,PRESENT,
20,26-08-2025,PRESENT,
20,03-09-2025,LEAVE,Medical leave
20,11-09-2025,ABSENT,Medical leave
20,12-09-2025,PRESENT,
20,22-09-2025,PRESENT,
20,23-09-2025,LATE,
20,24-10-2025,PRESENT,
20,27-10-2025,PRESENT,
20,31-10-2025,PRESENT,
20,03-11-2025,PRESENT,
20,11-11-2025,HALF_DAY,
20,21-11-2025,PRESENT,
20,19-12-2025,PRESENT,
20,23-12-2025,PRESENT,
20,24-12-2025,PRESENT,
20,01-01-2026,PRESENT,
20,05-01-2026,PRESENT,
20,07-01-2026,PRESENT,
20,09-01-2026,PRESENT,
20,15-01-2026,LATE,
20,31-01-2026,ABSENT,Family event
20,10-03-2026,PRESENT,
20,12-03-2026,PRESENT,
20,16-03-2026,PRESENT,
20,24-03-2026,PRESENT,
20,25-03-2026,PRESENT,
21,09-07-2025,PRESENT,
21,28-07-2025,PRESENT,
21,31-07-2025,PRESENT,
21,04-08-2025,PRESENT,
21,15-08-2025,PRESENT,
21,08-09-2025,PRESENT,
21,15-09-2025,PRESENT,
21,18-09-2025,ABSENT,
21,20-09-2025,LATE,
21,23-09-2025,HALF_DAY,
21,01-10-2025,PRESENT,
21,10-10-2025,PRESENT,
21,24-10-2025,PRESENT,
21,29-10-2025,PRESENT,
21,01-11-2025,PRESENT,
21,10-11-2025,PRESENT,
21,18-11-2025,PRESENT,
21,20-11-2025,PRESENT,
21,24-11-2025,ABSENT,Not informed
21,19-12-2025,PRESENT,
21,27-12-2025,PRESENT,
21,31-12-2025,PRESENT,
21,07-01-2026,PRESENT,
21,15-01-2026,PRESENT,
21,27-01-2026,PRESENT,
21,29-01-2026,PRESENT,
21,03-02-2026,PRESENT,
21,04-02-2026,PRESENT,
21,11-02-2026,PRESENT,
21,21-03-2026,PRESENT,
22,19-07-2025,HALF_DAY,
22,01-08-2025,PRESENT,
22,09-08-2025,PRESENT,
22,13-08-2025,ABSENT,Medical leave
22,14-08-2025,PRESENT,
22,18-08-2025,PRESENT,
22,25-08-2025,PRESENT,
22,22-09-2025,PRESENT,
22,23-09-2025,PRESENT,
22,27-09-2025,PRESENT,
22,29-09-2025,PRESENT,
22,08-10-2025,PRESENT,
22,09-10-2025,PRESENT,
22,22-10-2025,PRESENT,
22,12-11-2025,LATE,
22,13-11-2025,PRESENT,
22,29-11-2025,PRESENT,
22,02-12-2025,PRESENT,
22,08-12-2025,PRESENT,
22,11-12-2025,PRESENT,
22,05-01-2026,PRESENT,
22,03-02-2026,PRESENT,
22,11-02-2026,LATE,
22,14-02-2026,PRESENT,
22,18-02-2026,PRESENT,
22,03-03-2026,PRESENT,
22,09-03-2026,PRESENT,
22,12-03-2026,PRESENT,
22,20-03-2026,LATE,
22,25-03-2026,PRESENT,
23,08-07-2025,PRESENT,
23,29-07-2025,PRESENT,
23,02-08-2025,PRESENT,
23,04-08-2025,ABSENT,Sick
23,12-08-2025,PRESENT,
23,26-08-2025,PRESENT,
23,29-08-2025,PRESENT,
23,05-09-2025,PRESENT,
23,08-09-2025,PRESENT,
23,18-09-2025,PRESENT,
23,25-09-2025,PRESENT,
23,29-09-2025,PRESENT,
23,18-10-2025,PRESENT,
23,07-11-2025,LATE,
23,02-12-2025,ABSENT,Medical leave
23,05-12-2025,PRESENT,
23,10-12-2025,ABSENT,Not informed
23,22-12-2025,PRESENT,
23,24-12-2025,ABSENT,Sick
23,27-12-2025,PRESENT,
23,20-01-2026,PRESENT,
23,24-01-2026,ABSENT,
23,14-02-2026,PRESENT,
23,20-02-2026,PRESENT,
23,07-03-2026,LATE,
23,09-03-2026,LATE,
23,12-03-2026,PRESENT,
23,13-03-2026,PRESENT,
23,23-03-2026,PRESENT,
23,24-03-2026,PRESENT,
24,12-07-2025,PRESENT,
24,23-07-2025,PRESENT,
24,28-07-2025,PRESENT,
24,01-08-2025,PRESENT,
24,02-08-2025,LATE,
24,21-08-2025,PRESENT,
24,23-08-2025,ABSENT,
24,28-08-2025,PRESENT,
24,06-09-2025,PRESENT,
24,16-09-2025,ABSENT,Sick
24,20-09-2025,PRESENT,
24,29-09-2025,PRESENT,
24,10-10-2025,PRESENT,
24,28-10-2025,PRESENT,
24,30-10-2025,PRESENT,
24,03-11-2025,PRESENT,
24,04-11-2025,PRESENT,
24,17-12-2025,PRESENT,
24,02-01-2026,PRESENT,
24,14-01-2026,PRESENT,
24,15-01-2026,PRESENT,
24,17-01-2026,PRESENT,
24,13-02-2026,HALF_DAY,
24,16-02-2026,PRESENT,
24,21-02-2026,PRESENT,
24,24-02-2026,PRESENT,
24,02-03-2026,PRESENT,
24,03-03-2026,PRESENT,
24,17-03-2026,ABSENT,Medical leave
24,28-03-2026,PRESENT,
25,18-07-2025,PRESENT,
25,30-07-2025,PRESENT,
25,31-07-2025,PRESENT,
25,13-08-2025,PRESENT,
25,20-08-2025,PRESENT,
25,21-08-2025,PRESENT,
25,11-09-2025,PRESENT,
25,18-09-2025,PRESENT,
25,01-10-2025,PRESENT,
25,03-10-2025,PRESENT,
25,16-10-2025,PRESENT,
25,11-11-2025,PRESENT,
25,13-11-2025,PRESENT,
25,21-11-2025,ABSENT,
25,22-11-2025,PRESENT,
25,26-11-2025,PRESENT,
25,01-12-2025,PRESENT,
25,06-12-2025,PRESENT,
25,09-12-2025,PRESENT,
25,10-12-2025,LEAVE,
25,10-01-2026,PRESENT,
25,15-01-2026,PRESENT,
25,24-01-2026,LATE,
25,27-01-2026,ABSENT,Medical leave
25,04-02-2026,PRESENT,
25,03-03-2026,PRESENT,
25,05-03-2026,PRESENT,
25,18-03-2026,PRESENT,
25,23-03-2026,PRESENT,
25,24-03-2026,PRESENT,
26,08-07-2025,PRESENT,
26,11-07-2025,PRESENT,
26,30-07-2025,ABSENT,Medical leave
26,07-08-2025,PRESENT,
26,09-08-2025,ABSENT,Medical leave
26,30-08-2025,ABSENT,
26,08-09-2025,LATE,
26,22-09-2025,PRESENT,
26,23-09-2025,PRESENT,
26,03-10-2025,PRESENT,
26,08-10-2025,PRESENT,
26,16-10-2025,PRESENT,
26,01-11-2025,ABSENT,Medical leave
26,13-11-2025,PRESENT,
26,18-11-2025,PRESENT,
26,19-11-2025,PRESENT,
26,12-12-2025,PRESENT,
26,29-12-2025,PRESENT,
26,02-01-2026,PRESENT,
26,08-01-2026,PRESENT,
26,22-01-2026,PRESENT,
26,23-01-2026,ABSENT,Family event
26,02-02-2026,PRESENT,
26,07-02-2026,PRESENT,
26,14-02-2026,PRESENT,
26,17-02-2026,ABSENT,Family event
26,04-03-2026,ABSENT,Family event
26,05-03-2026,PRESENT,
26,13-03-2026,ABSENT,
26,25-03-2026,PRESENT,
27,09-07-2025,PRESENT,
27,12-07-2025,PRESENT,
27,22-07-2025,PRESENT,
27,01-08-2025,LATE,
27,06-08-2025,PRESENT,
27,09-08-2025,PRESENT,
27,19-08-2025,LATE,
27,21-08-2025,PRESENT,
27,25-08-2025,PRESENT,
27,04-09-2025,PRESENT,
27,17-09-2025,PRESENT,
27,02-10-2025,PRESENT,
27,04-10-2025,PRESENT,
27,14-10-2025,PRESENT,
27,31-10-2025,PRESENT,
27,10-11-2025,LATE,
27,15-11-2025,PRESENT,
27,18-11-2025,ABSENT,Medical leave
27,21-11-2025,PRESENT,
27,24-11-2025,LATE,
27,25-11-2025,PRESENT,
27,28-11-2025,PRESENT,
27,23-12-2025,PRESENT,
27,27-12-2025,PRESENT,
27,10-01-2026,PRESENT,
27,31-01-2026,PRESENT,
27,04-02-2026,PRESENT,
27,12-02-2026,PRESENT,
27,21-02-2026,PRESENT,
27,23-03-2026,ABSENT,Medical leave
28,12-07-2025,LATE,
28,09-08-2025,LATE,
28,14-08-2025,PRESENT,
28,23-08-2025,PRESENT,
28,02-09-2025,ABSENT,Not informed
28,10-09-2025,PRESENT,
28,13-09-2025,PRESENT,
28,30-09-2025,PRESENT,
28,02-10-2025,PRESENT,
28,15-10-2025,PRESENT,
28,17-10-2025,ABSENT,Sick
28,13-11-2025,ABSENT,Medical leave
28,14-11-2025,PRESENT,
28,17-11-2025,PRESENT,
28,22-11-2025,PRESENT,
28,24-11-2025,PRESENT,
28,25-11-2025,PRESENT,
28,01-12-2025,PRESENT,
28,04-12-2025,PRESENT,
28,29-12-2025,PRESENT,
28,02-01-2026,PRESENT,
28,08-01-2026,PRESENT,
28,15-01-2026,PRESENT,
28,19-01-2026,PRESENT,
28,27-01-2026,PRESENT,
28,30-01-2026,PRESENT,
28,05-02-2026,PRESENT,
28,07-02-2026,PRESENT,
28,24-03-2026,PRESENT,
28,28-03-2026,PRESENT,
29,16-07-2025,PRESENT,
29,19-07-2025,ABSENT,Sick
29,25-07-2025,LATE,
29,09-08-2025,PRESENT,
29,11-08-2025,PRESENT,
29,20-08-2025,PRESENT,
29,22-08-2025,HALF_DAY,
29,27-08-2025,PRESENT,
29,11-09-2025,PRESENT,
29,12-09-2025,PRESENT,
29,22-09-2025,PRESENT,
29,24-09-2025,PRESENT,
29,15-10-2025,PRESENT,
29,16-10-2025,PRESENT,
29,20-10-2025,PRESENT,
29,12-11-2025,PRESENT,
29,28-11-2025,PRESENT,
29,03-12-2025,ABSENT,Sick
29,06-12-2025,PRESENT,
29,19-12-2025,PRESENT,
29,20-12-2025,PRESENT,
29,07-01-2026,LATE,
29,24-01-2026,PRESENT,
29,28-01-2026,LATE,
29,20-02-2026,PRESENT,
29,21-02-2026,HALF_DAY,
29,25-02-2026,PRESENT,
29,04-03-2026,PRESENT,
29,10-03-2026,LATE,
29,20-03-2026,PRESENT,
30,08-07-2025,ABSENT,Family event
30,31-07-2025,PRESENT,
30,12-08-2025,HALF_DAY,
30,16-08-2025,HALF_DAY,
30,21-08-2025,PRESENT,
30,26-08-2025,PRESENT,
30,04-09-2025,PRESENT,
30,17-09-2025,PRESENT,
30,24-09-2025,PRESENT,
30,30-09-2025,PRESENT,
30,14-10-2025,PRESENT,
30,16-10-2025,PRESENT,
30,22-10-2025,PRESENT,
30,23-10-2025,ABSENT,Not informed
30,25-10-2025,PRESENT,
30,07-11-2025,PRESENT,
30,14-11-2025,PRESENT,
30,25-11-2025,LEAVE,Sick
30,04-12-2025,LATE,
30,10-01-2026,PRESENT,
30,15-01-2026,PRESENT,
30,05-02-2026,PRESENT,
30,17-02-2026,PRESENT,
30,20-02-2026,PRESENT,
30,05-03-2026,PRESENT,
30,07-03-2026,LEAVE,Family event
30,12-03-2026,PRESENT,
30,17-03-2026,PRESENT,
30,18-03-2026,PRESENT,
30,19-03-2026,HALF_DAY,
31,09-07-2025,ABSENT,Family event
31,17-07-2025,PRESENT,
31,23-07-2025,PRESENT,
31,19-08-2025,PRESENT,
31,20-08-2025,ABSENT,Medical leave
31,27-09-2025,ABSENT,Not informed
31,02-10-2025,ABSENT,Medical leave
31,04-10-2025,LEAVE,Family event
31,08-10-2025,PRESENT,
31,17-10-2025,PRESENT,
31,03-11-2025,PRESENT,
31,04-11-2025,PRESENT,
31,08-11-2025,PRESENT,
31,17-11-2025,PRESENT,
31,09-12-2025,LATE,
31,11-12-2025,LATE,
31,18-12-2025,LATE,
31,25-12-2025,PRESENT,
31,05-01-2026,PRESENT,
31,10-01-2026,PRESENT,
31,14-01-2026,PRESENT,
31,20-01-2026,PRESENT,
31,26-01-2026,PRESENT,
31,31-01-2026,PRESENT,
31,04-02-2026,PRESENT,
31,06-02-2026,PRESENT,
31,13-02-2026,PRESENT,
31,02-03-2026,PRESENT,
31,13-03-2026,HALF_DAY,
31,30-03-2026,ABSENT,Family event
32,12-07-2025,LATE,
32,15-07-2025,PRESENT,
32,21-07-2025,PRESENT,
32,24-07-2025,PRESENT,
32,08-08-2025,PRESENT,
32,12-08-2025,HALF_DAY,
32,16-09-2025,PRESENT,
32,22-09-2025,PRESENT,
32,03-10-2025,LATE,
32,04-10-2025,ABSENT,
32,20-10-2025,PRESENT,
32,25-10-2025,PRESENT,
32,10-11-2025,PRESENT,
32,17-11-2025,PRESENT,
32,04-12-2025,PRESENT,
32,15-12-2025,ABSENT,
32,24-12-2025,ABSENT,Family event
32,30-12-2025,LATE,
32,09-01-2026,PRESENT,
32,16-01-2026,PRESENT,
32,07-02-2026,LATE,
32,10-02-2026,PRESENT,
32,17-02-2026,PRESENT,
32,23-02-2026,PRESENT,
32,28-02-2026,PRESENT,
32,05-03-2026,PRESENT,
32,12-03-2026,PRESENT,
32,16-03-2026,LEAVE,Not informed
32,24-03-2026,PRESENT,
32,28-03-2026,PRESENT,
34,24-07-2025,PRESENT,
34,29-07-2025,LATE,
34,30-07-2025,PRESENT,
34,02-08-2025,PRESENT,
34,14-08-2025,PRESENT,
34,19-08-2025,PRESENT,
34,08-09-2025,PRESENT,
34,23-09-2025,PRESENT,
34,24-10-2025,LATE,
34,01-11-2025,PRESENT,
34,04-11-2025,PRESENT,
34,06-11-2025,LATE,
34,10-11-2025,PRESENT,
34,14-11-2025,PRESENT,
34,17-11-2025,PRESENT,
34,25-11-2025,ABSENT,Family event
34,02-12-2025,PRESENT,
34,08-12-2025,PRESENT,
34,10-12-2025,PRESENT,
34,20-12-2025,HALF_DAY,
34,27-12-2025,PRESENT,
34,29-12-2025,PRESENT,
34,12-01-2026,PRESENT,
34,24-01-2026,PRESENT,
34,28-01-2026,PRESENT,
34,04-02-2026,PRESENT,
34,24-02-2026,PRESENT,
34,11-03-2026,PRESENT,
34,21-03-2026,PRESENT,
34,28-03-2026,PRESENT,
35,07-07-2025,PRESENT,
35,15-07-2025,PRESENT,
35,18-07-2025,PRESENT,
35,21-07-2025,PRESENT,
35,26-07-2025,PRESENT,
35,11-08-2025,PRESENT,
35,12-08-2025,PRESENT,
35,18-08-2025,PRESENT,
35,21-08-2025,PRESENT,
35,29-08-2025,PRESENT,
35,09-09-2025,LATE,
35,29-09-2025,PRESENT,
35,01-10-2025,PRESENT,
35,02-10-2025,HALF_DAY,
35,04-10-2025,PRESENT,
35,06-10-2025,PRESENT,
35,18-10-2025,ABSENT,Medical leave
35,25-10-2025,HALF_DAY,
35,08-11-2025,PRESENT,
35,28-11-2025,ABSENT,Medical leave
35,29-11-2025,PRESENT,
35,09-12-2025,LATE,
35,17-12-2025,PRESENT,
35,29-12-2025,PRESENT,
35,12-02-2026,PRESENT,
35,25-02-2026,ABSENT,
35,27-02-2026,PRESENT,
35,16-03-2026,PRESENT,
35,24-03-2026,PRESENT,
35,25-03-2026,PRESENT,
36,14-07-2025,PRESENT,
36,19-07-2025,PRESENT,
36,22-07-2025,PRESENT,
36,31-07-2025,HALF_DAY,
36,01-08-2025,PRESENT,
36,12-08-2025,PRESENT,
36,25-08-2025,PRESENT,
36,02-09-2025,PRESENT,
36,27-09-2025,ABSENT,
36,07-10-2025,PRESENT,
36,15-10-2025,PRESENT,
36,15-11-2025,PRESENT,
36,15-12-2025,PRESENT,
36,20-12-2025,PRESENT,
36,24-12-2025,LATE,
36,25-12-2025,PRESENT,
36,07-01-2026,PRESENT,
36,10-01-2026,PRESENT,
36,14-01-2026,PRESENT,
36,15-01-2026,PRESENT,
36,22-01-2026,PRESENT,
36,03-02-2026,PRESENT,
36,11-02-2026,PRESENT,
36,17-02-2026,PRESENT,
36,21-02-2026,PRESENT,
36,28-02-2026,PRESENT,
36,10-03-2026,PRESENT,
36,19-03-2026,PRESENT,
36,23-03-2026,PRESENT,
36,30-03-2026,PRESENT,
37,14-07-2025,PRESENT,
37,23-07-2025,PRESENT,
37,24-07-2025,PRESENT,
37,01-08-2025,PRESENT,
37,02-08-2025,PRESENT,
37,05-08-2025,PRESENT,
37,09-08-2025,PRESENT,
37,18-08-2025,PRESENT,
37,21-08-2025,PRESENT,
37,26-08-2025,PRESENT,
37,29-08-2025,PRESENT,
37,20-09-2025,PRESENT,
37,30-09-2025,HALF_DAY,
37,03-10-2025,PRESENT,
37,06-10-2025,PRESENT,
37,09-10-2025,PRESENT,
37,11-10-2025,PRESENT,
37,28-10-2025,PRESENT,
37,05-11-2025,HALF_DAY,
37,11-12-2025,PRESENT,
37,15-12-2025,PRESENT,
37,06-01-2026,PRESENT,
37,24-01-2026,PRESENT,
37,04-02-2026,PRESENT,
37,20-02-2026,PRESENT,
37,16-03-2026,PRESENT,
37,19-03-2026,PRESENT,
37,20-03-2026,PRESENT,
37,25-03-2026,PRESENT,
37,31-03-2026,PRESENT,
38,11-07-2025,PRESENT,
38,15-07-2025,PRESENT,
38,31-07-2025,PRESENT,
38,05-08-2025,PRESENT,
38,13-08-2025,PRESENT,
38,18-08-2025,PRESENT,
38,26-08-2025,PRESENT,
38,05-09-2025,PRESENT,
38,13-09-2025,PRESENT,
38,18-09-2025,PRESENT,
38,24-09-2025,ABSENT,Family event
38,04-10-2025,PRESENT,
38,25-10-2025,PRESENT,
38,05-11-2025,PRESENT,
38,17-11-2025,PRESENT,
38,03-12-2025,PRESENT,
38,15-12-2025,PRESENT,
38,18-12-2025,ABSENT,Medical leave
38,19-12-2025,PRESENT,
38,23-12-2025,ABSENT,Family event
38,29-12-2025,PRESENT,
38,12-01-2026,PRESENT,
38,16-01-2026,PRESENT,
38,23-01-2026,PRESENT,
38,19-02-2026,PRESENT,
38,25-02-2026,LATE,
38,26-02-2026,PRESENT,
38,03-03-2026,PRESENT,
38,28-03-2026,PRESENT,
38,30-03-2026,PRESENT,
39,01-08-2025,PRESENT,
39,12-08-2025,PRESENT,
39,16-08-2025,ABSENT,Family event
39,06-09-2025,ABSENT,Sick
39,17-09-2025,PRESENT,
39,22-09-2025,PRESENT,
39,25-09-2025,PRESENT,
39,27-09-2025,PRESENT,
39,09-10-2025,ABSENT,Family event
39,10-10-2025,PRESENT,
39,16-10-2025,PRESENT,
39,01-11-2025,ABSENT,Medical leave
39,12-11-2025,HALF_DAY,
39,18-11-2025,PRESENT,
39,20-11-2025,PRESENT,
39,04-12-2025,PRESENT,
39,19-12-2025,ABSENT,Sick
39,01-01-2026,PRESENT,
39,05-01-2026,PRESENT,
39,12-01-2026,ABSENT,Medical leave
39,20-01-2026,ABSENT,Sick
39,26-01-2026,PRESENT,
39,30-01-2026,PRESENT,
39,03-02-2026,PRESENT,
39,07-02-2026,PRESENT,
39,16-02-2026,PRESENT,
39,03-03-2026,PRESENT,
39,11-03-2026,LEAVE,Sick
39,12-03-2026,PRESENT,
39,19-03-2026,PRESENT,
40,09-07-2025,PRESENT,
40,12-07-2025,PRESENT,
40,17-07-2025,PRESENT,
40,02-08-2025,ABSENT,Medical leave
40,02-09-2025,PRESENT,
40,10-09-2025,PRESENT,
40,13-09-2025,PRESENT,
40,27-09-2025,PRESENT,
40,04-10-2025,PRESENT,
40,21-10-2025,PRESENT,
40,22-10-2025,PRESENT,
40,24-10-2025,PRESENT,
40,15-11-2025,ABSENT,
40,01-12-2025,ABSENT,
40,03-01-2026,PRESENT,
40,06-01-2026,PRESENT,
40,09-01-2026,PRESENT,
40,26-01-2026,PRESENT,
40,02-02-2026,PRESENT,
40,03-02-2026,HALF_DAY,
40,05-02-2026,PRESENT,
40,13-02-2026,PRESENT,
40,18-02-2026,PRESENT,
40,27-02-2026,PRESENT,
40,04-03-2026,PRESENT,
40,05-03-2026,PRESENT,
40,06-03-2026,LATE,
40,21-03-2026,PRESENT,
40,26-03-2026,PRESENT,
40,30-03-2026,ABSENT,Sick
41,07-07-2025,PRESENT,
41,19-07-2025,PRESENT,
41,21-07-2025,PRESENT,
41,22-07-2025,PRESENT,
41,12-08-2025,PRESENT,
41,11-09-2025,PRESENT,
41,19-09-2025,PRESENT,
41,26-09-2025,PRESENT,
41,10-10-2025,PRESENT,
41,22-10-2025,PRESENT,
41,05-11-2025,PRESENT,
41,11-11-2025,PRESENT,
41,12-11-2025,LATE,
41,19-11-2025,PRESENT,
41,22-11-2025,ABSENT,Medical leave
41,01-12-2025,PRESENT,
41,08-12-2025,PRESENT,
41,12-12-2025,PRESENT,
41,20-12-2025,PRESENT,
41,06-01-2026,PRESENT,
41,14-01-2026,PRESENT,
41,16-01-2026,PRESENT,
41,23-01-2026,ABSENT,Sick
41,24-01-2026,PRESENT,
41,26-01-2026,PRESENT,
41,29-01-2026,PRESENT,
41,06-02-2026,PRESENT,
41,18-02-2026,PRESENT,
41,07-03-2026,ABSENT,Not informed
41,25-03-2026,PRESENT,
42,16-07-2025,PRESENT,
42,22-07-2025,PRESENT,
42,24-07-2025,PRESENT,
42,25-07-2025,PRESENT,
42,28-07-2025,PRESENT,
42,31-07-2025,PRESENT,
42,04-08-2025,ABSENT,Medical leave
42,07-08-2025,PRESENT,
42,12-08-2025,PRESENT,
42,15-09-2025,ABSENT,Sick
42,16-09-2025,PRESENT,
42,18-09-2025,PRESENT,
42,08-10-2025,PRESENT,
42,14-10-2025,PRESENT,
42,16-10-2025,PRESENT,
42,27-10-2025,PRESENT,
42,14-11-2025,PRESENT,
42,17-11-2025,HALF_DAY,
42,25-11-2025,PRESENT,
42,09-12-2025,PRESENT,
42,26-12-2025,PRESENT,
42,01-01-2026,ABSENT,
42,07-01-2026,PRESENT,
42,09-01-2026,PRESENT,
42,29-01-2026,PRESENT,
42,19-02-2026,PRESENT,
42,23-02-2026,PRESENT,
42,28-02-2026,PRESENT,
42,09-03-2026,PRESENT,
42,12-03-2026,PRESENT,
43,10-07-2025,PRESENT,
43,14-07-2025,PRESENT,
43,26-07-2025,PRESENT,
43,06-08-2025,PRESENT,
43,07-08-2025,PRESENT,
43,13-08-2025,PRESENT,
43,02-09-2025,PRESENT,
43,20-09-2025,PRESENT,
43,13-10-2025,PRESENT,
43,15-10-2025,PRESENT,
43,20-10-2025,ABSENT,Not informed
43,08-11-2025,PRESENT,
43,15-11-2025,PRESENT,
43,19-11-2025,PRESENT,
43,27-11-2025,LEAVE,Family event
43,05-12-2025,PRESENT,
43,08-12-2025,PRESENT,
43,24-12-2025,PRESENT,
43,29-12-2025,PRESENT,
43,30-12-2025,PRESENT,
43,31-12-2025,PRESENT,
43,07-01-2026,PRESENT,
43,13-01-2026,PRESENT,
43,16-01-2026,PRESENT,
43,23-01-2026,PRESENT,
43,04-02-2026,ABSENT,Family event
43,07-02-2026,PRESENT,
43,25-02-2026,PRESENT,
43,27-02-2026,PRESENT,
43,20-03-2026,PRESENT,
44,22-07-2025,PRESENT,
44,26-07-2025,PRESENT,
44,06-08-2025,PRESENT,
44,23-08-2025,PRESENT,
44,01-09-2025,ABSENT,Family event
44,03-09-2025,ABSENT,Family event
44,04-09-2025,PRESENT,
44,03-10-2025,PRESENT,
44,13-10-2025,PRESENT,
44,14-10-2025,PRESENT,
44,16-10-2025,PRESENT,
44,17-10-2025,LATE,
44,08-11-2025,LEAVE,Not informed
44,10-11-2025,LATE,
44,19-11-2025,PRESENT,
44,22-11-2025,PRESENT,
44,25-11-2025,PRESENT,
44,22-12-2025,PRESENT,
44,26-12-2025,PRESENT,
44,01-01-2026,PRESENT,
44,06-01-2026,PRESENT,
44,13-01-2026,PRESENT,
44,21-01-2026,PRESENT,
44,29-01-2026,PRESENT,
44,26-02-2026,PRESENT,
44,09-03-2026,PRESENT,
44,13-03-2026,PRESENT,
44,14-03-2026,PRESENT,
44,19-03-2026,PRESENT,
44,25-03-2026,PRESENT,
45,12-07-2025,PRESENT,
45,15-07-2025,PRESENT,
45,19-07-2025,PRESENT,
45,05-08-2025,PRESENT,
45,08-08-2025,PRESENT,
45,16-08-2025,PRESENT,
45,27-08-2025,PRESENT,
45,28-08-2025,ABSENT,Family event
45,03-09-2025,PRESENT,
45,10-09-2025,PRESENT,
45,17-09-2025,PRESENT,
45,23-09-2025,LATE,
45,29-09-2025,PRESENT,
45,15-10-2025,PRESENT,
45,22-10-2025,PRESENT,
45,28-10-2025,PRESENT,
45,18-12-2025,PRESENT,
45,27-12-2025,PRESENT,
45,10-01-2026,PRESENT,
45,17-01-2026,PRESENT,
45,24-01-2026,ABSENT,Not informed
45,06-02-2026,PRESENT,
45,19-02-2026,PRESENT,
45,26-02-2026,PRESENT,
45,09-03-2026,ABSENT,Family event
45,11-03-2026,PRESENT,
45,18-03-2026,HALF_DAY,
45,20-03-2026,PRESENT,
45,23-03-2026,PRESENT,
45,24-03-2026,PRESENT,
46,22-07-2025,HALF_DAY,
46,25-07-2025,PRESENT,
46,30-07-2025,PRESENT,
46,13-08-2025,PRESENT,
46,20-08-2025,PRESENT,
46,25-08-2025,PRESENT,
46,06-09-2025,PRESENT,
46,18-09-2025,PRESENT,
46,27-09-2025,LATE,
46,02-10-2025,PRESENT,
46,11-10-2025,PRESENT,
46,30-10-2025,ABSENT,Medical leave
46,24-11-2025,LATE,
46,29-11-2025,PRESENT,
46,05-12-2025,PRESENT,
46,13-12-2025,PRESENT,
46,27-12-2025,PRESENT,
46,06-01-2026,PRESENT,
46,10-01-2026,ABSENT,
46,15-01-2026,ABSENT,Sick
46,20-01-2026,PRESENT,
46,09-02-2026,PRESENT,
46,16-02-2026,PRESENT,
46,25-02-2026,PRESENT,
46,27-02-2026,PRESENT,
46,28-02-2026,PRESENT,
46,16-03-2026,PRESENT,
46,17-03-2026,PRESENT,
46,18-03-2026,PRESENT,
46,27-03-2026,PRESENT,
47,18-07-2025,PRESENT,
47,31-07-2025,PRESENT,
47,15-08-2025,PRESENT,
47,22-08-2025,PRESENT,
47,12-09-2025,PRESENT,
47,20-09-2025,PRESENT,
47,25-09-2025,ABSENT,Sick
47,02-10-2025,PRESENT,
47,09-10-2025,PRESENT,
47,15-10-2025,PRESENT,
47,20-10-2025,PRESENT,
47,24-10-2025,PRESENT,
47,25-10-2025,PRESENT,
47,05-11-2025,ABSENT,Sick
47,11-11-2025,PRESENT,
47,12-11-2025,PRESENT,
47,15-11-2025,PRESENT,
47,18-11-2025,PRESENT,
47,22-11-2025,PRESENT,
47,02-12-2025,PRESENT,
47,06-12-2025,PRESENT,
47,08-12-2025,PRESENT,
47,17-12-2025,PRESENT,
47,24-12-2025,PRESENT,
47,27-12-2025,PRESENT,
47,08-01-2026,ABSENT,Not informed
47,16-02-2026,PRESENT,
47,11-03-2026,PRESENT,
47,14-03-2026,HALF_DAY,
47,24-03-2026,LEAVE,Not informed
48,09-07-2025,PRESENT,
48,10-07-2025,PRESENT,
48,16-08-2025,LATE,
48,20-08-2025,HALF_DAY,
48,01-09-2025,PRESENT,
48,22-09-2025,PRESENT,
48,29-09-2025,PRESENT,
48,03-10-2025,PRESENT,
48,17-10-2025,PRESENT,
48,01-11-2025,PRESENT,
48,04-11-2025,HALF_DAY,
48,24-11-2025,PRESENT,
48,06-12-2025,LATE,
48,16-12-2025,PRESENT,
48,26-12-2025,PRESENT,
48,02-01-2026,PRESENT,
48,17-01-2026,PRESENT,
48,02-02-2026,PRESENT,
48,05-02-2026,PRESENT,
48,12-02-2026,LEAVE,Medical leave
48,16-02-2026,PRESENT,
48,17-02-2026,PRESENT,
48,18-02-2026,PRESENT,
48,21-02-2026,PRESENT,
48,25-02-2026,PRESENT,
48,05-03-2026,PRESENT,
48,09-03-2026,PRESENT,
48,11-03-2026,PRESENT,
48,14-03-2026,PRESENT,
48,18-03-2026,PRESENT,
49,09-07-2025,PRESENT,
49,12-07-2025,PRESENT,
49,16-07-2025,PRESENT,
49,16-08-2025,PRESENT,
49,21-08-2025,PRESENT,
49,11-09-2025,PRESENT,
49,03-10-2025,PRESENT,
49,11-10-2025,PRESENT,
49,13-10-2025,PRESENT,
49,15-10-2025,PRESENT,
49,20-10-2025,PRESENT,
49,04-11-2025,PRESENT,
49,08-11-2025,PRESENT,
49,10-11-2025,PRESENT,
49,02-12-2025,PRESENT,
49,13-12-2025,PRESENT,
49,23-12-2025,ABSENT,Not informed
49,29-12-2025,PRESENT,
49,10-01-2026,PRESENT,
49,19-01-2026,PRESENT,
49,27-01-2026,ABSENT,
49,28-01-2026,PRESENT,
49,11-02-2026,PRESENT,
49,16-02-2026,ABSENT,
49,19-02-2026,PRESENT,
49,24-02-2026,PRESENT,
49,26-02-2026,PRESENT,
49,05-03-2026,PRESENT,
49,12-03-2026,PRESENT,
49,27-03-2026,PRESENT,
50,09-07-2025,LATE,
50,23-07-2025,ABSENT,Medical leave
50,26-07-2025,PRESENT,
50,08-08-2025,PRESENT,
50,14-08-2025,PRESENT,
50,22-08-2025,PRESENT,
50,26-08-2025,PRESENT,
50,05-09-2025,PRESENT,
50,13-09-2025,PRESENT,
50,29-09-2025,LATE,
50,01-10-2025,ABSENT,Medical leave
50,07-10-2025,PRESENT,
50,11-10-2025,PRESENT,
50,24-10-2025,PRESENT,
50,30-10-2025,PRESENT,
50,31-10-2025,PRESENT,
50,06-11-2025,PRESENT,
50,08-11-2025,PRESENT,
50,12-11-2025,PRESENT,
50,19-11-2025,PRESENT,
50,26-11-2025,PRESENT,
50,08-12-2025,PRESENT,
50,10-12-2025,PRESENT,
50,13-12-2025,PRESENT,
50,19-01-2026,PRESENT,
50,13-02-2026,PRESENT,
50,02-03-2026,PRESENT,
50,10-03-2026,PRESENT,
50,24-03-2026,LATE,
50,30-03-2026,PRESENT,
51,04-08-2025,PRESENT,
51,27-08-2025,PRESENT,
51,28-08-2025,PRESENT,
51,29-08-2025,PRESENT,
51,18-09-2025,ABSENT,
51,30-09-2025,PRESENT,
51,03-10-2025,ABSENT,Sick
51,17-10-2025,ABSENT,Family event
51,29-10-2025,PRESENT,
51,31-10-2025,PRESENT,
51,07-11-2025,HALF_DAY,
51,12-11-2025,PRESENT,
51,19-11-2025,PRESENT,
51,20-11-2025,PRESENT,
51,23-12-2025,PRESENT,
51,05-01-2026,HALF_DAY,
51,07-01-2026,PRESENT,
51,15-01-2026,PRESENT,
51,19-01-2026,LEAVE,Not informed
51,30-01-2026,PRESENT,
51,31-01-2026,PRESENT,
51,04-02-2026,PRESENT,
51,10-02-2026,PRESENT,
51,27-02-2026,PRESENT,
51,02-03-2026,PRESENT,
51,05-03-2026,PRESENT,
51,09-03-2026,PRESENT,
51,14-03-2026,PRESENT,
51,19-03-2026,PRESENT,
51,26-03-2026,ABSENT,Medical leave
52,09-07-2025,PRESENT,
52,17-07-2025,PRESENT,
52,26-07-2025,PRESENT,
52,31-07-2025,PRESENT,
52,09-08-2025,PRESENT,
52,15-08-2025,PRESENT,
52,16-08-2025,PRESENT,
52,23-08-2025,PRESENT,
52,02-09-2025,LATE,
52,17-09-2025,PRESENT,
52,19-09-2025,PRESENT,
52,27-09-2025,PRESENT,
52,11-10-2025,ABSENT,Sick
52,16-10-2025,ABSENT,Not informed
52,28-10-2025,PRESENT,
52,01-11-2025,PRESENT,
52,03-11-2025,PRESENT,
52,14-11-2025,PRESENT,
52,21-11-2025,PRESENT,
52,24-11-2025,LATE,
52,28-11-2025,PRESENT,
52,17-12-2025,ABSENT,
52,19-01-2026,PRESENT,
52,22-01-2026,PRESENT,
52,03-02-2026,ABSENT,Sick
52,04-02-2026,ABSENT,
52,13-02-2026,ABSENT,Sick
52,14-02-2026,PRESENT,
52,12-03-2026,ABSENT,Not informed
52,19-03-2026,PRESENT,
53,08-07-2025,PRESENT,
53,10-07-2025,PRESENT,
53,11-07-2025,PRESENT,
53,15-07-2025,PRESENT,
53,21-07-2025,PRESENT,
53,22-07-2025,PRESENT,
53,25-07-2025,PRESENT,
53,02-08-2025,ABSENT,Family event
53,04-08-2025,PRESENT,
53,25-08-2025,PRESENT,
53,02-09-2025,PRESENT,
53,04-09-2025,PRESENT,
53,10-09-2025,PRESENT,
53,16-09-2025,PRESENT,
53,18-09-2025,PRESENT,
53,15-10-2025,PRESENT,
53,25-10-2025,PRESENT,
53,27-10-2025,PRESENT,
53,08-11-2025,PRESENT,
53,01-01-2026,PRESENT,
53,21-01-2026,PRESENT,
53,22-01-2026,PRESENT,
53,26-01-2026,ABSENT,Not informed
53,07-02-2026,PRESENT,
53,20-02-2026,PRESENT,
53,21-02-2026,PRESENT,
53,27-02-2026,PRESENT,
53,02-03-2026,PRESENT,
53,09-03-2026,PRESENT,
53,23-03-2026,ABSENT,Not informed
54,19-07-2025,ABSENT,Not informed
54,26-07-2025,ABSENT,Medical leave
54,04-08-2025,PRESENT,
54,06-08-2025,PRESENT,
54,15-08-2025,PRESENT,
54,26-08-2025,PRESENT,
54,27-08-2025,PRESENT,
54,09-09-2025,PRESENT,
54,19-09-2025,PRESENT,
54,04-10-2025,PRESENT,
54,11-10-2025,ABSENT,Family event
54,14-10-2025,PRESENT,
54,24-10-2025,PRESENT,
54,30-10-2025,LATE,
54,06-11-2025,PRESENT,
54,02-12-2025,PRESENT,
54,13-12-2025,PRESENT,
54,23-12-2025,PRESENT,
54,01-01-2026,HALF_DAY,
54,08-01-2026,PRESENT,
54,10-01-2026,PRESENT,
54,16-01-2026,PRESENT,
54,24-01-2026,LATE,
54,29-01-2026,PRESENT,
54,30-01-2026,HALF_DAY,
54,04-02-2026,PRESENT,
54,20-02-2026,PRESENT,
54,21-02-2026,PRESENT,
54,27-02-2026,PRESENT,
54,20-03-2026,PRESENT,
55,14-07-2025,LATE,
55,17-07-2025,PRESENT,
55,18-07-2025,PRESENT,
55,15-08-2025,PRESENT,
55,20-08-2025,PRESENT,
55,04-09-2025,PRESENT,
55,05-09-2025,PRESENT,
55,12-09-2025,ABSENT,Family event
55,15-09-2025,ABSENT,Family event
55,27-09-2025,PRESENT,
55,30-09-2025,PRESENT,
55,02-10-2025,PRESENT,
55,09-10-2025,PRESENT,
55,13-10-2025,PRESENT,
55,25-10-2025,PRESENT,
55,27-10-2025,ABSENT,Sick
55,07-11-2025,PRESENT,
55,15-11-2025,PRESENT,
55,02-12-2025,PRESENT,
55,09-12-2025,PRESENT,
55,01-01-2026,PRESENT,
55,14-01-2026,ABSENT,Family event
55,15-01-2026,PRESENT,
55,07-02-2026,PRESENT,
55,12-02-2026,PRESENT,
55,16-02-2026,PRESENT,
55,18-02-2026,PRESENT,
55,26-02-2026,PRESENT,
55,27-02-2026,PRESENT,
55,23-03-2026,PRESENT,
56,30-07-2025,PRESENT,
56,25-08-2025,PRESENT,
56,28-08-2025,PRESENT,
56,03-09-2025,LATE,
56,04-09-2025,PRESENT,
56,17-09-2025,HALF_DAY,
56,18-09-2025,PRESENT,
56,25-09-2025,PRESENT,
56,30-09-2025,PRESENT,
56,04-10-2025,HALF_DAY,
56,07-10-2025,PRESENT,
56,22-10-2025,PRESENT,
56,27-10-2025,PRESENT,
56,01-11-2025,HALF_DAY,
56,10-11-2025,PRESENT,
56,11-11-2025,PRESENT,
56,14-11-2025,PRESENT,
56,17-11-2025,PRESENT,
56,22-11-2025,PRESENT,
56,24-11-2025,LATE,
56,27-11-2025,PRESENT,
56,04-12-2025,PRESENT,
56,25-12-2025,PRESENT,
56,03-01-2026,PRESENT,
56,12-01-2026,PRESENT,
56,06-02-2026,PRESENT,
56,07-02-2026,PRESENT,
56,25-02-2026,PRESENT,
56,24-03-2026,PRESENT,
56,30-03-2026,PRESENT,
57,08-07-2025,PRESENT,
57,10-07-2025,PRESENT,
57,17-07-2025,PRESENT,
57,28-07-2025,PRESENT,
57,12-08-2025,HALF_DAY,
57,15-08-2025,PRESENT,
57,21-08-2025,PRESENT,
57,01-09-2025,LEAVE,Not informed
57,03-09-2025,PRESENT,
57,06-10-2025,LATE,
57,14-10-2025,PRESENT,
57,25-10-2025,ABSENT,Not informed
57,29-10-2025,ABSENT,Sick
57,01-11-2025,ABSENT,Medical leave
57,04-11-2025,PRESENT,
57,05-11-2025,LATE,
57,07-11-2025,PRESENT,
57,24-11-2025,PRESENT,
57,27-11-2025,PRESENT,
57,29-11-2025,PRESENT,
57,03-12-2025,PRESENT,
57,29-12-2025,ABSENT,Sick
57,14-01-2026,ABSENT,Family event
57,05-02-2026,PRESENT,
57,07-02-2026,PRESENT,
57,09-02-2026,PRESENT,
57,13-02-2026,ABSENT,Family event
57,13-03-2026,PRESENT,
57,14-03-2026,PRESENT,
57,30-03-2026,PRESENT,
58,10-07-2025,PRESENT,
58,30-07-2025,HALF_DAY,
58,02-08-2025,LATE,
58,09-08-2025,PRESENT,
58,23-08-2025,PRESENT,
58,25-08-2025,ABSENT,
58,01-09-2025,LEAVE,Not informed
58,19-09-2025,PRESENT,
58,04-10-2025,PRESENT,
58,06-10-2025,HALF_DAY,
58,28-10-2025,PRESENT,
58,29-10-2025,HALF_DAY,
58,01-11-2025,PRESENT,
58,10-11-2025,ABSENT,Not informed
58,11-11-2025,PRESENT,
58,03-12-2025,PRESENT,
58,08-12-2025,PRESENT,
58,12-12-2025,PRESENT,
58,26-12-2025,PRESENT,
58,29-12-2025,PRESENT,
58,14-01-2026,LEAVE,Medical leave
58,19-01-2026,PRESENT,
58,20-01-2026,PRESENT,
58,29-01-2026,ABSENT,Not informed
58,02-02-2026,LATE,
58,04-02-2026,PRESENT,
58,10-02-2026,PRESENT,
58,21-02-2026,PRESENT,
58,14-03-2026,PRESENT,
58,16-03-2026,PRESENT,
59,24-07-2025,PRESENT,
59,30-07-2025,PRESENT,
59,31-07-2025,PRESENT,
59,07-08-2025,PRESENT,
59,08-08-2025,PRESENT,
59,15-08-2025,PRESENT,
59,25-08-2025,PRESENT,
59,29-08-2025,PRESENT,
59,30-08-2025,PRESENT,
59,02-09-2025,PRESENT,
59,03-09-2025,ABSENT,Sick
59,04-09-2025,PRESENT,
59,08-09-2025,PRESENT,
59,22-09-2025,PRESENT,
59,02-10-2025,HALF_DAY,
59,05-11-2025,PRESENT,
59,14-11-2025,ABSENT,
59,18-11-2025,PRESENT,
59,28-11-2025,PRESENT,
59,03-12-2025,PRESENT,
59,23-12-2025,PRESENT,
59,08-01-2026,PRESENT,
59,09-01-2026,PRESENT,
59,12-01-2026,PRESENT,
59,02-02-2026,PRESENT,
59,14-02-2026,HALF_DAY,
59,18-02-2026,PRESENT,
59,05-03-2026,PRESENT,
59,06-03-2026,PRESENT,
59,26-03-2026,HALF_DAY,
60,07-07-2025,PRESENT,
60,14-07-2025,ABSENT,Family event
60,23-07-2025,PRESENT,
60,05-08-2025,PRESENT,
60,12-08-2025,PRESENT,
60,16-08-2025,ABSENT,Medical leave
60,16-09-2025,PRESENT,
60,08-10-2025,PRESENT,
60,13-10-2025,ABSENT,Family event
60,15-10-2025,PRESENT,
60,16-10-2025,ABSENT,Not informed
60,21-10-2025,PRESENT,
60,22-10-2025,ABSENT,Not informed
60,24-10-2025,PRESENT,
60,27-10-2025,LATE,
60,03-11-2025,PRESENT,
60,11-11-2025,ABSENT,Medical leave
60,19-11-2025,PRESENT,
60,11-12-2025,PRESENT,
60,02-01-2026,PRESENT,
60,05-01-2026,PRESENT,
60,21-01-2026,LATE,
60,26-01-2026,PRESENT,
60,30-01-2026,PRESENT,
60,07-02-2026,PRESENT,
60,04-03-2026,PRESENT,
60,07-03-2026,PRESENT,
60,17-03-2026,ABSENT,Sick
60,30-03-2026,LATE,
60,31-03-2026,PRESENT,
61,16-07-2025,PRESENT,
61,01-08-2025,HALF_DAY,
61,09-08-2025,ABSENT,Sick
61,13-08-2025,PRESENT,
61,18-08-2025,PRESENT,
61,26-08-2025,LATE,
61,02-09-2025,PRESENT,
61,08-09-2025,PRESENT,
61,16-09-2025,PRESENT,
61,17-09-2025,PRESENT,
61,02-10-2025,LEAVE,Not informed
61,04-10-2025,PRESENT,
61,17-11-2025,LATE,
61,22-11-2025,PRESENT,
61,27-11-2025,ABSENT,Medical leave
61,02-12-2025,ABSENT,Sick
61,04-12-2025,ABSENT,Family event
61,09-12-2025,PRESENT,
61,15-12-2025,ABSENT,Medical leave
61,17-12-2025,PRESENT,
61,24-12-2025,ABSENT,Not informed
61,03-01-2026,PRESENT,
61,20-01-2026,PRESENT,
61,23-01-2026,LEAVE,
61,04-02-2026,PRESENT,
61,05-02-2026,ABSENT,Not informed
61,25-02-2026,PRESENT,
61,28-02-2026,LATE,
61,19-03-2026,HALF_DAY,
61,23-03-2026,LATE,
62,01-08-2025,PRESENT,
62,08-08-2025,PRESENT,
62,09-08-2025,PRESENT,
62,13-08-2025,PRESENT,
62,01-09-2025,PRESENT,
62,11-09-2025,PRESENT,
62,13-09-2025,PRESENT,
62,22-09-2025,PRESENT,
62,01-10-2025,PRESENT,
62,08-10-2025,LEAVE,Not informed
62,16-10-2025,ABSENT,Family event
62,24-10-2025,PRESENT,
62,28-10-2025,ABSENT,
62,13-11-2025,PRESENT,
62,20-12-2025,PRESENT,
62,24-12-2025,PRESENT,
62,25-12-2025,PRESENT,
62,30-12-2025,PRESENT,
62,14-01-2026,PRESENT,
62,17-01-2026,PRESENT,
62,07-02-2026,PRESENT,
62,11-02-2026,PRESENT,
62,12-02-2026,PRESENT,
62,13-02-2026,PRESENT,
62,25-02-2026,PRESENT,
62,04-03-2026,ABSENT,Medical leave
62,14-03-2026,PRESENT,
62,17-03-2026,PRESENT,
62,19-03-2026,PRESENT,
62,30-03-2026,PRESENT,
63,16-07-2025,ABSENT,Sick
63,24-07-2025,LEAVE,Family event
63,12-08-2025,PRESENT,
63,21-08-2025,LATE,
63,06-09-2025,PRESENT,
63,09-09-2025,PRESENT,
63,11-09-2025,ABSENT,Family event
63,26-09-2025,PRESENT,
63,01-10-2025,PRESENT,
63,07-10-2025,PRESENT,
63,09-10-2025,PRESENT,
63,14-10-2025,PRESENT,
63,27-10-2025,ABSENT,Medical leave
63,26-11-2025,PRESENT,
63,01-12-2025,HALF_DAY,
63,03-12-2025,PRESENT,
63,24-12-2025,PRESENT,
63,01-01-2026,PRESENT,
63,10-01-2026,PRESENT,
63,21-01-2026,LATE,
63,28-01-2026,PRESENT,
63,31-01-2026,PRESENT,
63,02-02-2026,ABSENT,Family event
63,05-02-2026,ABSENT,
63,10-02-2026,PRESENT,
63,14-02-2026,PRESENT,
63,03-03-2026,PRESENT,
63,10-03-2026,PRESENT,
63,14-03-2026,HALF_DAY,
63,17-03-2026,PRESENT,
64,09-07-2025,PRESENT,
64,22-07-2025,PRESENT,
64,06-08-2025,ABSENT,Family event
64,16-08-2025,PRESENT,
64,19-08-2025,PRESENT,
64,23-08-2025,PRESENT,
64,03-09-2025,PRESENT,
64,06-09-2025,PRESENT,
64,09-09-2025,PRESENT,
64,01-10-2025,PRESENT,
64,04-10-2025,PRESENT,
64,22-10-2025,ABSENT,Not informed
64,15-11-2025,PRESENT,
64,20-11-2025,PRESENT,
64,27-11-2025,PRESENT,
64,25-12-2025,ABSENT,Medical leave
64,16-01-2026,PRESENT,
64,17-01-2026,PRESENT,
64,24-01-2026,PRESENT,
64,30-01-2026,PRESENT,
64,03-02-2026,PRESENT,
64,07-02-2026,PRESENT,
64,11-02-2026,PRESENT,
64,14-02-2026,ABSENT,
64,03-03-2026,PRESENT,
64,04-03-2026,ABSENT,Medical leave
64,13-03-2026,LEAVE,Sick
64,17-03-2026,LEAVE,Medical leave
64,20-03-2026,ABSENT,Medical leave
64,21-03-2026,PRESENT,
65,09-07-2025,PRESENT,
65,12-07-2025,PRESENT,
65,31-07-2025,PRESENT,
65,04-08-2025,PRESENT,
65,09-08-2025,PRESENT,
65,11-08-2025,PRESENT,
65,12-08-2025,PRESENT,
65,29-08-2025,LATE,
65,11-09-2025,PRESENT,
65,26-09-2025,PRESENT,
65,24-10-2025,PRESENT,
65,29-10-2025,ABSENT,Sick
65,15-11-2025,PRESENT,
65,26-11-2025,PRESENT,
65,27-11-2025,PRESENT,
65,29-11-2025,PRESENT,
65,05-12-2025,PRESENT,
65,24-12-2025,PRESENT,
65,29-12-2025,PRESENT,
65,30-12-2025,PRESENT,
65,10-01-2026,PRESENT,
65,14-01-2026,LATE,
65,15-01-2026,ABSENT,Sick
65,17-01-2026,HALF_DAY,
65,22-01-2026,HALF_DAY,
65,29-01-2026,PRESENT,
65,31-01-2026,ABSENT,Sick
65,13-02-2026,PRESENT,
65,28-02-2026,PRESENT,
65,12-03-2026,ABSENT,Family event
66,07-07-2025,PRESENT,
66,08-07-2025,PRESENT,
66,16-07-2025,ABSENT,
66,18-07-2025,PRESENT,
66,19-07-2025,PRESENT,
66,31-07-2025,PRESENT,
66,01-08-2025,PRESENT,
66,12-08-2025,ABSENT,Not informed
66,13-08-2025,PRESENT,
66,23-08-2025,PRESENT,
66,26-08-2025,PRESENT,
66,05-09-2025,PRESENT,
66,18-09-2025,PRESENT,
66,20-09-2025,PRESENT,
66,03-10-2025,ABSENT,Sick
66,08-10-2025,ABSENT,Sick
66,23-10-2025,PRESENT,
66,10-11-2025,PRESENT,
66,17-11-2025,PRESENT,
66,04-12-2025,PRESENT,
66,16-12-2025,PRESENT,
66,19-12-2025,PRESENT,
66,20-12-2025,PRESENT,
66,25-12-2025,PRESENT,
66,17-01-2026,PRESENT,
66,19-01-2026,PRESENT,
66,16-02-2026,PRESENT,
66,02-03-2026,PRESENT,
66,07-03-2026,PRESENT,
66,25-03-2026,PRESENT,
67,28-07-2025,PRESENT,
67,29-07-2025,ABSENT,
67,31-07-2025,PRESENT,
67,18-08-2025,PRESENT,
67,23-08-2025,PRESENT,
67,02-09-2025,PRESENT,
67,05-09-2025,PRESENT,
67,20-09-2025,PRESENT,
67,22-09-2025,PRESENT,
67,24-09-2025,PRESENT,
67,25-10-2025,PRESENT,
67,28-10-2025,PRESENT,
67,03-11-2025,PRESENT,
67,10-11-2025,PRESENT,
67,19-11-2025,PRESENT,
67,13-12-2025,PRESENT,
67,17-12-2025,PRESENT,
67,08-01-2026,ABSENT,
67,10-01-2026,PRESENT,
67,12-01-2026,PRESENT,
67,15-01-2026,PRESENT,
67,16-01-2026,ABSENT,Sick
67,24-01-2026,PRESENT,
67,29-01-2026,PRESENT,
67,30-01-2026,LEAVE,Not informed
67,04-02-2026,PRESENT,
67,09-02-2026,PRESENT,
67,10-02-2026,PRESENT,
67,25-03-2026,PRESENT,
67,28-03-2026,PRESENT,
68,21-07-2025,PRESENT,
68,04-08-2025,LATE,
68,05-08-2025,ABSENT,
68,06-08-2025,PRESENT,
68,12-08-2025,PRESENT,
68,26-08-2025,PRESENT,
68,27-08-2025,PRESENT,
68,29-08-2025,PRESENT,
68,10-09-2025,PRESENT,
68,25-09-2025,PRESENT,
68,29-09-2025,PRESENT,
68,06-10-2025,ABSENT,
68,09-10-2025,LATE,
68,18-10-2025,PRESENT,
68,27-10-2025,ABSENT,Family event
68,30-10-2025,PRESENT,
68,29-11-2025,PRESENT,
68,10-12-2025,PRESENT,
68,11-12-2025,LATE,
68,18-12-2025,PRESENT,
68,24-12-2025,PRESENT,
68,29-12-2025,LATE,
68,03-01-2026,ABSENT,Not informed
68,31-01-2026,LATE,
68,09-02-2026,LEAVE,Family event
68,16-02-2026,ABSENT,
68,25-02-2026,PRESENT,
68,04-03-2026,LATE,
68,09-03-2026,PRESENT,
68,31-03-2026,PRESENT,
69,23-07-2025,HALF_DAY,
69,29-07-2025,PRESENT,
69,30-07-2025,PRESENT,
69,31-07-2025,PRESENT,
69,01-08-2025,PRESENT,
69,02-08-2025,PRESENT,
69,25-08-2025,ABSENT,
69,12-09-2025,LATE,
69,16-09-2025,PRESENT,
69,26-09-2025,PRESENT,
69,30-09-2025,PRESENT,
69,06-10-2025,PRESENT,
69,08-10-2025,ABSENT,
69,20-10-2025,ABSENT,Sick
69,05-11-2025,PRESENT,
69,11-11-2025,PRESENT,
69,14-11-2025,PRESENT,
69,22-11-2025,PRESENT,
69,03-12-2025,HALF_DAY,
69,09-12-2025,PRESENT,
69,25-12-2025,LATE,
69,12-01-2026,PRESENT,
69,05-02-2026,ABSENT,
69,09-02-2026,HALF_DAY,
69,21-02-2026,PRESENT,
69,02-03-2026,PRESENT,
69,06-03-2026,LATE,
69,09-03-2026,ABSENT,
69,16-03-2026,ABSENT,
69,17-03-2026,PRESENT,
70,22-07-2025,PRESENT,
70,29-07-2025,PRESENT,
70,08-08-2025,PRESENT,
70,11-08-2025,PRESENT,
70,15-08-2025,PRESENT,
70,26-08-2025,LATE,
70,27-08-2025,ABSENT,
70,11-09-2025,PRESENT,
70,18-09-2025,PRESENT,
70,01-10-2025,PRESENT,
70,03-10-2025,ABSENT,
70,15-10-2025,PRESENT,
70,20-10-2025,PRESENT,
70,23-10-2025,PRESENT,
70,25-10-2025,PRESENT,
70,28-10-2025,PRESENT,
70,10-11-2025,PRESENT,
70,17-11-2025,PRESENT,
70,01-12-2025,PRESENT,
70,06-12-2025,PRESENT,
70,10-12-2025,PRESENT,
70,15-12-2025,PRESENT,
70,03-01-2026,PRESENT,
70,23-01-2026,PRESENT,
70,24-01-2026,PRESENT,
70,19-02-2026,PRESENT,
70,20-02-2026,LATE,
70,13-03-2026,PRESENT,
70,26-03-2026,PRESENT,
70,28-03-2026,PRESENT,
71,08-07-2025,PRESENT,
71,09-07-2025,PRESENT,
71,31-07-2025,PRESENT,
71,05-08-2025,PRESENT,
71,07-08-2025,HALF_DAY,
71,12-08-2025,PRESENT,
71,21-08-2025,PRESENT,
71,29-08-2025,PRESENT,
71,03-09-2025,LATE,
71,11-09-2025,PRESENT,
71,19-09-2025,PRESENT,
71,24-09-2025,PRESENT,
71,03-10-2025,PRESENT,
71,23-10-2025,PRESENT,
71,25-10-2025,PRESENT,
71,01-11-2025,PRESENT,
71,06-11-2025,PRESENT,
71,11-11-2025,HALF_DAY,
71,12-11-2025,PRESENT,
71,14-11-2025,PRESENT,
71,24-11-2025,PRESENT,
71,28-11-2025,ABSENT,Family event
71,29-11-2025,PRESENT,
71,06-12-2025,ABSENT,Not informed
71,11-12-2025,PRESENT,
71,13-12-2025,PRESENT,
71,19-01-2026,PRESENT,
71,20-02-2026,PRESENT,
71,13-03-2026,PRESENT,
71,21-03-2026,ABSENT,Family event
72,10-07-2025,LATE,
72,12-07-2025,PRESENT,
72,22-07-2025,PRESENT,
72,07-08-2025,PRESENT,
72,08-08-2025,PRESENT,
72,13-08-2025,PRESENT,
72,14-08-2025,PRESENT,
72,21-08-2025,PRESENT,
72,15-09-2025,HALF_DAY,
72,11-10-2025,PRESENT,
72,16-10-2025,PRESENT,
72,17-10-2025,PRESENT,
72,30-10-2025,PRESENT,
72,03-11-2025,LATE,
72,11-11-2025,PRESENT,
72,03-12-2025,PRESENT,
72,31-12-2025,PRESENT,
72,24-01-2026,PRESENT,
72,27-01-2026,LEAVE,Sick
72,07-02-2026,PRESENT,
72,12-02-2026,ABSENT,Family event
72,16-02-2026,ABSENT,Medical leave
72,19-02-2026,PRESENT,
72,20-02-2026,PRESENT,
72,24-02-2026,LATE,
72,27-02-2026,PRESENT,
72,10-03-2026,ABSENT,
72,14-03-2026,PRESENT,
72,24-03-2026,PRESENT,
72,26-03-2026,PRESENT,
73,11-07-2025,PRESENT,
73,17-07-2025,PRESENT,
73,22-07-2025,PRESENT,
73,02-08-2025,ABSENT,Sick
73,11-08-2025,PRESENT,
73,14-08-2025,PRESENT,
73,19-08-2025,PRESENT,
73,20-08-2025,PRESENT,
73,02-09-2025,PRESENT,
73,04-09-2025,PRESENT,
73,10-09-2025,LATE,
73,12-09-2025,PRESENT,
73,13-09-2025,PRESENT,
73,26-09-2025,PRESENT,
73,06-10-2025,PRESENT,
73,15-10-2025,PRESENT,
73,28-10-2025,PRESENT,
73,03-11-2025,PRESENT,
73,05-11-2025,PRESENT,
73,11-11-2025,ABSENT,Not informed
73,26-11-2025,PRESENT,
73,10-12-2025,PRESENT,
73,30-12-2025,PRESENT,
73,06-01-2026,PRESENT,
73,10-01-2026,PRESENT,
73,12-01-2026,PRESENT,
73,31-01-2026,PRESENT,
73,16-03-2026,PRESENT,
73,18-03-2026,PRESENT,
73,27-03-2026,PRESENT,
74,10-07-2025,PRESENT,
74,01-08-2025,ABSENT,
74,04-08-2025,PRESENT,
74,07-08-2025,PRESENT,
74,08-08-2025,PRESENT,
74,14-08-2025,ABSENT,Family event
74,06-09-2025,PRESENT,
74,15-09-2025,LATE,
74,26-09-2025,PRESENT,
74,04-10-2025,PRESENT,
74,13-10-2025,PRESENT,
74,14-10-2025,PRESENT,
74,22-10-2025,PRESENT,
74,23-10-2025,PRESENT,
74,25-10-2025,PRESENT,
74,29-10-2025,LATE,
74,11-12-2025,PRESENT,
74,18-12-2025,HALF_DAY,
74,27-12-2025,PRESENT,
74,29-12-2025,PRESENT,
74,02-01-2026,LATE,
74,16-01-2026,PRESENT,
74,22-01-2026,PRESENT,
74,26-01-2026,PRESENT,
74,12-02-2026,PRESENT,
74,13-02-2026,PRESENT,
74,21-02-2026,PRESENT,
74,24-02-2026,LATE,
74,05-03-2026,PRESENT,
74,17-03-2026,HALF_DAY,
75,12-07-2025,PRESENT,
75,19-07-2025,PRESENT,
75,24-07-2025,ABSENT,
75,26-07-2025,PRESENT,
75,11-08-2025,PRESENT,
75,14-08-2025,PRESENT,
75,25-08-2025,PRESENT,
75,01-09-2025,HALF_DAY,
75,26-09-2025,PRESENT,
75,01-10-2025,PRESENT,
75,17-10-2025,PRESENT,
75,23-10-2025,LEAVE,Medical leave
75,08-11-2025,PRESENT,
75,13-11-2025,PRESENT,
75,17-11-2025,PRESENT,
75,27-11-2025,PRESENT,
75,03-12-2025,PRESENT,
75,10-12-2025,PRESENT,
75,20-12-2025,PRESENT,
75,22-12-2025,PRESENT,
75,01-01-2026,PRESENT,
75,10-01-2026,PRESENT,
75,29-01-2026,ABSENT,Sick
75,30-01-2026,PRESENT,
75,05-02-2026,PRESENT,
75,12-02-2026,PRESENT,
75,27-02-2026,LATE,
75,28-02-2026,LATE,
75,16-03-2026,PRESENT,
75,18-03-2026,PRESENT,
76,07-07-2025,ABSENT,
76,18-07-2025,PRESENT,
76,19-07-2025,PRESENT,
76,22-07-2025,PRESENT,
76,09-08-2025,LATE,
76,11-08-2025,PRESENT,
76,15-08-2025,PRESENT,
76,19-08-2025,LATE,
76,26-08-2025,PRESENT,
76,06-09-2025,PRESENT,
76,10-09-2025,PRESENT,
76,11-09-2025,PRESENT,
76,15-09-2025,PRESENT,
76,18-09-2025,PRESENT,
76,24-09-2025,ABSENT,Sick
76,25-09-2025,PRESENT,
76,27-09-2025,PRESENT,
76,01-10-2025,LATE,
76,02-10-2025,PRESENT,
76,04-10-2025,PRESENT,
76,17-10-2025,PRESENT,
76,12-12-2025,PRESENT,
76,18-12-2025,PRESENT,
76,13-01-2026,ABSENT,
76,14-01-2026,PRESENT,
76,16-01-2026,LATE,
76,03-02-2026,HALF_DAY,
76,27-02-2026,ABSENT,Medical leave
76,18-03-2026,ABSENT,Not informed
76,30-03-2026,ABSENT,
77,02-08-2025,PRESENT,
77,19-08-2025,LATE,
77,21-08-2025,PRESENT,
77,28-08-2025,ABSENT,Not informed
77,29-08-2025,PRESENT,
77,30-08-2025,PRESENT,
77,01-09-2025,PRESENT,
77,05-09-2025,PRESENT,
77,10-09-2025,PRESENT,
77,13-09-2025,ABSENT,
77,24-09-2025,PRESENT,
77,11-10-2025,PRESENT,
77,24-10-2025,PRESENT,
77,01-11-2025,PRESENT,
77,13-11-2025,PRESENT,
77,15-11-2025,PRESENT,
77,17-11-2025,PRESENT,
77,20-11-2025,ABSENT,Medical leave
77,26-11-2025,PRESENT,
77,01-12-2025,LATE,
77,18-12-2025,PRESENT,
77,23-12-2025,PRESENT,
77,26-12-2025,LATE,
77,10-01-2026,HALF_DAY,
77,07-02-2026,PRESENT,
77,09-02-2026,PRESENT,
77,16-02-2026,PRESENT,
77,04-03-2026,PRESENT,
77,07-03-2026,PRESENT,
77,30-03-2026,PRESENT,
78,09-07-2025,PRESENT,
78,10-07-2025,PRESENT,
78,19-07-2025,PRESENT,
78,31-07-2025,PRESENT,
78,07-08-2025,PRESENT,
78,08-08-2025,PRESENT,
78,14-08-2025,PRESENT,
78,16-08-2025,PRESENT,
78,18-08-2025,PRESENT,
78,04-09-2025,ABSENT,Not informed
78,18-09-2025,ABSENT,
78,24-09-2025,PRESENT,
78,15-10-2025,PRESENT,
78,26-11-2025,PRESENT,
78,15-12-2025,PRESENT,
78,22-12-2025,PRESENT,
78,01-01-2026,PRESENT,
78,09-01-2026,PRESENT,
78,14-01-2026,PRESENT,
78,03-02-2026,PRESENT,
78,11-02-2026,PRESENT,
78,18-02-2026,PRESENT,
78,19-02-2026,PRESENT,
78,21-02-2026,PRESENT,
78,27-02-2026,PRESENT,
78,10-03-2026,PRESENT,
78,11-03-2026,PRESENT,
78,12-03-2026,PRESENT,
78,19-03-2026,PRESENT,
78,28-03-2026,ABSENT,Not informed
79,19-07-2025,ABSENT,Medical leave
79,29-07-2025,PRESENT,
79,31-07-2025,ABSENT,Not informed
79,06-08-2025,PRESENT,
79,08-08-2025,PRESENT,
79,11-08-2025,PRESENT,
79,20-08-2025,PRESENT,
79,26-08-2025,PRESENT,
79,28-08-2025,PRESENT,
79,29-08-2025,ABSENT,Not informed
79,11-09-2025,PRESENT,
79,29-09-2025,LATE,
79,14-10-2025,PRESENT,
79,21-10-2025,PRESENT,
79,22-10-2025,PRESENT,
79,29-10-2025,LEAVE,Family event
79,11-11-2025,PRESENT,
79,29-11-2025,PRESENT,
79,11-12-2025,PRESENT,
79,01-01-2026,PRESENT,
79,02-01-2026,LATE,
79,06-01-2026,PRESENT,
79,27-01-2026,PRESENT,
79,05-02-2026,PRESENT,
79,09-03-2026,PRESENT,
79,11-03-2026,PRESENT,
79,23-03-2026,LATE,
79,26-03-2026,PRESENT,
79,28-03-2026,PRESENT,
79,31-03-2026,PRESENT,
80,13-08-2025,PRESENT,
80,16-08-2025,PRESENT,
80,29-08-2025,PRESENT,
80,12-09-2025,LATE,
80,17-09-2025,PRESENT,
80,09-10-2025,PRESENT,
80,10-10-2025,PRESENT,
80,14-10-2025,LEAVE,Family event
80,20-10-2025,ABSENT,Sick
80,29-10-2025,PRESENT,
80,06-11-2025,PRESENT,
80,08-11-2025,PRESENT,
80,10-11-2025,PRESENT,
80,27-11-2025,PRESENT,
80,01-12-2025,PRESENT,
80,02-12-2025,PRESENT,
80,12-12-2025,PRESENT,
80,13-12-2025,PRESENT,
80,17-12-2025,PRESENT,
80,02-01-2026,PRESENT,
80,12-01-2026,PRESENT,
80,17-01-2026,PRESENT,
80,29-01-2026,LEAVE,Family event
80,20-02-2026,PRESENT,
80,28-02-2026,PRESENT,
80,02-03-2026,PRESENT,
80,03-03-2026,PRESENT,
80,11-03-2026,PRESENT,
80,23-03-2026,PRESENT,
80,26-03-2026,PRESENT,
81,14-07-2025,PRESENT,
81,15-07-2025,PRESENT,
81,22-07-2025,PRESENT,
81,23-07-2025,PRESENT,
81,28-07-2025,PRESENT,
81,30-07-2025,HALF_DAY,
81,07-08-2025,PRESENT,
81,11-08-2025,PRESENT,
81,16-08-2025,HALF_DAY,
81,18-08-2025,PRESENT,
81,19-08-2025,HALF_DAY,
81,22-08-2025,PRESENT,
81,11-09-2025,ABSENT,Not informed
81,17-09-2025,PRESENT,
81,23-10-2025,PRESENT,
81,25-10-2025,LATE,
81,27-10-2025,PRESENT,
81,10-11-2025,PRESENT,
81,26-11-2025,ABSENT,Sick
81,26-12-2025,PRESENT,
81,31-12-2025,PRESENT,
81,20-01-2026,PRESENT,
81,30-01-2026,PRESENT,
81,31-01-2026,ABSENT,Sick
81,02-02-2026,PRESENT,
81,10-02-2026,HALF_DAY,
81,14-02-2026,PRESENT,
81,10-03-2026,PRESENT,
81,21-03-2026,PRESENT,
81,24-03-2026,PRESENT,
82,23-07-2025,HALF_DAY,
82,02-08-2025,PRESENT,
82,13-08-2025,PRESENT,
82,22-08-2025,PRESENT,
82,30-08-2025,ABSENT,Medical leave
82,08-09-2025,PRESENT,
82,10-09-2025,PRESENT,
82,12-09-2025,ABSENT,Medical leave
82,22-09-2025,PRESENT,
82,25-09-2025,PRESENT,
82,06-10-2025,PRESENT,
82,27-10-2025,PRESENT,
82,31-10-2025,ABSENT,Medical leave
82,01-11-2025,PRESENT,
82,03-11-2025,PRESENT,
82,10-11-2025,PRESENT,
82,19-11-2025,PRESENT,
82,03-12-2025,PRESENT,
82,09-12-2025,PRESENT,
82,18-12-2025,PRESENT,
82,24-12-2025,LEAVE,Not informed
82,07-01-2026,PRESENT,
82,26-01-2026,PRESENT,
82,03-02-2026,PRESENT,
82,04-02-2026,PRESENT,
82,13-02-2026,PRESENT,
82,11-03-2026,PRESENT,
82,12-03-2026,PRESENT,
82,25-03-2026,PRESENT,
82,28-03-2026,PRESENT,
83,09-07-2025,HALF_DAY,
83,16-07-2025,PRESENT,
83,19-07-2025,LATE,
83,21-07-2025,PRESENT,
83,31-07-2025,PRESENT,
83,02-08-2025,ABSENT,Sick
83,01-09-2025,PRESENT,
83,02-09-2025,PRESENT,
83,04-09-2025,LATE,
83,16-09-2025,PRESENT,
83,24-09-2025,PRESENT,
83,29-09-2025,PRESENT,
83,07-10-2025,LEAVE,Family event
83,08-10-2025,PRESENT,
83,21-10-2025,PRESENT,
83,01-11-2025,PRESENT,
83,27-11-2025,PRESENT,
83,03-12-2025,PRESENT,
83,18-12-2025,PRESENT,
83,22-12-2025,PRESENT,
83,23-12-2025,PRESENT,
83,13-01-2026,PRESENT,
83,16-02-2026,ABSENT,Medical leave
83,17-02-2026,PRESENT,
83,27-02-2026,ABSENT,Sick
83,09-03-2026,LATE,
83,16-03-2026,PRESENT,
83,17-03-2026,PRESENT,
83,28-03-2026,ABSENT,Family event
83,31-03-2026,LEAVE,Family event
84,18-07-2025,PRESENT,
84,29-07-2025,PRESENT,
84,14-08-2025,PRESENT,
84,21-08-2025,LEAVE,Not informed
84,06-09-2025,PRESENT,
84,16-09-2025,PRESENT,
84,01-10-2025,PRESENT,
84,15-10-2025,PRESENT,
84,16-10-2025,PRESENT,
84,22-10-2025,PRESENT,
84,30-10-2025,PRESENT,
84,12-11-2025,PRESENT,
84,17-11-2025,PRESENT,
84,02-12-2025,PRESENT,
84,03-12-2025,PRESENT,
84,08-12-2025,PRESENT,
84,09-12-2025,PRESENT,
84,23-12-2025,PRESENT,
84,03-01-2026,PRESENT,
84,05-01-2026,PRESENT,
84,08-01-2026,PRESENT,
84,09-01-2026,LATE,
84,16-01-2026,LEAVE,Medical leave
84,26-01-2026,PRESENT,
84,04-02-2026,PRESENT,
84,09-02-2026,PRESENT,
84,20-02-2026,HALF_DAY,
84,23-02-2026,PRESENT,
84,26-02-2026,ABSENT,Family event
84,27-03-2026,PRESENT,
85,18-07-2025,PRESENT,
85,23-07-2025,ABSENT,
85,31-07-2025,PRESENT,
85,14-08-2025,PRESENT,
85,23-09-2025,PRESENT,
85,30-09-2025,PRESENT,
85,08-10-2025,PRESENT,
85,23-10-2025,PRESENT,
85,25-10-2025,PRESENT,
85,03-11-2025,PRESENT,
85,05-11-2025,PRESENT,
85,06-11-2025,PRESENT,
85,14-11-2025,PRESENT,
85,18-11-2025,PRESENT,
85,28-11-2025,ABSENT,Sick
85,04-12-2025,PRESENT,
85,06-12-2025,PRESENT,
85,23-12-2025,PRESENT,
85,07-01-2026,ABSENT,
85,08-01-2026,PRESENT,
85,14-01-2026,PRESENT,
85,26-01-2026,PRESENT,
85,12-02-2026,PRESENT,
85,09-03-2026,LATE,
85,19-03-2026,PRESENT,
85,20-03-2026,PRESENT,
85,21-03-2026,LEAVE,Medical leave
85,26-03-2026,PRESENT,
85,27-03-2026,PRESENT,
85,28-03-2026,PRESENT,
86,16-07-2025,PRESENT,
86,17-07-2025,PRESENT,
86,24-07-2025,PRESENT,
86,25-07-2025,PRESENT,
86,09-08-2025,HALF_DAY,
86,19-08-2025,ABSENT,Medical leave
86,21-08-2025,PRESENT,
86,08-09-2025,PRESENT,
86,27-09-2025,ABSENT,Family event
86,09-10-2025,PRESENT,
86,16-10-2025,PRESENT,
86,22-10-2025,PRESENT,
86,28-10-2025,PRESENT,
86,12-11-2025,PRESENT,
86,19-11-2025,PRESENT,
86,24-11-2025,PRESENT,
86,25-11-2025,LATE,
86,28-11-2025,PRESENT,
86,16-12-2025,PRESENT,
86,23-12-2025,PRESENT,
86,01-01-2026,PRESENT,
86,02-01-2026,ABSENT,Not informed
86,13-01-2026,PRESENT,
86,31-01-2026,PRESENT,
86,12-02-2026,PRESENT,
86,23-02-2026,PRESENT,
86,27-02-2026,PRESENT,
86,21-03-2026,HALF_DAY,
86,25-03-2026,PRESENT,
86,30-03-2026,PRESENT,
87,09-07-2025,HALF_DAY,
87,29-07-2025,LATE,
87,19-08-2025,LATE,
87,23-08-2025,PRESENT,
87,03-09-2025,PRESENT,
87,10-10-2025,PRESENT,
87,18-10-2025,PRESENT,
87,20-10-2025,PRESENT,
87,30-10-2025,PRESENT,
87,08-11-2025,PRESENT,
87,13-11-2025,PRESENT,
87,25-11-2025,ABSENT,Medical leave
87,27-11-2025,PRESENT,
87,13-12-2025,PRESENT,
87,20-12-2025,LATE,
87,24-12-2025,PRESENT,
87,26-12-2025,PRESENT,
87,31-12-2025,PRESENT,
87,06-01-2026,ABSENT,Medical leave
87,21-01-2026,ABSENT,
87,28-01-2026,PRESENT,
87,29-01-2026,PRESENT,
87,30-01-2026,PRESENT,
87,07-02-2026,HALF_DAY,
87,10-02-2026,PRESENT,
87,25-02-2026,PRESENT,
87,04-03-2026,ABSENT,
87,09-03-2026,LEAVE,Family event
87,23-03-2026,PRESENT,
87,31-03-2026,PRESENT,
88,10-07-2025,PRESENT,
88,11-07-2025,PRESENT,
88,09-08-2025,PRESENT,
88,12-08-2025,PRESENT,
88,01-09-2025,PRESENT,
88,06-09-2025,PRESENT,
88,09-09-2025,PRESENT,
88,04-10-2025,PRESENT,
88,06-10-2025,PRESENT,
88,14-10-2025,PRESENT,
88,18-10-2025,PRESENT,
88,20-10-2025,PRESENT,
88,23-10-2025,ABSENT,Medical leave
88,24-10-2025,ABSENT,Not informed
88,06-11-2025,ABSENT,
88,11-11-2025,PRESENT,
88,19-11-2025,PRESENT,
88,02-12-2025,PRESENT,
88,03-12-2025,PRESENT,
88,09-12-2025,ABSENT,Sick
88,15-12-2025,PRESENT,
88,25-12-2025,PRESENT,
88,16-01-2026,PRESENT,
88,24-01-2026,PRESENT,
88,31-01-2026,HALF_DAY,
88,19-02-2026,HALF_DAY,
88,05-03-2026,PRESENT,
88,06-03-2026,PRESENT,
88,07-03-2026,PRESENT,
88,14-03-2026,ABSENT,Medical leave
89,08-07-2025,PRESENT,
89,16-07-2025,PRESENT,
89,09-08-2025,PRESENT,
89,12-08-2025,PRESENT,
89,03-09-2025,ABSENT,Not informed
89,08-09-2025,PRESENT,
89,11-09-2025,PRESENT,
89,01-10-2025,ABSENT,Family event
89,18-10-2025,PRESENT,
89,25-10-2025,PRESENT,
89,28-10-2025,PRESENT,
89,01-11-2025,PRESENT,
89,06-11-2025,PRESENT,
89,08-11-2025,PRESENT,
89,19-11-2025,PRESENT,
89,21-11-2025,PRESENT,
89,24-11-2025,LATE,
89,03-12-2025,PRESENT,
89,18-12-2025,PRESENT,
89,26-12-2025,PRESENT,
89,15-01-2026,PRESENT,
89,21-01-2026,PRESENT,
89,02-02-2026,PRESENT,
89,12-02-2026,PRESENT,
89,23-02-2026,PRESENT,
89,25-02-2026,PRESENT,
89,28-02-2026,PRESENT,
89,03-03-2026,PRESENT,
89,04-03-2026,ABSENT,Medical leave
89,18-03-2026,PRESENT,
90,05-08-2025,PRESENT,
90,11-08-2025,PRESENT,
90,13-08-2025,PRESENT,
90,22-08-2025,PRESENT,
90,27-08-2025,PRESENT,
90,13-09-2025,PRESENT,
90,22-09-2025,ABSENT,
90,09-10-2025,PRESENT,
90,10-10-2025,PRESENT,
90,30-10-2025,PRESENT,
90,31-10-2025,LATE,
90,04-11-2025,PRESENT,
90,11-11-2025,PRESENT,
90,13-11-2025,PRESENT,
90,04-12-2025,PRESENT,
90,08-12-2025,PRESENT,
90,18-12-2025,HALF_DAY,
90,25-12-2025,LATE,
90,09-01-2026,PRESENT,
90,10-01-2026,PRESENT,
90,12-01-2026,ABSENT,Not informed
90,03-02-2026,PRESENT,
90,09-02-2026,PRESENT,
90,19-02-2026,ABSENT,Family event
90,25-02-2026,PRESENT,
90,03-03-2026,PRESENT,
90,18-03-2026,PRESENT,
90,27-03-2026,PRESENT,
90,30-03-2026,LATE,
90,31-03-2026,LEAVE,Medical leave
91,12-07-2025,PRESENT,
91,22-07-2025,PRESENT,
91,29-07-2025,PRESENT,
91,31-07-2025,ABSENT,Sick
91,02-08-2025,PRESENT,
91,05-08-2025,ABSENT,Medical leave
91,06-08-2025,PRESENT,
91,07-08-2025,PRESENT,
91,08-08-2025,ABSENT,Medical leave
91,12-08-2025,PRESENT,
91,18-08-2025,PRESENT,
91,29-08-2025,PRESENT,
91,06-09-2025,PRESENT,
91,22-09-2025,PRESENT,
91,23-09-2025,ABSENT,
91,26-09-2025,ABSENT,
91,29-09-2025,PRESENT,
91,22-10-2025,PRESENT,
91,31-10-2025,PRESENT,
91,20-11-2025,PRESENT,
91,29-11-2025,PRESENT,
91,01-12-2025,PRESENT,
91,26-12-2025,PRESENT,
91,31-12-2025,PRESENT,
91,09-01-2026,PRESENT,
91,13-01-2026,PRESENT,
91,19-01-2026,PRESENT,
91,21-02-2026,LATE,
91,21-03-2026,PRESENT,
91,24-03-2026,PRESENT,
92,12-07-2025,PRESENT,
92,15-07-2025,PRESENT,
92,31-07-2025,HALF_DAY,
92,02-08-2025,PRESENT,
92,09-08-2025,PRESENT,
92,13-08-2025,PRESENT,
92,16-08-2025,PRESENT,
92,21-08-2025,PRESENT,
92,02-09-2025,PRESENT,
92,04-09-2025,PRESENT,
92,09-09-2025,PRESENT,
92,10-09-2025,ABSENT,Not informed
92,24-09-2025,PRESENT,
92,26-09-2025,PRESENT,
92,11-10-2025,PRESENT,
92,18-10-2025,LEAVE,
92,23-10-2025,PRESENT,
92,27-11-2025,PRESENT,
92,06-12-2025,PRESENT,
92,08-12-2025,LATE,
92,13-12-2025,PRESENT,
92,18-12-2025,PRESENT,
92,03-01-2026,PRESENT,
92,16-01-2026,PRESENT,
92,29-01-2026,PRESENT,
92,03-02-2026,HALF_DAY,
92,09-02-2026,PRESENT,
92,18-02-2026,PRESENT,
92,20-03-2026,PRESENT,
92,28-03-2026,PRESENT,
93,15-07-2025,PRESENT,
93,16-07-2025,PRESENT,
93,25-07-2025,PRESENT,
93,09-08-2025,ABSENT,Not informed
93,25-08-2025,PRESENT,
93,29-08-2025,PRESENT,
93,30-08-2025,LEAVE,Not informed
93,04-09-2025,PRESENT,
93,19-09-2025,PRESENT,
93,02-10-2025,PRESENT,
93,10-10-2025,ABSENT,Sick
93,20-10-2025,LATE,
93,21-10-2025,PRESENT,
93,25-10-2025,PRESENT,
93,29-10-2025,PRESENT,
93,01-11-2025,PRESENT,
93,05-11-2025,PRESENT,
93,11-11-2025,PRESENT,
93,18-11-2025,PRESENT,
93,05-12-2025,PRESENT,
93,11-12-2025,PRESENT,
93,23-12-2025,PRESENT,
93,29-12-2025,PRESENT,
93,02-01-2026,PRESENT,
93,03-01-2026,PRESENT,
93,10-01-2026,PRESENT,
93,15-01-2026,PRESENT,
93,07-03-2026,PRESENT,
93,25-03-2026,PRESENT,
93,28-03-2026,LATE,
94,19-07-2025,PRESENT,
94,21-07-2025,PRESENT,
94,29-07-2025,PRESENT,
94,11-08-2025,PRESENT,
94,12-08-2025,PRESENT,
94,26-08-2025,PRESENT,
94,03-09-2025,PRESENT,
94,26-09-2025,ABSENT,
94,09-10-2025,PRESENT,
94,11-10-2025,PRESENT,
94,08-11-2025,PRESENT,
94,13-11-2025,PRESENT,
94,18-11-2025,PRESENT,
94,01-12-2025,PRESENT,
94,02-12-2025,PRESENT,
94,24-12-2025,PRESENT,
94,01-01-2026,PRESENT,
94,03-01-2026,PRESENT,
94,15-01-2026,ABSENT,Sick
94,22-01-2026,PRESENT,
94,26-01-2026,PRESENT,
94,17-02-2026,PRESENT,
94,03-03-2026,PRESENT,
94,04-03-2026,LATE,
94,06-03-2026,PRESENT,
94,13-03-2026,PRESENT,
94,17-03-2026,PRESENT,
94,20-03-2026,HALF_DAY,
94,21-03-2026,PRESENT,
94,27-03-2026,PRESENT,
95,09-07-2025,PRESENT,
95,15-07-2025,PRESENT,
95,21-07-2025,LATE,
95,30-07-2025,PRESENT,
95,06-08-2025,PRESENT,
95,12-08-2025,PRESENT,
95,16-08-2025,ABSENT,Sick
95,26-08-2025,PRESENT,
95,11-09-2025,PRESENT,
95,03-10-2025,PRESENT,
95,08-10-2025,PRESENT,
95,10-10-2025,PRESENT,
95,25-10-2025,PRESENT,
95,31-10-2025,PRESENT,
95,13-11-2025,PRESENT,
95,19-11-2025,ABSENT,
95,01-12-2025,PRESENT,
95,19-12-2025,PRESENT,
95,05-01-2026,ABSENT,Family event
95,07-01-2026,PRESENT,
95,14-01-2026,PRESENT,
95,28-01-2026,PRESENT,
95,30-01-2026,PRESENT,
95,07-02-2026,PRESENT,
95,23-02-2026,PRESENT,
95,09-03-2026,PRESENT,
95,11-03-2026,HALF_DAY,
95,17-03-2026,PRESENT,
95,24-03-2026,PRESENT,
95,26-03-2026,ABSENT,Medical leave
96,29-07-2025,PRESENT,
96,31-07-2025,PRESENT,
96,02-08-2025,PRESENT,
96,12-08-2025,PRESENT,
96,05-09-2025,PRESENT,
96,11-09-2025,ABSENT,Family event
96,16-09-2025,PRESENT,
96,17-09-2025,PRESENT,
96,23-09-2025,PRESENT,
96,27-09-2025,PRESENT,
96,02-10-2025,PRESENT,
96,10-10-2025,PRESENT,
96,20-10-2025,PRESENT,
96,26-11-2025,PRESENT,
96,27-11-2025,HALF_DAY,
96,29-11-2025,PRESENT,
96,09-12-2025,PRESENT,
96,11-12-2025,PRESENT,
96,19-12-2025,HALF_DAY,
96,25-12-2025,PRESENT,
96,15-01-2026,LATE,
96,19-01-2026,PRESENT,
96,20-01-2026,ABSENT,Family event
96,22-01-2026,PRESENT,
96,29-01-2026,PRESENT,
96,04-02-2026,PRESENT,
96,10-02-2026,PRESENT,
96,11-02-2026,PRESENT,
96,20-02-2026,PRESENT,
96,21-02-2026,PRESENT,
97,11-07-2025,PRESENT,
97,15-07-2025,PRESENT,
97,26-07-2025,PRESENT,
97,06-08-2025,PRESENT,
97,07-08-2025,PRESENT,
97,08-08-2025,PRESENT,
97,19-08-2025,PRESENT,
97,25-08-2025,PRESENT,
97,30-08-2025,PRESENT,
97,01-09-2025,PRESENT,
97,04-09-2025,PRESENT,
97,16-09-2025,PRESENT,
97,24-09-2025,PRESENT,
97,27-09-2025,PRESENT,
97,06-10-2025,PRESENT,
97,03-11-2025,PRESENT,
97,10-11-2025,PRESENT,
97,20-11-2025,PRESENT,
97,21-11-2025,PRESENT,
97,25-11-2025,PRESENT,
97,06-12-2025,PRESENT,
97,11-12-2025,ABSENT,Medical leave
97,25-12-2025,LATE,
97,07-01-2026,PRESENT,
97,15-01-2026,PRESENT,
97,20-01-2026,PRESENT,
97,27-01-2026,PRESENT,
97,13-02-2026,PRESENT,
97,24-02-2026,PRESENT,
97,23-03-2026,PRESENT,
98,17-07-2025,PRESENT,
98,21-07-2025,PRESENT,
98,22-07-2025,LATE,
98,25-07-2025,ABSENT,Not informed
98,05-08-2025,PRESENT,
98,07-08-2025,PRESENT,
98,08-08-2025,PRESENT,
98,09-08-2025,PRESENT,
98,10-09-2025,PRESENT,
98,11-09-2025,ABSENT,Not informed
98,16-09-2025,LATE,
98,18-09-2025,PRESENT,
98,24-09-2025,PRESENT,
98,26-09-2025,LATE,
98,31-10-2025,PRESENT,
98,04-11-2025,PRESENT,
98,12-11-2025,PRESENT,
98,01-12-2025,PRESENT,
98,08-12-2025,ABSENT,
98,11-12-2025,PRESENT,
98,12-12-2025,LATE,
98,25-12-2025,PRESENT,
98,03-01-2026,ABSENT,Family event
98,07-01-2026,PRESENT,
98,15-01-2026,PRESENT,
98,26-01-2026,ABSENT,Sick
98,31-01-2026,PRESENT,
98,05-02-2026,PRESENT,
98,26-02-2026,PRESENT,
98,31-03-2026,PRESENT,
99,07-07-2025,PRESENT,
99,09-07-2025,PRESENT,
99,10-07-2025,HALF_DAY,
99,11-07-2025,PRESENT,
99,12-07-2025,LEAVE,Sick
99,19-07-2025,PRESENT,
99,29-07-2025,PRESENT,
99,08-08-2025,LATE,
99,18-08-2025,PRESENT,
99,26-08-2025,PRESENT,
99,28-08-2025,PRESENT,
99,12-09-2025,LATE,
99,18-09-2025,PRESENT,
99,23-09-2025,PRESENT,
99,01-10-2025,PRESENT,
99,14-10-2025,ABSENT,Medical leave
99,20-10-2025,PRESENT,
99,11-11-2025,PRESENT,
99,24-11-2025,PRESENT,
99,25-11-2025,PRESENT,
99,29-11-2025,PRESENT,
99,10-12-2025,PRESENT,
99,23-12-2025,LATE,
99,27-12-2025,PRESENT,
99,31-12-2025,PRESENT,
99,21-01-2026,LEAVE,
99,24-01-2026,PRESENT,
99,26-01-2026,PRESENT,
99,18-02-2026,PRESENT,
99,27-03-2026,ABSENT,
100,12-07-2025,PRESENT,
100,15-07-2025,PRESENT,
100,01-08-2025,PRESENT,
100,07-08-2025,ABSENT,Not informed
100,18-08-2025,PRESENT,
100,19-08-2025,PRESENT,
100,02-09-2025,PRESENT,
100,05-09-2025,PRESENT,
100,10-09-2025,PRESENT,
100,17-09-2025,PRESENT,
100,26-09-2025,PRESENT,
100,21-10-2025,PRESENT,
100,22-10-2025,PRESENT,
100,27-10-2025,PRESENT,
100,06-11-2025,ABSENT,Not informed
100,12-11-2025,PRESENT,
100,18-11-2025,PRESENT,
100,02-12-2025,PRESENT,
100,16-12-2025,PRESENT,
100,25-12-2025,PRESENT,
100,09-01-2026,PRESENT,
100,13-01-2026,PRESENT,
100,19-01-2026,PRESENT,
100,24-01-2026,PRESENT,
100,30-01-2026,PRESENT,
100,09-02-2026,ABSENT,Family event
100,12-02-2026,PRESENT,
100,13-02-2026,ABSENT,Family event
100,19-03-2026,PRESENT,
100,30-03-2026,PRESENT,
101,07-07-2025,PRESENT,
101,08-07-2025,PRESENT,
101,10-07-2025,ABSENT,
101,18-07-2025,PRESENT,
101,21-07-2025,PRESENT,
101,22-07-2025,LATE,
101,25-07-2025,PRESENT,
101,12-08-2025,PRESENT,
101,16-08-2025,LATE,
101,23-08-2025,PRESENT,
101,09-09-2025,PRESENT,
101,19-09-2025,PRESENT,
101,29-09-2025,PRESENT,
101,30-09-2025,PRESENT,
101,02-10-2025,PRESENT,
101,04-10-2025,PRESENT,
101,06-10-2025,PRESENT,
101,18-10-2025,PRESENT,
101,20-10-2025,PRESENT,
101,12-11-2025,ABSENT,Medical leave
101,19-11-2025,PRESENT,
101,28-11-2025,PRESENT,
101,29-11-2025,PRESENT,
101,19-12-2025,PRESENT,
101,30-12-2025,PRESENT,
101,08-01-2026,PRESENT,
101,20-01-2026,PRESENT,
101,21-01-2026,PRESENT,
101,02-03-2026,PRESENT,
101,10-03-2026,PRESENT,
102,31-07-2025,ABSENT,Not informed
102,04-08-2025,PRESENT,
102,15-08-2025,ABSENT,Not informed
102,16-08-2025,PRESENT,
102,29-08-2025,PRESENT,
102,04-09-2025,PRESENT,
102,19-09-2025,PRESENT,
102,03-10-2025,PRESENT,
102,04-10-2025,PRESENT,
102,06-10-2025,PRESENT,
102,10-10-2025,PRESENT,
102,27-10-2025,PRESENT,
102,07-11-2025,PRESENT,
102,13-11-2025,LEAVE,Medical leave
102,15-11-2025,PRESENT,
102,21-11-2025,HALF_DAY,
102,10-12-2025,PRESENT,
102,16-12-2025,PRESENT,
102,18-12-2025,PRESENT,
102,23-12-2025,PRESENT,
102,26-12-2025,PRESENT,
102,09-01-2026,PRESENT,
102,24-01-2026,PRESENT,
102,26-01-2026,PRESENT,
102,20-02-2026,PRESENT,
102,25-02-2026,PRESENT,
102,03-03-2026,PRESENT,
102,21-03-2026,PRESENT,
102,25-03-2026,PRESENT,
102,30-03-2026,HALF_DAY,
103,08-07-2025,PRESENT,
103,22-07-2025,ABSENT,
103,23-07-2025,LATE,
103,24-07-2025,LATE,
103,31-07-2025,PRESENT,
103,04-08-2025,ABSENT,Family event
103,07-08-2025,PRESENT,
103,12-08-2025,PRESENT,
103,13-08-2025,PRESENT,
103,25-09-2025,LATE,
103,01-10-2025,PRESENT,
103,13-10-2025,PRESENT,
103,14-10-2025,PRESENT,
103,31-10-2025,ABSENT,Family event
103,04-11-2025,PRESENT,
103,20-11-2025,ABSENT,Not informed
103,21-11-2025,LATE,
103,27-11-2025,PRESENT,
103,08-12-2025,PRESENT,
103,22-12-2025,PRESENT,
103,31-12-2025,ABSENT,Family event
103,16-01-2026,PRESENT,
103,22-01-2026,PRESENT,
103,28-01-2026,PRESENT,
103,12-02-2026,PRESENT,
103,19-02-2026,PRESENT,
103,04-03-2026,PRESENT,
103,11-03-2026,PRESENT,
103,13-03-2026,PRESENT,
103,16-03-2026,PRESENT,
104,12-07-2025,PRESENT,
104,14-07-2025,HALF_DAY,
104,23-07-2025,ABSENT,Family event
104,06-08-2025,PRESENT,
104,12-08-2025,PRESENT,
104,19-08-2025,LATE,
104,30-08-2025,ABSENT,
104,05-09-2025,PRESENT,
104,15-09-2025,PRESENT,
104,22-09-2025,PRESENT,
104,03-10-2025,PRESENT,
104,31-10-2025,PRESENT,
104,04-11-2025,ABSENT,Sick
104,12-11-2025,PRESENT,
104,14-11-2025,PRESENT,
104,15-11-2025,PRESENT,
104,25-11-2025,ABSENT,Not informed
104,27-11-2025,PRESENT,
104,04-12-2025,PRESENT,
104,16-12-2025,ABSENT,Sick
104,05-01-2026,PRESENT,
104,06-01-2026,PRESENT,
104,12-01-2026,PRESENT,
104,19-01-2026,PRESENT,
104,26-01-2026,PRESENT,
104,07-03-2026,PRESENT,
104,09-03-2026,PRESENT,
104,12-03-2026,PRESENT,
104,16-03-2026,PRESENT,
104,20-03-2026,PRESENT,
105,09-07-2025,PRESENT,
105,16-07-2025,PRESENT,
105,18-07-2025,ABSENT,
105,25-07-2025,PRESENT,
105,16-08-2025,PRESENT,
105,22-08-2025,LATE,
105,27-08-2025,PRESENT,
105,06-09-2025,PRESENT,
105,26-09-2025,HALF_DAY,
105,04-10-2025,ABSENT,Not informed
105,18-10-2025,PRESENT,
105,20-10-2025,PRESENT,
105,21-10-2025,ABSENT,Medical leave
105,30-10-2025,PRESENT,
105,15-11-2025,PRESENT,
105,20-11-2025,PRESENT,
105,22-11-2025,ABSENT,Family event
105,03-12-2025,PRESENT,
105,06-12-2025,LATE,
105,10-12-2025,PRESENT,
105,26-12-2025,LEAVE,
105,07-01-2026,PRESENT,
105,15-01-2026,PRESENT,
105,16-01-2026,ABSENT,Not informed
105,17-01-2026,PRESENT,
105,19-01-2026,PRESENT,
105,02-02-2026,PRESENT,
105,07-02-2026,PRESENT,
105,09-03-2026,PRESENT,
105,31-03-2026,PRESENT,
106,15-07-2025,PRESENT,
106,19-07-2025,PRESENT,
106,24-07-2025,PRESENT,
106,25-07-2025,HALF_DAY,
106,26-07-2025,PRESENT,
106,04-08-2025,PRESENT,
106,06-08-2025,HALF_DAY,
106,07-08-2025,PRESENT,
106,22-08-2025,PRESENT,
106,27-08-2025,ABSENT,Sick
106,13-09-2025,PRESENT,
106,15-09-2025,PRESENT,
106,10-10-2025,PRESENT,
106,29-10-2025,ABSENT,Medical leave
106,08-11-2025,PRESENT,
106,25-11-2025,PRESENT,
106,02-12-2025,ABSENT,
106,05-01-2026,PRESENT,
106,21-01-2026,PRESENT,
106,24-01-2026,PRESENT,
106,09-02-2026,PRESENT,
106,10-02-2026,PRESENT,
106,17-02-2026,PRESENT,
106,18-02-2026,ABSENT,Not informed
106,21-02-2026,PRESENT,
106,28-02-2026,PRESENT,
106,04-03-2026,LATE,
106,18-03-2026,PRESENT,
106,24-03-2026,PRESENT,
106,26-03-2026,PRESENT,
107,08-07-2025,PRESENT,
107,14-07-2025,PRESENT,
107,16-07-2025,PRESENT,
107,28-07-2025,PRESENT,
107,01-08-2025,PRESENT,
107,04-08-2025,PRESENT,
107,16-08-2025,PRESENT,
107,30-08-2025,PRESENT,
107,01-09-2025,PRESENT,
107,02-09-2025,PRESENT,
107,05-09-2025,PRESENT,
107,06-09-2025,ABSENT,Medical leave
107,16-10-2025,PRESENT,
107,22-10-2025,PRESENT,
107,05-11-2025,PRESENT,
107,02-12-2025,PRESENT,
107,11-12-2025,PRESENT,
107,16-12-2025,PRESENT,
107,23-12-2025,PRESENT,
107,27-12-2025,PRESENT,
107,10-01-2026,PRESENT,
107,14-01-2026,PRESENT,
107,22-01-2026,PRESENT,
107,26-01-2026,PRESENT,
107,09-02-2026,PRESENT,
107,23-02-2026,PRESENT,
107,27-02-2026,PRESENT,
107,04-03-2026,PRESENT,
107,05-03-2026,PRESENT,
107,31-03-2026,PRESENT,
108,15-07-2025,PRESENT,
108,16-07-2025,PRESENT,
108,23-07-2025,PRESENT,
108,26-07-2025,HALF_DAY,
108,29-07-2025,PRESENT,
108,08-08-2025,PRESENT,
108,22-08-2025,PRESENT,
108,16-09-2025,PRESENT,
108,23-09-2025,LATE,
108,30-09-2025,PRESENT,
108,07-10-2025,HALF_DAY,
108,15-10-2025,ABSENT,Sick
108,21-10-2025,PRESENT,
108,30-10-2025,PRESENT,
108,03-11-2025,PRESENT,
108,08-11-2025,PRESENT,
108,24-11-2025,PRESENT,
108,03-12-2025,ABSENT,Sick
108,08-12-2025,PRESENT,
108,12-12-2025,PRESENT,
108,16-12-2025,PRESENT,
108,25-12-2025,PRESENT,
108,27-12-2025,LATE,
108,05-01-2026,PRESENT,
108,07-01-2026,PRESENT,
108,17-01-2026,PRESENT,
108,30-01-2026,PRESENT,
108,02-02-2026,PRESENT,
108,24-03-2026,PRESENT,
108,26-03-2026,LATE,
109,11-07-2025,PRESENT,
109,12-07-2025,PRESENT,
109,14-07-2025,LEAVE,Medical leave
109,17-07-2025,ABSENT,Family event
109,18-07-2025,PRESENT,
109,23-07-2025,ABSENT,Medical leave
109,06-08-2025,PRESENT,
109,03-09-2025,PRESENT,
109,11-09-2025,PRESENT,
109,12-09-2025,PRESENT,
109,04-10-2025,PRESENT,
109,18-10-2025,PRESENT,
109,28-10-2025,PRESENT,
109,12-11-2025,PRESENT,
109,26-11-2025,PRESENT,
109,27-11-2025,PRESENT,
109,02-12-2025,PRESENT,
109,04-12-2025,PRESENT,
109,12-12-2025,PRESENT,
109,18-12-2025,PRESENT,
109,03-01-2026,PRESENT,
109,16-01-2026,PRESENT,
109,26-01-2026,PRESENT,
109,27-01-2026,PRESENT,
109,11-02-2026,PRESENT,
109,23-02-2026,HALF_DAY,
109,25-02-2026,HALF_DAY,
109,05-03-2026,PRESENT,
109,17-03-2026,PRESENT,
109,18-03-2026,PRESENT,
110,10-07-2025,PRESENT,
110,19-07-2025,PRESENT,
110,23-07-2025,PRESENT,
110,29-07-2025,LATE,
110,12-08-2025,LATE,
110,13-08-2025,PRESENT,
110,14-08-2025,PRESENT,
110,29-08-2025,PRESENT,
110,17-09-2025,LATE,
110,18-09-2025,PRESENT,
110,19-09-2025,PRESENT,
110,29-09-2025,LEAVE,
110,01-10-2025,PRESENT,
110,08-10-2025,ABSENT,Family event
110,18-10-2025,PRESENT,
110,01-11-2025,PRESENT,
110,14-11-2025,PRESENT,
110,26-11-2025,ABSENT,
110,02-01-2026,PRESENT,
110,03-01-2026,PRESENT,
110,17-01-2026,PRESENT,
110,19-01-2026,PRESENT,
110,06-02-2026,PRESENT,
110,27-02-2026,LATE,
110,03-03-2026,PRESENT,
110,06-03-2026,PRESENT,
110,23-03-2026,PRESENT,
110,24-03-2026,PRESENT,
110,28-03-2026,PRESENT,
110,31-03-2026,PRESENT,
111,12-07-2025,PRESENT,
111,16-07-2025,PRESENT,
111,17-07-2025,PRESENT,
111,31-07-2025,PRESENT,
111,09-08-2025,PRESENT,
111,12-08-2025,PRESENT,
111,18-08-2025,PRESENT,
111,06-09-2025,PRESENT,
111,13-09-2025,PRESENT,
111,15-09-2025,PRESENT,
111,25-09-2025,PRESENT,
111,27-09-2025,PRESENT,
111,03-10-2025,PRESENT,
111,06-10-2025,PRESENT,
111,25-10-2025,ABSENT,Medical leave
111,29-10-2025,PRESENT,
111,14-11-2025,PRESENT,
111,19-11-2025,ABSENT,Not informed
111,02-12-2025,PRESENT,
111,09-12-2025,PRESENT,
111,18-12-2025,HALF_DAY,
111,29-12-2025,PRESENT,
111,16-01-2026,PRESENT,
111,30-01-2026,PRESENT,
111,07-02-2026,HALF_DAY,
111,12-02-2026,PRESENT,
111,19-02-2026,PRESENT,
111,26-02-2026,HALF_DAY,
111,06-03-2026,PRESENT,
111,14-03-2026,PRESENT,
112,15-07-2025,PRESENT,
112,23-07-2025,PRESENT,
112,07-08-2025,PRESENT,
112,22-09-2025,HALF_DAY,
112,30-09-2025,PRESENT,
112,16-10-2025,PRESENT,
112,30-10-2025,PRESENT,
112,10-11-2025,PRESENT,
112,11-11-2025,ABSENT,Not informed
112,13-11-2025,PRESENT,
112,21-11-2025,PRESENT,
112,08-12-2025,LEAVE,
112,12-12-2025,PRESENT,
112,18-12-2025,PRESENT,
112,23-12-2025,PRESENT,
112,24-12-2025,PRESENT,
112,08-01-2026,PRESENT,
112,24-01-2026,PRESENT,
112,06-02-2026,PRESENT,
112,07-02-2026,PRESENT,
112,09-02-2026,PRESENT,
112,11-02-2026,ABSENT,Not informed
112,16-02-2026,ABSENT,
112,17-02-2026,PRESENT,
112,20-02-2026,PRESENT,
112,25-02-2026,PRESENT,
112,04-03-2026,PRESENT,
112,10-03-2026,ABSENT,Not informed
112,11-03-2026,PRESENT,
112,21-03-2026,PRESENT,
113,09-07-2025,PRESENT,
113,11-07-2025,PRESENT,
113,17-07-2025,ABSENT,Family event
113,23-07-2025,PRESENT,
113,25-07-2025,PRESENT,
113,30-07-2025,ABSENT,Sick
113,29-08-2025,PRESENT,
113,09-09-2025,PRESENT,
113,22-09-2025,ABSENT,Sick
113,26-09-2025,PRESENT,
113,08-10-2025,ABSENT,
113,21-10-2025,PRESENT,
113,05-11-2025,PRESENT,
113,14-11-2025,PRESENT,
113,15-11-2025,PRESENT,
113,21-11-2025,PRESENT,
113,22-11-2025,LATE,
113,26-11-2025,PRESENT,
113,01-12-2025,PRESENT,
113,18-12-2025,LATE,
113,19-12-2025,PRESENT,
113,26-12-2025,PRESENT,
113,05-01-2026,PRESENT,
113,13-01-2026,ABSENT,Not informed
113,20-02-2026,PRESENT,
113,26-02-2026,LATE,
113,03-03-2026,PRESENT,
113,11-03-2026,PRESENT,
113,16-03-2026,PRESENT,
113,27-03-2026,PRESENT,
114,14-07-2025,PRESENT,
114,28-07-2025,PRESENT,
114,29-07-2025,PRESENT,
114,07-08-2025,PRESENT,
114,08-08-2025,PRESENT,
114,18-08-2025,PRESENT,
114,05-09-2025,PRESENT,
114,15-09-2025,PRESENT,
114,29-09-2025,PRESENT,
114,11-10-2025,PRESENT,
114,14-10-2025,PRESENT,
114,22-10-2025,PRESENT,
114,25-10-2025,PRESENT,
114,05-11-2025,PRESENT,
114,07-11-2025,PRESENT,
114,11-11-2025,PRESENT,
114,15-11-2025,LATE,
114,04-12-2025,LEAVE,
114,05-12-2025,PRESENT,
114,24-12-2025,LATE,
114,03-01-2026,PRESENT,
114,14-01-2026,PRESENT,
114,16-01-2026,PRESENT,
114,26-01-2026,PRESENT,
114,26-02-2026,PRESENT,
114,09-03-2026,ABSENT,Family event
114,11-03-2026,PRESENT,
114,18-03-2026,HALF_DAY,
114,20-03-2026,ABSENT,Sick
114,30-03-2026,PRESENT,
115,22-07-2025,PRESENT,
115,12-08-2025,PRESENT,
115,02-09-2025,PRESENT,
115,11-09-2025,PRESENT,
115,17-09-2025,HALF_DAY,
115,24-09-2025,PRESENT,
115,02-10-2025,ABSENT,Family event
115,09-10-2025,PRESENT,
115,13-10-2025,LATE,
115,08-11-2025,PRESENT,
115,14-11-2025,PRESENT,
115,24-11-2025,PRESENT,
115,03-12-2025,PRESENT,
115,09-12-2025,PRESENT,
115,10-12-2025,PRESENT,
115,11-12-2025,PRESENT,
115,13-12-2025,PRESENT,
115,17-12-2025,ABSENT,Medical leave
115,22-12-2025,PRESENT,
115,25-12-2025,PRESENT,
115,03-01-2026,PRESENT,
115,10-01-2026,PRESENT,
115,19-01-2026,PRESENT,
115,10-02-2026,PRESENT,
115,20-02-2026,PRESENT,
115,28-02-2026,PRESENT,
115,02-03-2026,PRESENT,
115,16-03-2026,LEAVE,Medical leave
115,24-03-2026,ABSENT,
115,27-03-2026,ABSENT,Family event
116,10-07-2025,PRESENT,
116,30-07-2025,PRESENT,
116,05-08-2025,PRESENT,
116,11-08-2025,PRESENT,
116,19-08-2025,ABSENT,Family event
116,25-08-2025,PRESENT,
116,29-08-2025,PRESENT,
116,03-09-2025,PRESENT,
116,22-09-2025,PRESENT,
116,23-09-2025,PRESENT,
116,30-09-2025,PRESENT,
116,08-10-2025,PRESENT,
116,16-10-2025,PRESENT,
116,05-11-2025,PRESENT,
116,08-11-2025,ABSENT,
116,19-11-2025,PRESENT,
116,24-11-2025,LATE,
116,01-12-2025,PRESENT,
116,04-12-2025,PRESENT,
116,18-12-2025,PRESENT,
116,25-12-2025,PRESENT,
116,03-01-2026,PRESENT,
116,10-01-2026,PRESENT,
116,04-02-2026,PRESENT,
116,13-02-2026,PRESENT,
116,19-02-2026,LATE,
116,21-02-2026,PRESENT,
116,28-02-2026,PRESENT,
116,20-03-2026,LATE,
116,24-03-2026,PRESENT,
117,08-07-2025,PRESENT,
117,31-07-2025,PRESENT,
117,15-08-2025,PRESENT,
117,20-08-2025,LATE,
117,29-08-2025,PRESENT,
117,01-10-2025,PRESENT,
117,10-10-2025,LEAVE,Sick
117,24-10-2025,PRESENT,
117,28-10-2025,PRESENT,
117,05-11-2025,PRESENT,
117,13-11-2025,PRESENT,
117,17-11-2025,PRESENT,
117,18-11-2025,PRESENT,
117,19-11-2025,PRESENT,
117,26-11-2025,PRESENT,
117,05-12-2025,PRESENT,
117,29-12-2025,PRESENT,
117,30-12-2025,PRESENT,
117,10-01-2026,PRESENT,
117,16-01-2026,PRESENT,
117,23-01-2026,PRESENT,
117,31-01-2026,PRESENT,
117,07-02-2026,HALF_DAY,
117,10-02-2026,PRESENT,
117,12-02-2026,PRESENT,
117,17-02-2026,PRESENT,
117,20-02-2026,LATE,
117,05-03-2026,LATE,
117,07-03-2026,PRESENT,
117,12-03-2026,PRESENT,
118,04-08-2025,HALF_DAY,
118,05-08-2025,PRESENT,
118,07-08-2025,PRESENT,
118,11-08-2025,PRESENT,
118,18-08-2025,PRESENT,
118,25-08-2025,PRESENT,
118,26-08-2025,PRESENT,
118,05-09-2025,PRESENT,
118,11-09-2025,PRESENT,
118,13-09-2025,PRESENT,
118,22-09-2025,PRESENT,
118,26-09-2025,PRESENT,
118,27-09-2025,PRESENT,
118,29-09-2025,PRESENT,
118,30-09-2025,PRESENT,
118,08-10-2025,PRESENT,
118,17-10-2025,LATE,
118,14-11-2025,PRESENT,
118,28-11-2025,PRESENT,
118,05-12-2025,PRESENT,
118,08-12-2025,PRESENT,
118,18-12-2025,PRESENT,
118,25-12-2025,PRESENT,
118,03-01-2026,LATE,
118,06-01-2026,LATE,
118,21-01-2026,PRESENT,
118,16-02-2026,PRESENT,
118,18-03-2026,PRESENT,
118,26-03-2026,PRESENT,
118,30-03-2026,PRESENT,
119,28-07-2025,PRESENT,
119,29-07-2025,PRESENT,
119,30-07-2025,PRESENT,
119,01-08-2025,LATE,
119,09-08-2025,PRESENT,
119,16-08-2025,PRESENT,
119,22-08-2025,PRESENT,
119,10-09-2025,PRESENT,
119,26-09-2025,ABSENT,Sick
119,27-09-2025,ABSENT,Sick
119,08-10-2025,PRESENT,
119,11-10-2025,PRESENT,
119,14-10-2025,PRESENT,
119,20-10-2025,PRESENT,
119,19-11-2025,PRESENT,
119,04-12-2025,ABSENT,Family event
119,06-12-2025,PRESENT,
119,10-01-2026,PRESENT,
119,22-01-2026,PRESENT,
119,23-01-2026,PRESENT,
119,28-01-2026,PRESENT,
119,02-02-2026,LATE,
119,09-02-2026,PRESENT,
119,10-02-2026,PRESENT,
119,11-02-2026,PRESENT,
119,13-02-2026,PRESENT,
119,23-02-2026,ABSENT,Sick
119,28-02-2026,PRESENT,
119,03-03-2026,LATE,
119,21-03-2026,HALF_DAY,
120,07-07-2025,PRESENT,
120,17-07-2025,ABSENT,Medical leave
120,26-07-2025,PRESENT,
120,28-08-2025,PRESENT,
120,29-08-2025,PRESENT,
120,06-09-2025,PRESENT,
120,08-09-2025,PRESENT,
120,13-09-2025,PRESENT,
120,15-09-2025,PRESENT,
120,23-09-2025,PRESENT,
120,01-10-2025,HALF_DAY,
120,03-10-2025,HALF_DAY,
120,18-10-2025,PRESENT,
120,28-10-2025,PRESENT,
120,08-11-2025,PRESENT,
120,13-11-2025,PRESENT,
120,27-11-2025,PRESENT,
120,28-11-2025,ABSENT,Medical leave
120,29-11-2025,PRESENT,
120,11-12-2025,PRESENT,
120,19-12-2025,PRESENT,
120,27-12-2025,PRESENT,
120,05-01-2026,ABSENT,Sick
120,06-01-2026,PRESENT,
120,10-01-2026,ABSENT,Medical leave
120,13-01-2026,LATE,
120,19-01-2026,PRESENT,
120,22-01-2026,LEAVE,Medical leave
120,28-01-2026,PRESENT,
120,03-02-2026,PRESENT,
121,15-07-2025,PRESENT,
121,22-07-2025,ABSENT,Sick
121,24-07-2025,PRESENT,
121,09-09-2025,PRESENT,
121,10-09-2025,PRESENT,
121,15-09-2025,PRESENT,
121,22-09-2025,PRESENT,
121,24-09-2025,PRESENT,
121,01-10-2025,PRESENT,
121,09-10-2025,PRESENT,
121,10-10-2025,LEAVE,Sick
121,31-10-2025,PRESENT,
121,03-11-2025,PRESENT,
121,05-11-2025,PRESENT,
121,06-11-2025,PRESENT,
121,10-11-2025,PRESENT,
121,15-11-2025,PRESENT,
121,28-11-2025,PRESENT,
121,04-12-2025,LATE,
121,20-12-2025,PRESENT,
121,23-01-2026,PRESENT,
121,27-01-2026,PRESENT,
121,09-02-2026,LEAVE,Not informed
121,21-02-2026,PRESENT,
121,25-02-2026,LEAVE,
121,05-03-2026,PRESENT,
121,13-03-2026,ABSENT,Sick
121,17-03-2026,PRESENT,
121,25-03-2026,PRESENT,
121,31-03-2026,PRESENT,
122,10-07-2025,PRESENT,
122,12-07-2025,PRESENT,
122,17-07-2025,PRESENT,
122,18-07-2025,PRESENT,
122,06-08-2025,PRESENT,
122,22-08-2025,ABSENT,Family event
122,23-08-2025,PRESENT,
122,03-09-2025,PRESENT,
122,09-09-2025,HALF_DAY,
122,12-09-2025,PRESENT,
122,18-09-2025,PRESENT,
122,01-10-2025,ABSENT,Medical leave
122,13-10-2025,PRESENT,
122,25-10-2025,LATE,
122,01-11-2025,PRESENT,
122,06-11-2025,PRESENT,
122,28-11-2025,PRESENT,
122,03-12-2025,PRESENT,
122,10-12-2025,PRESENT,
122,13-12-2025,LATE,
122,18-12-2025,LATE,
122,05-02-2026,HALF_DAY,
122,10-02-2026,LATE,
122,17-02-2026,PRESENT,
122,27-02-2026,PRESENT,
122,03-03-2026,PRESENT,
122,13-03-2026,HALF_DAY,
122,20-03-2026,PRESENT,
122,25-03-2026,PRESENT,
122,31-03-2026,PRESENT,
123,12-07-2025,PRESENT,
123,02-08-2025,PRESENT,
123,04-08-2025,PRESENT,
123,05-08-2025,PRESENT,
123,02-09-2025,PRESENT,
123,04-09-2025,ABSENT,
123,10-09-2025,PRESENT,
123,23-09-2025,PRESENT,
123,26-09-2025,PRESENT,
123,01-10-2025,PRESENT,
123,04-10-2025,PRESENT,
123,07-10-2025,LATE,
123,10-10-2025,PRESENT,
123,27-10-2025,PRESENT,
123,31-10-2025,HALF_DAY,
123,10-11-2025,PRESENT,
123,11-11-2025,LATE,
123,20-11-2025,PRESENT,
123,24-11-2025,PRESENT,
123,06-12-2025,PRESENT,
123,25-12-2025,PRESENT,
123,29-12-2025,PRESENT,
123,03-01-2026,PRESENT,
123,17-01-2026,LEAVE,Family event
123,11-02-2026,PRESENT,
123,13-02-2026,PRESENT,
123,25-02-2026,PRESENT,
123,27-02-2026,PRESENT,
123,11-03-2026,PRESENT,
123,19-03-2026,ABSENT,Not informed
124,24-07-2025,PRESENT,
124,31-07-2025,PRESENT,
124,04-08-2025,PRESENT,
124,18-08-2025,ABSENT,
124,26-08-2025,PRESENT,
124,06-09-2025,PRESENT,
124,13-09-2025,PRESENT,
124,18-09-2025,PRESENT,
124,19-09-2025,ABSENT,Family event
124,07-10-2025,HALF_DAY,
124,14-10-2025,PRESENT,
124,15-10-2025,PRESENT,
124,04-11-2025,PRESENT,
124,06-11-2025,PRESENT,
124,25-11-2025,PRESENT,
124,29-11-2025,ABSENT,Family event
124,01-12-2025,PRESENT,
124,09-12-2025,PRESENT,
124,20-12-2025,LATE,
124,23-12-2025,PRESENT,
124,30-12-2025,PRESENT,
124,06-01-2026,PRESENT,
124,10-01-2026,LATE,
124,07-02-2026,LATE,
124,12-02-2026,PRESENT,
124,18-02-2026,PRESENT,
124,20-02-2026,PRESENT,
124,05-03-2026,ABSENT,Sick
124,26-03-2026,PRESENT,
124,30-03-2026,PRESENT,
125,09-07-2025,PRESENT,
125,10-07-2025,PRESENT,
125,17-07-2025,PRESENT,
125,09-08-2025,PRESENT,
125,11-08-2025,PRESENT,
125,12-08-2025,PRESENT,
125,16-08-2025,ABSENT,Family event
125,23-08-2025,PRESENT,
125,25-08-2025,PRESENT,
125,26-08-2025,PRESENT,
125,03-09-2025,ABSENT,Family event
125,02-10-2025,PRESENT,
125,03-11-2025,LATE,
125,08-11-2025,PRESENT,
125,10-11-2025,PRESENT,
125,13-11-2025,PRESENT,
125,14-11-2025,PRESENT,
125,28-11-2025,PRESENT,
125,01-12-2025,PRESENT,
125,09-12-2025,PRESENT,
125,10-12-2025,PRESENT,
125,17-12-2025,HALF_DAY,
125,09-01-2026,LATE,
125,24-01-2026,PRESENT,
125,06-02-2026,PRESENT,
125,14-02-2026,PRESENT,
125,17-02-2026,LATE,
125,03-03-2026,PRESENT,
125,13-03-2026,PRESENT,
125,26-03-2026,PRESENT,
126,08-07-2025,PRESENT,
126,10-07-2025,PRESENT,
126,24-07-2025,PRESENT,
126,26-07-2025,PRESENT,
126,04-08-2025,LATE,
126,20-08-2025,PRESENT,
126,22-08-2025,PRESENT,
126,28-08-2025,PRESENT,
126,01-09-2025,LEAVE,Medical leave
126,02-09-2025,PRESENT,
126,04-09-2025,PRESENT,
126,11-09-2025,PRESENT,
126,07-10-2025,ABSENT,Family event
126,13-10-2025,PRESENT,
126,17-10-2025,PRESENT,
126,18-10-2025,PRESENT,
126,07-11-2025,PRESENT,
126,20-11-2025,LATE,
126,22-11-2025,PRESENT,
126,24-11-2025,PRESENT,
126,13-12-2025,PRESENT,
126,20-12-2025,PRESENT,
126,31-12-2025,PRESENT,
126,08-01-2026,PRESENT,
126,09-01-2026,PRESENT,
126,12-01-2026,PRESENT,
126,29-01-2026,PRESENT,
126,31-01-2026,ABSENT,Medical leave
126,18-03-2026,PRESENT,
126,26-03-2026,PRESENT,
127,07-07-2025,PRESENT,
127,22-07-2025,ABSENT,Medical leave
127,29-07-2025,PRESENT,
127,02-08-2025,PRESENT,
127,16-08-2025,PRESENT,
127,18-08-2025,HALF_DAY,
127,19-08-2025,PRESENT,
127,25-08-2025,PRESENT,
127,26-08-2025,PRESENT,
127,06-09-2025,PRESENT,
127,09-09-2025,PRESENT,
127,13-09-2025,LEAVE,Medical leave
127,26-09-2025,LATE,
127,10-10-2025,PRESENT,
127,14-11-2025,PRESENT,
127,25-11-2025,PRESENT,
127,05-12-2025,PRESENT,
127,30-12-2025,PRESENT,
127,02-01-2026,PRESENT,
127,06-01-2026,PRESENT,
127,22-01-2026,PRESENT,
127,11-02-2026,PRESENT,
127,21-02-2026,PRESENT,
127,25-02-2026,ABSENT,Not informed
127,03-03-2026,LATE,
127,04-03-2026,PRESENT,
127,17-03-2026,PRESENT,
127,18-03-2026,PRESENT,
127,20-03-2026,PRESENT,
127,23-03-2026,PRESENT,
128,09-07-2025,PRESENT,
128,14-07-2025,PRESENT,
128,11-08-2025,PRESENT,
128,28-08-2025,PRESENT,
128,01-09-2025,PRESENT,
128,03-09-2025,PRESENT,
128,08-09-2025,PRESENT,
128,19-09-2025,PRESENT,
128,17-10-2025,PRESENT,
128,18-10-2025,PRESENT,
128,22-10-2025,PRESENT,
128,23-10-2025,PRESENT,
128,25-10-2025,PRESENT,
128,28-10-2025,PRESENT,
128,10-11-2025,ABSENT,Not informed
128,13-11-2025,ABSENT,Medical leave
128,15-11-2025,PRESENT,
128,22-11-2025,PRESENT,
128,19-12-2025,ABSENT,Not informed
128,20-12-2025,PRESENT,
128,06-01-2026,ABSENT,Sick
128,16-01-2026,PRESENT,
128,22-01-2026,PRESENT,
128,27-01-2026,LATE,
128,29-01-2026,PRESENT,
128,09-02-2026,PRESENT,
128,14-02-2026,ABSENT,Medical leave
128,21-02-2026,PRESENT,
128,26-02-2026,PRESENT,
128,20-03-2026,PRESENT,
129,15-07-2025,ABSENT,
129,17-07-2025,LATE,
129,23-07-2025,PRESENT,
129,24-07-2025,PRESENT,
129,31-07-2025,ABSENT,Not informed
129,04-08-2025,LATE,
129,06-08-2025,PRESENT,
129,11-08-2025,PRESENT,
129,14-08-2025,LATE,
129,21-08-2025,PRESENT,
129,28-08-2025,PRESENT,
129,02-09-2025,PRESENT,
129,27-09-2025,ABSENT,Medical leave
129,08-10-2025,PRESENT,
129,24-10-2025,ABSENT,Sick
129,08-11-2025,PRESENT,
129,15-11-2025,PRESENT,
129,16-12-2025,HALF_DAY,
129,05-01-2026,PRESENT,
129,13-01-2026,PRESENT,
129,15-01-2026,LATE,
129,02-02-2026,PRESENT,
129,03-02-2026,PRESENT,
129,04-02-2026,PRESENT,
129,11-02-2026,PRESENT,
129,14-02-2026,PRESENT,
129,16-02-2026,PRESENT,
129,04-03-2026,PRESENT,
129,24-03-2026,PRESENT,
129,26-03-2026,ABSENT,
130,07-07-2025,PRESENT,
130,01-08-2025,LEAVE,Family event
130,02-08-2025,PRESENT,
130,09-08-2025,PRESENT,
130,11-08-2025,ABSENT,Not informed
130,27-08-2025,PRESENT,
130,29-08-2025,PRESENT,
130,30-08-2025,LATE,
130,26-09-2025,PRESENT,
130,07-10-2025,PRESENT,
130,09-10-2025,ABSENT,Family event
130,16-10-2025,HALF_DAY,
130,18-10-2025,HALF_DAY,
130,05-11-2025,LATE,
130,21-11-2025,PRESENT,
130,22-11-2025,PRESENT,
130,20-12-2025,PRESENT,
130,22-12-2025,PRESENT,
130,23-12-2025,LATE,
130,30-12-2025,PRESENT,
130,09-01-2026,PRESENT,
130,12-01-2026,PRESENT,
130,30-01-2026,PRESENT,
130,09-02-2026,PRESENT,
130,14-02-2026,PRESENT,
130,07-03-2026,PRESENT,
130,11-03-2026,PRESENT,
130,13-03-2026,PRESENT,
130,14-03-2026,PRESENT,
130,25-03-2026,PRESENT,
131,17-07-2025,ABSENT,Not informed
131,02-08-2025,PRESENT,
131,21-08-2025,PRESENT,
131,26-08-2025,ABSENT,
131,28-08-2025,PRESENT,
131,06-09-2025,HALF_DAY,
131,22-09-2025,PRESENT,
131,23-09-2025,PRESENT,
131,02-10-2025,PRESENT,
131,17-10-2025,LEAVE,Family event
131,18-10-2025,PRESENT,
131,20-10-2025,PRESENT,
131,23-10-2025,PRESENT,
131,29-10-2025,PRESENT,
131,13-11-2025,PRESENT,
131,14-11-2025,PRESENT,
131,18-11-2025,PRESENT,
131,29-11-2025,ABSENT,Family event
131,09-12-2025,PRESENT,
131,13-12-2025,PRESENT,
131,23-12-2025,PRESENT,
131,26-12-2025,PRESENT,
131,27-12-2025,PRESENT,
131,10-01-2026,PRESENT,
131,14-01-2026,PRESENT,
131,27-01-2026,PRESENT,
131,30-01-2026,ABSENT,
131,31-01-2026,PRESENT,
131,21-02-2026,PRESENT,
131,11-03-2026,ABSENT,Sick
132,09-07-2025,PRESENT,
132,12-07-2025,PRESENT,
132,05-08-2025,PRESENT,
132,22-08-2025,LATE,
132,23-08-2025,PRESENT,
132,30-08-2025,PRESENT,
132,06-10-2025,PRESENT,
132,14-10-2025,PRESENT,
132,15-10-2025,ABSENT,Medical leave
132,21-10-2025,PRESENT,
132,03-11-2025,PRESENT,
132,08-11-2025,PRESENT,
132,13-11-2025,HALF_DAY,
132,14-11-2025,PRESENT,
132,19-11-2025,PRESENT,
132,22-11-2025,PRESENT,
132,25-11-2025,PRESENT,
132,16-12-2025,LEAVE,Not informed
132,25-12-2025,PRESENT,
132,30-12-2025,PRESENT,
132,06-01-2026,PRESENT,
132,10-01-2026,PRESENT,
132,15-01-2026,PRESENT,
132,29-01-2026,PRESENT,
132,10-02-2026,PRESENT,
132,16-02-2026,PRESENT,
132,05-03-2026,PRESENT,
132,18-03-2026,ABSENT,
132,23-03-2026,PRESENT,
132,30-03-2026,PRESENT,
133,07-07-2025,PRESENT,
133,22-07-2025,LATE,
133,30-07-2025,PRESENT,
133,02-08-2025,PRESENT,
133,14-08-2025,ABSENT,
133,16-08-2025,LEAVE,Not informed
133,18-08-2025,PRESENT,
133,19-08-2025,PRESENT,
133,25-08-2025,PRESENT,
133,27-08-2025,PRESENT,
133,30-08-2025,PRESENT,
133,04-09-2025,PRESENT,
133,05-09-2025,PRESENT,
133,15-09-2025,ABSENT,Medical leave
133,04-10-2025,ABSENT,Family event
133,06-10-2025,PRESENT,
133,07-10-2025,ABSENT,Medical leave
133,14-10-2025,PRESENT,
133,17-10-2025,LATE,
133,01-11-2025,PRESENT,
133,13-11-2025,HALF_DAY,
133,20-11-2025,PRESENT,
133,19-01-2026,PRESENT,
133,20-01-2026,PRESENT,
133,16-02-2026,PRESENT,
133,20-02-2026,HALF_DAY,
133,26-02-2026,PRESENT,
133,27-02-2026,PRESENT,
133,03-03-2026,LEAVE,Not informed
133,14-03-2026,PRESENT,
134,07-07-2025,ABSENT,Family event
134,14-07-2025,PRESENT,
134,28-07-2025,PRESENT,
134,29-07-2025,PRESENT,
134,28-08-2025,PRESENT,
134,10-09-2025,PRESENT,
134,15-09-2025,PRESENT,
134,16-10-2025,PRESENT,
134,17-10-2025,PRESENT,
134,22-10-2025,PRESENT,
134,24-10-2025,PRESENT,
134,31-10-2025,ABSENT,Family event
134,01-11-2025,PRESENT,
134,10-11-2025,PRESENT,
134,29-11-2025,PRESENT,
134,03-12-2025,PRESENT,
134,12-12-2025,PRESENT,
134,29-12-2025,ABSENT,Medical leave
134,31-12-2025,PRESENT,
134,01-01-2026,PRESENT,
134,03-01-2026,PRESENT,
134,05-01-2026,PRESENT,
134,22-01-2026,PRESENT,
134,23-01-2026,PRESENT,
134,09-02-2026,ABSENT,
134,12-02-2026,PRESENT,
134,16-02-2026,PRESENT,
134,20-02-2026,PRESENT,
134,07-03-2026,PRESENT,
134,24-03-2026,ABSENT,Sick
135,09-07-2025,PRESENT,
135,10-07-2025,PRESENT,
135,22-07-2025,LEAVE,Medical leave
135,09-08-2025,LATE,
135,13-08-2025,PRESENT,
135,23-08-2025,PRESENT,
135,22-09-2025,PRESENT,
135,04-10-2025,PRESENT,
135,09-10-2025,PRESENT,
135,29-10-2025,PRESENT,
135,03-11-2025,PRESENT,
135,04-11-2025,HALF_DAY,
135,10-11-2025,PRESENT,
135,18-11-2025,ABSENT,Sick
135,19-11-2025,PRESENT,
135,28-11-2025,PRESENT,
135,04-12-2025,PRESENT,
135,25-12-2025,LATE,
135,02-01-2026,PRESENT,
135,12-01-2026,PRESENT,
135,17-01-2026,PRESENT,
135,22-01-2026,PRESENT,
135,27-01-2026,PRESENT,
135,12-02-2026,LATE,
135,21-02-2026,PRESENT,
135,03-03-2026,PRESENT,
135,04-03-2026,PRESENT,
135,09-03-2026,PRESENT,
135,20-03-2026,PRESENT,
135,31-03-2026,PRESENT,
136,11-07-2025,PRESENT,
136,14-07-2025,PRESENT,
136,17-07-2025,LATE,
136,21-07-2025,PRESENT,
136,12-08-2025,PRESENT,
136,28-08-2025,LATE,
136,19-09-2025,PRESENT,
136,24-09-2025,PRESENT,
136,02-10-2025,PRESENT,
136,03-10-2025,PRESENT,
136,11-10-2025,PRESENT,
136,15-10-2025,PRESENT,
136,21-10-2025,PRESENT,
136,23-10-2025,LATE,
136,24-10-2025,PRESENT,
136,07-11-2025,ABSENT,Medical leave
136,10-11-2025,PRESENT,
136,17-11-2025,PRESENT,
136,20-11-2025,PRESENT,
136,29-11-2025,PRESENT,
136,15-12-2025,ABSENT,
136,31-12-2025,PRESENT,
136,01-01-2026,LATE,
136,12-01-2026,PRESENT,
136,23-01-2026,PRESENT,
136,27-01-2026,PRESENT,
136,20-02-2026,PRESENT,
136,07-03-2026,PRESENT,
136,16-03-2026,PRESENT,
136,23-03-2026,PRESENT,
137,12-07-2025,PRESENT,
137,17-07-2025,PRESENT,
137,30-07-2025,PRESENT,
137,05-08-2025,PRESENT,
137,09-08-2025,PRESENT,
137,19-08-2025,ABSENT,Sick
137,30-08-2025,PRESENT,
137,02-09-2025,PRESENT,
137,20-09-2025,PRESENT,
137,22-09-2025,PRESENT,
137,04-10-2025,HALF_DAY,
137,15-10-2025,PRESENT,
137,28-10-2025,PRESENT,
137,03-11-2025,HALF_DAY,
137,10-11-2025,ABSENT,Family event
137,12-11-2025,PRESENT,
137,06-12-2025,PRESENT,
137,24-12-2025,ABSENT,Sick
137,03-01-2026,PRESENT,
137,13-01-2026,PRESENT,
137,17-01-2026,PRESENT,
137,06-02-2026,ABSENT,Not informed
137,07-02-2026,PRESENT,
137,13-02-2026,PRESENT,
137,14-02-2026,PRESENT,
137,05-03-2026,PRESENT,
137,16-03-2026,PRESENT,
137,19-03-2026,PRESENT,
137,26-03-2026,ABSENT,Family event
137,27-03-2026,PRESENT,
138,10-07-2025,PRESENT,
138,11-07-2025,PRESENT,
138,25-07-2025,PRESENT,
138,04-08-2025,PRESENT,
138,10-09-2025,PRESENT,
138,11-09-2025,PRESENT,
138,24-09-2025,PRESENT,
138,30-09-2025,HALF_DAY,
138,09-10-2025,PRESENT,
138,11-10-2025,PRESENT,
138,13-10-2025,PRESENT,
138,30-10-2025,ABSENT,Family event
138,08-11-2025,ABSENT,Medical leave
138,20-11-2025,PRESENT,
138,21-11-2025,PRESENT,
138,25-11-2025,PRESENT,
138,15-12-2025,ABSENT,
138,19-12-2025,PRESENT,
138,29-12-2025,ABSENT,Medical leave
138,31-12-2025,PRESENT,
138,01-01-2026,PRESENT,
138,03-01-2026,PRESENT,
138,05-01-2026,PRESENT,
138,12-01-2026,HALF_DAY,
138,03-02-2026,PRESENT,
138,04-02-2026,PRESENT,
138,09-02-2026,PRESENT,
138,27-02-2026,PRESENT,
138,23-03-2026,HALF_DAY,
138,26-03-2026,PRESENT,
139,12-07-2025,PRESENT,
139,15-07-2025,PRESENT,
139,04-08-2025,PRESENT,
139,12-08-2025,PRESENT,
139,14-08-2025,PRESENT,
139,21-08-2025,PRESENT,
139,25-08-2025,LEAVE,Medical leave
139,09-09-2025,PRESENT,
139,15-09-2025,PRESENT,
139,29-09-2025,PRESENT,
139,20-10-2025,HALF_DAY,
139,27-10-2025,PRESENT,
139,01-11-2025,PRESENT,
139,07-11-2025,PRESENT,
139,12-11-2025,PRESENT,
139,18-11-2025,PRESENT,
139,22-11-2025,LEAVE,Not informed
139,29-11-2025,ABSENT,Sick
139,13-12-2025,ABSENT,Not informed
139,19-12-2025,PRESENT,
139,22-12-2025,PRESENT,
139,27-12-2025,PRESENT,
139,03-01-2026,PRESENT,
139,08-01-2026,PRESENT,
139,23-01-2026,PRESENT,
139,13-02-2026,PRESENT,
139,16-02-2026,HALF_DAY,
139,19-02-2026,PRESENT,
139,06-03-2026,PRESENT,
139,25-03-2026,PRESENT,
140,07-07-2025,PRESENT,
140,15-07-2025,PRESENT,
140,05-08-2025,PRESENT,
140,16-08-2025,LATE,
140,22-08-2025,PRESENT,
140,27-08-2025,PRESENT,
140,28-08-2025,PRESENT,
140,01-09-2025,PRESENT,
140,11-09-2025,PRESENT,
140,30-09-2025,PRESENT,
140,14-10-2025,PRESENT,
140,29-10-2025,ABSENT,Medical leave
140,03-11-2025,ABSENT,Sick
140,06-11-2025,PRESENT,
140,08-11-2025,PRESENT,
140,21-11-2025,HALF_DAY,
140,03-12-2025,PRESENT,
140,12-12-2025,ABSENT,Medical leave
140,26-12-2025,PRESENT,
140,05-01-2026,PRESENT,
140,07-01-2026,PRESENT,
140,12-01-2026,PRESENT,
140,17-01-2026,PRESENT,
140,26-01-2026,PRESENT,
140,19-02-2026,LATE,
140,03-03-2026,PRESENT,
140,10-03-2026,PRESENT,
140,11-03-2026,PRESENT,
140,18-03-2026,LATE,
140,24-03-2026,PRESENT,
141,08-07-2025,PRESENT,
141,15-07-2025,ABSENT,Medical leave
141,25-07-2025,PRESENT,
141,26-07-2025,PRESENT,
141,08-08-2025,PRESENT,
141,14-08-2025,PRESENT,
141,22-08-2025,PRESENT,
141,28-08-2025,PRESENT,
141,05-09-2025,LATE,
141,16-09-2025,PRESENT,
141,17-09-2025,PRESENT,
141,02-10-2025,LATE,
141,10-10-2025,LEAVE,
141,13-10-2025,ABSENT,
141,15-11-2025,LATE,
141,20-11-2025,PRESENT,
141,21-11-2025,PRESENT,
141,03-12-2025,PRESENT,
141,25-12-2025,LATE,
141,02-01-2026,PRESENT,
141,14-01-2026,PRESENT,
141,27-01-2026,PRESENT,
141,06-02-2026,LATE,
141,14-02-2026,LEAVE,Sick
141,28-02-2026,PRESENT,
141,03-03-2026,PRESENT,
141,12-03-2026,LATE,
141,18-03-2026,PRESENT,
141,20-03-2026,ABSENT,Medical leave
141,23-03-2026,PRESENT,
142,28-07-2025,LATE,
142,04-08-2025,PRESENT,
142,06-08-2025,HALF_DAY,
142,08-08-2025,PRESENT,
142,12-08-2025,HALF_DAY,
142,18-08-2025,PRESENT,
142,19-08-2025,PRESENT,
142,26-08-2025,PRESENT,
142,06-09-2025,ABSENT,Medical leave
142,17-09-2025,PRESENT,
142,23-09-2025,PRESENT,
142,13-10-2025,ABSENT,Not informed
142,15-10-2025,PRESENT,
142,23-10-2025,PRESENT,
142,06-11-2025,PRESENT,
142,20-11-2025,PRESENT,
142,27-11-2025,HALF_DAY,
142,26-12-2025,PRESENT,
142,14-01-2026,PRESENT,
142,19-01-2026,PRESENT,
142,29-01-2026,PRESENT,
142,06-02-2026,PRESENT,
142,16-02-2026,PRESENT,
142,18-02-2026,PRESENT,
142,26-02-2026,PRESENT,
142,27-02-2026,PRESENT,
142,28-02-2026,LATE,
142,10-03-2026,PRESENT,
142,16-03-2026,PRESENT,
142,25-03-2026,LATE,
143,10-07-2025,LATE,
143,15-07-2025,PRESENT,
143,13-08-2025,HALF_DAY,
143,19-08-2025,PRESENT,
143,21-08-2025,PRESENT,
143,22-08-2025,PRESENT,
143,08-09-2025,PRESENT,
143,12-09-2025,PRESENT,
143,20-09-2025,PRESENT,
143,22-09-2025,ABSENT,Family event
143,01-10-2025,PRESENT,
143,02-10-2025,PRESENT,
143,04-10-2025,PRESENT,
143,06-10-2025,PRESENT,
143,23-10-2025,PRESENT,
143,29-10-2025,PRESENT,
143,14-11-2025,PRESENT,
143,25-11-2025,ABSENT,Family event
143,23-12-2025,PRESENT,
143,27-12-2025,PRESENT,
143,03-01-2026,PRESENT,
143,12-01-2026,PRESENT,
143,13-01-2026,PRESENT,
143,23-01-2026,PRESENT,
143,29-01-2026,ABSENT,Sick
143,04-02-2026,PRESENT,
143,13-02-2026,PRESENT,
143,04-03-2026,PRESENT,
143,14-03-2026,PRESENT,
143,18-03-2026,PRESENT,
144,10-07-2025,PRESENT,
144,16-07-2025,PRESENT,
144,05-08-2025,PRESENT,
144,11-08-2025,PRESENT,
144,20-08-2025,PRESENT,
144,03-09-2025,LATE,
144,04-09-2025,PRESENT,
144,12-09-2025,PRESENT,
144,27-09-2025,PRESENT,
144,13-10-2025,PRESENT,
144,21-10-2025,PRESENT,
144,23-10-2025,PRESENT,
144,03-11-2025,PRESENT,
144,20-11-2025,PRESENT,
144,02-12-2025,PRESENT,
144,10-12-2025,LATE,
144,23-12-2025,PRESENT,
144,03-01-2026,ABSENT,Family event
144,09-01-2026,PRESENT,
144,13-01-2026,ABSENT,Medical leave
144,16-01-2026,PRESENT,
144,21-01-2026,PRESENT,
144,09-02-2026,PRESENT,
144,12-02-2026,PRESENT,
144,14-02-2026,PRESENT,
144,24-02-2026,PRESENT,
144,25-02-2026,PRESENT,
144,26-02-2026,HALF_DAY,
144,27-02-2026,PRESENT,
144,07-03-2026,LATE,
145,22-07-2025,PRESENT,
145,24-07-2025,PRESENT,
145,25-07-2025,PRESENT,
145,28-07-2025,PRESENT,
145,31-07-2025,PRESENT,
145,05-08-2025,PRESENT,
145,09-08-2025,PRESENT,
145,14-08-2025,PRESENT,
145,03-09-2025,PRESENT,
145,06-09-2025,PRESENT,
145,12-09-2025,PRESENT,
145,17-09-2025,LATE,
145,04-10-2025,PRESENT,
145,09-10-2025,LEAVE,Family event
145,15-11-2025,PRESENT,
145,21-11-2025,ABSENT,
145,25-11-2025,HALF_DAY,
145,26-11-2025,PRESENT,
145,09-12-2025,PRESENT,
145,13-12-2025,PRESENT,
145,26-12-2025,HALF_DAY,
145,27-12-2025,PRESENT,
145,12-01-2026,PRESENT,
145,18-02-2026,PRESENT,
145,25-02-2026,PRESENT,
145,27-02-2026,ABSENT,Family event
145,05-03-2026,PRESENT,
145,11-03-2026,PRESENT,
145,14-03-2026,PRESENT,
145,17-03-2026,PRESENT,
146,08-07-2025,PRESENT,
146,25-07-2025,PRESENT,
146,08-08-2025,PRESENT,
146,23-08-2025,PRESENT,
146,28-08-2025,ABSENT,
146,29-08-2025,PRESENT,
146,18-09-2025,PRESENT,
146,23-09-2025,LEAVE,Sick
146,26-09-2025,HALF_DAY,
146,29-09-2025,PRESENT,
146,03-10-2025,PRESENT,
146,07-10-2025,PRESENT,
146,09-10-2025,PRESENT,
146,16-10-2025,PRESENT,
146,12-11-2025,PRESENT,
146,14-11-2025,LEAVE,
146,24-11-2025,PRESENT,
146,28-11-2025,PRESENT,
146,01-12-2025,ABSENT,Not informed
146,03-12-2025,PRESENT,
146,05-12-2025,PRESENT,
146,12-12-2025,PRESENT,
146,20-12-2025,ABSENT,Family event
146,09-01-2026,PRESENT,
146,15-01-2026,PRESENT,
146,23-01-2026,PRESENT,
146,24-01-2026,LEAVE,Medical leave
146,17-02-2026,PRESENT,
146,18-02-2026,PRESENT,
146,23-03-2026,PRESENT,
147,19-08-2025,HALF_DAY,
147,22-08-2025,PRESENT,
147,12-09-2025,PRESENT,
147,23-09-2025,HALF_DAY,
147,24-09-2025,PRESENT,
147,04-10-2025,PRESENT,
147,06-10-2025,PRESENT,
147,08-10-2025,PRESENT,
147,11-10-2025,ABSENT,Family event
147,14-10-2025,PRESENT,
147,20-10-2025,LEAVE,Not informed
147,24-10-2025,PRESENT,
147,31-10-2025,LATE,
147,07-11-2025,PRESENT,
147,10-11-2025,PRESENT,
147,18-11-2025,ABSENT,Not informed
147,24-11-2025,PRESENT,
147,25-11-2025,PRESENT,
147,08-12-2025,PRESENT,
147,22-12-2025,PRESENT,
147,31-12-2025,PRESENT,
147,17-01-2026,PRESENT,
147,20-01-2026,PRESENT,
147,07-02-2026,PRESENT,
147,09-02-2026,PRESENT,
147,13-02-2026,LATE,
147,24-02-2026,PRESENT,
147,26-02-2026,PRESENT,
147,09-03-2026,PRESENT,
147,12-03-2026,PRESENT,
148,19-07-2025,PRESENT,
148,23-07-2025,PRESENT,
148,24-07-2025,PRESENT,
148,29-07-2025,PRESENT,
148,05-08-2025,PRESENT,
148,07-08-2025,PRESENT,
148,23-08-2025,PRESENT,
148,17-09-2025,PRESENT,
148,18-09-2025,HALF_DAY,
148,26-09-2025,PRESENT,
148,27-09-2025,PRESENT,
148,11-10-2025,LEAVE,Medical leave
148,16-10-2025,PRESENT,
148,27-10-2025,PRESENT,
148,30-10-2025,PRESENT,
148,14-11-2025,PRESENT,
148,24-11-2025,PRESENT,
148,26-11-2025,PRESENT,
148,28-11-2025,PRESENT,
148,29-12-2025,PRESENT,
148,30-12-2025,PRESENT,
148,03-01-2026,PRESENT,
148,13-01-2026,PRESENT,
148,19-01-2026,PRESENT,
148,28-01-2026,PRESENT,
148,02-02-2026,HALF_DAY,
148,06-02-2026,ABSENT,Not informed
148,07-02-2026,PRESENT,
148,24-02-2026,PRESENT,
148,19-03-2026,PRESENT,
149,12-07-2025,HALF_DAY,
149,26-07-2025,PRESENT,
149,16-08-2025,PRESENT,
149,30-08-2025,PRESENT,
149,03-09-2025,ABSENT,Medical leave
149,08-09-2025,PRESENT,
149,12-09-2025,PRESENT,
149,20-09-2025,PRESENT,
149,22-09-2025,PRESENT,
149,08-10-2025,PRESENT,
149,10-10-2025,PRESENT,
149,14-10-2025,PRESENT,
149,22-10-2025,PRESENT,
149,17-11-2025,PRESENT,
149,20-11-2025,PRESENT,
149,22-11-2025,PRESENT,
149,02-01-2026,PRESENT,
149,24-01-2026,PRESENT,
149,28-01-2026,PRESENT,
149,31-01-2026,PRESENT,
149,02-02-2026,PRESENT,
149,04-02-2026,PRESENT,
149,12-02-2026,PRESENT,
149,14-02-2026,PRESENT,
149,21-02-2026,ABSENT,Sick
149,26-02-2026,LATE,
149,17-03-2026,PRESENT,
149,23-03-2026,PRESENT,
149,26-03-2026,PRESENT,
149,27-03-2026,PRESENT,
150,28-07-2025,PRESENT,
150,01-08-2025,PRESENT,
150,08-08-2025,PRESENT,
150,20-08-2025,PRESENT,
150,22-08-2025,LEAVE,Medical leave
150,29-08-2025,PRESENT,
150,01-09-2025,PRESENT,
150,26-09-2025,PRESENT,
150,13-10-2025,PRESENT,
150,12-11-2025,PRESENT,
150,18-11-2025,PRESENT,
150,22-11-2025,PRESENT,
150,06-12-2025,PRESENT,
150,12-12-2025,PRESENT,
150,24-12-2025,PRESENT,
150,05-01-2026,PRESENT,
150,15-01-2026,PRESENT,
150,16-01-2026,PRESENT,
150,27-01-2026,PRESENT,
150,12-02-2026,PRESENT,
150,16-02-2026,PRESENT,
150,20-02-2026,ABSENT,Not informed
150,24-02-2026,PRESENT,
150,02-03-2026,PRESENT,
150,07-03-2026,ABSENT,Family event
150,13-03-2026,LEAVE,
150,16-03-2026,PRESENT,
150,17-03-2026,LATE,
150,19-03-2026,PRESENT,
150,23-03-2026,PRESENT,
151,14-07-2025,PRESENT,
151,18-07-2025,PRESENT,
151,26-07-2025,PRESENT,
151,05-08-2025,PRESENT,
151,13-08-2025,PRESENT,
151,19-08-2025,PRESENT,
151,23-08-2025,PRESENT,
151,29-08-2025,PRESENT,
151,01-09-2025,HALF_DAY,
151,04-09-2025,LATE,
151,05-09-2025,PRESENT,
151,06-09-2025,PRESENT,
151,09-09-2025,PRESENT,
151,12-09-2025,PRESENT,
151,13-09-2025,PRESENT,
151,25-09-2025,PRESENT,
151,04-10-2025,PRESENT,
151,06-10-2025,PRESENT,
151,08-10-2025,LEAVE,Medical leave
151,11-10-2025,PRESENT,
151,18-10-2025,PRESENT,
151,10-11-2025,PRESENT,
151,12-12-2025,PRESENT,
151,15-12-2025,PRESENT,
151,02-01-2026,PRESENT,
151,19-01-2026,LATE,
151,21-02-2026,PRESENT,
151,24-02-2026,PRESENT,
151,16-03-2026,PRESENT,
151,30-03-2026,HALF_DAY,
152,08-07-2025,PRESENT,
152,11-07-2025,PRESENT,
152,02-08-2025,ABSENT,Not informed
152,05-08-2025,PRESENT,
152,08-08-2025,ABSENT,Sick
152,11-08-2025,ABSENT,Medical leave
152,01-09-2025,PRESENT,
152,06-09-2025,PRESENT,
152,20-09-2025,PRESENT,
152,07-10-2025,LATE,
152,09-10-2025,ABSENT,Not informed
152,20-10-2025,PRESENT,
152,21-10-2025,PRESENT,
152,22-10-2025,PRESENT,
152,28-10-2025,PRESENT,
152,03-11-2025,PRESENT,
152,07-11-2025,PRESENT,
152,08-11-2025,PRESENT,
152,19-11-2025,PRESENT,
152,26-11-2025,PRESENT,
152,29-11-2025,PRESENT,
152,04-12-2025,ABSENT,Medical leave
152,05-12-2025,HALF_DAY,
152,02-01-2026,PRESENT,
152,12-02-2026,PRESENT,
152,14-02-2026,PRESENT,
152,02-03-2026,PRESENT,
152,03-03-2026,LATE,
152,14-03-2026,ABSENT,Not informed
152,31-03-2026,PRESENT,
NMS-0153,15-07-2025,PRESENT,
NMS-0153,08-08-2025,PRESENT,
NMS-0153,20-08-2025,PRESENT,
NMS-0153,22-08-2025,PRESENT,
NMS-0153,23-08-2025,PRESENT,
NMS-0153,27-08-2025,LATE,
NMS-0153,29-08-2025,PRESENT,
NMS-0153,05-09-2025,PRESENT,
NMS-0153,23-09-2025,PRESENT,
NMS-0153,06-10-2025,PRESENT,
NMS-0153,10-10-2025,PRESENT,
NMS-0153,23-10-2025,HALF_DAY,
NMS-0153,25-10-2025,PRESENT,
NMS-0153,04-11-2025,LATE,
NMS-0153,07-11-2025,PRESENT,
NMS-0153,08-11-2025,PRESENT,
NMS-0153,02-12-2025,PRESENT,
NMS-0153,08-12-2025,PRESENT,
NMS-0153,07-01-2026,PRESENT,
NMS-0153,08-01-2026,PRESENT,
NMS-0153,09-01-2026,PRESENT,
NMS-0153,22-01-2026,PRESENT,
NMS-0153,12-02-2026,PRESENT,
NMS-0153,25-02-2026,PRESENT,
NMS-0153,26-02-2026,PRESENT,
NMS-0153,05-03-2026,PRESENT,
NMS-0153,09-03-2026,PRESENT,
NMS-0153,10-03-2026,PRESENT,
NMS-0153,19-03-2026,PRESENT,
NMS-0153,25-03-2026,PRESENT,
NMS-0154,07-07-2025,ABSENT,Sick
NMS-0154,04-08-2025,HALF_DAY,
NMS-0154,13-08-2025,PRESENT,
NMS-0154,14-08-2025,LATE,
NMS-0154,15-08-2025,PRESENT,
NMS-0154,18-08-2025,PRESENT,
NMS-0154,03-09-2025,PRESENT,
NMS-0154,10-09-2025,PRESENT,
NMS-0154,11-09-2025,PRESENT,
NMS-0154,20-09-2025,PRESENT,
NMS-0154,07-10-2025,PRESENT,
NMS-0154,10-10-2025,PRESENT,
NMS-0154,23-10-2025,LATE,
NMS-0154,24-11-2025,ABSENT,Not informed
NMS-0154,25-11-2025,PRESENT,
NMS-0154,26-11-2025,LATE,
NMS-0154,01-12-2025,PRESENT,
NMS-0154,06-12-2025,ABSENT,
NMS-0154,15-12-2025,PRESENT,
NMS-0154,24-12-2025,PRESENT,
NMS-0154,02-01-2026,PRESENT,
NMS-0154,06-01-2026,PRESENT,
NMS-0154,13-01-2026,HALF_DAY,
NMS-0154,19-01-2026,PRESENT,
NMS-0154,22-01-2026,PRESENT,
NMS-0154,05-02-2026,PRESENT,
NMS-0154,14-02-2026,PRESENT,
NMS-0154,05-03-2026,ABSENT,Family event
NMS-0154,19-03-2026,PRESENT,
NMS-0154,30-03-2026,LATE,
NMS-0155,09-07-2025,PRESENT,
NMS-0155,10-07-2025,PRESENT,
NMS-0155,16-07-2025,PRESENT,
NMS-0155,21-07-2025,PRESENT,
NMS-0155,18-08-2025,PRESENT,
NMS-0155,23-08-2025,PRESENT,
NMS-0155,29-08-2025,PRESENT,
NMS-0155,01-09-2025,HALF_DAY,
NMS-0155,03-09-2025,PRESENT,
NMS-0155,15-09-2025,ABSENT,
NMS-0155,10-10-2025,PRESENT,
NMS-0155,17-10-2025,PRESENT,
NMS-0155,29-10-2025,PRESENT,
NMS-0155,01-11-2025,PRESENT,
NMS-0155,04-11-2025,PRESENT,
NMS-0155,18-11-2025,PRESENT,
NMS-0155,27-11-2025,LEAVE,
NMS-0155,24-12-2025,PRESENT,
NMS-0155,25-12-2025,ABSENT,Sick
NMS-0155,09-01-2026,ABSENT,Not informed
NMS-0155,10-01-2026,HALF_DAY,
NMS-0155,12-01-2026,PRESENT,
NMS-0155,14-02-2026,PRESENT,
NMS-0155,28-02-2026,PRESENT,
NMS-0155,02-03-2026,PRESENT,
NMS-0155,05-03-2026,PRESENT,
NMS-0155,12-03-2026,ABSENT,Sick
NMS-0155,17-03-2026,PRESENT,
NMS-0155,23-03-2026,PRESENT,
NMS-0155,30-03-2026,PRESENT,
NMS-0156,11-07-2025,PRESENT,
NMS-0156,31-07-2025,PRESENT,
NMS-0156,08-08-2025,LEAVE,Family event
NMS-0156,11-08-2025,PRESENT,
NMS-0156,13-08-2025,PRESENT,
NMS-0156,18-08-2025,PRESENT,
NMS-0156,29-08-2025,PRESENT,
NMS-0156,02-09-2025,PRESENT,
NMS-0156,03-09-2025,PRESENT,
NMS-0156,10-09-2025,PRESENT,
NMS-0156,12-09-2025,PRESENT,
NMS-0156,02-10-2025,ABSENT,
NMS-0156,06-10-2025,PRESENT,
NMS-0156,17-10-2025,PRESENT,
NMS-0156,20-10-2025,PRESENT,
NMS-0156,01-11-2025,PRESENT,
NMS-0156,13-11-2025,ABSENT,Family event
NMS-0156,18-11-2025,ABSENT,
NMS-0156,20-11-2025,PRESENT,
NMS-0156,04-12-2025,HALF_DAY,
NMS-0156,05-12-2025,LATE,
NMS-0156,17-12-2025,PRESENT,
NMS-0156,18-12-2025,PRESENT,
NMS-0156,26-01-2026,PRESENT,
NMS-0156,04-02-2026,PRESENT,
NMS-0156,10-02-2026,PRESENT,
NMS-0156,13-02-2026,PRESENT,
NMS-0156,23-02-2026,PRESENT,
NMS-0156,07-03-2026,PRESENT,
NMS-0156,11-03-2026,PRESENT,
NMS-0157,07-07-2025,PRESENT,
NMS-0157,24-07-2025,PRESENT,
NMS-0157,26-07-2025,ABSENT,Medical leave
NMS-0157,29-07-2025,PRESENT,
NMS-0157,15-08-2025,PRESENT,
NMS-0157,16-08-2025,PRESENT,
NMS-0157,18-08-2025,PRESENT,
NMS-0157,23-08-2025,PRESENT,
NMS-0157,06-09-2025,PRESENT,
NMS-0157,17-09-2025,PRESENT,
NMS-0157,19-09-2025,PRESENT,
NMS-0157,03-10-2025,PRESENT,
NMS-0157,07-10-2025,PRESENT,
NMS-0157,10-10-2025,PRESENT,
NMS-0157,30-10-2025,LATE,
NMS-0157,06-11-2025,LATE,
NMS-0157,08-11-2025,PRESENT,
NMS-0157,22-11-2025,ABSENT,Family event
NMS-0157,25-11-2025,PRESENT,
NMS-0157,27-11-2025,PRESENT,
NMS-0157,09-12-2025,PRESENT,
NMS-0157,19-12-2025,ABSENT,Not informed
NMS-0157,31-12-2025,HALF_DAY,
NMS-0157,05-01-2026,PRESENT,
NMS-0157,22-01-2026,PRESENT,
NMS-0157,03-02-2026,ABSENT,Sick
NMS-0157,06-02-2026,PRESENT,
NMS-0157,10-02-2026,PRESENT,
NMS-0157,17-02-2026,PRESENT,
NMS-0157,19-02-2026,PRESENT,
NMS-0158,18-07-2025,ABSENT,Medical leave
NMS-0158,28-07-2025,HALF_DAY,
NMS-0158,08-08-2025,PRESENT,
NMS-0158,12-08-2025,PRESENT,
NMS-0158,21-08-2025,PRESENT,
NMS-0158,26-08-2025,PRESENT,
NMS-0158,13-09-2025,PRESENT,
NMS-0158,20-09-2025,LATE,
NMS-0158,25-09-2025,PRESENT,
NMS-0158,03-10-2025,PRESENT,
NMS-0158,16-10-2025,PRESENT,
NMS-0158,28-10-2025,PRESENT,
NMS-0158,11-11-2025,ABSENT,Medical leave
NMS-0158,14-11-2025,ABSENT,Medical leave
NMS-0158,19-11-2025,PRESENT,
NMS-0158,22-11-2025,PRESENT,
NMS-0158,24-11-2025,ABSENT,Sick
NMS-0158,15-12-2025,LEAVE,Not informed
NMS-0158,27-12-2025,LATE,
NMS-0158,01-01-2026,LATE,
NMS-0158,05-01-2026,PRESENT,
NMS-0158,09-01-2026,PRESENT,
NMS-0158,20-01-2026,ABSENT,
NMS-0158,03-02-2026,PRESENT,
NMS-0158,06-02-2026,PRESENT,
NMS-0158,13-02-2026,ABSENT,Not informed
NMS-0158,17-02-2026,PRESENT,
NMS-0158,21-02-2026,PRESENT,
NMS-0158,09-03-2026,PRESENT,
NMS-0158,30-03-2026,PRESENT,
