admission_number,exam_name,subject_code,max_marks,marks_obtained,grade,exam_date,academic_year
1,Unit Test 1,MATHNursery,100,32.8,F,25-08-2025,2025-26
1,Unit Test 1,URDNursery,100,83.6,A,25-08-2025,2025-26
1,Unit Test 1,HINNursery,100,78.1,B+,25-08-2025,2025-26
1,Unit Test 1,ENGNursery,100,67.1,B,25-08-2025,2025-26
1,Unit Test 1,ARTNursery,50,45.9,A+,25-08-2025,2025-26
1,Unit Test 1,EVSNursery,100,53.2,C,25-08-2025,2025-26
1,Midterm,ENGNursery,100,33.8,F,15-10-2025,2025-26
1,Midterm,URDNursery,100,82.3,A,15-10-2025,2025-26
1,Midterm,ARTNursery,50,34.0,B,15-10-2025,2025-26
1,Midterm,EVSNursery,100,75.4,B+,15-10-2025,2025-26
1,Midterm,HINNursery,100,92.8,A+,15-10-2025,2025-26
1,Midterm,MATHNursery,100,56.6,C,15-10-2025,2025-26
1,Unit Test 2,ARTNursery,50,39.3,B+,15-12-2025,2025-26
1,Unit Test 2,ENGNursery,100,64.2,B,15-12-2025,2025-26
1,Unit Test 2,EVSNursery,100,95.5,A+,15-12-2025,2025-26
1,Unit Test 2,HINNursery,100,86.0,A,15-12-2025,2025-26
1,Unit Test 2,MATHNursery,100,72.1,B+,15-12-2025,2025-26
1,Unit Test 2,URDNursery,100,83.3,A,15-12-2025,2025-26
1,Final,MATHNursery,100,26.8,F,10-03-2026,2025-26
1,Final,URDNursery,100,95.9,A+,10-03-2026,2025-26
1,Final,ARTNursery,50,27.5,C,10-03-2026,2025-26
2,Unit Test 1,ENGNursery,100,98.0,A+,25-08-2025,2025-26
2,Unit Test 1,HINNursery,100,43.7,D,25-08-2025,2025-26
2,Unit Test 1,EVSNursery,100,58.5,C,25-08-2025,2025-26
2,Unit Test 1,MATHNursery,100,28.6,F,25-08-2025,2025-26
2,Unit Test 1,URDNursery,100,59.4,C,25-08-2025,2025-26
2,Unit Test 1,ARTNursery,50,49.8,A+,25-08-2025,2025-26
2,Midterm,MATHNursery,100,81.5,A,15-10-2025,2025-26
2,Midterm,ARTNursery,50,44.5,A,15-10-2025,2025-26
2,Midterm,EVSNursery,100,37.9,F,15-10-2025,2025-26
2,Midterm,HINNursery,100,62.5,B,15-10-2025,2025-26
2,Midterm,URDNursery,100,31.7,F,15-10-2025,2025-26
2,Unit Test 2,URDNursery,100,32.6,F,15-12-2025,2025-26
2,Unit Test 2,ARTNursery,50,43.0,A,15-12-2025,2025-26
2,Unit Test 2,MATHNursery,100,73.0,B+,15-12-2025,2025-26
2,Unit Test 2,HINNursery,100,48.5,D,15-12-2025,2025-26
2,Unit Test 2,EVSNursery,100,62.3,B,15-12-2025,2025-26
2,Final,HINNursery,100,61.4,B,10-03-2026,2025-26
2,Final,MATHNursery,100,50.3,C,10-03-2026,2025-26
2,Final,EVSNursery,100,57.8,C,10-03-2026,2025-26
2,Final,ARTNursery,50,34.0,B,10-03-2026,2025-26
3,Unit Test 1,MATHNursery,100,39.2,F,25-08-2025,2025-26
3,Unit Test 1,EVSNursery,100,48.3,D,25-08-2025,2025-26
3,Unit Test 1,ENGNursery,100,63.0,B,25-08-2025,2025-26
3,Unit Test 1,HINNursery,100,73.2,B+,25-08-2025,2025-26
3,Midterm,URDNursery,100,39.9,F,15-10-2025,2025-26
3,Midterm,ARTNursery,50,27.3,C,15-10-2025,2025-26
3,Midterm,MATHNursery,100,69.8,B,15-10-2025,2025-26
3,Midterm,HINNursery,100,90.8,A+,15-10-2025,2025-26
3,Midterm,ENGNursery,100,55.3,C,15-10-2025,2025-26
3,Unit Test 2,MATHNursery,100,94.1,A+,15-12-2025,2025-26
3,Unit Test 2,EVSNursery,100,32.8,F,15-12-2025,2025-26
3,Unit Test 2,URDNursery,100,96.7,A+,15-12-2025,2025-26
3,Unit Test 2,ARTNursery,50,45.4,A+,15-12-2025,2025-26
3,Unit Test 2,ENGNursery,100,91.6,A+,15-12-2025,2025-26
3,Final,URDNursery,100,58.2,C,10-03-2026,2025-26
3,Final,ARTNursery,50,26.0,C,10-03-2026,2025-26
3,Final,ENGNursery,100,66.1,B,10-03-2026,2025-26
3,Final,MATHNursery,100,75.1,B+,10-03-2026,2025-26
3,Final,HINNursery,100,45.5,D,10-03-2026,2025-26
4,Unit Test 1,MATHNursery,100,35.9,F,25-08-2025,2025-26
4,Unit Test 1,ARTNursery,50,32.4,B,25-08-2025,2025-26
4,Unit Test 1,URDNursery,100,97.3,A+,25-08-2025,2025-26
4,Unit Test 1,ENGNursery,100,89.3,A,25-08-2025,2025-26
4,Unit Test 1,HINNursery,100,61.2,B,25-08-2025,2025-26
4,Unit Test 1,EVSNursery,100,57.9,C,25-08-2025,2025-26
4,Midterm,HINNursery,100,68.2,B,15-10-2025,2025-26
4,Midterm,MATHNursery,100,92.7,A+,15-10-2025,2025-26
4,Midterm,ARTNursery,50,34.7,B,15-10-2025,2025-26
4,Midterm,EVSNursery,100,44.6,D,15-10-2025,2025-26
4,Unit Test 2,EVSNursery,100,49.0,D,15-12-2025,2025-26
4,Unit Test 2,HINNursery,100,51.8,C,15-12-2025,2025-26
4,Unit Test 2,ARTNursery,50,49.0,A+,15-12-2025,2025-26
4,Unit Test 2,MATHNursery,100,35.1,F,15-12-2025,2025-26
4,Unit Test 2,ENGNursery,100,89.5,A,15-12-2025,2025-26
4,Final,URDNursery,100,98.6,A+,10-03-2026,2025-26
4,Final,ARTNursery,50,44.6,A,10-03-2026,2025-26
4,Final,MATHNursery,100,63.1,B,10-03-2026,2025-26
4,Final,ENGNursery,100,60.7,B,10-03-2026,2025-26
5,Unit Test 1,ENGNursery,100,78.8,B+,25-08-2025,2025-26
5,Unit Test 1,URDNursery,100,73.4,B+,25-08-2025,2025-26
5,Unit Test 1,MATHNursery,100,66.6,B,25-08-2025,2025-26
5,Unit Test 1,EVSNursery,100,98.9,A+,25-08-2025,2025-26
5,Unit Test 1,HINNursery,100,59.9,C,25-08-2025,2025-26
5,Midterm,HINNursery,100,62.3,B,15-10-2025,2025-26
5,Midterm,URDNursery,100,57.7,C,15-10-2025,2025-26
5,Midterm,ARTNursery,50,48.8,A+,15-10-2025,2025-26
5,Unit Test 2,ENGNursery,100,73.8,B+,15-12-2025,2025-26
5,Unit Test 2,URDNursery,100,92.2,A+,15-12-2025,2025-26
5,Unit Test 2,HINNursery,100,60.7,B,15-12-2025,2025-26
5,Unit Test 2,EVSNursery,100,78.0,B+,15-12-2025,2025-26
5,Final,ARTNursery,50,48.9,A+,10-03-2026,2025-26
5,Final,EVSNursery,100,45.7,D,10-03-2026,2025-26
5,Final,ENGNursery,100,43.9,D,10-03-2026,2025-26
6,Unit Test 1,ARTNursery,50,35.8,B+,25-08-2025,2025-26
6,Unit Test 1,URDNursery,100,82.3,A,25-08-2025,2025-26
6,Unit Test 1,HINNursery,100,35.0,F,25-08-2025,2025-26
6,Midterm,MATHNursery,100,42.4,D,15-10-2025,2025-26
6,Midterm,HINNursery,100,84.9,A,15-10-2025,2025-26
6,Midterm,EVSNursery,100,63.1,B,15-10-2025,2025-26
6,Midterm,URDNursery,100,55.5,C,15-10-2025,2025-26
6,Midterm,ARTNursery,50,44.2,A,15-10-2025,2025-26
6,Midterm,ENGNursery,100,98.5,A+,15-10-2025,2025-26
6,Unit Test 2,ENGNursery,100,69.1,B,15-12-2025,2025-26
6,Unit Test 2,URDNursery,100,83.1,A,15-12-2025,2025-26
6,Unit Test 2,ARTNursery,50,26.8,C,15-12-2025,2025-26
6,Unit Test 2,EVSNursery,100,29.8,F,15-12-2025,2025-26
6,Unit Test 2,MATHNursery,100,56.0,C,15-12-2025,2025-26
6,Final,ARTNursery,50,44.3,A,10-03-2026,2025-26
6,Final,MATHNursery,100,99.2,A+,10-03-2026,2025-26
6,Final,URDNursery,100,87.7,A,10-03-2026,2025-26
6,Final,EVSNursery,100,27.2,F,10-03-2026,2025-26
7,Unit Test 1,ARTNursery,50,39.4,B+,25-08-2025,2025-26
7,Unit Test 1,ENGNursery,100,96.2,A+,25-08-2025,2025-26
7,Unit Test 1,EVSNursery,100,54.1,C,25-08-2025,2025-26
7,Unit Test 1,URDNursery,100,55.6,C,25-08-2025,2025-26
7,Unit Test 1,HINNursery,100,77.2,B+,25-08-2025,2025-26
7,Unit Test 1,MATHNursery,100,35.4,F,25-08-2025,2025-26
7,Midterm,MATHNursery,100,78.0,B+,15-10-2025,2025-26
7,Midterm,ENGNursery,100,90.9,A+,15-10-2025,2025-26
7,Midterm,EVSNursery,100,62.5,B,15-10-2025,2025-26
7,Midterm,ARTNursery,50,29.6,C,15-10-2025,2025-26
7,Midterm,URDNursery,100,55.1,C,15-10-2025,2025-26
7,Unit Test 2,EVSNursery,100,81.4,A,15-12-2025,2025-26
7,Unit Test 2,ENGNursery,100,64.3,B,15-12-2025,2025-26
7,Unit Test 2,ARTNursery,50,25.5,C,15-12-2025,2025-26
7,Unit Test 2,MATHNursery,100,70.5,B+,15-12-2025,2025-26
7,Final,ARTNursery,50,29.2,C,10-03-2026,2025-26
7,Final,EVSNursery,100,97.3,A+,10-03-2026,2025-26
7,Final,ENGNursery,100,64.7,B,10-03-2026,2025-26
8,Unit Test 1,EVSNursery,100,27.1,F,25-08-2025,2025-26
8,Unit Test 1,HINNursery,100,92.9,A+,25-08-2025,2025-26
8,Unit Test 1,ARTNursery,50,39.1,B+,25-08-2025,2025-26
8,Midterm,MATHNursery,100,38.6,F,15-10-2025,2025-26
8,Midterm,ARTNursery,50,30.5,B,15-10-2025,2025-26
8,Midterm,HINNursery,100,50.9,C,15-10-2025,2025-26
8,Unit Test 2,URDNursery,100,78.0,B+,15-12-2025,2025-26
8,Unit Test 2,EVSNursery,100,91.0,A+,15-12-2025,2025-26
8,Unit Test 2,MATHNursery,100,38.3,F,15-12-2025,2025-26
8,Unit Test 2,HINNursery,100,36.2,F,15-12-2025,2025-26
8,Final,ENGNursery,100,95.1,A+,10-03-2026,2025-26
8,Final,URDNursery,100,33.1,F,10-03-2026,2025-26
8,Final,ARTNursery,50,42.1,A,10-03-2026,2025-26
8,Final,EVSNursery,100,69.3,B,10-03-2026,2025-26
8,Final,HINNursery,100,37.6,F,10-03-2026,2025-26
8,Final,MATHNursery,100,32.5,F,10-03-2026,2025-26
9,Unit Test 1,URDNursery,100,94.6,A+,25-08-2025,2025-26
9,Unit Test 1,MATHNursery,100,66.1,B,25-08-2025,2025-26
9,Unit Test 1,EVSNursery,100,54.2,C,25-08-2025,2025-26
9,Unit Test 1,ARTNursery,50,36.2,B+,25-08-2025,2025-26
9,Midterm,ARTNursery,50,33.5,B,15-10-2025,2025-26
9,Midterm,URDNursery,100,52.4,C,15-10-2025,2025-26
9,Midterm,ENGNursery,100,43.0,D,15-10-2025,2025-26
9,Unit Test 2,MATHNursery,100,85.8,A,15-12-2025,2025-26
9,Unit Test 2,HINNursery,100,93.2,A+,15-12-2025,2025-26
9,Unit Test 2,ENGNursery,100,78.1,B+,15-12-2025,2025-26
9,Unit Test 2,ARTNursery,50,46.0,A+,15-12-2025,2025-26
9,Unit Test 2,URDNursery,100,32.4,F,15-12-2025,2025-26
9,Unit Test 2,EVSNursery,100,64.0,B,15-12-2025,2025-26
9,Final,URDNursery,100,46.2,D,10-03-2026,2025-26
9,Final,ARTNursery,50,28.4,C,10-03-2026,2025-26
9,Final,HINNursery,100,82.3,A,10-03-2026,2025-26
9,Final,EVSNursery,100,47.0,D,10-03-2026,2025-26
9,Final,ENGNursery,100,72.0,B+,10-03-2026,2025-26
10,Unit Test 1,HINNursery,100,32.8,F,25-08-2025,2025-26
10,Unit Test 1,ARTNursery,50,39.0,B+,25-08-2025,2025-26
10,Unit Test 1,ENGNursery,100,70.7,B+,25-08-2025,2025-26
10,Unit Test 1,MATHNursery,100,47.9,D,25-08-2025,2025-26
10,Unit Test 1,URDNursery,100,99.4,A+,25-08-2025,2025-26
10,Unit Test 1,EVSNursery,100,82.8,A,25-08-2025,2025-26
10,Midterm,URDNursery,100,96.0,A+,15-10-2025,2025-26
10,Midterm,ENGNursery,100,48.0,D,15-10-2025,2025-26
10,Midterm,MATHNursery,100,69.1,B,15-10-2025,2025-26
10,Unit Test 2,ARTNursery,50,25.7,C,15-12-2025,2025-26
10,Unit Test 2,EVSNursery,100,97.5,A+,15-12-2025,2025-26
10,Unit Test 2,ENGNursery,100,53.9,C,15-12-2025,2025-26
10,Unit Test 2,URDNursery,100,51.4,C,15-12-2025,2025-26
10,Final,ARTNursery,50,37.7,B+,10-03-2026,2025-26
10,Final,HINNursery,100,76.1,B+,10-03-2026,2025-26
10,Final,MATHNursery,100,28.4,F,10-03-2026,2025-26
11,Unit Test 1,ENGNursery,100,78.4,B+,25-08-2025,2025-26
11,Unit Test 1,HINNursery,100,30.5,F,25-08-2025,2025-26
11,Unit Test 1,MATHNursery,100,40.3,D,25-08-2025,2025-26
11,Unit Test 1,ARTNursery,50,30.2,B,25-08-2025,2025-26
11,Midterm,ENGNursery,100,92.5,A+,15-10-2025,2025-26
11,Midterm,HINNursery,100,33.7,F,15-10-2025,2025-26
11,Midterm,MATHNursery,100,46.8,D,15-10-2025,2025-26
11,Unit Test 2,ARTNursery,50,45.7,A+,15-12-2025,2025-26
11,Unit Test 2,EVSNursery,100,52.9,C,15-12-2025,2025-26
11,Unit Test 2,MATHNursery,100,87.8,A,15-12-2025,2025-26
11,Unit Test 2,HINNursery,100,28.4,F,15-12-2025,2025-26
11,Final,URDNursery,100,76.0,B+,10-03-2026,2025-26
11,Final,MATHNursery,100,78.3,B+,10-03-2026,2025-26
11,Final,EVSNursery,100,92.7,A+,10-03-2026,2025-26
11,Final,ARTNursery,50,32.7,B,10-03-2026,2025-26
12,Unit Test 1,HINNursery,100,45.9,D,25-08-2025,2025-26
12,Unit Test 1,ENGNursery,100,92.6,A+,25-08-2025,2025-26
12,Unit Test 1,ARTNursery,50,45.4,A+,25-08-2025,2025-26
12,Unit Test 1,MATHNursery,100,61.6,B,25-08-2025,2025-26
12,Unit Test 1,EVSNursery,100,70.0,B+,25-08-2025,2025-26
12,Midterm,ENGNursery,100,72.8,B+,15-10-2025,2025-26
12,Midterm,HINNursery,100,33.6,F,15-10-2025,2025-26
12,Midterm,MATHNursery,100,92.7,A+,15-10-2025,2025-26
12,Midterm,EVSNursery,100,61.6,B,15-10-2025,2025-26
12,Midterm,ARTNursery,50,29.6,C,15-10-2025,2025-26
12,Midterm,URDNursery,100,49.6,D,15-10-2025,2025-26
12,Unit Test 2,ARTNursery,50,32.1,B,15-12-2025,2025-26
12,Unit Test 2,HINNursery,100,67.8,B,15-12-2025,2025-26
12,Unit Test 2,EVSNursery,100,33.1,F,15-12-2025,2025-26
12,Unit Test 2,URDNursery,100,34.0,F,15-12-2025,2025-26
12,Unit Test 2,MATHNursery,100,86.7,A,15-12-2025,2025-26
12,Final,ENGNursery,100,34.5,F,10-03-2026,2025-26
12,Final,URDNursery,100,99.7,A+,10-03-2026,2025-26
12,Final,HINNursery,100,60.2,B,10-03-2026,2025-26
12,Final,ARTNursery,50,27.7,C,10-03-2026,2025-26
13,Unit Test 1,ENGNursery,100,82.2,A,25-08-2025,2025-26
13,Unit Test 1,HINNursery,100,85.5,A,25-08-2025,2025-26
13,Unit Test 1,MATHNursery,100,43.1,D,25-08-2025,2025-26
13,Unit Test 1,ARTNursery,50,40.4,A,25-08-2025,2025-26
13,Midterm,ARTNursery,50,44.2,A,15-10-2025,2025-26
13,Midterm,MATHNursery,100,79.4,B+,15-10-2025,2025-26
13,Midterm,HINNursery,100,28.3,F,15-10-2025,2025-26
13,Midterm,EVSNursery,100,26.1,F,15-10-2025,2025-26
13,Midterm,ENGNursery,100,36.5,F,15-10-2025,2025-26
13,Midterm,URDNursery,100,89.5,A,15-10-2025,2025-26
13,Unit Test 2,MATHNursery,100,54.3,C,15-12-2025,2025-26
13,Unit Test 2,EVSNursery,100,36.5,F,15-12-2025,2025-26
13,Unit Test 2,HINNursery,100,46.9,D,15-12-2025,2025-26
13,Unit Test 2,ENGNursery,100,29.8,F,15-12-2025,2025-26
13,Unit Test 2,URDNursery,100,38.8,F,15-12-2025,2025-26
13,Final,EVSNursery,100,30.2,F,10-03-2026,2025-26
13,Final,HINNursery,100,43.4,D,10-03-2026,2025-26
13,Final,ENGNursery,100,64.6,B,10-03-2026,2025-26
13,Final,MATHNursery,100,66.8,B,10-03-2026,2025-26
14,Unit Test 1,URDNursery,100,76.4,B+,25-08-2025,2025-26
14,Unit Test 1,EVSNursery,100,55.7,C,25-08-2025,2025-26
14,Unit Test 1,ENGNursery,100,65.1,B,25-08-2025,2025-26
14,Unit Test 1,HINNursery,100,71.4,B+,25-08-2025,2025-26
14,Midterm,ARTNursery,50,28.6,C,15-10-2025,2025-26
14,Midterm,EVSNursery,100,32.8,F,15-10-2025,2025-26
14,Midterm,URDNursery,100,42.5,D,15-10-2025,2025-26
14,Midterm,ENGNursery,100,53.6,C,15-10-2025,2025-26
14,Unit Test 2,HINNursery,100,89.3,A,15-12-2025,2025-26
14,Unit Test 2,URDNursery,100,82.2,A,15-12-2025,2025-26
14,Unit Test 2,ENGNursery,100,27.6,F,15-12-2025,2025-26
14,Final,ENGNursery,100,46.2,D,10-03-2026,2025-26
14,Final,HINNursery,100,71.2,B+,10-03-2026,2025-26
14,Final,URDNursery,100,58.7,C,10-03-2026,2025-26
15,Unit Test 1,ARTNursery,50,49.5,A+,25-08-2025,2025-26
15,Unit Test 1,HINNursery,100,72.8,B+,25-08-2025,2025-26
15,Unit Test 1,EVSNursery,100,60.9,B,25-08-2025,2025-26
15,Unit Test 1,MATHNursery,100,92.4,A+,25-08-2025,2025-26
15,Midterm,URDNursery,100,97.2,A+,15-10-2025,2025-26
15,Midterm,EVSNursery,100,54.1,C,15-10-2025,2025-26
15,Midterm,MATHNursery,100,44.3,D,15-10-2025,2025-26
15,Midterm,ENGNursery,100,37.0,F,15-10-2025,2025-26
15,Midterm,HINNursery,100,80.5,A,15-10-2025,2025-26
15,Midterm,ARTNursery,50,35.8,B+,15-10-2025,2025-26
15,Unit Test 2,MATHNursery,100,99.1,A+,15-12-2025,2025-26
15,Unit Test 2,ENGNursery,100,34.4,F,15-12-2025,2025-26
15,Unit Test 2,HINNursery,100,72.0,B+,15-12-2025,2025-26
15,Unit Test 2,ARTNursery,50,30.2,B,15-12-2025,2025-26
15,Unit Test 2,URDNursery,100,55.4,C,15-12-2025,2025-26
15,Final,HINNursery,100,50.3,C,10-03-2026,2025-26
15,Final,ARTNursery,50,41.6,A,10-03-2026,2025-26
15,Final,URDNursery,100,35.0,F,10-03-2026,2025-26
15,Final,MATHNursery,100,64.7,B,10-03-2026,2025-26
15,Final,EVSNursery,100,43.5,D,10-03-2026,2025-26
15,Final,ENGNursery,100,78.4,B+,10-03-2026,2025-26
16,Unit Test 1,ARTNursery,50,38.7,B+,25-08-2025,2025-26
16,Unit Test 1,URDNursery,100,82.3,A,25-08-2025,2025-26
16,Unit Test 1,EVSNursery,100,55.6,C,25-08-2025,2025-26
16,Unit Test 1,MATHNursery,100,73.3,B+,25-08-2025,2025-26
16,Midterm,HINNursery,100,65.7,B,15-10-2025,2025-26
16,Midterm,MATHNursery,100,58.9,C,15-10-2025,2025-26
16,Midterm,ARTNursery,50,47.6,A+,15-10-2025,2025-26
16,Midterm,ENGNursery,100,96.7,A+,15-10-2025,2025-26
16,Unit Test 2,ENGNursery,100,95.3,A+,15-12-2025,2025-26
16,Unit Test 2,MATHNursery,100,57.4,C,15-12-2025,2025-26
16,Unit Test 2,URDNursery,100,95.7,A+,15-12-2025,2025-26
16,Unit Test 2,HINNursery,100,26.8,F,15-12-2025,2025-26
16,Unit Test 2,ARTNursery,50,30.2,B,15-12-2025,2025-26
16,Unit Test 2,EVSNursery,100,67.6,B,15-12-2025,2025-26
16,Final,EVSNursery,100,55.1,C,10-03-2026,2025-26
16,Final,URDNursery,100,83.6,A,10-03-2026,2025-26
16,Final,MATHNursery,100,39.8,F,10-03-2026,2025-26
16,Final,ARTNursery,50,35.3,B+,10-03-2026,2025-26
17,Unit Test 1,MATHNursery,100,84.0,A,25-08-2025,2025-26
17,Unit Test 1,ARTNursery,50,27.1,C,25-08-2025,2025-26
17,Unit Test 1,HINNursery,100,25.7,F,25-08-2025,2025-26
17,Unit Test 1,URDNursery,100,89.7,A,25-08-2025,2025-26
17,Unit Test 1,ENGNursery,100,29.0,F,25-08-2025,2025-26
17,Unit Test 1,EVSNursery,100,88.9,A,25-08-2025,2025-26
17,Midterm,EVSNursery,100,88.1,A,15-10-2025,2025-26
17,Midterm,MATHNursery,100,52.2,C,15-10-2025,2025-26
17,Midterm,URDNursery,100,93.2,A+,15-10-2025,2025-26
17,Midterm,ENGNursery,100,68.8,B,15-10-2025,2025-26
17,Midterm,HINNursery,100,87.1,A,15-10-2025,2025-26
17,Unit Test 2,EVSNursery,100,92.6,A+,15-12-2025,2025-26
17,Unit Test 2,MATHNursery,100,36.4,F,15-12-2025,2025-26
17,Unit Test 2,ARTNursery,50,35.4,B+,15-12-2025,2025-26
17,Unit Test 2,URDNursery,100,64.9,B,15-12-2025,2025-26
17,Unit Test 2,ENGNursery,100,71.4,B+,15-12-2025,2025-26
17,Unit Test 2,HINNursery,100,36.9,F,15-12-2025,2025-26
17,Final,ARTNursery,50,27.4,C,10-03-2026,2025-26
17,Final,EVSNursery,100,28.0,F,10-03-2026,2025-26
17,Final,MATHNursery,100,91.0,A+,10-03-2026,2025-26
17,Final,ENGNursery,100,60.5,B,10-03-2026,2025-26
17,Final,URDNursery,100,60.8,B,10-03-2026,2025-26
17,Final,HINNursery,100,82.5,A,10-03-2026,2025-26
18,Unit Test 1,HINNursery,100,97.8,A+,25-08-2025,2025-26
18,Unit Test 1,URDNursery,100,96.0,A+,25-08-2025,2025-26
18,Unit Test 1,MATHNursery,100,67.5,B,25-08-2025,2025-26
18,Unit Test 1,ARTNursery,50,47.1,A+,25-08-2025,2025-26
18,Unit Test 1,ENGNursery,100,99.1,A+,25-08-2025,2025-26
18,Midterm,ENGNursery,100,75.8,B+,15-10-2025,2025-26
18,Midterm,MATHNursery,100,93.8,A+,15-10-2025,2025-26
18,Midterm,URDNursery,100,33.3,F,15-10-2025,2025-26
18,Midterm,EVSNursery,100,95.1,A+,15-10-2025,2025-26
18,Midterm,HINNursery,100,97.0,A+,15-10-2025,2025-26
18,Unit Test 2,ARTNursery,50,44.8,A,15-12-2025,2025-26
18,Unit Test 2,EVSNursery,100,84.0,A,15-12-2025,2025-26
18,Unit Test 2,URDNursery,100,51.6,C,15-12-2025,2025-26
18,Unit Test 2,HINNursery,100,98.8,A+,15-12-2025,2025-26
18,Final,ENGNursery,100,39.4,F,10-03-2026,2025-26
18,Final,URDNursery,100,46.0,D,10-03-2026,2025-26
18,Final,HINNursery,100,64.0,B,10-03-2026,2025-26
18,Final,ARTNursery,50,47.9,A+,10-03-2026,2025-26
18,Final,MATHNursery,100,61.7,B,10-03-2026,2025-26
18,Final,EVSNursery,100,92.9,A+,10-03-2026,2025-26
19,Unit Test 1,ARTNursery,50,31.6,B,25-08-2025,2025-26
19,Unit Test 1,MATHNursery,100,99.7,A+,25-08-2025,2025-26
19,Unit Test 1,EVSNursery,100,50.3,C,25-08-2025,2025-26
19,Midterm,ARTNursery,50,28.3,C,15-10-2025,2025-26
19,Midterm,HINNursery,100,98.4,A+,15-10-2025,2025-26
19,Midterm,ENGNursery,100,71.8,B+,15-10-2025,2025-26
19,Midterm,MATHNursery,100,80.1,A,15-10-2025,2025-26
19,Midterm,URDNursery,100,26.4,F,15-10-2025,2025-26
19,Unit Test 2,MATHNursery,100,77.3,B+,15-12-2025,2025-26
19,Unit Test 2,HINNursery,100,50.2,C,15-12-2025,2025-26
19,Unit Test 2,URDNursery,100,85.2,A,15-12-2025,2025-26
19,Unit Test 2,ARTNursery,50,46.3,A+,15-12-2025,2025-26
19,Unit Test 2,ENGNursery,100,83.8,A,15-12-2025,2025-26
19,Unit Test 2,EVSNursery,100,55.5,C,15-12-2025,2025-26
19,Final,MATHNursery,100,61.7,B,10-03-2026,2025-26
19,Final,EVSNursery,100,45.0,D,10-03-2026,2025-26
19,Final,URDNursery,100,93.5,A+,10-03-2026,2025-26
19,Final,HINNursery,100,93.9,A+,10-03-2026,2025-26
19,Final,ENGNursery,100,31.4,F,10-03-2026,2025-26
20,Unit Test 1,URDNursery,100,43.2,D,25-08-2025,2025-26
20,Unit Test 1,ENGNursery,100,38.3,F,25-08-2025,2025-26
20,Unit Test 1,ARTNursery,50,26.6,C,25-08-2025,2025-26
20,Unit Test 1,HINNursery,100,67.9,B,25-08-2025,2025-26
20,Unit Test 1,EVSNursery,100,42.8,D,25-08-2025,2025-26
20,Midterm,ENGNursery,100,80.2,A,15-10-2025,2025-26
20,Midterm,ARTNursery,50,33.5,B,15-10-2025,2025-26
20,Midterm,URDNursery,100,93.2,A+,15-10-2025,2025-26
20,Unit Test 2,MATHNursery,100,72.3,B+,15-12-2025,2025-26
20,Unit Test 2,URDNursery,100,49.8,D,15-12-2025,2025-26
20,Unit Test 2,HINNursery,100,74.9,B+,15-12-2025,2025-26
20,Final,ENGNursery,100,93.9,A+,10-03-2026,2025-26
20,Final,MATHNursery,100,94.5,A+,10-03-2026,2025-26
20,Final,URDNursery,100,38.9,F,10-03-2026,2025-26
21,Unit Test 1,ENGNursery,100,40.8,D,25-08-2025,2025-26
21,Unit Test 1,HINNursery,100,78.8,B+,25-08-2025,2025-26
21,Unit Test 1,MATHNursery,100,54.0,C,25-08-2025,2025-26
21,Midterm,HINNursery,100,78.0,B+,15-10-2025,2025-26
21,Midterm,MATHNursery,100,60.2,B,15-10-2025,2025-26
21,Midterm,ARTNursery,50,43.3,A,15-10-2025,2025-26
21,Midterm,EVSNursery,100,69.4,B,15-10-2025,2025-26
21,Unit Test 2,HINNursery,100,31.0,F,15-12-2025,2025-26
21,Unit Test 2,MATHNursery,100,98.1,A+,15-12-2025,2025-26
21,Unit Test 2,ENGNursery,100,44.7,D,15-12-2025,2025-26
21,Final,ARTNursery,50,29.7,C,10-03-2026,2025-26
21,Final,ENGNursery,100,49.1,D,10-03-2026,2025-26
21,Final,URDNursery,100,99.4,A+,10-03-2026,2025-26
21,Final,HINNursery,100,37.2,F,10-03-2026,2025-26
22,Unit Test 1,URDNursery,100,43.8,D,25-08-2025,2025-26
22,Unit Test 1,HINNursery,100,50.9,C,25-08-2025,2025-26
22,Unit Test 1,EVSNursery,100,43.1,D,25-08-2025,2025-26
22,Unit Test 1,ENGNursery,100,25.5,F,25-08-2025,2025-26
22,Unit Test 1,MATHNursery,100,91.8,A+,25-08-2025,2025-26
22,Midterm,EVSNursery,100,62.0,B,15-10-2025,2025-26
22,Midterm,MATHNursery,100,92.7,A+,15-10-2025,2025-26
22,Midterm,ENGNursery,100,29.5,F,15-10-2025,2025-26
22,Midterm,HINNursery,100,81.7,A,15-10-2025,2025-26
22,Midterm,ARTNursery,50,35.8,B+,15-10-2025,2025-26
22,Unit Test 2,ENGNursery,100,67.7,B,15-12-2025,2025-26
22,Unit Test 2,ARTNursery,50,43.2,A,15-12-2025,2025-26
22,Unit Test 2,EVSNursery,100,48.9,D,15-12-2025,2025-26
22,Unit Test 2,HINNursery,100,51.9,C,15-12-2025,2025-26
22,Unit Test 2,MATHNursery,100,85.8,A,15-12-2025,2025-26
22,Unit Test 2,URDNursery,100,52.8,C,15-12-2025,2025-26
22,Final,HINNursery,100,28.2,F,10-03-2026,2025-26
22,Final,EVSNursery,100,51.5,C,10-03-2026,2025-26
22,Final,MATHNursery,100,59.9,C,10-03-2026,2025-26
22,Final,ENGNursery,100,59.6,C,10-03-2026,2025-26
22,Final,URDNursery,100,94.3,A+,10-03-2026,2025-26
23,Unit Test 1,HINNursery,100,56.5,C,25-08-2025,2025-26
23,Unit Test 1,ARTNursery,50,25.6,C,25-08-2025,2025-26
23,Unit Test 1,URDNursery,100,35.5,F,25-08-2025,2025-26
23,Unit Test 1,ENGNursery,100,48.8,D,25-08-2025,2025-26
23,Unit Test 1,EVSNursery,100,99.2,A+,25-08-2025,2025-26
23,Unit Test 1,MATHNursery,100,72.4,B+,25-08-2025,2025-26
23,Midterm,EVSNursery,100,69.5,B,15-10-2025,2025-26
23,Midterm,ENGNursery,100,38.8,F,15-10-2025,2025-26
23,Midterm,HINNursery,100,32.1,F,15-10-2025,2025-26
23,Midterm,ARTNursery,50,34.8,B,15-10-2025,2025-26
23,Midterm,URDNursery,100,36.2,F,15-10-2025,2025-26
23,Midterm,MATHNursery,100,50.3,C,15-10-2025,2025-26
23,Unit Test 2,HINNursery,100,47.8,D,15-12-2025,2025-26
23,Unit Test 2,ARTNursery,50,48.9,A+,15-12-2025,2025-26
23,Unit Test 2,MATHNursery,100,66.2,B,15-12-2025,2025-26
23,Final,MATHNursery,100,57.6,C,10-03-2026,2025-26
23,Final,HINNursery,100,88.9,A,10-03-2026,2025-26
23,Final,URDNursery,100,61.6,B,10-03-2026,2025-26
23,Final,ARTNursery,50,41.6,A,10-03-2026,2025-26
24,Unit Test 1,ENGNursery,100,70.6,B+,25-08-2025,2025-26
24,Unit Test 1,ARTNursery,50,28.5,C,25-08-2025,2025-26
24,Unit Test 1,EVSNursery,100,63.9,B,25-08-2025,2025-26
24,Unit Test 1,HINNursery,100,62.1,B,25-08-2025,2025-26
24,Unit Test 1,MATHNursery,100,41.2,D,25-08-2025,2025-26
24,Midterm,ENGNursery,100,70.9,B+,15-10-2025,2025-26
24,Midterm,EVSNursery,100,69.9,B,15-10-2025,2025-26
24,Midterm,MATHNursery,100,64.7,B,15-10-2025,2025-26
24,Midterm,HINNursery,100,50.6,C,15-10-2025,2025-26
24,Midterm,URDNursery,100,53.0,C,15-10-2025,2025-26
24,Midterm,ARTNursery,50,42.2,A,15-10-2025,2025-26
24,Unit Test 2,EVSNursery,100,26.3,F,15-12-2025,2025-26
24,Unit Test 2,URDNursery,100,52.8,C,15-12-2025,2025-26
24,Unit Test 2,HINNursery,100,43.5,D,15-12-2025,2025-26
24,Unit Test 2,ENGNursery,100,95.8,A+,15-12-2025,2025-26
24,Final,EVSNursery,100,50.6,C,10-03-2026,2025-26
24,Final,HINNursery,100,84.5,A,10-03-2026,2025-26
24,Final,ARTNursery,50,42.5,A,10-03-2026,2025-26
24,Final,URDNursery,100,92.6,A+,10-03-2026,2025-26
25,Unit Test 1,ARTNursery,50,45.3,A+,25-08-2025,2025-26
25,Unit Test 1,URDNursery,100,43.7,D,25-08-2025,2025-26
25,Unit Test 1,MATHNursery,100,67.2,B,25-08-2025,2025-26
25,Unit Test 1,EVSNursery,100,91.8,A+,25-08-2025,2025-26
25,Unit Test 1,ENGNursery,100,48.5,D,25-08-2025,2025-26
25,Midterm,HINNursery,100,31.1,F,15-10-2025,2025-26
25,Midterm,MATHNursery,100,61.8,B,15-10-2025,2025-26
25,Midterm,EVSNursery,100,70.2,B+,15-10-2025,2025-26
25,Unit Test 2,ENGNursery,100,78.4,B+,15-12-2025,2025-26
25,Unit Test 2,HINNursery,100,52.3,C,15-12-2025,2025-26
25,Unit Test 2,URDNursery,100,83.3,A,15-12-2025,2025-26
25,Unit Test 2,ARTNursery,50,36.8,B+,15-12-2025,2025-26
25,Unit Test 2,MATHNursery,100,41.7,D,15-12-2025,2025-26
25,Final,EVSNursery,100,67.1,B,10-03-2026,2025-26
25,Final,ARTNursery,50,44.6,A,10-03-2026,2025-26
25,Final,HINNursery,100,96.8,A+,10-03-2026,2025-26
26,Unit Test 1,EVSNursery,100,47.2,D,25-08-2025,2025-26
26,Unit Test 1,URDNursery,100,29.5,F,25-08-2025,2025-26
26,Unit Test 1,MATHNursery,100,91.4,A+,25-08-2025,2025-26
26,Unit Test 1,ARTNursery,50,38.1,B+,25-08-2025,2025-26
26,Unit Test 1,ENGNursery,100,62.8,B,25-08-2025,2025-26
26,Unit Test 1,HINNursery,100,43.6,D,25-08-2025,2025-26
26,Midterm,HINNursery,100,47.2,D,15-10-2025,2025-26
26,Midterm,ENGNursery,100,27.2,F,15-10-2025,2025-26
26,Midterm,EVSNursery,100,73.3,B+,15-10-2025,2025-26
26,Midterm,MATHNursery,100,56.6,C,15-10-2025,2025-26
26,Midterm,URDNursery,100,52.6,C,15-10-2025,2025-26
26,Midterm,ARTNursery,50,44.4,A,15-10-2025,2025-26
26,Unit Test 2,HINNursery,100,58.3,C,15-12-2025,2025-26
26,Unit Test 2,ARTNursery,50,32.9,B,15-12-2025,2025-26
26,Unit Test 2,MATHNursery,100,95.3,A+,15-12-2025,2025-26
26,Unit Test 2,EVSNursery,100,59.2,C,15-12-2025,2025-26
26,Final,ARTNursery,50,29.1,C,10-03-2026,2025-26
26,Final,URDNursery,100,34.6,F,10-03-2026,2025-26
26,Final,HINNursery,100,96.7,A+,10-03-2026,2025-26
26,Final,MATHNursery,100,34.3,F,10-03-2026,2025-26
27,Unit Test 1,URDNursery,100,87.4,A,25-08-2025,2025-26
27,Unit Test 1,HINNursery,100,53.1,C,25-08-2025,2025-26
27,Unit Test 1,EVSNursery,100,26.9,F,25-08-2025,2025-26
27,Unit Test 1,ENGNursery,100,57.6,C,25-08-2025,2025-26
27,Unit Test 1,MATHNursery,100,49.3,D,25-08-2025,2025-26
27,Midterm,EVSNursery,100,46.2,D,15-10-2025,2025-26
27,Midterm,URDNursery,100,67.4,B,15-10-2025,2025-26
27,Midterm,ENGNursery,100,67.6,B,15-10-2025,2025-26
27,Midterm,ARTNursery,50,47.1,A+,15-10-2025,2025-26
27,Unit Test 2,ARTNursery,50,26.6,C,15-12-2025,2025-26
27,Unit Test 2,MATHNursery,100,30.1,F,15-12-2025,2025-26
27,Unit Test 2,HINNursery,100,36.4,F,15-12-2025,2025-26
27,Final,ARTNursery,50,49.3,A+,10-03-2026,2025-26
27,Final,MATHNursery,100,50.4,C,10-03-2026,2025-26
27,Final,ENGNursery,100,55.9,C,10-03-2026,2025-26
27,Final,URDNursery,100,81.3,A,10-03-2026,2025-26
28,Unit Test 1,HINNursery,100,77.1,B+,25-08-2025,2025-26
28,Unit Test 1,URDNursery,100,66.1,B,25-08-2025,2025-26
28,Unit Test 1,ENGNursery,100,31.7,F,25-08-2025,2025-26
28,Unit Test 1,EVSNursery,100,40.5,D,25-08-2025,2025-26
28,Unit Test 1,MATHNursery,100,36.9,F,25-08-2025,2025-26
28,Unit Test 1,ARTNursery,50,44.1,A,25-08-2025,2025-26
28,Midterm,MATHNursery,100,28.9,F,15-10-2025,2025-26
28,Midterm,ARTNursery,50,46.1,A+,15-10-2025,2025-26
28,Midterm,ENGNursery,100,41.9,D,15-10-2025,2025-26
28,Midterm,EVSNursery,100,28.2,F,15-10-2025,2025-26
28,Midterm,HINNursery,100,41.4,D,15-10-2025,2025-26
28,Unit Test 2,MATHNursery,100,54.1,C,15-12-2025,2025-26
28,Unit Test 2,ARTNursery,50,40.9,A,15-12-2025,2025-26
28,Unit Test 2,EVSNursery,100,54.7,C,15-12-2025,2025-26
28,Unit Test 2,URDNursery,100,63.3,B,15-12-2025,2025-26
28,Final,HINNursery,100,28.0,F,10-03-2026,2025-26
28,Final,ENGNursery,100,69.2,B,10-03-2026,2025-26
28,Final,ARTNursery,50,30.2,B,10-03-2026,2025-26
28,Final,EVSNursery,100,68.7,B,10-03-2026,2025-26
28,Final,URDNursery,100,25.5,F,10-03-2026,2025-26
29,Unit Test 1,URDNursery,100,54.8,C,25-08-2025,2025-26
29,Unit Test 1,EVSNursery,100,36.4,F,25-08-2025,2025-26
29,Unit Test 1,MATHNursery,100,25.6,F,25-08-2025,2025-26
29,Midterm,EVSNursery,100,37.0,F,15-10-2025,2025-26
29,Midterm,URDNursery,100,40.1,D,15-10-2025,2025-26
29,Midterm,ARTNursery,50,40.2,A,15-10-2025,2025-26
29,Midterm,HINNursery,100,50.1,C,15-10-2025,2025-26
29,Midterm,MATHNursery,100,49.5,D,15-10-2025,2025-26
29,Unit Test 2,HINNursery,100,58.4,C,15-12-2025,2025-26
29,Unit Test 2,ENGNursery,100,97.6,A+,15-12-2025,2025-26
29,Unit Test 2,EVSNursery,100,75.4,B+,15-12-2025,2025-26
29,Unit Test 2,MATHNursery,100,82.8,A,15-12-2025,2025-26
29,Unit Test 2,URDNursery,100,40.3,D,15-12-2025,2025-26
29,Final,ENGNursery,100,80.7,A,10-03-2026,2025-26
29,Final,HINNursery,100,90.6,A+,10-03-2026,2025-26
29,Final,ARTNursery,50,30.0,B,10-03-2026,2025-26
30,Unit Test 1,ARTNursery,50,26.4,C,25-08-2025,2025-26
30,Unit Test 1,MATHNursery,100,72.0,B+,25-08-2025,2025-26
30,Unit Test 1,EVSNursery,100,67.5,B,25-08-2025,2025-26
30,Unit Test 1,URDNursery,100,91.3,A+,25-08-2025,2025-26
30,Unit Test 1,HINNursery,100,43.9,D,25-08-2025,2025-26
30,Midterm,EVSNursery,100,87.2,A,15-10-2025,2025-26
30,Midterm,ENGNursery,100,89.5,A,15-10-2025,2025-26
30,Midterm,MATHNursery,100,40.5,D,15-10-2025,2025-26
30,Unit Test 2,ARTNursery,50,37.0,B+,15-12-2025,2025-26
30,Unit Test 2,EVSNursery,100,69.8,B,15-12-2025,2025-26
30,Unit Test 2,HINNursery,100,84.6,A,15-12-2025,2025-26
30,Unit Test 2,MATHNursery,100,75.0,B+,15-12-2025,2025-26
30,Unit Test 2,ENGNursery,100,95.3,A+,15-12-2025,2025-26
30,Unit Test 2,URDNursery,100,30.8,F,15-12-2025,2025-26
30,Final,ENGNursery,100,89.3,A,10-03-2026,2025-26
30,Final,ARTNursery,50,48.7,A+,10-03-2026,2025-26
30,Final,URDNursery,100,94.8,A+,10-03-2026,2025-26
31,Unit Test 1,HINNursery,100,52.6,C,25-08-2025,2025-26
31,Unit Test 1,ARTNursery,50,41.1,A,25-08-2025,2025-26
31,Unit Test 1,MATHNursery,100,97.8,A+,25-08-2025,2025-26
31,Unit Test 1,ENGNursery,100,80.6,A,25-08-2025,2025-26
31,Unit Test 1,EVSNursery,100,53.0,C,25-08-2025,2025-26
31,Midterm,HINNursery,100,47.7,D,15-10-2025,2025-26
31,Midterm,ENGNursery,100,44.7,D,15-10-2025,2025-26
31,Midterm,EVSNursery,100,94.8,A+,15-10-2025,2025-26
31,Midterm,URDNursery,100,91.6,A+,15-10-2025,2025-26
31,Midterm,ARTNursery,50,45.0,A+,15-10-2025,2025-26
31,Unit Test 2,ENGNursery,100,26.1,F,15-12-2025,2025-26
31,Unit Test 2,ARTNursery,50,27.2,C,15-12-2025,2025-26
31,Unit Test 2,HINNursery,100,42.6,D,15-12-2025,2025-26
31,Unit Test 2,URDNursery,100,90.2,A+,15-12-2025,2025-26
31,Final,EVSNursery,100,41.2,D,10-03-2026,2025-26
31,Final,ENGNursery,100,54.8,C,10-03-2026,2025-26
31,Final,HINNursery,100,53.3,C,10-03-2026,2025-26
31,Final,URDNursery,100,27.8,F,10-03-2026,2025-26
31,Final,ARTNursery,50,35.8,B+,10-03-2026,2025-26
32,Unit Test 1,HINNursery,100,97.0,A+,25-08-2025,2025-26
32,Unit Test 1,MATHNursery,100,90.7,A+,25-08-2025,2025-26
32,Unit Test 1,ENGNursery,100,78.2,B+,25-08-2025,2025-26
32,Unit Test 1,EVSNursery,100,78.9,B+,25-08-2025,2025-26
32,Unit Test 1,ARTNursery,50,30.1,B,25-08-2025,2025-26
32,Unit Test 1,URDNursery,100,45.0,D,25-08-2025,2025-26
32,Midterm,MATHNursery,100,90.5,A+,15-10-2025,2025-26
32,Midterm,ARTNursery,50,45.9,A+,15-10-2025,2025-26
32,Midterm,HINNursery,100,57.7,C,15-10-2025,2025-26
32,Midterm,ENGNursery,100,96.4,A+,15-10-2025,2025-26
32,Midterm,EVSNursery,100,61.6,B,15-10-2025,2025-26
32,Unit Test 2,ARTNursery,50,27.2,C,15-12-2025,2025-26
32,Unit Test 2,ENGNursery,100,52.5,C,15-12-2025,2025-26
32,Unit Test 2,EVSNursery,100,86.6,A,15-12-2025,2025-26
32,Unit Test 2,MATHNursery,100,65.8,B,15-12-2025,2025-26
32,Final,ARTNursery,50,35.2,B+,10-03-2026,2025-26
32,Final,EVSNursery,100,68.5,B,10-03-2026,2025-26
32,Final,MATHNursery,100,52.9,C,10-03-2026,2025-26
32,Final,HINNursery,100,98.8,A+,10-03-2026,2025-26
32,Final,URDNursery,100,82.5,A,10-03-2026,2025-26
34,Unit Test 1,ARTLKG,50,49.0,A+,25-08-2025,2025-26
34,Unit Test 1,HINLKG,100,31.5,F,25-08-2025,2025-26
34,Unit Test 1,URDLKG,100,44.0,D,25-08-2025,2025-26
34,Unit Test 1,MATHLKG,100,35.3,F,25-08-2025,2025-26
34,Midterm,ARTLKG,50,47.2,A+,15-10-2025,2025-26
34,Midterm,HINLKG,100,50.8,C,15-10-2025,2025-26
34,Midterm,URDLKG,100,93.9,A+,15-10-2025,2025-26
34,Midterm,EVSLKG,100,98.7,A+,15-10-2025,2025-26
34,Midterm,ENGLKG,100,35.9,F,15-10-2025,2025-26
34,Unit Test 2,URDLKG,100,31.1,F,15-12-2025,2025-26
34,Unit Test 2,MATHLKG,100,56.4,C,15-12-2025,2025-26
34,Unit Test 2,ARTLKG,50,27.8,C,15-12-2025,2025-26
34,Unit Test 2,ENGLKG,100,62.6,B,15-12-2025,2025-26
34,Unit Test 2,HINLKG,100,28.1,F,15-12-2025,2025-26
34,Final,URDLKG,100,95.1,A+,10-03-2026,2025-26
34,Final,ENGLKG,100,74.8,B+,10-03-2026,2025-26
34,Final,EVSLKG,100,37.4,F,10-03-2026,2025-26
35,Unit Test 1,ARTLKG,50,33.1,B,25-08-2025,2025-26
35,Unit Test 1,EVSLKG,100,87.7,A,25-08-2025,2025-26
35,Unit Test 1,HINLKG,100,53.0,C,25-08-2025,2025-26
35,Unit Test 1,ENGLKG,100,95.3,A+,25-08-2025,2025-26
35,Midterm,MATHLKG,100,41.9,D,15-10-2025,2025-26
35,Midterm,URDLKG,100,73.3,B+,15-10-2025,2025-26
35,Midterm,EVSLKG,100,36.7,F,15-10-2025,2025-26
35,Midterm,HINLKG,100,77.0,B+,15-10-2025,2025-26
35,Midterm,ARTLKG,50,43.8,A,15-10-2025,2025-26
35,Midterm,ENGLKG,100,78.7,B+,15-10-2025,2025-26
35,Unit Test 2,HINLKG,100,77.1,B+,15-12-2025,2025-26
35,Unit Test 2,MATHLKG,100,48.0,D,15-12-2025,2025-26
35,Unit Test 2,ENGLKG,100,81.7,A,15-12-2025,2025-26
35,Final,MATHLKG,100,26.2,F,10-03-2026,2025-26
35,Final,URDLKG,100,47.2,D,10-03-2026,2025-26
35,Final,ENGLKG,100,40.5,D,10-03-2026,2025-26
35,Final,HINLKG,100,87.1,A,10-03-2026,2025-26
35,Final,EVSLKG,100,76.0,B+,10-03-2026,2025-26
36,Unit Test 1,EVSLKG,100,56.6,C,25-08-2025,2025-26
36,Unit Test 1,HINLKG,100,51.8,C,25-08-2025,2025-26
36,Unit Test 1,ENGLKG,100,55.2,C,25-08-2025,2025-26
36,Midterm,EVSLKG,100,57.1,C,15-10-2025,2025-26
36,Midterm,HINLKG,100,69.2,B,15-10-2025,2025-26
36,Midterm,ARTLKG,50,37.0,B+,15-10-2025,2025-26
36,Midterm,ENGLKG,100,71.1,B+,15-10-2025,2025-26
36,Midterm,MATHLKG,100,28.1,F,15-10-2025,2025-26
36,Unit Test 2,ENGLKG,100,77.5,B+,15-12-2025,2025-26
36,Unit Test 2,HINLKG,100,89.6,A,15-12-2025,2025-26
36,Unit Test 2,EVSLKG,100,53.8,C,15-12-2025,2025-26
36,Unit Test 2,MATHLKG,100,65.4,B,15-12-2025,2025-26
36,Unit Test 2,ARTLKG,50,27.5,C,15-12-2025,2025-26
36,Unit Test 2,URDLKG,100,76.6,B+,15-12-2025,2025-26
36,Final,ARTLKG,50,49.1,A+,10-03-2026,2025-26
36,Final,HINLKG,100,81.9,A,10-03-2026,2025-26
36,Final,ENGLKG,100,31.5,F,10-03-2026,2025-26
36,Final,MATHLKG,100,43.9,D,10-03-2026,2025-26
36,Final,URDLKG,100,31.9,F,10-03-2026,2025-26
37,Unit Test 1,ARTLKG,50,43.7,A,25-08-2025,2025-26
37,Unit Test 1,ENGLKG,100,43.1,D,25-08-2025,2025-26
37,Unit Test 1,HINLKG,100,98.8,A+,25-08-2025,2025-26
37,Unit Test 1,MATHLKG,100,27.6,F,25-08-2025,2025-26
37,Midterm,URDLKG,100,32.1,F,15-10-2025,2025-26
37,Midterm,HINLKG,100,76.3,B+,15-10-2025,2025-26
37,Midterm,MATHLKG,100,69.5,B,15-10-2025,2025-26
37,Midterm,EVSLKG,100,75.6,B+,15-10-2025,2025-26
37,Midterm,ARTLKG,50,25.7,C,15-10-2025,2025-26
37,Unit Test 2,ENGLKG,100,85.1,A,15-12-2025,2025-26
37,Unit Test 2,URDLKG,100,65.2,B,15-12-2025,2025-26
37,Unit Test 2,MATHLKG,100,79.3,B+,15-12-2025,2025-26
37,Unit Test 2,HINLKG,100,44.0,D,15-12-2025,2025-26
37,Unit Test 2,EVSLKG,100,33.8,F,15-12-2025,2025-26
37,Unit Test 2,ARTLKG,50,37.9,B+,15-12-2025,2025-26
37,Final,HINLKG,100,46.8,D,10-03-2026,2025-26
37,Final,EVSLKG,100,49.9,D,10-03-2026,2025-26
37,Final,MATHLKG,100,33.2,F,10-03-2026,2025-26
37,Final,ENGLKG,100,36.6,F,10-03-2026,2025-26
38,Unit Test 1,MATHLKG,100,43.7,D,25-08-2025,2025-26
38,Unit Test 1,HINLKG,100,54.0,C,25-08-2025,2025-26
38,Unit Test 1,URDLKG,100,80.8,A,25-08-2025,2025-26
38,Midterm,HINLKG,100,41.8,D,15-10-2025,2025-26
38,Midterm,ENGLKG,100,89.9,A,15-10-2025,2025-26
38,Midterm,EVSLKG,100,68.8,B,15-10-2025,2025-26
38,Midterm,URDLKG,100,62.0,B,15-10-2025,2025-26
38,Unit Test 2,ARTLKG,50,43.5,A,15-12-2025,2025-26
38,Unit Test 2,ENGLKG,100,96.0,A+,15-12-2025,2025-26
38,Unit Test 2,URDLKG,100,67.2,B,15-12-2025,2025-26
38,Unit Test 2,HINLKG,100,57.9,C,15-12-2025,2025-26
38,Unit Test 2,EVSLKG,100,52.5,C,15-12-2025,2025-26
38,Unit Test 2,MATHLKG,100,77.4,B+,15-12-2025,2025-26
38,Final,ARTLKG,50,40.9,A,10-03-2026,2025-26
38,Final,URDLKG,100,33.0,F,10-03-2026,2025-26
38,Final,EVSLKG,100,60.5,B,10-03-2026,2025-26
39,Unit Test 1,HINLKG,100,31.5,F,25-08-2025,2025-26
39,Unit Test 1,URDLKG,100,90.8,A+,25-08-2025,2025-26
39,Unit Test 1,ARTLKG,50,41.6,A,25-08-2025,2025-26
39,Unit Test 1,ENGLKG,100,60.6,B,25-08-2025,2025-26
39,Unit Test 1,EVSLKG,100,63.0,B,25-08-2025,2025-26
39,Midterm,MATHLKG,100,31.5,F,15-10-2025,2025-26
39,Midterm,ENGLKG,100,39.0,F,15-10-2025,2025-26
39,Midterm,URDLKG,100,39.7,F,15-10-2025,2025-26
39,Midterm,HINLKG,100,74.5,B+,15-10-2025,2025-26
39,Unit Test 2,URDLKG,100,68.7,B,15-12-2025,2025-26
39,Unit Test 2,EVSLKG,100,33.7,F,15-12-2025,2025-26
39,Unit Test 2,HINLKG,100,28.0,F,15-12-2025,2025-26
39,Unit Test 2,ENGLKG,100,40.2,D,15-12-2025,2025-26
39,Unit Test 2,ARTLKG,50,32.5,B,15-12-2025,2025-26
39,Final,ENGLKG,100,64.3,B,10-03-2026,2025-26
39,Final,EVSLKG,100,44.9,D,10-03-2026,2025-26
39,Final,ARTLKG,50,38.3,B+,10-03-2026,2025-26
39,Final,URDLKG,100,47.8,D,10-03-2026,2025-26
39,Final,HINLKG,100,85.9,A,10-03-2026,2025-26
39,Final,MATHLKG,100,49.0,D,10-03-2026,2025-26
40,Unit Test 1,HINLKG,100,60.6,B,25-08-2025,2025-26
40,Unit Test 1,MATHLKG,100,60.9,B,25-08-2025,2025-26
40,Unit Test 1,URDLKG,100,32.4,F,25-08-2025,2025-26
40,Unit Test 1,EVSLKG,100,54.1,C,25-08-2025,2025-26
40,Midterm,MATHLKG,100,89.6,A,15-10-2025,2025-26
40,Midterm,ARTLKG,50,26.7,C,15-10-2025,2025-26
40,Midterm,URDLKG,100,63.5,B,15-10-2025,2025-26
40,Unit Test 2,URDLKG,100,72.0,B+,15-12-2025,2025-26
40,Unit Test 2,MATHLKG,100,56.0,C,15-12-2025,2025-26
40,Unit Test 2,ARTLKG,50,40.6,A,15-12-2025,2025-26
40,Final,EVSLKG,100,28.2,F,10-03-2026,2025-26
40,Final,HINLKG,100,49.0,D,10-03-2026,2025-26
40,Final,ENGLKG,100,54.6,C,10-03-2026,2025-26
40,Final,MATHLKG,100,39.4,F,10-03-2026,2025-26
41,Unit Test 1,HINLKG,100,61.0,B,25-08-2025,2025-26
41,Unit Test 1,ARTLKG,50,48.7,A+,25-08-2025,2025-26
41,Unit Test 1,MATHLKG,100,63.2,B,25-08-2025,2025-26
41,Unit Test 1,EVSLKG,100,55.5,C,25-08-2025,2025-26
41,Unit Test 1,ENGLKG,100,90.4,A+,25-08-2025,2025-26
41,Midterm,MATHLKG,100,83.0,A,15-10-2025,2025-26
41,Midterm,URDLKG,100,57.5,C,15-10-2025,2025-26
41,Midterm,EVSLKG,100,27.3,F,15-10-2025,2025-26
41,Midterm,ARTLKG,50,26.7,C,15-10-2025,2025-26
41,Unit Test 2,ARTLKG,50,34.2,B,15-12-2025,2025-26
41,Unit Test 2,MATHLKG,100,54.5,C,15-12-2025,2025-26
41,Unit Test 2,ENGLKG,100,59.8,C,15-12-2025,2025-26
41,Final,EVSLKG,100,63.4,B,10-03-2026,2025-26
41,Final,URDLKG,100,54.0,C,10-03-2026,2025-26
41,Final,ARTLKG,50,46.8,A+,10-03-2026,2025-26
41,Final,MATHLKG,100,76.6,B+,10-03-2026,2025-26
41,Final,HINLKG,100,77.1,B+,10-03-2026,2025-26
42,Unit Test 1,HINLKG,100,61.7,B,25-08-2025,2025-26
42,Unit Test 1,EVSLKG,100,50.7,C,25-08-2025,2025-26
42,Unit Test 1,ENGLKG,100,63.8,B,25-08-2025,2025-26
42,Unit Test 1,URDLKG,100,72.4,B+,25-08-2025,2025-26
42,Midterm,ARTLKG,50,32.8,B,15-10-2025,2025-26
42,Midterm,EVSLKG,100,92.9,A+,15-10-2025,2025-26
42,Midterm,URDLKG,100,93.0,A+,15-10-2025,2025-26
42,Midterm,MATHLKG,100,67.5,B,15-10-2025,2025-26
42,Midterm,ENGLKG,100,51.1,C,15-10-2025,2025-26
42,Unit Test 2,MATHLKG,100,69.8,B,15-12-2025,2025-26
42,Unit Test 2,EVSLKG,100,75.2,B+,15-12-2025,2025-26
42,Unit Test 2,HINLKG,100,39.1,F,15-12-2025,2025-26
42,Unit Test 2,ARTLKG,50,40.3,A,15-12-2025,2025-26
42,Unit Test 2,URDLKG,100,84.0,A,15-12-2025,2025-26
42,Final,MATHLKG,100,68.6,B,10-03-2026,2025-26
42,Final,EVSLKG,100,38.0,F,10-03-2026,2025-26
42,Final,URDLKG,100,79.3,B+,10-03-2026,2025-26
42,Final,ENGLKG,100,90.7,A+,10-03-2026,2025-26
42,Final,ARTLKG,50,41.0,A,10-03-2026,2025-26
43,Unit Test 1,URDLKG,100,85.7,A,25-08-2025,2025-26
43,Unit Test 1,EVSLKG,100,53.1,C,25-08-2025,2025-26
43,Unit Test 1,MATHLKG,100,54.4,C,25-08-2025,2025-26
43,Unit Test 1,ARTLKG,50,42.9,A,25-08-2025,2025-26
43,Midterm,URDLKG,100,34.3,F,15-10-2025,2025-26
43,Midterm,EVSLKG,100,53.2,C,15-10-2025,2025-26
43,Midterm,MATHLKG,100,66.3,B,15-10-2025,2025-26
43,Midterm,HINLKG,100,54.5,C,15-10-2025,2025-26
43,Midterm,ENGLKG,100,30.0,F,15-10-2025,2025-26
43,Midterm,ARTLKG,50,45.3,A+,15-10-2025,2025-26
43,Unit Test 2,HINLKG,100,39.9,F,15-12-2025,2025-26
43,Unit Test 2,ARTLKG,50,26.3,C,15-12-2025,2025-26
43,Unit Test 2,EVSLKG,100,57.1,C,15-12-2025,2025-26
43,Unit Test 2,URDLKG,100,98.6,A+,15-12-2025,2025-26
43,Unit Test 2,MATHLKG,100,69.6,B,15-12-2025,2025-26
43,Final,HINLKG,100,34.2,F,10-03-2026,2025-26
43,Final,ARTLKG,50,44.0,A,10-03-2026,2025-26
43,Final,EVSLKG,100,99.6,A+,10-03-2026,2025-26
43,Final,ENGLKG,100,28.1,F,10-03-2026,2025-26
43,Final,URDLKG,100,30.3,F,10-03-2026,2025-26
43,Final,MATHLKG,100,33.1,F,10-03-2026,2025-26
44,Unit Test 1,MATHLKG,100,91.8,A+,25-08-2025,2025-26
44,Unit Test 1,ENGLKG,100,67.5,B,25-08-2025,2025-26
44,Unit Test 1,HINLKG,100,25.7,F,25-08-2025,2025-26
44,Unit Test 1,URDLKG,100,50.3,C,25-08-2025,2025-26
44,Unit Test 1,EVSLKG,100,71.8,B+,25-08-2025,2025-26
44,Midterm,EVSLKG,100,71.4,B+,15-10-2025,2025-26
44,Midterm,HINLKG,100,67.8,B,15-10-2025,2025-26
44,Midterm,MATHLKG,100,45.0,D,15-10-2025,2025-26
44,Midterm,ENGLKG,100,66.4,B,15-10-2025,2025-26
44,Midterm,ARTLKG,50,46.0,A+,15-10-2025,2025-26
44,Unit Test 2,ENGLKG,100,37.9,F,15-12-2025,2025-26
44,Unit Test 2,URDLKG,100,97.5,A+,15-12-2025,2025-26
44,Unit Test 2,EVSLKG,100,53.7,C,15-12-2025,2025-26
44,Unit Test 2,ARTLKG,50,38.5,B+,15-12-2025,2025-26
44,Final,MATHLKG,100,85.7,A,10-03-2026,2025-26
44,Final,ENGLKG,100,34.3,F,10-03-2026,2025-26
44,Final,EVSLKG,100,43.5,D,10-03-2026,2025-26
45,Unit Test 1,MATHLKG,100,93.8,A+,25-08-2025,2025-26
45,Unit Test 1,ARTLKG,50,32.0,B,25-08-2025,2025-26
45,Unit Test 1,HINLKG,100,25.2,F,25-08-2025,2025-26
45,Unit Test 1,EVSLKG,100,75.3,B+,25-08-2025,2025-26
45,Unit Test 1,ENGLKG,100,57.6,C,25-08-2025,2025-26
45,Unit Test 1,URDLKG,100,89.6,A,25-08-2025,2025-26
45,Midterm,HINLKG,100,78.4,B+,15-10-2025,2025-26
45,Midterm,MATHLKG,100,58.2,C,15-10-2025,2025-26
45,Midterm,URDLKG,100,80.4,A,15-10-2025,2025-26
45,Midterm,ENGLKG,100,53.8,C,15-10-2025,2025-26
45,Midterm,EVSLKG,100,71.1,B+,15-10-2025,2025-26
45,Midterm,ARTLKG,50,34.5,B,15-10-2025,2025-26
45,Unit Test 2,MATHLKG,100,49.2,D,15-12-2025,2025-26
45,Unit Test 2,HINLKG,100,62.4,B,15-12-2025,2025-26
45,Unit Test 2,URDLKG,100,71.2,B+,15-12-2025,2025-26
45,Unit Test 2,EVSLKG,100,87.9,A,15-12-2025,2025-26
45,Unit Test 2,ARTLKG,50,40.2,A,15-12-2025,2025-26
45,Final,MATHLKG,100,40.5,D,10-03-2026,2025-26
45,Final,ENGLKG,100,48.6,D,10-03-2026,2025-26
45,Final,HINLKG,100,55.4,C,10-03-2026,2025-26
45,Final,URDLKG,100,43.7,D,10-03-2026,2025-26
45,Final,ARTLKG,50,32.3,B,10-03-2026,2025-26
46,Unit Test 1,HINLKG,100,76.5,B+,25-08-2025,2025-26
46,Unit Test 1,URDLKG,100,67.2,B,25-08-2025,2025-26
46,Unit Test 1,ARTLKG,50,41.1,A,25-08-2025,2025-26
46,Unit Test 1,ENGLKG,100,29.9,F,25-08-2025,2025-26
46,Midterm,HINLKG,100,52.0,C,15-10-2025,2025-26
46,Midterm,URDLKG,100,26.5,F,15-10-2025,2025-26
46,Midterm,EVSLKG,100,57.7,C,15-10-2025,2025-26
46,Unit Test 2,HINLKG,100,45.2,D,15-12-2025,2025-26
46,Unit Test 2,ENGLKG,100,93.4,A+,15-12-2025,2025-26
46,Unit Test 2,ARTLKG,50,31.5,B,15-12-2025,2025-26
46,Unit Test 2,MATHLKG,100,36.9,F,15-12-2025,2025-26
46,Unit Test 2,EVSLKG,100,41.4,D,15-12-2025,2025-26
46,Unit Test 2,URDLKG,100,68.9,B,15-12-2025,2025-26
46,Final,ENGLKG,100,82.1,A,10-03-2026,2025-26
46,Final,HINLKG,100,31.7,F,10-03-2026,2025-26
46,Final,EVSLKG,100,93.7,A+,10-03-2026,2025-26
46,Final,ARTLKG,50,27.3,C,10-03-2026,2025-26
47,Unit Test 1,EVSLKG,100,59.0,C,25-08-2025,2025-26
47,Unit Test 1,ENGLKG,100,47.0,D,25-08-2025,2025-26
47,Unit Test 1,ARTLKG,50,46.5,A+,25-08-2025,2025-26
47,Midterm,MATHLKG,100,64.0,B,15-10-2025,2025-26
47,Midterm,ARTLKG,50,30.8,B,15-10-2025,2025-26
47,Midterm,HINLKG,100,31.9,F,15-10-2025,2025-26
47,Midterm,URDLKG,100,28.9,F,15-10-2025,2025-26
47,Midterm,ENGLKG,100,74.1,B+,15-10-2025,2025-26
47,Unit Test 2,EVSLKG,100,92.1,A+,15-12-2025,2025-26
47,Unit Test 2,URDLKG,100,42.7,D,15-12-2025,2025-26
47,Unit Test 2,HINLKG,100,85.6,A,15-12-2025,2025-26
47,Unit Test 2,MATHLKG,100,39.7,F,15-12-2025,2025-26
47,Final,ENGLKG,100,86.3,A,10-03-2026,2025-26
47,Final,ARTLKG,50,29.5,C,10-03-2026,2025-26
47,Final,EVSLKG,100,34.3,F,10-03-2026,2025-26
48,Unit Test 1,URDLKG,100,84.0,A,25-08-2025,2025-26
48,Unit Test 1,EVSLKG,100,49.4,D,25-08-2025,2025-26
48,Unit Test 1,MATHLKG,100,37.9,F,25-08-2025,2025-26
48,Unit Test 1,ENGLKG,100,45.4,D,25-08-2025,2025-26
48,Unit Test 1,ARTLKG,50,45.3,A+,25-08-2025,2025-26
48,Unit Test 1,HINLKG,100,62.6,B,25-08-2025,2025-26
48,Midterm,HINLKG,100,28.6,F,15-10-2025,2025-26
48,Midterm,MATHLKG,100,36.7,F,15-10-2025,2025-26
48,Midterm,URDLKG,100,34.9,F,15-10-2025,2025-26
48,Unit Test 2,URDLKG,100,38.1,F,15-12-2025,2025-26
48,Unit Test 2,EVSLKG,100,33.2,F,15-12-2025,2025-26
48,Unit Test 2,HINLKG,100,43.6,D,15-12-2025,2025-26
48,Unit Test 2,ENGLKG,100,73.0,B+,15-12-2025,2025-26
48,Unit Test 2,MATHLKG,100,81.6,A,15-12-2025,2025-26
48,Final,HINLKG,100,46.5,D,10-03-2026,2025-26
48,Final,MATHLKG,100,64.7,B,10-03-2026,2025-26
48,Final,ENGLKG,100,61.7,B,10-03-2026,2025-26
49,Unit Test 1,URDLKG,100,84.0,A,25-08-2025,2025-26
49,Unit Test 1,ARTLKG,50,39.4,B+,25-08-2025,2025-26
49,Unit Test 1,HINLKG,100,87.8,A,25-08-2025,2025-26
49,Unit Test 1,EVSLKG,100,55.4,C,25-08-2025,2025-26
49,Unit Test 1,MATHLKG,100,43.9,D,25-08-2025,2025-26
49,Unit Test 1,ENGLKG,100,95.3,A+,25-08-2025,2025-26
49,Midterm,URDLKG,100,40.5,D,15-10-2025,2025-26
49,Midterm,HINLKG,100,70.0,B+,15-10-2025,2025-26
49,Midterm,MATHLKG,100,52.6,C,15-10-2025,2025-26
49,Midterm,ENGLKG,100,47.4,D,15-10-2025,2025-26
49,Unit Test 2,HINLKG,100,61.5,B,15-12-2025,2025-26
49,Unit Test 2,ARTLKG,50,43.8,A,15-12-2025,2025-26
49,Unit Test 2,EVSLKG,100,41.2,D,15-12-2025,2025-26
49,Unit Test 2,MATHLKG,100,83.1,A,15-12-2025,2025-26
49,Unit Test 2,ENGLKG,100,81.3,A,15-12-2025,2025-26
49,Unit Test 2,URDLKG,100,58.7,C,15-12-2025,2025-26
49,Final,ARTLKG,50,28.6,C,10-03-2026,2025-26
49,Final,EVSLKG,100,92.5,A+,10-03-2026,2025-26
49,Final,HINLKG,100,92.8,A+,10-03-2026,2025-26
49,Final,ENGLKG,100,44.0,D,10-03-2026,2025-26
50,Unit Test 1,HINLKG,100,56.2,C,25-08-2025,2025-26
50,Unit Test 1,ARTLKG,50,26.3,C,25-08-2025,2025-26
50,Unit Test 1,EVSLKG,100,96.1,A+,25-08-2025,2025-26
50,Unit Test 1,ENGLKG,100,92.3,A+,25-08-2025,2025-26
50,Unit Test 1,MATHLKG,100,94.2,A+,25-08-2025,2025-26
50,Unit Test 1,URDLKG,100,47.2,D,25-08-2025,2025-26
50,Midterm,EVSLKG,100,91.5,A+,15-10-2025,2025-26
50,Midterm,HINLKG,100,90.4,A+,15-10-2025,2025-26
50,Midterm,URDLKG,100,30.9,F,15-10-2025,2025-26
50,Unit Test 2,EVSLKG,100,30.1,F,15-12-2025,2025-26
50,Unit Test 2,URDLKG,100,49.9,D,15-12-2025,2025-26
50,Unit Test 2,HINLKG,100,48.3,D,15-12-2025,2025-26
50,Unit Test 2,ENGLKG,100,63.0,B,15-12-2025,2025-26
50,Unit Test 2,MATHLKG,100,25.8,F,15-12-2025,2025-26
50,Final,MATHLKG,100,29.5,F,10-03-2026,2025-26
50,Final,URDLKG,100,63.2,B,10-03-2026,2025-26
50,Final,EVSLKG,100,72.3,B+,10-03-2026,2025-26
51,Unit Test 1,ENGLKG,100,51.0,C,25-08-2025,2025-26
51,Unit Test 1,HINLKG,100,49.5,D,25-08-2025,2025-26
51,Unit Test 1,URDLKG,100,52.6,C,25-08-2025,2025-26
51,Unit Test 1,MATHLKG,100,85.1,A,25-08-2025,2025-26
51,Unit Test 1,EVSLKG,100,68.9,B,25-08-2025,2025-26
51,Midterm,HINLKG,100,95.0,A+,15-10-2025,2025-26
51,Midterm,ARTLKG,50,34.4,B,15-10-2025,2025-26
51,Midterm,ENGLKG,100,74.5,B+,15-10-2025,2025-26
51,Midterm,EVSLKG,100,58.0,C,15-10-2025,2025-26
51,Midterm,URDLKG,100,79.2,B+,15-10-2025,2025-26
51,Midterm,MATHLKG,100,45.0,D,15-10-2025,2025-26
51,Unit Test 2,MATHLKG,100,54.6,C,15-12-2025,2025-26
51,Unit Test 2,ENGLKG,100,28.1,F,15-12-2025,2025-26
51,Unit Test 2,HINLKG,100,47.7,D,15-12-2025,2025-26
51,Unit Test 2,ARTLKG,50,48.8,A+,15-12-2025,2025-26
51,Final,HINLKG,100,85.0,A,10-03-2026,2025-26
51,Final,URDLKG,100,91.2,A+,10-03-2026,2025-26
51,Final,MATHLKG,100,57.0,C,10-03-2026,2025-26
51,Final,ARTLKG,50,39.2,B+,10-03-2026,2025-26
52,Unit Test 1,ENGLKG,100,44.9,D,25-08-2025,2025-26
52,Unit Test 1,ARTLKG,50,37.1,B+,25-08-2025,2025-26
52,Unit Test 1,MATHLKG,100,30.0,F,25-08-2025,2025-26
52,Unit Test 1,URDLKG,100,60.1,B,25-08-2025,2025-26
52,Midterm,ARTLKG,50,41.7,A,15-10-2025,2025-26
52,Midterm,HINLKG,100,85.9,A,15-10-2025,2025-26
52,Midterm,ENGLKG,100,50.7,C,15-10-2025,2025-26
52,Midterm,URDLKG,100,79.6,B+,15-10-2025,2025-26
52,Unit Test 2,HINLKG,100,64.5,B,15-12-2025,2025-26
52,Unit Test 2,EVSLKG,100,75.1,B+,15-12-2025,2025-26
52,Unit Test 2,URDLKG,100,87.7,A,15-12-2025,2025-26
52,Unit Test 2,ARTLKG,50,39.7,B+,15-12-2025,2025-26
52,Unit Test 2,MATHLKG,100,76.2,B+,15-12-2025,2025-26
52,Final,MATHLKG,100,45.4,D,10-03-2026,2025-26
52,Final,ENGLKG,100,95.5,A+,10-03-2026,2025-26
52,Final,HINLKG,100,47.5,D,10-03-2026,2025-26
52,Final,ARTLKG,50,49.3,A+,10-03-2026,2025-26
53,Unit Test 1,ENGLKG,100,66.6,B,25-08-2025,2025-26
53,Unit Test 1,URDLKG,100,88.3,A,25-08-2025,2025-26
53,Unit Test 1,EVSLKG,100,41.4,D,25-08-2025,2025-26
53,Unit Test 1,MATHLKG,100,96.7,A+,25-08-2025,2025-26
53,Unit Test 1,ARTLKG,50,36.6,B+,25-08-2025,2025-26
53,Unit Test 1,HINLKG,100,36.5,F,25-08-2025,2025-26
53,Midterm,ARTLKG,50,35.3,B+,15-10-2025,2025-26
53,Midterm,URDLKG,100,55.0,C,15-10-2025,2025-26
53,Midterm,EVSLKG,100,67.5,B,15-10-2025,2025-26
53,Unit Test 2,ENGLKG,100,96.1,A+,15-12-2025,2025-26
53,Unit Test 2,MATHLKG,100,74.7,B+,15-12-2025,2025-26
53,Unit Test 2,URDLKG,100,83.1,A,15-12-2025,2025-26
53,Unit Test 2,EVSLKG,100,94.5,A+,15-12-2025,2025-26
53,Unit Test 2,HINLKG,100,29.3,F,15-12-2025,2025-26
53,Final,HINLKG,100,95.3,A+,10-03-2026,2025-26
53,Final,MATHLKG,100,33.9,F,10-03-2026,2025-26
53,Final,ARTLKG,50,30.9,B,10-03-2026,2025-26
53,Final,URDLKG,100,90.9,A+,10-03-2026,2025-26
53,Final,ENGLKG,100,61.9,B,10-03-2026,2025-26
53,Final,EVSLKG,100,96.9,A+,10-03-2026,2025-26
54,Unit Test 1,HINLKG,100,43.2,D,25-08-2025,2025-26
54,Unit Test 1,ARTLKG,50,45.1,A+,25-08-2025,2025-26
54,Unit Test 1,MATHLKG,100,50.2,C,25-08-2025,2025-26
54,Unit Test 1,URDLKG,100,69.8,B,25-08-2025,2025-26
54,Midterm,ENGLKG,100,65.5,B,15-10-2025,2025-26
54,Midterm,ARTLKG,50,37.3,B+,15-10-2025,2025-26
54,Midterm,URDLKG,100,31.9,F,15-10-2025,2025-26
54,Midterm,HINLKG,100,97.8,A+,15-10-2025,2025-26
54,Midterm,EVSLKG,100,85.6,A,15-10-2025,2025-26
54,Midterm,MATHLKG,100,73.6,B+,15-10-2025,2025-26
54,Unit Test 2,ENGLKG,100,27.5,F,15-12-2025,2025-26
54,Unit Test 2,HINLKG,100,46.9,D,15-12-2025,2025-26
54,Unit Test 2,MATHLKG,100,88.3,A,15-12-2025,2025-26
54,Final,ARTLKG,50,47.3,A+,10-03-2026,2025-26
54,Final,URDLKG,100,49.8,D,10-03-2026,2025-26
54,Final,ENGLKG,100,27.9,F,10-03-2026,2025-26
54,Final,HINLKG,100,68.7,B,10-03-2026,2025-26
54,Final,EVSLKG,100,99.1,A+,10-03-2026,2025-26
55,Unit Test 1,MATHLKG,100,86.8,A,25-08-2025,2025-26
55,Unit Test 1,ARTLKG,50,37.3,B+,25-08-2025,2025-26
55,Unit Test 1,HINLKG,100,45.0,D,25-08-2025,2025-26
55,Midterm,URDLKG,100,35.4,F,15-10-2025,2025-26
55,Midterm,ARTLKG,50,36.6,B+,15-10-2025,2025-26
55,Midterm,ENGLKG,100,88.9,A,15-10-2025,2025-26
55,Midterm,EVSLKG,100,36.8,F,15-10-2025,2025-26
55,Midterm,MATHLKG,100,83.2,A,15-10-2025,2025-26
55,Unit Test 2,HINLKG,100,76.7,B+,15-12-2025,2025-26
55,Unit Test 2,URDLKG,100,27.4,F,15-12-2025,2025-26
55,Unit Test 2,MATHLKG,100,88.9,A,15-12-2025,2025-26
55,Final,ARTLKG,50,48.8,A+,10-03-2026,2025-26
55,Final,HINLKG,100,48.0,D,10-03-2026,2025-26
55,Final,URDLKG,100,74.0,B+,10-03-2026,2025-26
55,Final,MATHLKG,100,86.1,A,10-03-2026,2025-26
56,Unit Test 1,MATHLKG,100,36.2,F,25-08-2025,2025-26
56,Unit Test 1,EVSLKG,100,36.6,F,25-08-2025,2025-26
56,Unit Test 1,URDLKG,100,31.0,F,25-08-2025,2025-26
56,Unit Test 1,ENGLKG,100,69.1,B,25-08-2025,2025-26
56,Unit Test 1,HINLKG,100,33.8,F,25-08-2025,2025-26
56,Unit Test 1,ARTLKG,50,27.7,C,25-08-2025,2025-26
56,Midterm,MATHLKG,100,68.4,B,15-10-2025,2025-26
56,Midterm,ARTLKG,50,43.0,A,15-10-2025,2025-26
56,Midterm,ENGLKG,100,57.7,C,15-10-2025,2025-26
56,Midterm,URDLKG,100,34.2,F,15-10-2025,2025-26
56,Midterm,EVSLKG,100,73.3,B+,15-10-2025,2025-26
56,Midterm,HINLKG,100,95.7,A+,15-10-2025,2025-26
56,Unit Test 2,ARTLKG,50,34.1,B,15-12-2025,2025-26
56,Unit Test 2,MATHLKG,100,54.3,C,15-12-2025,2025-26
56,Unit Test 2,HINLKG,100,50.9,C,15-12-2025,2025-26
56,Unit Test 2,EVSLKG,100,28.7,F,15-12-2025,2025-26
56,Unit Test 2,ENGLKG,100,88.1,A,15-12-2025,2025-26
56,Final,HINLKG,100,83.8,A,10-03-2026,2025-26
56,Final,MATHLKG,100,89.7,A,10-03-2026,2025-26
56,Final,ARTLKG,50,36.2,B+,10-03-2026,2025-26
56,Final,URDLKG,100,86.2,A,10-03-2026,2025-26
56,Final,EVSLKG,100,80.9,A,10-03-2026,2025-26
57,Unit Test 1,ARTLKG,50,35.4,B+,25-08-2025,2025-26
57,Unit Test 1,EVSLKG,100,61.5,B,25-08-2025,2025-26
57,Unit Test 1,MATHLKG,100,99.1,A+,25-08-2025,2025-26
57,Unit Test 1,ENGLKG,100,36.1,F,25-08-2025,2025-26
57,Unit Test 1,URDLKG,100,91.3,A+,25-08-2025,2025-26
57,Unit Test 1,HINLKG,100,43.0,D,25-08-2025,2025-26
57,Midterm,EVSLKG,100,72.4,B+,15-10-2025,2025-26
57,Midterm,MATHLKG,100,78.4,B+,15-10-2025,2025-26
57,Midterm,URDLKG,100,85.0,A,15-10-2025,2025-26
57,Midterm,HINLKG,100,53.0,C,15-10-2025,2025-26
57,Midterm,ENGLKG,100,25.2,F,15-10-2025,2025-26
57,Midterm,ARTLKG,50,37.1,B+,15-10-2025,2025-26
57,Unit Test 2,MATHLKG,100,74.4,B+,15-12-2025,2025-26
57,Unit Test 2,ARTLKG,50,43.4,A,15-12-2025,2025-26
57,Unit Test 2,EVSLKG,100,62.9,B,15-12-2025,2025-26
57,Unit Test 2,HINLKG,100,64.8,B,15-12-2025,2025-26
57,Final,HINLKG,100,69.3,B,10-03-2026,2025-26
57,Final,ENGLKG,100,46.8,D,10-03-2026,2025-26
57,Final,ARTLKG,50,49.9,A+,10-03-2026,2025-26
57,Final,EVSLKG,100,59.2,C,10-03-2026,2025-26
58,Unit Test 1,EVSLKG,100,60.6,B,25-08-2025,2025-26
58,Unit Test 1,ENGLKG,100,90.9,A+,25-08-2025,2025-26
58,Unit Test 1,HINLKG,100,94.7,A+,25-08-2025,2025-26
58,Unit Test 1,ARTLKG,50,47.9,A+,25-08-2025,2025-26
58,Unit Test 1,URDLKG,100,70.7,B+,25-08-2025,2025-26
58,Midterm,EVSLKG,100,44.9,D,15-10-2025,2025-26
58,Midterm,URDLKG,100,91.9,A+,15-10-2025,2025-26
58,Midterm,MATHLKG,100,88.9,A,15-10-2025,2025-26
58,Midterm,HINLKG,100,86.3,A,15-10-2025,2025-26
58,Unit Test 2,HINLKG,100,28.0,F,15-12-2025,2025-26
58,Unit Test 2,EVSLKG,100,96.4,A+,15-12-2025,2025-26
58,Unit Test 2,ENGLKG,100,58.7,C,15-12-2025,2025-26
58,Unit Test 2,URDLKG,100,54.8,C,15-12-2025,2025-26
58,Unit Test 2,ARTLKG,50,35.8,B+,15-12-2025,2025-26
58,Final,EVSLKG,100,26.2,F,10-03-2026,2025-26
58,Final,URDLKG,100,90.1,A+,10-03-2026,2025-26
58,Final,HINLKG,100,80.0,A,10-03-2026,2025-26
59,Unit Test 1,URDLKG,100,65.1,B,25-08-2025,2025-26
59,Unit Test 1,ENGLKG,100,66.4,B,25-08-2025,2025-26
59,Unit Test 1,HINLKG,100,83.5,A,25-08-2025,2025-26
59,Unit Test 1,EVSLKG,100,89.1,A,25-08-2025,2025-26
59,Unit Test 1,ARTLKG,50,48.1,A+,25-08-2025,2025-26
59,Midterm,URDLKG,100,76.4,B+,15-10-2025,2025-26
59,Midterm,EVSLKG,100,31.0,F,15-10-2025,2025-26
59,Midterm,MATHLKG,100,73.5,B+,15-10-2025,2025-26
59,Midterm,ARTLKG,50,48.7,A+,15-10-2025,2025-26
59,Midterm,ENGLKG,100,26.6,F,15-10-2025,2025-26
59,Midterm,HINLKG,100,34.7,F,15-10-2025,2025-26
59,Unit Test 2,MATHLKG,100,92.9,A+,15-12-2025,2025-26
59,Unit Test 2,EVSLKG,100,40.3,D,15-12-2025,2025-26
59,Unit Test 2,URDLKG,100,37.3,F,15-12-2025,2025-26
59,Unit Test 2,ARTLKG,50,27.4,C,15-12-2025,2025-26
59,Unit Test 2,ENGLKG,100,94.9,A+,15-12-2025,2025-26
59,Final,URDLKG,100,90.5,A+,10-03-2026,2025-26
59,Final,ARTLKG,50,46.3,A+,10-03-2026,2025-26
59,Final,ENGLKG,100,25.2,F,10-03-2026,2025-26
59,Final,HINLKG,100,43.0,D,10-03-2026,2025-26
59,Final,EVSLKG,100,83.4,A,10-03-2026,2025-26
60,Unit Test 1,MATHLKG,100,62.5,B,25-08-2025,2025-26
60,Unit Test 1,ENGLKG,100,87.6,A,25-08-2025,2025-26
60,Unit Test 1,HINLKG,100,65.1,B,25-08-2025,2025-26
60,Unit Test 1,ARTLKG,50,37.8,B+,25-08-2025,2025-26
60,Unit Test 1,URDLKG,100,61.1,B,25-08-2025,2025-26
60,Midterm,ENGLKG,100,54.1,C,15-10-2025,2025-26
60,Midterm,EVSLKG,100,39.2,F,15-10-2025,2025-26
60,Midterm,ARTLKG,50,48.6,A+,15-10-2025,2025-26
60,Midterm,MATHLKG,100,79.4,B+,15-10-2025,2025-26
60,Midterm,HINLKG,100,93.3,A+,15-10-2025,2025-26
60,Unit Test 2,ENGLKG,100,50.7,C,15-12-2025,2025-26
60,Unit Test 2,MATHLKG,100,64.2,B,15-12-2025,2025-26
60,Unit Test 2,URDLKG,100,76.7,B+,15-12-2025,2025-26
60,Final,HINLKG,100,89.0,A,10-03-2026,2025-26
60,Final,EVSLKG,100,84.4,A,10-03-2026,2025-26
60,Final,ENGLKG,100,57.4,C,10-03-2026,2025-26
60,Final,MATHLKG,100,85.5,A,10-03-2026,2025-26
61,Unit Test 1,MATHLKG,100,98.2,A+,25-08-2025,2025-26
61,Unit Test 1,ARTLKG,50,43.6,A,25-08-2025,2025-26
61,Unit Test 1,URDLKG,100,87.6,A,25-08-2025,2025-26
61,Unit Test 1,EVSLKG,100,95.0,A+,25-08-2025,2025-26
61,Unit Test 1,HINLKG,100,83.6,A,25-08-2025,2025-26
61,Unit Test 1,ENGLKG,100,66.8,B,25-08-2025,2025-26
61,Midterm,HINLKG,100,59.0,C,15-10-2025,2025-26
61,Midterm,EVSLKG,100,25.3,F,15-10-2025,2025-26
61,Midterm,URDLKG,100,51.7,C,15-10-2025,2025-26
61,Midterm,ENGLKG,100,99.1,A+,15-10-2025,2025-26
61,Midterm,ARTLKG,50,48.3,A+,15-10-2025,2025-26
61,Midterm,MATHLKG,100,73.7,B+,15-10-2025,2025-26
61,Unit Test 2,ARTLKG,50,46.1,A+,15-12-2025,2025-26
61,Unit Test 2,ENGLKG,100,69.6,B,15-12-2025,2025-26
61,Unit Test 2,EVSLKG,100,67.1,B,15-12-2025,2025-26
61,Unit Test 2,MATHLKG,100,33.7,F,15-12-2025,2025-26
61,Unit Test 2,URDLKG,100,35.2,F,15-12-2025,2025-26
61,Unit Test 2,HINLKG,100,62.1,B,15-12-2025,2025-26
61,Final,ENGLKG,100,43.5,D,10-03-2026,2025-26
61,Final,URDLKG,100,65.3,B,10-03-2026,2025-26
61,Final,ARTLKG,50,35.6,B+,10-03-2026,2025-26
61,Final,EVSLKG,100,27.9,F,10-03-2026,2025-26
61,Final,MATHLKG,100,33.0,F,10-03-2026,2025-26
62,Unit Test 1,ARTLKG,50,32.0,B,25-08-2025,2025-26
62,Unit Test 1,MATHLKG,100,88.7,A,25-08-2025,2025-26
62,Unit Test 1,EVSLKG,100,98.6,A+,25-08-2025,2025-26
62,Unit Test 1,URDLKG,100,98.1,A+,25-08-2025,2025-26
62,Unit Test 1,ENGLKG,100,52.3,C,25-08-2025,2025-26
62,Midterm,EVSLKG,100,49.6,D,15-10-2025,2025-26
62,Midterm,ARTLKG,50,42.8,A,15-10-2025,2025-26
62,Midterm,HINLKG,100,90.2,A+,15-10-2025,2025-26
62,Midterm,ENGLKG,100,94.9,A+,15-10-2025,2025-26
62,Midterm,URDLKG,100,70.2,B+,15-10-2025,2025-26
62,Midterm,MATHLKG,100,88.9,A,15-10-2025,2025-26
62,Unit Test 2,ENGLKG,100,91.6,A+,15-12-2025,2025-26
62,Unit Test 2,ARTLKG,50,29.6,C,15-12-2025,2025-26
62,Unit Test 2,EVSLKG,100,40.9,D,15-12-2025,2025-26
62,Unit Test 2,MATHLKG,100,85.0,A,15-12-2025,2025-26
62,Unit Test 2,HINLKG,100,42.4,D,15-12-2025,2025-26
62,Final,EVSLKG,100,93.0,A+,10-03-2026,2025-26
62,Final,URDLKG,100,74.3,B+,10-03-2026,2025-26
62,Final,ENGLKG,100,32.5,F,10-03-2026,2025-26
62,Final,ARTLKG,50,35.1,B+,10-03-2026,2025-26
62,Final,MATHLKG,100,94.8,A+,10-03-2026,2025-26
63,Unit Test 1,HINLKG,100,35.3,F,25-08-2025,2025-26
63,Unit Test 1,ENGLKG,100,32.1,F,25-08-2025,2025-26
63,Unit Test 1,EVSLKG,100,95.9,A+,25-08-2025,2025-26
63,Unit Test 1,MATHLKG,100,25.3,F,25-08-2025,2025-26
63,Unit Test 1,URDLKG,100,91.9,A+,25-08-2025,2025-26
63,Midterm,HINLKG,100,65.6,B,15-10-2025,2025-26
63,Midterm,EVSLKG,100,44.8,D,15-10-2025,2025-26
63,Midterm,ARTLKG,50,39.8,B+,15-10-2025,2025-26
63,Unit Test 2,ENGLKG,100,73.6,B+,15-12-2025,2025-26
63,Unit Test 2,EVSLKG,100,67.7,B,15-12-2025,2025-26
63,Unit Test 2,MATHLKG,100,90.0,A+,15-12-2025,2025-26
63,Unit Test 2,ARTLKG,50,40.8,A,15-12-2025,2025-26
63,Final,HINLKG,100,37.7,F,10-03-2026,2025-26
63,Final,MATHLKG,100,96.8,A+,10-03-2026,2025-26
63,Final,URDLKG,100,89.8,A,10-03-2026,2025-26
64,Unit Test 1,HINLKG,100,84.6,A,25-08-2025,2025-26
64,Unit Test 1,ENGLKG,100,83.2,A,25-08-2025,2025-26
64,Unit Test 1,EVSLKG,100,39.1,F,25-08-2025,2025-26
64,Unit Test 1,ARTLKG,50,38.7,B+,25-08-2025,2025-26
64,Midterm,HINLKG,100,39.4,F,15-10-2025,2025-26
64,Midterm,MATHLKG,100,64.6,B,15-10-2025,2025-26
64,Midterm,ARTLKG,50,33.6,B,15-10-2025,2025-26
64,Unit Test 2,URDLKG,100,78.0,B+,15-12-2025,2025-26
64,Unit Test 2,HINLKG,100,44.1,D,15-12-2025,2025-26
64,Unit Test 2,EVSLKG,100,70.4,B+,15-12-2025,2025-26
64,Unit Test 2,MATHLKG,100,25.1,F,15-12-2025,2025-26
64,Unit Test 2,ENGLKG,100,33.6,F,15-12-2025,2025-26
64,Unit Test 2,ARTLKG,50,39.8,B+,15-12-2025,2025-26
64,Final,ARTLKG,50,49.2,A+,10-03-2026,2025-26
64,Final,MATHLKG,100,43.7,D,10-03-2026,2025-26
64,Final,URDLKG,100,78.3,B+,10-03-2026,2025-26
64,Final,EVSLKG,100,42.3,D,10-03-2026,2025-26
64,Final,ENGLKG,100,43.7,D,10-03-2026,2025-26
65,Unit Test 1,ARTLKG,50,28.3,C,25-08-2025,2025-26
65,Unit Test 1,ENGLKG,100,41.4,D,25-08-2025,2025-26
65,Unit Test 1,HINLKG,100,97.0,A+,25-08-2025,2025-26
65,Midterm,ARTLKG,50,45.7,A+,15-10-2025,2025-26
65,Midterm,MATHLKG,100,26.0,F,15-10-2025,2025-26
65,Midterm,ENGLKG,100,33.0,F,15-10-2025,2025-26
65,Unit Test 2,HINLKG,100,73.6,B+,15-12-2025,2025-26
65,Unit Test 2,MATHLKG,100,34.2,F,15-12-2025,2025-26
65,Unit Test 2,URDLKG,100,52.7,C,15-12-2025,2025-26
65,Unit Test 2,EVSLKG,100,98.3,A+,15-12-2025,2025-26
65,Final,ARTLKG,50,30.2,B,10-03-2026,2025-26
65,Final,URDLKG,100,51.5,C,10-03-2026,2025-26
65,Final,EVSLKG,100,90.2,A+,10-03-2026,2025-26
65,Final,MATHLKG,100,89.4,A,10-03-2026,2025-26
65,Final,ENGLKG,100,74.7,B+,10-03-2026,2025-26
65,Final,HINLKG,100,61.7,B,10-03-2026,2025-26
66,Unit Test 1,HINLKG,100,59.8,C,25-08-2025,2025-26
66,Unit Test 1,ENGLKG,100,29.6,F,25-08-2025,2025-26
66,Unit Test 1,EVSLKG,100,91.7,A+,25-08-2025,2025-26
66,Unit Test 1,URDLKG,100,29.5,F,25-08-2025,2025-26
66,Unit Test 1,MATHLKG,100,59.4,C,25-08-2025,2025-26
66,Midterm,MATHLKG,100,46.3,D,15-10-2025,2025-26
66,Midterm,HINLKG,100,38.3,F,15-10-2025,2025-26
66,Midterm,ENGLKG,100,82.7,A,15-10-2025,2025-26
66,Midterm,ARTLKG,50,36.8,B+,15-10-2025,2025-26
66,Midterm,URDLKG,100,82.2,A,15-10-2025,2025-26
66,Unit Test 2,URDLKG,100,47.7,D,15-12-2025,2025-26
66,Unit Test 2,HINLKG,100,41.8,D,15-12-2025,2025-26
66,Unit Test 2,EVSLKG,100,40.1,D,15-12-2025,2025-26
66,Final,HINLKG,100,41.5,D,10-03-2026,2025-26
66,Final,ARTLKG,50,47.6,A+,10-03-2026,2025-26
66,Final,EVSLKG,100,26.3,F,10-03-2026,2025-26
66,Final,ENGLKG,100,42.6,D,10-03-2026,2025-26
66,Final,MATHLKG,100,61.4,B,10-03-2026,2025-26
67,Unit Test 1,URDLKG,100,45.1,D,25-08-2025,2025-26
67,Unit Test 1,ARTLKG,50,34.3,B,25-08-2025,2025-26
67,Unit Test 1,MATHLKG,100,44.1,D,25-08-2025,2025-26
67,Unit Test 1,ENGLKG,100,32.4,F,25-08-2025,2025-26
67,Midterm,ARTLKG,50,31.0,B,15-10-2025,2025-26
67,Midterm,HINLKG,100,46.2,D,15-10-2025,2025-26
67,Midterm,ENGLKG,100,85.7,A,15-10-2025,2025-26
67,Midterm,URDLKG,100,81.8,A,15-10-2025,2025-26
67,Midterm,EVSLKG,100,75.1,B+,15-10-2025,2025-26
67,Unit Test 2,ARTLKG,50,49.0,A+,15-12-2025,2025-26
67,Unit Test 2,HINLKG,100,49.6,D,15-12-2025,2025-26
67,Unit Test 2,ENGLKG,100,76.7,B+,15-12-2025,2025-26
67,Unit Test 2,URDLKG,100,66.5,B,15-12-2025,2025-26
67,Final,ENGLKG,100,79.9,B+,10-03-2026,2025-26
67,Final,HINLKG,100,79.1,B+,10-03-2026,2025-26
67,Final,MATHLKG,100,56.9,C,10-03-2026,2025-26
67,Final,ARTLKG,50,42.4,A,10-03-2026,2025-26
67,Final,EVSLKG,100,45.4,D,10-03-2026,2025-26
68,Unit Test 1,ARTLKG,50,34.5,B,25-08-2025,2025-26
68,Unit Test 1,HINLKG,100,71.8,B+,25-08-2025,2025-26
68,Unit Test 1,EVSLKG,100,91.8,A+,25-08-2025,2025-26
68,Unit Test 1,ENGLKG,100,49.4,D,25-08-2025,2025-26
68,Midterm,EVSLKG,100,62.0,B,15-10-2025,2025-26
68,Midterm,HINLKG,100,57.3,C,15-10-2025,2025-26
68,Midterm,MATHLKG,100,67.2,B,15-10-2025,2025-26
68,Midterm,ARTLKG,50,42.2,A,15-10-2025,2025-26
68,Midterm,URDLKG,100,32.7,F,15-10-2025,2025-26
68,Unit Test 2,MATHLKG,100,60.0,B,15-12-2025,2025-26
68,Unit Test 2,HINLKG,100,65.1,B,15-12-2025,2025-26
68,Unit Test 2,ENGLKG,100,80.4,A,15-12-2025,2025-26
68,Unit Test 2,URDLKG,100,32.7,F,15-12-2025,2025-26
68,Final,ARTLKG,50,34.3,B,10-03-2026,2025-26
68,Final,MATHLKG,100,27.7,F,10-03-2026,2025-26
68,Final,URDLKG,100,25.9,F,10-03-2026,2025-26
68,Final,EVSLKG,100,69.1,B,10-03-2026,2025-26
68,Final,ENGLKG,100,34.0,F,10-03-2026,2025-26
68,Final,HINLKG,100,46.0,D,10-03-2026,2025-26
69,Unit Test 1,MATHUKG,100,85.4,A,25-08-2025,2025-26
69,Unit Test 1,ENGUKG,100,84.3,A,25-08-2025,2025-26
69,Unit Test 1,EVSUKG,100,65.3,B,25-08-2025,2025-26
69,Unit Test 1,URDUKG,100,72.2,B+,25-08-2025,2025-26
69,Unit Test 1,HINUKG,100,82.1,A,25-08-2025,2025-26
69,Unit Test 1,ARTUKG,50,26.1,C,25-08-2025,2025-26
69,Midterm,URDUKG,100,84.7,A,15-10-2025,2025-26
69,Midterm,MATHUKG,100,91.6,A+,15-10-2025,2025-26
69,Midterm,ENGUKG,100,32.5,F,15-10-2025,2025-26
69,Midterm,ARTUKG,50,37.6,B+,15-10-2025,2025-26
69,Midterm,HINUKG,100,42.2,D,15-10-2025,2025-26
69,Unit Test 2,ENGUKG,100,66.7,B,15-12-2025,2025-26
69,Unit Test 2,HINUKG,100,37.3,F,15-12-2025,2025-26
69,Unit Test 2,EVSUKG,100,80.4,A,15-12-2025,2025-26
69,Unit Test 2,MATHUKG,100,98.6,A+,15-12-2025,2025-26
69,Unit Test 2,URDUKG,100,67.9,B,15-12-2025,2025-26
69,Final,MATHUKG,100,79.9,B+,10-03-2026,2025-26
69,Final,ARTUKG,50,29.9,C,10-03-2026,2025-26
69,Final,URDUKG,100,40.7,D,10-03-2026,2025-26
69,Final,ENGUKG,100,34.9,F,10-03-2026,2025-26
69,Final,EVSUKG,100,59.6,C,10-03-2026,2025-26
70,Unit Test 1,MATHUKG,100,52.5,C,25-08-2025,2025-26
70,Unit Test 1,URDUKG,100,81.7,A,25-08-2025,2025-26
70,Unit Test 1,ARTUKG,50,44.0,A,25-08-2025,2025-26
70,Unit Test 1,ENGUKG,100,87.6,A,25-08-2025,2025-26
70,Unit Test 1,EVSUKG,100,57.4,C,25-08-2025,2025-26
70,Unit Test 1,HINUKG,100,76.6,B+,25-08-2025,2025-26
70,Midterm,HINUKG,100,53.1,C,15-10-2025,2025-26
70,Midterm,ARTUKG,50,38.3,B+,15-10-2025,2025-26
70,Midterm,ENGUKG,100,76.3,B+,15-10-2025,2025-26
70,Midterm,URDUKG,100,92.0,A+,15-10-2025,2025-26
70,Unit Test 2,ENGUKG,100,30.5,F,15-12-2025,2025-26
70,Unit Test 2,MATHUKG,100,56.1,C,15-12-2025,2025-26
70,Unit Test 2,URDUKG,100,57.6,C,15-12-2025,2025-26
70,Final,EVSUKG,100,36.8,F,10-03-2026,2025-26
70,Final,URDUKG,100,99.8,A+,10-03-2026,2025-26
70,Final,ARTUKG,50,38.3,B+,10-03-2026,2025-26
70,Final,MATHUKG,100,67.5,B,10-03-2026,2025-26
71,Unit Test 1,HINUKG,100,70.5,B+,25-08-2025,2025-26
71,Unit Test 1,MATHUKG,100,94.5,A+,25-08-2025,2025-26
71,Unit Test 1,ARTUKG,50,45.0,A+,25-08-2025,2025-26
71,Unit Test 1,URDUKG,100,87.7,A,25-08-2025,2025-26
71,Unit Test 1,EVSUKG,100,39.7,F,25-08-2025,2025-26
71,Unit Test 1,ENGUKG,100,47.2,D,25-08-2025,2025-26
71,Midterm,ENGUKG,100,42.2,D,15-10-2025,2025-26
71,Midterm,URDUKG,100,77.5,B+,15-10-2025,2025-26
71,Midterm,ARTUKG,50,48.7,A+,15-10-2025,2025-26
71,Midterm,EVSUKG,100,33.5,F,15-10-2025,2025-26
71,Midterm,HINUKG,100,60.9,B,15-10-2025,2025-26
71,Midterm,MATHUKG,100,93.2,A+,15-10-2025,2025-26
71,Unit Test 2,ENGUKG,100,90.7,A+,15-12-2025,2025-26
71,Unit Test 2,URDUKG,100,84.9,A,15-12-2025,2025-26
71,Unit Test 2,MATHUKG,100,43.0,D,15-12-2025,2025-26
71,Unit Test 2,EVSUKG,100,28.8,F,15-12-2025,2025-26
71,Final,MATHUKG,100,50.4,C,10-03-2026,2025-26
71,Final,URDUKG,100,65.3,B,10-03-2026,2025-26
71,Final,ENGUKG,100,44.5,D,10-03-2026,2025-26
72,Unit Test 1,URDUKG,100,61.8,B,25-08-2025,2025-26
72,Unit Test 1,MATHUKG,100,87.8,A,25-08-2025,2025-26
72,Unit Test 1,ARTUKG,50,28.5,C,25-08-2025,2025-26
72,Unit Test 1,ENGUKG,100,84.3,A,25-08-2025,2025-26
72,Unit Test 1,HINUKG,100,77.4,B+,25-08-2025,2025-26
72,Midterm,URDUKG,100,30.4,F,15-10-2025,2025-26
72,Midterm,MATHUKG,100,79.1,B+,15-10-2025,2025-26
72,Midterm,HINUKG,100,66.0,B,15-10-2025,2025-26
72,Unit Test 2,HINUKG,100,27.5,F,15-12-2025,2025-26
72,Unit Test 2,MATHUKG,100,25.9,F,15-12-2025,2025-26
72,Unit Test 2,EVSUKG,100,27.0,F,15-12-2025,2025-26
72,Unit Test 2,URDUKG,100,74.9,B+,15-12-2025,2025-26
72,Unit Test 2,ENGUKG,100,26.8,F,15-12-2025,2025-26
72,Final,ENGUKG,100,81.8,A,10-03-2026,2025-26
72,Final,EVSUKG,100,85.6,A,10-03-2026,2025-26
72,Final,MATHUKG,100,68.9,B,10-03-2026,2025-26
73,Unit Test 1,ARTUKG,50,48.8,A+,25-08-2025,2025-26
73,Unit Test 1,MATHUKG,100,32.4,F,25-08-2025,2025-26
73,Unit Test 1,HINUKG,100,83.8,A,25-08-2025,2025-26
73,Midterm,ENGUKG,100,99.1,A+,15-10-2025,2025-26
73,Midterm,URDUKG,100,48.5,D,15-10-2025,2025-26
73,Midterm,ARTUKG,50,41.8,A,15-10-2025,2025-26
73,Midterm,EVSUKG,100,84.6,A,15-10-2025,2025-26
73,Midterm,HINUKG,100,62.8,B,15-10-2025,2025-26
73,Unit Test 2,EVSUKG,100,70.0,B+,15-12-2025,2025-26
73,Unit Test 2,ARTUKG,50,39.4,B+,15-12-2025,2025-26
73,Unit Test 2,MATHUKG,100,60.8,B,15-12-2025,2025-26
73,Unit Test 2,ENGUKG,100,61.8,B,15-12-2025,2025-26
73,Unit Test 2,URDUKG,100,93.3,A+,15-12-2025,2025-26
73,Final,MATHUKG,100,62.6,B,10-03-2026,2025-26
73,Final,ARTUKG,50,44.7,A,10-03-2026,2025-26
73,Final,EVSUKG,100,48.6,D,10-03-2026,2025-26
74,Unit Test 1,ENGUKG,100,69.9,B,25-08-2025,2025-26
74,Unit Test 1,URDUKG,100,25.2,F,25-08-2025,2025-26
74,Unit Test 1,HINUKG,100,44.6,D,25-08-2025,2025-26
74,Unit Test 1,MATHUKG,100,43.4,D,25-08-2025,2025-26
74,Unit Test 1,ARTUKG,50,33.6,B,25-08-2025,2025-26
74,Unit Test 1,EVSUKG,100,50.6,C,25-08-2025,2025-26
74,Midterm,ARTUKG,50,35.1,B+,15-10-2025,2025-26
74,Midterm,URDUKG,100,67.2,B,15-10-2025,2025-26
74,Midterm,EVSUKG,100,42.7,D,15-10-2025,2025-26
74,Midterm,HINUKG,100,36.2,F,15-10-2025,2025-26
74,Midterm,ENGUKG,100,45.2,D,15-10-2025,2025-26
74,Unit Test 2,EVSUKG,100,48.3,D,15-12-2025,2025-26
74,Unit Test 2,ARTUKG,50,29.3,C,15-12-2025,2025-26
74,Unit Test 2,ENGUKG,100,68.3,B,15-12-2025,2025-26
74,Unit Test 2,MATHUKG,100,79.7,B+,15-12-2025,2025-26
74,Final,ARTUKG,50,35.2,B+,10-03-2026,2025-26
74,Final,HINUKG,100,43.0,D,10-03-2026,2025-26
74,Final,ENGUKG,100,70.2,B+,10-03-2026,2025-26
75,Unit Test 1,URDUKG,100,29.8,F,25-08-2025,2025-26
75,Unit Test 1,EVSUKG,100,45.1,D,25-08-2025,2025-26
75,Unit Test 1,ENGUKG,100,28.5,F,25-08-2025,2025-26
75,Unit Test 1,ARTUKG,50,28.1,C,25-08-2025,2025-26
75,Unit Test 1,HINUKG,100,54.4,C,25-08-2025,2025-26
75,Unit Test 1,MATHUKG,100,87.6,A,25-08-2025,2025-26
75,Midterm,URDUKG,100,44.6,D,15-10-2025,2025-26
75,Midterm,ARTUKG,50,43.3,A,15-10-2025,2025-26
75,Midterm,ENGUKG,100,97.2,A+,15-10-2025,2025-26
75,Unit Test 2,URDUKG,100,63.7,B,15-12-2025,2025-26
75,Unit Test 2,HINUKG,100,53.4,C,15-12-2025,2025-26
75,Unit Test 2,ARTUKG,50,44.1,A,15-12-2025,2025-26
75,Unit Test 2,ENGUKG,100,64.6,B,15-12-2025,2025-26
75,Final,HINUKG,100,36.6,F,10-03-2026,2025-26
75,Final,EVSUKG,100,29.9,F,10-03-2026,2025-26
75,Final,MATHUKG,100,77.2,B+,10-03-2026,2025-26
76,Unit Test 1,ARTUKG,50,29.0,C,25-08-2025,2025-26
76,Unit Test 1,MATHUKG,100,43.2,D,25-08-2025,2025-26
76,Unit Test 1,EVSUKG,100,56.5,C,25-08-2025,2025-26
76,Unit Test 1,URDUKG,100,78.8,B+,25-08-2025,2025-26
76,Unit Test 1,HINUKG,100,52.6,C,25-08-2025,2025-26
76,Midterm,MATHUKG,100,90.5,A+,15-10-2025,2025-26
76,Midterm,ENGUKG,100,86.7,A,15-10-2025,2025-26
76,Midterm,EVSUKG,100,46.9,D,15-10-2025,2025-26
76,Midterm,ARTUKG,50,49.6,A+,15-10-2025,2025-26
76,Midterm,URDUKG,100,54.2,C,15-10-2025,2025-26
76,Midterm,HINUKG,100,51.6,C,15-10-2025,2025-26
76,Unit Test 2,EVSUKG,100,79.1,B+,15-12-2025,2025-26
76,Unit Test 2,ENGUKG,100,52.7,C,15-12-2025,2025-26
76,Unit Test 2,MATHUKG,100,65.8,B,15-12-2025,2025-26
76,Unit Test 2,HINUKG,100,39.0,F,15-12-2025,2025-26
76,Unit Test 2,URDUKG,100,39.4,F,15-12-2025,2025-26
76,Final,ARTUKG,50,34.4,B,10-03-2026,2025-26
76,Final,ENGUKG,100,55.8,C,10-03-2026,2025-26
76,Final,HINUKG,100,46.0,D,10-03-2026,2025-26
77,Unit Test 1,URDUKG,100,52.6,C,25-08-2025,2025-26
77,Unit Test 1,ARTUKG,50,38.9,B+,25-08-2025,2025-26
77,Unit Test 1,ENGUKG,100,62.6,B,25-08-2025,2025-26
77,Unit Test 1,HINUKG,100,38.4,F,25-08-2025,2025-26
77,Unit Test 1,EVSUKG,100,98.7,A+,25-08-2025,2025-26
77,Midterm,ARTUKG,50,41.8,A,15-10-2025,2025-26
77,Midterm,MATHUKG,100,50.5,C,15-10-2025,2025-26
77,Midterm,HINUKG,100,46.7,D,15-10-2025,2025-26
77,Midterm,EVSUKG,100,72.9,B+,15-10-2025,2025-26
77,Midterm,ENGUKG,100,99.5,A+,15-10-2025,2025-26
77,Unit Test 2,MATHUKG,100,39.6,F,15-12-2025,2025-26
77,Unit Test 2,ARTUKG,50,38.2,B+,15-12-2025,2025-26
77,Unit Test 2,URDUKG,100,69.0,B,15-12-2025,2025-26
77,Unit Test 2,ENGUKG,100,91.3,A+,15-12-2025,2025-26
77,Unit Test 2,HINUKG,100,34.2,F,15-12-2025,2025-26
77,Final,MATHUKG,100,78.3,B+,10-03-2026,2025-26
77,Final,ENGUKG,100,59.1,C,10-03-2026,2025-26
77,Final,URDUKG,100,60.0,B,10-03-2026,2025-26
77,Final,HINUKG,100,90.9,A+,10-03-2026,2025-26
78,Unit Test 1,URDUKG,100,43.1,D,25-08-2025,2025-26
78,Unit Test 1,ENGUKG,100,31.9,F,25-08-2025,2025-26
78,Unit Test 1,MATHUKG,100,75.9,B+,25-08-2025,2025-26
78,Midterm,MATHUKG,100,27.9,F,15-10-2025,2025-26
78,Midterm,ARTUKG,50,35.2,B+,15-10-2025,2025-26
78,Midterm,HINUKG,100,27.6,F,15-10-2025,2025-26
78,Midterm,EVSUKG,100,30.8,F,15-10-2025,2025-26
78,Midterm,URDUKG,100,31.3,F,15-10-2025,2025-26
78,Midterm,ENGUKG,100,81.3,A,15-10-2025,2025-26
78,Unit Test 2,EVSUKG,100,25.8,F,15-12-2025,2025-26
78,Unit Test 2,HINUKG,100,38.9,F,15-12-2025,2025-26
78,Unit Test 2,ENGUKG,100,86.5,A,15-12-2025,2025-26
78,Unit Test 2,MATHUKG,100,99.8,A+,15-12-2025,2025-26
78,Unit Test 2,ARTUKG,50,25.7,C,15-12-2025,2025-26
78,Unit Test 2,URDUKG,100,33.0,F,15-12-2025,2025-26
78,Final,ENGUKG,100,76.6,B+,10-03-2026,2025-26
78,Final,URDUKG,100,50.0,C,10-03-2026,2025-26
78,Final,MATHUKG,100,72.8,B+,10-03-2026,2025-26
78,Final,EVSUKG,100,62.3,B,10-03-2026,2025-26
78,Final,ARTUKG,50,43.2,A,10-03-2026,2025-26
78,Final,HINUKG,100,86.7,A,10-03-2026,2025-26
79,Unit Test 1,ARTUKG,50,47.1,A+,25-08-2025,2025-26
79,Unit Test 1,HINUKG,100,76.0,B+,25-08-2025,2025-26
79,Unit Test 1,ENGUKG,100,54.4,C,25-08-2025,2025-26
79,Midterm,MATHUKG,100,85.6,A,15-10-2025,2025-26
79,Midterm,ENGUKG,100,90.3,A+,15-10-2025,2025-26
79,Midterm,URDUKG,100,72.9,B+,15-10-2025,2025-26
79,Midterm,ARTUKG,50,39.4,B+,15-10-2025,2025-26
79,Midterm,HINUKG,100,33.2,F,15-10-2025,2025-26
79,Unit Test 2,MATHUKG,100,50.7,C,15-12-2025,2025-26
79,Unit Test 2,ARTUKG,50,25.7,C,15-12-2025,2025-26
79,Unit Test 2,HINUKG,100,35.4,F,15-12-2025,2025-26
79,Unit Test 2,EVSUKG,100,99.8,A+,15-12-2025,2025-26
79,Unit Test 2,URDUKG,100,39.6,F,15-12-2025,2025-26
79,Final,MATHUKG,100,43.0,D,10-03-2026,2025-26
79,Final,URDUKG,100,45.6,D,10-03-2026,2025-26
79,Final,ARTUKG,50,33.4,B,10-03-2026,2025-26
79,Final,ENGUKG,100,30.8,F,10-03-2026,2025-26
80,Unit Test 1,ENGUKG,100,95.6,A+,25-08-2025,2025-26
80,Unit Test 1,EVSUKG,100,28.2,F,25-08-2025,2025-26
80,Unit Test 1,MATHUKG,100,52.5,C,25-08-2025,2025-26
80,Unit Test 1,URDUKG,100,26.6,F,25-08-2025,2025-26
80,Unit Test 1,HINUKG,100,84.4,A,25-08-2025,2025-26
80,Midterm,HINUKG,100,97.5,A+,15-10-2025,2025-26
80,Midterm,ARTUKG,50,43.6,A,15-10-2025,2025-26
80,Midterm,URDUKG,100,64.0,B,15-10-2025,2025-26
80,Midterm,MATHUKG,100,32.2,F,15-10-2025,2025-26
80,Unit Test 2,HINUKG,100,90.6,A+,15-12-2025,2025-26
80,Unit Test 2,ENGUKG,100,29.2,F,15-12-2025,2025-26
80,Unit Test 2,URDUKG,100,91.4,A+,15-12-2025,2025-26
80,Unit Test 2,ARTUKG,50,34.0,B,15-12-2025,2025-26
80,Final,URDUKG,100,30.5,F,10-03-2026,2025-26
80,Final,ENGUKG,100,95.5,A+,10-03-2026,2025-26
80,Final,ARTUKG,50,30.3,B,10-03-2026,2025-26
80,Final,MATHUKG,100,96.5,A+,10-03-2026,2025-26
80,Final,HINUKG,100,82.6,A,10-03-2026,2025-26
80,Final,EVSUKG,100,44.1,D,10-03-2026,2025-26
81,Unit Test 1,EVSUKG,100,57.7,C,25-08-2025,2025-26
81,Unit Test 1,ENGUKG,100,33.2,F,25-08-2025,2025-26
81,Unit Test 1,HINUKG,100,72.0,B+,25-08-2025,2025-26
81,Unit Test 1,ARTUKG,50,37.1,B+,25-08-2025,2025-26
81,Unit Test 1,URDUKG,100,82.2,A,25-08-2025,2025-26
81,Midterm,URDUKG,100,81.2,A,15-10-2025,2025-26
81,Midterm,MATHUKG,100,28.0,F,15-10-2025,2025-26
81,Midterm,EVSUKG,100,43.2,D,15-10-2025,2025-26
81,Midterm,ARTUKG,50,47.4,A+,15-10-2025,2025-26
81,Unit Test 2,URDUKG,100,50.7,C,15-12-2025,2025-26
81,Unit Test 2,HINUKG,100,42.8,D,15-12-2025,2025-26
81,Unit Test 2,MATHUKG,100,89.7,A,15-12-2025,2025-26
81,Final,HINUKG,100,73.4,B+,10-03-2026,2025-26
81,Final,ENGUKG,100,71.1,B+,10-03-2026,2025-26
81,Final,MATHUKG,100,34.3,F,10-03-2026,2025-26
81,Final,URDUKG,100,32.7,F,10-03-2026,2025-26
82,Unit Test 1,HINUKG,100,99.5,A+,25-08-2025,2025-26
82,Unit Test 1,ENGUKG,100,68.6,B,25-08-2025,2025-26
82,Unit Test 1,URDUKG,100,29.9,F,25-08-2025,2025-26
82,Unit Test 1,EVSUKG,100,46.7,D,25-08-2025,2025-26
82,Unit Test 1,MATHUKG,100,68.1,B,25-08-2025,2025-26
82,Midterm,ARTUKG,50,39.6,B+,15-10-2025,2025-26
82,Midterm,HINUKG,100,37.4,F,15-10-2025,2025-26
82,Midterm,EVSUKG,100,81.7,A,15-10-2025,2025-26
82,Unit Test 2,URDUKG,100,31.7,F,15-12-2025,2025-26
82,Unit Test 2,ARTUKG,50,38.1,B+,15-12-2025,2025-26
82,Unit Test 2,HINUKG,100,35.9,F,15-12-2025,2025-26
82,Unit Test 2,EVSUKG,100,83.8,A,15-12-2025,2025-26
82,Unit Test 2,MATHUKG,100,68.4,B,15-12-2025,2025-26
82,Unit Test 2,ENGUKG,100,72.8,B+,15-12-2025,2025-26
82,Final,MATHUKG,100,26.6,F,10-03-2026,2025-26
82,Final,EVSUKG,100,62.5,B,10-03-2026,2025-26
82,Final,ENGUKG,100,48.2,D,10-03-2026,2025-26
82,Final,ARTUKG,50,40.5,A,10-03-2026,2025-26
83,Unit Test 1,MATHUKG,100,87.9,A,25-08-2025,2025-26
83,Unit Test 1,ARTUKG,50,45.2,A+,25-08-2025,2025-26
83,Unit Test 1,ENGUKG,100,41.7,D,25-08-2025,2025-26
83,Unit Test 1,HINUKG,100,83.5,A,25-08-2025,2025-26
83,Midterm,HINUKG,100,36.6,F,15-10-2025,2025-26
83,Midterm,URDUKG,100,73.0,B+,15-10-2025,2025-26
83,Midterm,ENGUKG,100,59.3,C,15-10-2025,2025-26
83,Midterm,MATHUKG,100,56.3,C,15-10-2025,2025-26
83,Midterm,ARTUKG,50,47.3,A+,15-10-2025,2025-26
83,Midterm,EVSUKG,100,73.1,B+,15-10-2025,2025-26
83,Unit Test 2,ARTUKG,50,48.6,A+,15-12-2025,2025-26
83,Unit Test 2,MATHUKG,100,79.3,B+,15-12-2025,2025-26
83,Unit Test 2,EVSUKG,100,64.0,B,15-12-2025,2025-26
83,Unit Test 2,HINUKG,100,41.5,D,15-12-2025,2025-26
83,Final,ARTUKG,50,45.9,A+,10-03-2026,2025-26
83,Final,MATHUKG,100,98.6,A+,10-03-2026,2025-26
83,Final,URDUKG,100,87.1,A,10-03-2026,2025-26
83,Final,EVSUKG,100,92.3,A+,10-03-2026,2025-26
83,Final,ENGUKG,100,97.0,A+,10-03-2026,2025-26
84,Unit Test 1,MATHUKG,100,50.6,C,25-08-2025,2025-26
84,Unit Test 1,URDUKG,100,66.2,B,25-08-2025,2025-26
84,Unit Test 1,HINUKG,100,88.7,A,25-08-2025,2025-26
84,Midterm,HINUKG,100,75.7,B+,15-10-2025,2025-26
84,Midterm,URDUKG,100,57.6,C,15-10-2025,2025-26
84,Midterm,EVSUKG,100,45.0,D,15-10-2025,2025-26
84,Midterm,ARTUKG,50,44.6,A,15-10-2025,2025-26
84,Unit Test 2,URDUKG,100,26.1,F,15-12-2025,2025-26
84,Unit Test 2,HINUKG,100,61.1,B,15-12-2025,2025-26
84,Unit Test 2,EVSUKG,100,56.9,C,15-12-2025,2025-26
84,Unit Test 2,MATHUKG,100,75.4,B+,15-12-2025,2025-26
84,Unit Test 2,ENGUKG,100,76.4,B+,15-12-2025,2025-26
84,Unit Test 2,ARTUKG,50,28.6,C,15-12-2025,2025-26
84,Final,URDUKG,100,43.9,D,10-03-2026,2025-26
84,Final,EVSUKG,100,39.4,F,10-03-2026,2025-26
84,Final,ARTUKG,50,31.7,B,10-03-2026,2025-26
84,Final,ENGUKG,100,65.6,B,10-03-2026,2025-26
85,Unit Test 1,URDUKG,100,92.4,A+,25-08-2025,2025-26
85,Unit Test 1,EVSUKG,100,89.1,A,25-08-2025,2025-26
85,Unit Test 1,ARTUKG,50,45.8,A+,25-08-2025,2025-26
85,Unit Test 1,HINUKG,100,37.3,F,25-08-2025,2025-26
85,Midterm,ENGUKG,100,54.3,C,15-10-2025,2025-26
85,Midterm,ARTUKG,50,47.1,A+,15-10-2025,2025-26
85,Midterm,HINUKG,100,29.7,F,15-10-2025,2025-26
85,Midterm,EVSUKG,100,29.1,F,15-10-2025,2025-26
85,Unit Test 2,URDUKG,100,86.8,A,15-12-2025,2025-26
85,Unit Test 2,MATHUKG,100,86.7,A,15-12-2025,2025-26
85,Unit Test 2,ENGUKG,100,26.9,F,15-12-2025,2025-26
85,Unit Test 2,HINUKG,100,95.9,A+,15-12-2025,2025-26
85,Unit Test 2,EVSUKG,100,53.1,C,15-12-2025,2025-26
85,Unit Test 2,ARTUKG,50,26.4,C,15-12-2025,2025-26
85,Final,ENGUKG,100,29.1,F,10-03-2026,2025-26
85,Final,EVSUKG,100,55.6,C,10-03-2026,2025-26
85,Final,ARTUKG,50,29.4,C,10-03-2026,2025-26
85,Final,URDUKG,100,72.2,B+,10-03-2026,2025-26
85,Final,MATHUKG,100,39.7,F,10-03-2026,2025-26
86,Unit Test 1,ARTUKG,50,40.9,A,25-08-2025,2025-26
86,Unit Test 1,HINUKG,100,45.3,D,25-08-2025,2025-26
86,Unit Test 1,MATHUKG,100,92.2,A+,25-08-2025,2025-26
86,Unit Test 1,ENGUKG,100,58.0,C,25-08-2025,2025-26
86,Unit Test 1,URDUKG,100,69.9,B,25-08-2025,2025-26
86,Unit Test 1,EVSUKG,100,54.3,C,25-08-2025,2025-26
86,Midterm,ARTUKG,50,43.2,A,15-10-2025,2025-26
86,Midterm,HINUKG,100,82.2,A,15-10-2025,2025-26
86,Midterm,MATHUKG,100,55.9,C,15-10-2025,2025-26
86,Unit Test 2,URDUKG,100,66.7,B,15-12-2025,2025-26
86,Unit Test 2,MATHUKG,100,31.9,F,15-12-2025,2025-26
86,Unit Test 2,EVSUKG,100,90.4,A+,15-12-2025,2025-26
86,Unit Test 2,ENGUKG,100,79.4,B+,15-12-2025,2025-26
86,Final,HINUKG,100,26.7,F,10-03-2026,2025-26
86,Final,ENGUKG,100,95.2,A+,10-03-2026,2025-26
86,Final,MATHUKG,100,75.6,B+,10-03-2026,2025-26
86,Final,EVSUKG,100,44.7,D,10-03-2026,2025-26
86,Final,URDUKG,100,97.8,A+,10-03-2026,2025-26
86,Final,ARTUKG,50,30.0,B,10-03-2026,2025-26
87,Unit Test 1,MATHUKG,100,40.2,D,25-08-2025,2025-26
87,Unit Test 1,ENGUKG,100,93.7,A+,25-08-2025,2025-26
87,Unit Test 1,ARTUKG,50,35.0,B+,25-08-2025,2025-26
87,Unit Test 1,HINUKG,100,60.0,B,25-08-2025,2025-26
87,Unit Test 1,EVSUKG,100,94.5,A+,25-08-2025,2025-26
87,Unit Test 1,URDUKG,100,59.8,C,25-08-2025,2025-26
87,Midterm,MATHUKG,100,37.3,F,15-10-2025,2025-26
87,Midterm,ENGUKG,100,53.5,C,15-10-2025,2025-26
87,Midterm,URDUKG,100,41.4,D,15-10-2025,2025-26
87,Midterm,EVSUKG,100,56.6,C,15-10-2025,2025-26
87,Unit Test 2,MATHUKG,100,53.2,C,15-12-2025,2025-26
87,Unit Test 2,HINUKG,100,39.3,F,15-12-2025,2025-26
87,Unit Test 2,URDUKG,100,58.6,C,15-12-2025,2025-26
87,Unit Test 2,EVSUKG,100,91.9,A+,15-12-2025,2025-26
87,Unit Test 2,ARTUKG,50,38.6,B+,15-12-2025,2025-26
87,Final,EVSUKG,100,89.8,A,10-03-2026,2025-26
87,Final,URDUKG,100,49.2,D,10-03-2026,2025-26
87,Final,ENGUKG,100,35.6,F,10-03-2026,2025-26
87,Final,ARTUKG,50,34.9,B,10-03-2026,2025-26
87,Final,HINUKG,100,63.3,B,10-03-2026,2025-26
88,Unit Test 1,HINUKG,100,99.6,A+,25-08-2025,2025-26
88,Unit Test 1,EVSUKG,100,42.7,D,25-08-2025,2025-26
88,Unit Test 1,URDUKG,100,40.4,D,25-08-2025,2025-26
88,Midterm,ENGUKG,100,94.6,A+,15-10-2025,2025-26
88,Midterm,HINUKG,100,92.9,A+,15-10-2025,2025-26
88,Midterm,URDUKG,100,80.6,A,15-10-2025,2025-26
88,Midterm,EVSUKG,100,62.5,B,15-10-2025,2025-26
88,Midterm,ARTUKG,50,37.8,B+,15-10-2025,2025-26
88,Unit Test 2,ENGUKG,100,31.9,F,15-12-2025,2025-26
88,Unit Test 2,ARTUKG,50,37.3,B+,15-12-2025,2025-26
88,Unit Test 2,MATHUKG,100,86.5,A,15-12-2025,2025-26
88,Unit Test 2,EVSUKG,100,65.2,B,15-12-2025,2025-26
88,Final,ENGUKG,100,94.8,A+,10-03-2026,2025-26
88,Final,MATHUKG,100,56.5,C,10-03-2026,2025-26
88,Final,EVSUKG,100,67.9,B,10-03-2026,2025-26
88,Final,HINUKG,100,50.5,C,10-03-2026,2025-26
89,Unit Test 1,ARTUKG,50,46.9,A+,25-08-2025,2025-26
89,Unit Test 1,URDUKG,100,65.5,B,25-08-2025,2025-26
89,Unit Test 1,HINUKG,100,90.7,A+,25-08-2025,2025-26
89,Unit Test 1,ENGUKG,100,88.6,A,25-08-2025,2025-26
89,Unit Test 1,MATHUKG,100,38.3,F,25-08-2025,2025-26
89,Unit Test 1,EVSUKG,100,76.1,B+,25-08-2025,2025-26
89,Midterm,HINUKG,100,97.0,A+,15-10-2025,2025-26
89,Midterm,ENGUKG,100,26.7,F,15-10-2025,2025-26
89,Midterm,EVSUKG,100,83.9,A,15-10-2025,2025-26
89,Midterm,URDUKG,100,69.1,B,15-10-2025,2025-26
89,Midterm,MATHUKG,100,78.9,B+,15-10-2025,2025-26
89,Unit Test 2,HINUKG,100,89.6,A,15-12-2025,2025-26
89,Unit Test 2,ENGUKG,100,62.2,B,15-12-2025,2025-26
89,Unit Test 2,ARTUKG,50,47.5,A+,15-12-2025,2025-26
89,Unit Test 2,MATHUKG,100,63.9,B,15-12-2025,2025-26
89,Unit Test 2,URDUKG,100,85.6,A,15-12-2025,2025-26
89,Unit Test 2,EVSUKG,100,89.5,A,15-12-2025,2025-26
89,Final,EVSUKG,100,65.5,B,10-03-2026,2025-26
89,Final,ENGUKG,100,31.3,F,10-03-2026,2025-26
89,Final,HINUKG,100,88.1,A,10-03-2026,2025-26
90,Unit Test 1,MATHUKG,100,36.9,F,25-08-2025,2025-26
90,Unit Test 1,EVSUKG,100,99.4,A+,25-08-2025,2025-26
90,Unit Test 1,URDUKG,100,75.9,B+,25-08-2025,2025-26
90,Unit Test 1,HINUKG,100,74.5,B+,25-08-2025,2025-26
90,Midterm,EVSUKG,100,95.3,A+,15-10-2025,2025-26
90,Midterm,URDUKG,100,76.5,B+,15-10-2025,2025-26
90,Midterm,HINUKG,100,55.4,C,15-10-2025,2025-26
90,Unit Test 2,ARTUKG,50,49.5,A+,15-12-2025,2025-26
90,Unit Test 2,ENGUKG,100,35.4,F,15-12-2025,2025-26
90,Unit Test 2,MATHUKG,100,67.6,B,15-12-2025,2025-26
90,Unit Test 2,URDUKG,100,97.7,A+,15-12-2025,2025-26
90,Final,URDUKG,100,42.6,D,10-03-2026,2025-26
90,Final,ARTUKG,50,40.6,A,10-03-2026,2025-26
90,Final,EVSUKG,100,65.6,B,10-03-2026,2025-26
91,Unit Test 1,MATHUKG,100,88.8,A,25-08-2025,2025-26
91,Unit Test 1,ARTUKG,50,45.0,A+,25-08-2025,2025-26
91,Unit Test 1,ENGUKG,100,96.4,A+,25-08-2025,2025-26
91,Midterm,ARTUKG,50,40.0,A,15-10-2025,2025-26
91,Midterm,URDUKG,100,76.9,B+,15-10-2025,2025-26
91,Midterm,HINUKG,100,63.1,B,15-10-2025,2025-26
91,Midterm,EVSUKG,100,46.9,D,15-10-2025,2025-26
91,Unit Test 2,EVSUKG,100,70.7,B+,15-12-2025,2025-26
91,Unit Test 2,URDUKG,100,66.5,B,15-12-2025,2025-26
91,Unit Test 2,ARTUKG,50,26.7,C,15-12-2025,2025-26
91,Unit Test 2,HINUKG,100,31.3,F,15-12-2025,2025-26
91,Final,HINUKG,100,31.9,F,10-03-2026,2025-26
91,Final,URDUKG,100,94.3,A+,10-03-2026,2025-26
91,Final,ARTUKG,50,30.9,B,10-03-2026,2025-26
91,Final,ENGUKG,100,65.8,B,10-03-2026,2025-26
91,Final,MATHUKG,100,58.6,C,10-03-2026,2025-26
92,Unit Test 1,MATHUKG,100,53.5,C,25-08-2025,2025-26
92,Unit Test 1,URDUKG,100,30.8,F,25-08-2025,2025-26
92,Unit Test 1,ARTUKG,50,40.4,A,25-08-2025,2025-26
92,Unit Test 1,ENGUKG,100,79.0,B+,25-08-2025,2025-26
92,Unit Test 1,HINUKG,100,74.8,B+,25-08-2025,2025-26
92,Unit Test 1,EVSUKG,100,59.6,C,25-08-2025,2025-26
92,Midterm,HINUKG,100,78.9,B+,15-10-2025,2025-26
92,Midterm,URDUKG,100,36.5,F,15-10-2025,2025-26
92,Midterm,MATHUKG,100,87.6,A,15-10-2025,2025-26
92,Midterm,EVSUKG,100,49.0,D,15-10-2025,2025-26
92,Midterm,ARTUKG,50,39.4,B+,15-10-2025,2025-26
92,Midterm,ENGUKG,100,62.0,B,15-10-2025,2025-26
92,Unit Test 2,ARTUKG,50,42.0,A,15-12-2025,2025-26
92,Unit Test 2,URDUKG,100,25.0,F,15-12-2025,2025-26
92,Unit Test 2,EVSUKG,100,73.3,B+,15-12-2025,2025-26
92,Final,EVSUKG,100,74.8,B+,10-03-2026,2025-26
92,Final,ENGUKG,100,90.1,A+,10-03-2026,2025-26
92,Final,ARTUKG,50,43.9,A,10-03-2026,2025-26
92,Final,URDUKG,100,54.3,C,10-03-2026,2025-26
93,Unit Test 1,URD1,100,46.0,D,25-08-2025,2025-26
93,Unit Test 1,PE1,50,38.5,B+,25-08-2025,2025-26
93,Unit Test 1,SST1,100,83.4,A,25-08-2025,2025-26
93,Unit Test 1,HIN1,100,50.7,C,25-08-2025,2025-26
93,Unit Test 1,ENG1,100,53.1,C,25-08-2025,2025-26
93,Unit Test 1,CS1,50,31.3,B,25-08-2025,2025-26
93,Unit Test 1,SCI1,100,95.1,A+,25-08-2025,2025-26
93,Unit Test 1,MATH1,100,54.5,C,25-08-2025,2025-26
93,Midterm,CS1,50,40.8,A,15-10-2025,2025-26
93,Midterm,MATH1,100,35.0,F,15-10-2025,2025-26
93,Midterm,PE1,50,38.3,B+,15-10-2025,2025-26
93,Midterm,SCI1,100,68.2,B,15-10-2025,2025-26
93,Midterm,HIN1,100,45.2,D,15-10-2025,2025-26
93,Midterm,ENG1,100,54.4,C,15-10-2025,2025-26
93,Midterm,SST1,100,90.0,A+,15-10-2025,2025-26
93,Unit Test 2,MATH1,100,44.6,D,15-12-2025,2025-26
93,Unit Test 2,SCI1,100,76.3,B+,15-12-2025,2025-26
93,Unit Test 2,SST1,100,93.7,A+,15-12-2025,2025-26
93,Unit Test 2,PE1,50,29.7,C,15-12-2025,2025-26
93,Final,PE1,50,49.2,A+,10-03-2026,2025-26
93,Final,MATH1,100,37.9,F,10-03-2026,2025-26
93,Final,SCI1,100,96.0,A+,10-03-2026,2025-26
93,Final,SST1,100,41.6,D,10-03-2026,2025-26
93,Final,CS1,50,42.4,A,10-03-2026,2025-26
94,Unit Test 1,URD1,100,67.0,B,25-08-2025,2025-26
94,Unit Test 1,ENG1,100,54.3,C,25-08-2025,2025-26
94,Unit Test 1,MATH1,100,52.4,C,25-08-2025,2025-26
94,Unit Test 1,HIN1,100,96.4,A+,25-08-2025,2025-26
94,Unit Test 1,CS1,50,37.2,B+,25-08-2025,2025-26
94,Midterm,CS1,50,40.2,A,15-10-2025,2025-26
94,Midterm,PE1,50,43.9,A,15-10-2025,2025-26
94,Midterm,HIN1,100,83.0,A,15-10-2025,2025-26
94,Midterm,SCI1,100,46.5,D,15-10-2025,2025-26
94,Midterm,ENG1,100,44.6,D,15-10-2025,2025-26
94,Unit Test 2,SST1,100,71.7,B+,15-12-2025,2025-26
94,Unit Test 2,SCI1,100,90.8,A+,15-12-2025,2025-26
94,Unit Test 2,URD1,100,92.0,A+,15-12-2025,2025-26
94,Final,MATH1,100,39.9,F,10-03-2026,2025-26
94,Final,CS1,50,45.8,A+,10-03-2026,2025-26
94,Final,ENG1,100,50.0,C,10-03-2026,2025-26
94,Final,SST1,100,42.7,D,10-03-2026,2025-26
94,Final,HIN1,100,84.5,A,10-03-2026,2025-26
94,Final,URD1,100,31.5,F,10-03-2026,2025-26
94,Final,SCI1,100,52.3,C,10-03-2026,2025-26
95,Unit Test 1,HIN1,100,49.5,D,25-08-2025,2025-26
95,Unit Test 1,ENG1,100,49.6,D,25-08-2025,2025-26
95,Unit Test 1,SCI1,100,33.0,F,25-08-2025,2025-26
95,Unit Test 1,URD1,100,79.7,B+,25-08-2025,2025-26
95,Unit Test 1,SST1,100,52.5,C,25-08-2025,2025-26
95,Unit Test 1,CS1,50,47.2,A+,25-08-2025,2025-26
95,Midterm,PE1,50,36.2,B+,15-10-2025,2025-26
95,Midterm,URD1,100,48.8,D,15-10-2025,2025-26
95,Midterm,HIN1,100,26.2,F,15-10-2025,2025-26
95,Midterm,ENG1,100,71.6,B+,15-10-2025,2025-26
95,Midterm,MATH1,100,96.5,A+,15-10-2025,2025-26
95,Midterm,SST1,100,36.2,F,15-10-2025,2025-26
95,Unit Test 2,MATH1,100,71.2,B+,15-12-2025,2025-26
95,Unit Test 2,SCI1,100,96.1,A+,15-12-2025,2025-26
95,Unit Test 2,ENG1,100,34.2,F,15-12-2025,2025-26
95,Unit Test 2,URD1,100,69.4,B,15-12-2025,2025-26
95,Unit Test 2,CS1,50,36.8,B+,15-12-2025,2025-26
95,Unit Test 2,HIN1,100,29.5,F,15-12-2025,2025-26
95,Unit Test 2,PE1,50,43.3,A,15-12-2025,2025-26
95,Unit Test 2,SST1,100,34.9,F,15-12-2025,2025-26
95,Final,ENG1,100,64.5,B,10-03-2026,2025-26
95,Final,SCI1,100,89.2,A,10-03-2026,2025-26
95,Final,CS1,50,33.7,B,10-03-2026,2025-26
95,Final,MATH1,100,37.2,F,10-03-2026,2025-26
95,Final,HIN1,100,35.3,F,10-03-2026,2025-26
95,Final,URD1,100,49.8,D,10-03-2026,2025-26
96,Unit Test 1,CS1,50,38.5,B+,25-08-2025,2025-26
96,Unit Test 1,ENG1,100,46.0,D,25-08-2025,2025-26
96,Unit Test 1,SCI1,100,89.7,A,25-08-2025,2025-26
96,Unit Test 1,HIN1,100,35.4,F,25-08-2025,2025-26
96,Unit Test 1,SST1,100,78.0,B+,25-08-2025,2025-26
96,Unit Test 1,MATH1,100,63.3,B,25-08-2025,2025-26
96,Midterm,HIN1,100,38.3,F,15-10-2025,2025-26
96,Midterm,PE1,50,28.2,C,15-10-2025,2025-26
96,Midterm,URD1,100,96.9,A+,15-10-2025,2025-26
96,Midterm,SCI1,100,93.3,A+,15-10-2025,2025-26
96,Midterm,SST1,100,97.6,A+,15-10-2025,2025-26
96,Midterm,MATH1,100,85.9,A,15-10-2025,2025-26
96,Midterm,CS1,50,35.7,B+,15-10-2025,2025-26
96,Midterm,ENG1,100,49.9,D,15-10-2025,2025-26
96,Unit Test 2,ENG1,100,85.1,A,15-12-2025,2025-26
96,Unit Test 2,PE1,50,34.3,B,15-12-2025,2025-26
96,Unit Test 2,CS1,50,30.7,B,15-12-2025,2025-26
96,Unit Test 2,MATH1,100,73.6,B+,15-12-2025,2025-26
96,Final,MATH1,100,84.9,A,10-03-2026,2025-26
96,Final,PE1,50,46.7,A+,10-03-2026,2025-26
96,Final,CS1,50,26.7,C,10-03-2026,2025-26
96,Final,ENG1,100,25.4,F,10-03-2026,2025-26
97,Unit Test 1,PE1,50,38.9,B+,25-08-2025,2025-26
97,Unit Test 1,ENG1,100,38.7,F,25-08-2025,2025-26
97,Unit Test 1,HIN1,100,32.5,F,25-08-2025,2025-26
97,Unit Test 1,MATH1,100,47.7,D,25-08-2025,2025-26
97,Unit Test 1,SST1,100,88.8,A,25-08-2025,2025-26
97,Midterm,CS1,50,49.1,A+,15-10-2025,2025-26
97,Midterm,SST1,100,76.8,B+,15-10-2025,2025-26
97,Midterm,HIN1,100,95.2,A+,15-10-2025,2025-26
97,Midterm,URD1,100,56.7,C,15-10-2025,2025-26
97,Midterm,PE1,50,47.5,A+,15-10-2025,2025-26
97,Midterm,ENG1,100,84.2,A,15-10-2025,2025-26
97,Midterm,MATH1,100,79.0,B+,15-10-2025,2025-26
97,Unit Test 2,CS1,50,34.2,B,15-12-2025,2025-26
97,Unit Test 2,MATH1,100,63.6,B,15-12-2025,2025-26
97,Unit Test 2,URD1,100,80.4,A,15-12-2025,2025-26
97,Unit Test 2,ENG1,100,37.6,F,15-12-2025,2025-26
97,Unit Test 2,PE1,50,34.2,B,15-12-2025,2025-26
97,Final,MATH1,100,78.1,B+,10-03-2026,2025-26
97,Final,HIN1,100,85.6,A,10-03-2026,2025-26
97,Final,PE1,50,27.6,C,10-03-2026,2025-26
97,Final,URD1,100,35.0,F,10-03-2026,2025-26
98,Unit Test 1,SCI1,100,35.7,F,25-08-2025,2025-26
98,Unit Test 1,MATH1,100,88.1,A,25-08-2025,2025-26
98,Unit Test 1,HIN1,100,25.5,F,25-08-2025,2025-26
98,Midterm,MATH1,100,64.0,B,15-10-2025,2025-26
98,Midterm,ENG1,100,56.2,C,15-10-2025,2025-26
98,Midterm,SST1,100,61.7,B,15-10-2025,2025-26
98,Midterm,CS1,50,30.1,B,15-10-2025,2025-26
98,Midterm,HIN1,100,66.5,B,15-10-2025,2025-26
98,Unit Test 2,ENG1,100,63.9,B,15-12-2025,2025-26
98,Unit Test 2,HIN1,100,31.5,F,15-12-2025,2025-26
98,Unit Test 2,MATH1,100,59.2,C,15-12-2025,2025-26
98,Unit Test 2,SST1,100,84.0,A,15-12-2025,2025-26
98,Unit Test 2,CS1,50,47.5,A+,15-12-2025,2025-26
98,Final,PE1,50,28.4,C,10-03-2026,2025-26
98,Final,SCI1,100,36.6,F,10-03-2026,2025-26
98,Final,CS1,50,39.3,B+,10-03-2026,2025-26
98,Final,URD1,100,27.5,F,10-03-2026,2025-26
98,Final,HIN1,100,35.7,F,10-03-2026,2025-26
98,Final,MATH1,100,31.8,F,10-03-2026,2025-26
99,Unit Test 1,PE1,50,26.3,C,25-08-2025,2025-26
99,Unit Test 1,SST1,100,90.2,A+,25-08-2025,2025-26
99,Unit Test 1,URD1,100,78.9,B+,25-08-2025,2025-26
99,Unit Test 1,HIN1,100,97.0,A+,25-08-2025,2025-26
99,Unit Test 1,MATH1,100,73.4,B+,25-08-2025,2025-26
99,Unit Test 1,SCI1,100,38.2,F,25-08-2025,2025-26
99,Unit Test 1,ENG1,100,59.3,C,25-08-2025,2025-26
99,Unit Test 1,CS1,50,30.4,B,25-08-2025,2025-26
99,Midterm,SST1,100,49.4,D,15-10-2025,2025-26
99,Midterm,HIN1,100,37.9,F,15-10-2025,2025-26
99,Midterm,URD1,100,68.2,B,15-10-2025,2025-26
99,Midterm,CS1,50,39.2,B+,15-10-2025,2025-26
99,Midterm,MATH1,100,71.1,B+,15-10-2025,2025-26
99,Midterm,ENG1,100,80.6,A,15-10-2025,2025-26
99,Unit Test 2,MATH1,100,74.3,B+,15-12-2025,2025-26
99,Unit Test 2,URD1,100,68.9,B,15-12-2025,2025-26
99,Unit Test 2,SST1,100,73.0,B+,15-12-2025,2025-26
99,Unit Test 2,SCI1,100,42.7,D,15-12-2025,2025-26
99,Final,SCI1,100,84.2,A,10-03-2026,2025-26
99,Final,MATH1,100,89.2,A,10-03-2026,2025-26
99,Final,CS1,50,38.5,B+,10-03-2026,2025-26
99,Final,PE1,50,33.0,B,10-03-2026,2025-26
99,Final,HIN1,100,95.5,A+,10-03-2026,2025-26
99,Final,SST1,100,45.0,D,10-03-2026,2025-26
99,Final,ENG1,100,34.2,F,10-03-2026,2025-26
100,Unit Test 1,PE1,50,31.2,B,25-08-2025,2025-26
100,Unit Test 1,URD1,100,26.5,F,25-08-2025,2025-26
100,Unit Test 1,CS1,50,33.3,B,25-08-2025,2025-26
100,Unit Test 1,SST1,100,89.9,A,25-08-2025,2025-26
100,Unit Test 1,MATH1,100,68.3,B,25-08-2025,2025-26
100,Unit Test 1,ENG1,100,96.5,A+,25-08-2025,2025-26
100,Unit Test 1,HIN1,100,62.4,B,25-08-2025,2025-26
100,Unit Test 1,SCI1,100,78.7,B+,25-08-2025,2025-26
100,Midterm,SCI1,100,86.9,A,15-10-2025,2025-26
100,Midterm,SST1,100,89.5,A,15-10-2025,2025-26
100,Midterm,HIN1,100,57.9,C,15-10-2025,2025-26
100,Unit Test 2,SCI1,100,29.2,F,15-12-2025,2025-26
100,Unit Test 2,SST1,100,43.5,D,15-12-2025,2025-26
100,Unit Test 2,ENG1,100,92.6,A+,15-12-2025,2025-26
100,Unit Test 2,MATH1,100,60.1,B,15-12-2025,2025-26
100,Final,PE1,50,28.5,C,10-03-2026,2025-26
100,Final,URD1,100,96.3,A+,10-03-2026,2025-26
100,Final,ENG1,100,95.9,A+,10-03-2026,2025-26
100,Final,MATH1,100,63.9,B,10-03-2026,2025-26
100,Final,SST1,100,34.8,F,10-03-2026,2025-26
100,Final,SCI1,100,27.1,F,10-03-2026,2025-26
100,Final,HIN1,100,75.6,B+,10-03-2026,2025-26
101,Unit Test 1,SCI1,100,54.8,C,25-08-2025,2025-26
101,Unit Test 1,CS1,50,44.8,A,25-08-2025,2025-26
101,Unit Test 1,PE1,50,46.6,A+,25-08-2025,2025-26
101,Midterm,SST1,100,70.5,B+,15-10-2025,2025-26
101,Midterm,MATH1,100,95.5,A+,15-10-2025,2025-26
101,Midterm,ENG1,100,91.4,A+,15-10-2025,2025-26
101,Midterm,URD1,100,63.9,B,15-10-2025,2025-26
101,Midterm,SCI1,100,62.9,B,15-10-2025,2025-26
101,Midterm,PE1,50,39.2,B+,15-10-2025,2025-26
101,Midterm,CS1,50,33.7,B,15-10-2025,2025-26
101,Unit Test 2,URD1,100,38.8,F,15-12-2025,2025-26
101,Unit Test 2,PE1,50,40.9,A,15-12-2025,2025-26
101,Unit Test 2,HIN1,100,54.6,C,15-12-2025,2025-26
101,Unit Test 2,SCI1,100,29.6,F,15-12-2025,2025-26
101,Final,SST1,100,98.3,A+,10-03-2026,2025-26
101,Final,ENG1,100,42.7,D,10-03-2026,2025-26
101,Final,SCI1,100,54.1,C,10-03-2026,2025-26
102,Unit Test 1,URD1,100,30.0,F,25-08-2025,2025-26
102,Unit Test 1,ENG1,100,87.6,A,25-08-2025,2025-26
102,Unit Test 1,SST1,100,37.2,F,25-08-2025,2025-26
102,Midterm,MATH1,100,37.6,F,15-10-2025,2025-26
102,Midterm,ENG1,100,94.5,A+,15-10-2025,2025-26
102,Midterm,PE1,50,48.5,A+,15-10-2025,2025-26
102,Midterm,HIN1,100,81.2,A,15-10-2025,2025-26
102,Unit Test 2,ENG1,100,70.9,B+,15-12-2025,2025-26
102,Unit Test 2,PE1,50,29.9,C,15-12-2025,2025-26
102,Unit Test 2,SCI1,100,25.4,F,15-12-2025,2025-26
102,Unit Test 2,MATH1,100,56.2,C,15-12-2025,2025-26
102,Unit Test 2,SST1,100,60.3,B,15-12-2025,2025-26
102,Unit Test 2,HIN1,100,40.8,D,15-12-2025,2025-26
102,Unit Test 2,CS1,50,39.8,B+,15-12-2025,2025-26
102,Unit Test 2,URD1,100,32.0,F,15-12-2025,2025-26
102,Final,SCI1,100,72.5,B+,10-03-2026,2025-26
102,Final,SST1,100,79.9,B+,10-03-2026,2025-26
102,Final,ENG1,100,33.7,F,10-03-2026,2025-26
103,Unit Test 1,MATH1,100,55.8,C,25-08-2025,2025-26
103,Unit Test 1,CS1,50,43.8,A,25-08-2025,2025-26
103,Unit Test 1,URD1,100,35.5,F,25-08-2025,2025-26
103,Unit Test 1,SST1,100,33.6,F,25-08-2025,2025-26
103,Midterm,MATH1,100,28.1,F,15-10-2025,2025-26
103,Midterm,ENG1,100,71.3,B+,15-10-2025,2025-26
103,Midterm,CS1,50,25.8,C,15-10-2025,2025-26
103,Midterm,SST1,100,35.2,F,15-10-2025,2025-26
103,Midterm,HIN1,100,50.7,C,15-10-2025,2025-26
103,Midterm,URD1,100,80.7,A,15-10-2025,2025-26
103,Midterm,SCI1,100,64.7,B,15-10-2025,2025-26
103,Midterm,PE1,50,35.9,B+,15-10-2025,2025-26
103,Unit Test 2,SST1,100,27.8,F,15-12-2025,2025-26
103,Unit Test 2,HIN1,100,67.9,B,15-12-2025,2025-26
103,Unit Test 2,URD1,100,57.4,C,15-12-2025,2025-26
103,Unit Test 2,MATH1,100,50.3,C,15-12-2025,2025-26
103,Final,ENG1,100,36.2,F,10-03-2026,2025-26
103,Final,URD1,100,83.9,A,10-03-2026,2025-26
103,Final,MATH1,100,38.2,F,10-03-2026,2025-26
103,Final,SST1,100,31.8,F,10-03-2026,2025-26
103,Final,SCI1,100,26.7,F,10-03-2026,2025-26
103,Final,HIN1,100,66.9,B,10-03-2026,2025-26
103,Final,PE1,50,34.9,B,10-03-2026,2025-26
104,Unit Test 1,SCI1,100,69.7,B,25-08-2025,2025-26
104,Unit Test 1,PE1,50,34.4,B,25-08-2025,2025-26
104,Unit Test 1,ENG1,100,26.3,F,25-08-2025,2025-26
104,Unit Test 1,HIN1,100,86.7,A,25-08-2025,2025-26
104,Unit Test 1,CS1,50,29.8,C,25-08-2025,2025-26
104,Unit Test 1,URD1,100,88.5,A,25-08-2025,2025-26
104,Unit Test 1,SST1,100,99.6,A+,25-08-2025,2025-26
104,Midterm,CS1,50,42.9,A,15-10-2025,2025-26
104,Midterm,PE1,50,39.2,B+,15-10-2025,2025-26
104,Midterm,ENG1,100,50.9,C,15-10-2025,2025-26
104,Midterm,URD1,100,83.4,A,15-10-2025,2025-26
104,Midterm,MATH1,100,68.8,B,15-10-2025,2025-26
104,Unit Test 2,MATH1,100,33.9,F,15-12-2025,2025-26
104,Unit Test 2,PE1,50,31.9,B,15-12-2025,2025-26
104,Unit Test 2,SST1,100,56.8,C,15-12-2025,2025-26
104,Final,URD1,100,82.2,A,10-03-2026,2025-26
104,Final,HIN1,100,34.8,F,10-03-2026,2025-26
104,Final,SCI1,100,88.5,A,10-03-2026,2025-26
104,Final,SST1,100,44.5,D,10-03-2026,2025-26
104,Final,PE1,50,26.9,C,10-03-2026,2025-26
105,Unit Test 1,SCI1,100,71.1,B+,25-08-2025,2025-26
105,Unit Test 1,ENG1,100,60.9,B,25-08-2025,2025-26
105,Unit Test 1,MATH1,100,66.8,B,25-08-2025,2025-26
105,Unit Test 1,SST1,100,45.8,D,25-08-2025,2025-26
105,Unit Test 1,CS1,50,29.2,C,25-08-2025,2025-26
105,Unit Test 1,URD1,100,71.5,B+,25-08-2025,2025-26
105,Unit Test 1,HIN1,100,58.2,C,25-08-2025,2025-26
105,Unit Test 1,PE1,50,43.0,A,25-08-2025,2025-26
105,Midterm,CS1,50,25.6,C,15-10-2025,2025-26
105,Midterm,SST1,100,42.1,D,15-10-2025,2025-26
105,Midterm,HIN1,100,34.5,F,15-10-2025,2025-26
105,Unit Test 2,MATH1,100,87.1,A,15-12-2025,2025-26
105,Unit Test 2,SCI1,100,76.3,B+,15-12-2025,2025-26
105,Unit Test 2,CS1,50,41.1,A,15-12-2025,2025-26
105,Unit Test 2,URD1,100,41.6,D,15-12-2025,2025-26
105,Unit Test 2,PE1,50,42.8,A,15-12-2025,2025-26
105,Final,ENG1,100,71.2,B+,10-03-2026,2025-26
105,Final,MATH1,100,93.1,A+,10-03-2026,2025-26
105,Final,PE1,50,35.1,B+,10-03-2026,2025-26
105,Final,URD1,100,62.2,B,10-03-2026,2025-26
105,Final,HIN1,100,93.6,A+,10-03-2026,2025-26
106,Unit Test 1,PE1,50,34.3,B,25-08-2025,2025-26
106,Unit Test 1,SCI1,100,56.9,C,25-08-2025,2025-26
106,Unit Test 1,SST1,100,37.9,F,25-08-2025,2025-26
106,Unit Test 1,CS1,50,31.2,B,25-08-2025,2025-26
106,Unit Test 1,ENG1,100,61.0,B,25-08-2025,2025-26
106,Unit Test 1,MATH1,100,33.0,F,25-08-2025,2025-26
106,Unit Test 1,HIN1,100,87.8,A,25-08-2025,2025-26
106,Unit Test 1,URD1,100,43.8,D,25-08-2025,2025-26
106,Midterm,ENG1,100,84.8,A,15-10-2025,2025-26
106,Midterm,PE1,50,37.9,B+,15-10-2025,2025-26
106,Midterm,CS1,50,26.0,C,15-10-2025,2025-26
106,Midterm,HIN1,100,27.0,F,15-10-2025,2025-26
106,Midterm,URD1,100,93.4,A+,15-10-2025,2025-26
106,Midterm,SST1,100,84.4,A,15-10-2025,2025-26
106,Unit Test 2,SST1,100,37.1,F,15-12-2025,2025-26
106,Unit Test 2,ENG1,100,63.7,B,15-12-2025,2025-26
106,Unit Test 2,PE1,50,38.6,B+,15-12-2025,2025-26
106,Unit Test 2,URD1,100,63.8,B,15-12-2025,2025-26
106,Unit Test 2,SCI1,100,85.9,A,15-12-2025,2025-26
106,Unit Test 2,CS1,50,41.8,A,15-12-2025,2025-26
106,Unit Test 2,MATH1,100,58.6,C,15-12-2025,2025-26
106,Final,ENG1,100,98.1,A+,10-03-2026,2025-26
106,Final,CS1,50,42.6,A,10-03-2026,2025-26
106,Final,URD1,100,59.8,C,10-03-2026,2025-26
106,Final,PE1,50,29.9,C,10-03-2026,2025-26
107,Unit Test 1,CS1,50,31.2,B,25-08-2025,2025-26
107,Unit Test 1,SST1,100,59.6,C,25-08-2025,2025-26
107,Unit Test 1,ENG1,100,42.2,D,25-08-2025,2025-26
107,Midterm,ENG1,100,52.1,C,15-10-2025,2025-26
107,Midterm,CS1,50,38.3,B+,15-10-2025,2025-26
107,Midterm,SCI1,100,45.7,D,15-10-2025,2025-26
107,Unit Test 2,SST1,100,77.8,B+,15-12-2025,2025-26
107,Unit Test 2,CS1,50,25.6,C,15-12-2025,2025-26
107,Unit Test 2,PE1,50,39.1,B+,15-12-2025,2025-26
107,Unit Test 2,MATH1,100,38.6,F,15-12-2025,2025-26
107,Unit Test 2,ENG1,100,64.9,B,15-12-2025,2025-26
107,Final,URD1,100,40.3,D,10-03-2026,2025-26
107,Final,SST1,100,67.1,B,10-03-2026,2025-26
107,Final,CS1,50,33.3,B,10-03-2026,2025-26
107,Final,PE1,50,50.0,A+,10-03-2026,2025-26
107,Final,SCI1,100,85.3,A,10-03-2026,2025-26
107,Final,MATH1,100,83.3,A,10-03-2026,2025-26
107,Final,ENG1,100,70.5,B+,10-03-2026,2025-26
108,Unit Test 1,PE1,50,35.9,B+,25-08-2025,2025-26
108,Unit Test 1,SCI1,100,36.2,F,25-08-2025,2025-26
108,Unit Test 1,SST1,100,51.5,C,25-08-2025,2025-26
108,Unit Test 1,URD1,100,29.8,F,25-08-2025,2025-26
108,Midterm,SCI1,100,27.4,F,15-10-2025,2025-26
108,Midterm,URD1,100,98.5,A+,15-10-2025,2025-26
108,Midterm,SST1,100,55.2,C,15-10-2025,2025-26
108,Midterm,ENG1,100,56.9,C,15-10-2025,2025-26
108,Unit Test 2,URD1,100,84.6,A,15-12-2025,2025-26
108,Unit Test 2,PE1,50,26.3,C,15-12-2025,2025-26
108,Unit Test 2,HIN1,100,69.1,B,15-12-2025,2025-26
108,Unit Test 2,ENG1,100,75.0,B+,15-12-2025,2025-26
108,Unit Test 2,CS1,50,28.1,C,15-12-2025,2025-26
108,Final,ENG1,100,65.8,B,10-03-2026,2025-26
108,Final,PE1,50,48.5,A+,10-03-2026,2025-26
108,Final,URD1,100,30.1,F,10-03-2026,2025-26
108,Final,SCI1,100,78.6,B+,10-03-2026,2025-26
108,Final,MATH1,100,81.8,A,10-03-2026,2025-26
109,Unit Test 1,HIN1,100,83.8,A,25-08-2025,2025-26
109,Unit Test 1,PE1,50,26.1,C,25-08-2025,2025-26
109,Unit Test 1,ENG1,100,70.8,B+,25-08-2025,2025-26
109,Unit Test 1,SCI1,100,62.6,B,25-08-2025,2025-26
109,Unit Test 1,MATH1,100,85.6,A,25-08-2025,2025-26
109,Unit Test 1,CS1,50,32.4,B,25-08-2025,2025-26
109,Unit Test 1,URD1,100,87.3,A,25-08-2025,2025-26
109,Unit Test 1,SST1,100,86.6,A,25-08-2025,2025-26
109,Midterm,PE1,50,39.8,B+,15-10-2025,2025-26
109,Midterm,URD1,100,76.4,B+,15-10-2025,2025-26
109,Midterm,MATH1,100,86.0,A,15-10-2025,2025-26
109,Midterm,ENG1,100,53.7,C,15-10-2025,2025-26
109,Midterm,CS1,50,38.9,B+,15-10-2025,2025-26
109,Midterm,SST1,100,46.9,D,15-10-2025,2025-26
109,Unit Test 2,CS1,50,48.8,A+,15-12-2025,2025-26
109,Unit Test 2,ENG1,100,61.4,B,15-12-2025,2025-26
109,Unit Test 2,MATH1,100,67.8,B,15-12-2025,2025-26
109,Unit Test 2,URD1,100,43.6,D,15-12-2025,2025-26
109,Unit Test 2,SST1,100,87.3,A,15-12-2025,2025-26
109,Unit Test 2,HIN1,100,82.2,A,15-12-2025,2025-26
109,Final,SCI1,100,67.6,B,10-03-2026,2025-26
109,Final,MATH1,100,33.5,F,10-03-2026,2025-26
109,Final,URD1,100,70.8,B+,10-03-2026,2025-26
109,Final,HIN1,100,85.5,A,10-03-2026,2025-26
109,Final,PE1,50,26.7,C,10-03-2026,2025-26
109,Final,SST1,100,86.7,A,10-03-2026,2025-26
110,Unit Test 1,SCI1,100,41.1,D,25-08-2025,2025-26
110,Unit Test 1,SST1,100,28.8,F,25-08-2025,2025-26
110,Unit Test 1,URD1,100,59.6,C,25-08-2025,2025-26
110,Unit Test 1,MATH1,100,92.8,A+,25-08-2025,2025-26
110,Unit Test 1,ENG1,100,88.3,A,25-08-2025,2025-26
110,Midterm,MATH1,100,88.1,A,15-10-2025,2025-26
110,Midterm,SST1,100,74.6,B+,15-10-2025,2025-26
110,Midterm,ENG1,100,74.4,B+,15-10-2025,2025-26
110,Unit Test 2,HIN1,100,92.3,A+,15-12-2025,2025-26
110,Unit Test 2,ENG1,100,31.3,F,15-12-2025,2025-26
110,Unit Test 2,PE1,50,36.1,B+,15-12-2025,2025-26
110,Unit Test 2,CS1,50,25.6,C,15-12-2025,2025-26
110,Unit Test 2,MATH1,100,87.7,A,15-12-2025,2025-26
110,Unit Test 2,SST1,100,62.8,B,15-12-2025,2025-26
110,Unit Test 2,SCI1,100,69.1,B,15-12-2025,2025-26
110,Unit Test 2,URD1,100,46.7,D,15-12-2025,2025-26
110,Final,ENG1,100,37.1,F,10-03-2026,2025-26
110,Final,CS1,50,28.0,C,10-03-2026,2025-26
110,Final,PE1,50,48.7,A+,10-03-2026,2025-26
110,Final,HIN1,100,91.3,A+,10-03-2026,2025-26
110,Final,SST1,100,64.1,B,10-03-2026,2025-26
110,Final,MATH1,100,80.3,A,10-03-2026,2025-26
110,Final,SCI1,100,42.5,D,10-03-2026,2025-26
110,Final,URD1,100,98.7,A+,10-03-2026,2025-26
111,Unit Test 1,URD1,100,44.5,D,25-08-2025,2025-26
111,Unit Test 1,SST1,100,28.5,F,25-08-2025,2025-26
111,Unit Test 1,ENG1,100,60.6,B,25-08-2025,2025-26
111,Unit Test 1,HIN1,100,60.5,B,25-08-2025,2025-26
111,Unit Test 1,MATH1,100,32.0,F,25-08-2025,2025-26
111,Unit Test 1,PE1,50,46.1,A+,25-08-2025,2025-26
111,Unit Test 1,SCI1,100,88.2,A,25-08-2025,2025-26
111,Midterm,MATH1,100,75.1,B+,15-10-2025,2025-26
111,Midterm,SCI1,100,95.1,A+,15-10-2025,2025-26
111,Midterm,HIN1,100,63.3,B,15-10-2025,2025-26
111,Midterm,SST1,100,62.5,B,15-10-2025,2025-26
111,Midterm,ENG1,100,86.3,A,15-10-2025,2025-26
111,Midterm,CS1,50,31.8,B,15-10-2025,2025-26
111,Unit Test 2,CS1,50,36.6,B+,15-12-2025,2025-26
111,Unit Test 2,HIN1,100,81.4,A,15-12-2025,2025-26
111,Unit Test 2,PE1,50,39.5,B+,15-12-2025,2025-26
111,Unit Test 2,MATH1,100,99.9,A+,15-12-2025,2025-26
111,Final,ENG1,100,78.5,B+,10-03-2026,2025-26
111,Final,SCI1,100,44.4,D,10-03-2026,2025-26
111,Final,PE1,50,44.8,A,10-03-2026,2025-26
111,Final,HIN1,100,84.3,A,10-03-2026,2025-26
111,Final,CS1,50,35.6,B+,10-03-2026,2025-26
111,Final,URD1,100,51.6,C,10-03-2026,2025-26
112,Unit Test 1,PE1,50,31.2,B,25-08-2025,2025-26
112,Unit Test 1,HIN1,100,61.6,B,25-08-2025,2025-26
112,Unit Test 1,URD1,100,75.6,B+,25-08-2025,2025-26
112,Midterm,SST1,100,38.6,F,15-10-2025,2025-26
112,Midterm,SCI1,100,73.0,B+,15-10-2025,2025-26
112,Midterm,URD1,100,91.4,A+,15-10-2025,2025-26
112,Midterm,PE1,50,48.2,A+,15-10-2025,2025-26
112,Midterm,CS1,50,42.6,A,15-10-2025,2025-26
112,Midterm,ENG1,100,46.2,D,15-10-2025,2025-26
112,Midterm,MATH1,100,70.7,B+,15-10-2025,2025-26
112,Midterm,HIN1,100,53.8,C,15-10-2025,2025-26
112,Unit Test 2,HIN1,100,44.9,D,15-12-2025,2025-26
112,Unit Test 2,PE1,50,37.8,B+,15-12-2025,2025-26
112,Unit Test 2,SST1,100,36.4,F,15-12-2025,2025-26
112,Unit Test 2,ENG1,100,58.3,C,15-12-2025,2025-26
112,Final,URD1,100,37.0,F,10-03-2026,2025-26
112,Final,ENG1,100,95.0,A+,10-03-2026,2025-26
112,Final,SST1,100,68.5,B,10-03-2026,2025-26
112,Final,MATH1,100,43.2,D,10-03-2026,2025-26
113,Unit Test 1,CS1,50,38.4,B+,25-08-2025,2025-26
113,Unit Test 1,SCI1,100,65.0,B,25-08-2025,2025-26
113,Unit Test 1,HIN1,100,62.6,B,25-08-2025,2025-26
113,Unit Test 1,URD1,100,71.1,B+,25-08-2025,2025-26
113,Unit Test 1,MATH1,100,91.0,A+,25-08-2025,2025-26
113,Unit Test 1,ENG1,100,35.3,F,25-08-2025,2025-26
113,Unit Test 1,PE1,50,31.5,B,25-08-2025,2025-26
113,Unit Test 1,SST1,100,61.0,B,25-08-2025,2025-26
113,Midterm,PE1,50,27.2,C,15-10-2025,2025-26
113,Midterm,HIN1,100,30.5,F,15-10-2025,2025-26
113,Midterm,CS1,50,50.0,A+,15-10-2025,2025-26
113,Midterm,ENG1,100,33.5,F,15-10-2025,2025-26
113,Midterm,SST1,100,92.2,A+,15-10-2025,2025-26
113,Midterm,URD1,100,99.6,A+,15-10-2025,2025-26
113,Midterm,SCI1,100,43.6,D,15-10-2025,2025-26
113,Unit Test 2,SCI1,100,79.0,B+,15-12-2025,2025-26
113,Unit Test 2,CS1,50,47.4,A+,15-12-2025,2025-26
113,Unit Test 2,MATH1,100,50.6,C,15-12-2025,2025-26
113,Unit Test 2,SST1,100,98.6,A+,15-12-2025,2025-26
113,Unit Test 2,ENG1,100,28.3,F,15-12-2025,2025-26
113,Unit Test 2,HIN1,100,44.1,D,15-12-2025,2025-26
113,Unit Test 2,PE1,50,38.9,B+,15-12-2025,2025-26
113,Unit Test 2,URD1,100,32.1,F,15-12-2025,2025-26
113,Final,ENG1,100,62.2,B,10-03-2026,2025-26
113,Final,MATH1,100,44.7,D,10-03-2026,2025-26
113,Final,SCI1,100,71.2,B+,10-03-2026,2025-26
113,Final,URD1,100,57.2,C,10-03-2026,2025-26
113,Final,HIN1,100,73.8,B+,10-03-2026,2025-26
114,Unit Test 1,HIN1,100,56.2,C,25-08-2025,2025-26
114,Unit Test 1,SCI1,100,88.4,A,25-08-2025,2025-26
114,Unit Test 1,ENG1,100,60.3,B,25-08-2025,2025-26
114,Unit Test 1,PE1,50,43.5,A,25-08-2025,2025-26
114,Midterm,MATH1,100,90.0,A+,15-10-2025,2025-26
114,Midterm,CS1,50,36.5,B+,15-10-2025,2025-26
114,Midterm,HIN1,100,66.3,B,15-10-2025,2025-26
114,Midterm,PE1,50,27.4,C,15-10-2025,2025-26
114,Midterm,SCI1,100,31.0,F,15-10-2025,2025-26
114,Midterm,SST1,100,45.3,D,15-10-2025,2025-26
114,Midterm,ENG1,100,63.8,B,15-10-2025,2025-26
114,Midterm,URD1,100,99.6,A+,15-10-2025,2025-26
114,Unit Test 2,URD1,100,72.0,B+,15-12-2025,2025-26
114,Unit Test 2,HIN1,100,96.0,A+,15-12-2025,2025-26
114,Unit Test 2,MATH1,100,65.9,B,15-12-2025,2025-26
114,Unit Test 2,SST1,100,71.2,B+,15-12-2025,2025-26
114,Final,SST1,100,67.5,B,10-03-2026,2025-26
114,Final,URD1,100,76.7,B+,10-03-2026,2025-26
114,Final,HIN1,100,90.0,A+,10-03-2026,2025-26
114,Final,PE1,50,33.2,B,10-03-2026,2025-26
114,Final,CS1,50,39.7,B+,10-03-2026,2025-26
114,Final,MATH1,100,98.4,A+,10-03-2026,2025-26
114,Final,SCI1,100,85.3,A,10-03-2026,2025-26
115,Unit Test 1,MATH1,100,35.1,F,25-08-2025,2025-26
115,Unit Test 1,ENG1,100,69.9,B,25-08-2025,2025-26
115,Unit Test 1,HIN1,100,38.5,F,25-08-2025,2025-26
115,Midterm,PE1,50,36.9,B+,15-10-2025,2025-26
115,Midterm,SCI1,100,56.7,C,15-10-2025,2025-26
115,Midterm,MATH1,100,79.6,B+,15-10-2025,2025-26
115,Midterm,SST1,100,42.0,D,15-10-2025,2025-26
115,Midterm,ENG1,100,69.7,B,15-10-2025,2025-26
115,Midterm,URD1,100,81.5,A,15-10-2025,2025-26
115,Midterm,HIN1,100,66.6,B,15-10-2025,2025-26
115,Midterm,CS1,50,34.9,B,15-10-2025,2025-26
115,Unit Test 2,URD1,100,68.4,B,15-12-2025,2025-26
115,Unit Test 2,MATH1,100,49.6,D,15-12-2025,2025-26
115,Unit Test 2,SST1,100,70.0,B+,15-12-2025,2025-26
115,Unit Test 2,CS1,50,34.5,B,15-12-2025,2025-26
115,Unit Test 2,ENG1,100,25.6,F,15-12-2025,2025-26
115,Unit Test 2,SCI1,100,26.9,F,15-12-2025,2025-26
115,Final,HIN1,100,94.0,A+,10-03-2026,2025-26
115,Final,CS1,50,50.0,A+,10-03-2026,2025-26
115,Final,MATH1,100,76.2,B+,10-03-2026,2025-26
115,Final,SCI1,100,45.5,D,10-03-2026,2025-26
115,Final,PE1,50,47.6,A+,10-03-2026,2025-26
115,Final,ENG1,100,89.6,A,10-03-2026,2025-26
115,Final,SST1,100,71.0,B+,10-03-2026,2025-26
115,Final,URD1,100,57.4,C,10-03-2026,2025-26
116,Unit Test 1,ENG1,100,86.5,A,25-08-2025,2025-26
116,Unit Test 1,SCI1,100,94.9,A+,25-08-2025,2025-26
116,Unit Test 1,SST1,100,48.6,D,25-08-2025,2025-26
116,Unit Test 1,CS1,50,46.6,A+,25-08-2025,2025-26
116,Unit Test 1,MATH1,100,61.8,B,25-08-2025,2025-26
116,Unit Test 1,PE1,50,36.1,B+,25-08-2025,2025-26
116,Midterm,ENG1,100,83.6,A,15-10-2025,2025-26
116,Midterm,HIN1,100,85.4,A,15-10-2025,2025-26
116,Midterm,SST1,100,27.2,F,15-10-2025,2025-26
116,Midterm,SCI1,100,34.8,F,15-10-2025,2025-26
116,Midterm,CS1,50,46.4,A+,15-10-2025,2025-26
116,Midterm,PE1,50,34.2,B,15-10-2025,2025-26
116,Midterm,URD1,100,84.9,A,15-10-2025,2025-26
116,Unit Test 2,SCI1,100,77.5,B+,15-12-2025,2025-26
116,Unit Test 2,CS1,50,26.4,C,15-12-2025,2025-26
116,Unit Test 2,URD1,100,54.7,C,15-12-2025,2025-26
116,Unit Test 2,MATH1,100,50.1,C,15-12-2025,2025-26
116,Unit Test 2,SST1,100,70.6,B+,15-12-2025,2025-26
116,Unit Test 2,HIN1,100,42.2,D,15-12-2025,2025-26
116,Final,ENG1,100,56.9,C,10-03-2026,2025-26
116,Final,URD1,100,89.2,A,10-03-2026,2025-26
116,Final,CS1,50,28.0,C,10-03-2026,2025-26
117,Unit Test 1,HIN1,100,97.3,A+,25-08-2025,2025-26
117,Unit Test 1,MATH1,100,60.9,B,25-08-2025,2025-26
117,Unit Test 1,SST1,100,74.2,B+,25-08-2025,2025-26
117,Unit Test 1,URD1,100,48.3,D,25-08-2025,2025-26
117,Midterm,URD1,100,27.1,F,15-10-2025,2025-26
117,Midterm,HIN1,100,30.9,F,15-10-2025,2025-26
117,Midterm,ENG1,100,46.1,D,15-10-2025,2025-26
117,Midterm,SST1,100,98.8,A+,15-10-2025,2025-26
117,Unit Test 2,URD1,100,86.1,A,15-12-2025,2025-26
117,Unit Test 2,CS1,50,31.3,B,15-12-2025,2025-26
117,Unit Test 2,HIN1,100,84.8,A,15-12-2025,2025-26
117,Final,CS1,50,37.0,B+,10-03-2026,2025-26
117,Final,ENG1,100,62.1,B,10-03-2026,2025-26
117,Final,PE1,50,39.0,B+,10-03-2026,2025-26
117,Final,HIN1,100,39.7,F,10-03-2026,2025-26
117,Final,URD1,100,30.9,F,10-03-2026,2025-26
117,Final,SST1,100,68.3,B,10-03-2026,2025-26
117,Final,MATH1,100,91.2,A+,10-03-2026,2025-26
117,Final,SCI1,100,51.9,C,10-03-2026,2025-26
118,Unit Test 1,HIN2,100,99.6,A+,25-08-2025,2025-26
118,Unit Test 1,SST2,100,55.6,C,25-08-2025,2025-26
118,Unit Test 1,MATH2,100,44.7,D,25-08-2025,2025-26
118,Midterm,CS2,50,48.0,A+,15-10-2025,2025-26
118,Midterm,ENG2,100,29.0,F,15-10-2025,2025-26
118,Midterm,MATH2,100,64.7,B,15-10-2025,2025-26
118,Midterm,PE2,50,30.7,B,15-10-2025,2025-26
118,Unit Test 2,URD2,100,28.6,F,15-12-2025,2025-26
118,Unit Test 2,MATH2,100,66.6,B,15-12-2025,2025-26
118,Unit Test 2,SST2,100,98.0,A+,15-12-2025,2025-26
118,Unit Test 2,SCI2,100,72.7,B+,15-12-2025,2025-26
118,Unit Test 2,PE2,50,34.2,B,15-12-2025,2025-26
118,Unit Test 2,HIN2,100,44.9,D,15-12-2025,2025-26
118,Final,SCI2,100,90.9,A+,10-03-2026,2025-26
118,Final,PE2,50,34.1,B,10-03-2026,2025-26
118,Final,MATH2,100,81.4,A,10-03-2026,2025-26
118,Final,ENG2,100,96.3,A+,10-03-2026,2025-26
118,Final,URD2,100,28.5,F,10-03-2026,2025-26
118,Final,CS2,50,41.9,A,10-03-2026,2025-26
118,Final,SST2,100,57.2,C,10-03-2026,2025-26
119,Unit Test 1,URD2,100,80.5,A,25-08-2025,2025-26
119,Unit Test 1,SCI2,100,90.2,A+,25-08-2025,2025-26
119,Unit Test 1,PE2,50,46.1,A+,25-08-2025,2025-26
119,Unit Test 1,SST2,100,30.8,F,25-08-2025,2025-26
119,Unit Test 1,CS2,50,28.5,C,25-08-2025,2025-26
119,Midterm,SCI2,100,82.7,A,15-10-2025,2025-26
119,Midterm,URD2,100,71.1,B+,15-10-2025,2025-26
119,Midterm,SST2,100,80.2,A,15-10-2025,2025-26
119,Midterm,PE2,50,49.4,A+,15-10-2025,2025-26
119,Unit Test 2,MATH2,100,61.7,B,15-12-2025,2025-26
119,Unit Test 2,SST2,100,27.3,F,15-12-2025,2025-26
119,Unit Test 2,CS2,50,46.7,A+,15-12-2025,2025-26
119,Unit Test 2,URD2,100,66.6,B,15-12-2025,2025-26
119,Unit Test 2,PE2,50,34.5,B,15-12-2025,2025-26
119,Unit Test 2,ENG2,100,37.7,F,15-12-2025,2025-26
119,Unit Test 2,HIN2,100,30.5,F,15-12-2025,2025-26
119,Unit Test 2,SCI2,100,60.6,B,15-12-2025,2025-26
119,Final,ENG2,100,87.0,A,10-03-2026,2025-26
119,Final,URD2,100,44.1,D,10-03-2026,2025-26
119,Final,HIN2,100,78.6,B+,10-03-2026,2025-26
119,Final,PE2,50,29.9,C,10-03-2026,2025-26
119,Final,CS2,50,34.7,B,10-03-2026,2025-26
119,Final,SCI2,100,99.6,A+,10-03-2026,2025-26
119,Final,MATH2,100,98.4,A+,10-03-2026,2025-26
119,Final,SST2,100,49.4,D,10-03-2026,2025-26
120,Unit Test 1,SCI2,100,25.9,F,25-08-2025,2025-26
120,Unit Test 1,PE2,50,46.4,A+,25-08-2025,2025-26
120,Unit Test 1,HIN2,100,89.7,A,25-08-2025,2025-26
120,Unit Test 1,MATH2,100,84.1,A,25-08-2025,2025-26
120,Unit Test 1,CS2,50,43.5,A,25-08-2025,2025-26
120,Unit Test 1,ENG2,100,63.6,B,25-08-2025,2025-26
120,Unit Test 1,URD2,100,78.6,B+,25-08-2025,2025-26
120,Midterm,PE2,50,33.6,B,15-10-2025,2025-26
120,Midterm,SST2,100,37.9,F,15-10-2025,2025-26
120,Midterm,HIN2,100,44.1,D,15-10-2025,2025-26
120,Midterm,SCI2,100,93.8,A+,15-10-2025,2025-26
120,Midterm,ENG2,100,96.7,A+,15-10-2025,2025-26
120,Midterm,MATH2,100,44.6,D,15-10-2025,2025-26
120,Unit Test 2,ENG2,100,29.9,F,15-12-2025,2025-26
120,Unit Test 2,CS2,50,40.1,A,15-12-2025,2025-26
120,Unit Test 2,HIN2,100,41.3,D,15-12-2025,2025-26
120,Unit Test 2,MATH2,100,77.8,B+,15-12-2025,2025-26
120,Unit Test 2,SCI2,100,66.4,B,15-12-2025,2025-26
120,Unit Test 2,SST2,100,26.2,F,15-12-2025,2025-26
120,Final,URD2,100,90.6,A+,10-03-2026,2025-26
120,Final,MATH2,100,80.2,A,10-03-2026,2025-26
120,Final,PE2,50,45.1,A+,10-03-2026,2025-26
120,Final,HIN2,100,67.6,B,10-03-2026,2025-26
120,Final,ENG2,100,56.9,C,10-03-2026,2025-26
120,Final,SST2,100,69.0,B,10-03-2026,2025-26
120,Final,CS2,50,37.9,B+,10-03-2026,2025-26
120,Final,SCI2,100,36.6,F,10-03-2026,2025-26
121,Unit Test 1,ENG2,100,88.0,A,25-08-2025,2025-26
121,Unit Test 1,SCI2,100,76.1,B+,25-08-2025,2025-26
121,Unit Test 1,CS2,50,31.3,B,25-08-2025,2025-26
121,Unit Test 1,SST2,100,42.4,D,25-08-2025,2025-26
121,Unit Test 1,MATH2,100,85.8,A,25-08-2025,2025-26
121,Unit Test 1,HIN2,100,89.6,A,25-08-2025,2025-26
121,Unit Test 1,PE2,50,49.7,A+,25-08-2025,2025-26
121,Unit Test 1,URD2,100,65.5,B,25-08-2025,2025-26
121,Midterm,HIN2,100,73.7,B+,15-10-2025,2025-26
121,Midterm,MATH2,100,69.4,B,15-10-2025,2025-26
121,Midterm,SCI2,100,37.2,F,15-10-2025,2025-26
121,Midterm,CS2,50,30.9,B,15-10-2025,2025-26
121,Midterm,PE2,50,39.2,B+,15-10-2025,2025-26
121,Midterm,URD2,100,32.7,F,15-10-2025,2025-26
121,Unit Test 2,PE2,50,48.0,A+,15-12-2025,2025-26
121,Unit Test 2,ENG2,100,36.8,F,15-12-2025,2025-26
121,Unit Test 2,SST2,100,91.1,A+,15-12-2025,2025-26
121,Final,SCI2,100,78.4,B+,10-03-2026,2025-26
121,Final,HIN2,100,66.8,B,10-03-2026,2025-26
121,Final,CS2,50,30.3,B,10-03-2026,2025-26
121,Final,ENG2,100,35.9,F,10-03-2026,2025-26
122,Unit Test 1,MATH2,100,42.3,D,25-08-2025,2025-26
122,Unit Test 1,ENG2,100,91.7,A+,25-08-2025,2025-26
122,Unit Test 1,PE2,50,25.4,C,25-08-2025,2025-26
122,Midterm,CS2,50,42.9,A,15-10-2025,2025-26
122,Midterm,SST2,100,34.1,F,15-10-2025,2025-26
122,Midterm,PE2,50,38.7,B+,15-10-2025,2025-26
122,Midterm,URD2,100,86.3,A,15-10-2025,2025-26
122,Midterm,ENG2,100,39.2,F,15-10-2025,2025-26
122,Midterm,HIN2,100,53.8,C,15-10-2025,2025-26
122,Midterm,SCI2,100,32.0,F,15-10-2025,2025-26
122,Midterm,MATH2,100,29.6,F,15-10-2025,2025-26
122,Unit Test 2,SST2,100,84.0,A,15-12-2025,2025-26
122,Unit Test 2,HIN2,100,45.7,D,15-12-2025,2025-26
122,Unit Test 2,SCI2,100,83.7,A,15-12-2025,2025-26
122,Unit Test 2,URD2,100,82.5,A,15-12-2025,2025-26
122,Unit Test 2,MATH2,100,66.3,B,15-12-2025,2025-26
122,Unit Test 2,CS2,50,28.5,C,15-12-2025,2025-26
122,Unit Test 2,ENG2,100,48.6,D,15-12-2025,2025-26
122,Unit Test 2,PE2,50,35.2,B+,15-12-2025,2025-26
122,Final,URD2,100,80.0,A,10-03-2026,2025-26
122,Final,CS2,50,49.9,A+,10-03-2026,2025-26
122,Final,PE2,50,36.4,B+,10-03-2026,2025-26
122,Final,ENG2,100,81.4,A,10-03-2026,2025-26
122,Final,HIN2,100,93.7,A+,10-03-2026,2025-26
122,Final,SST2,100,25.3,F,10-03-2026,2025-26
122,Final,SCI2,100,86.3,A,10-03-2026,2025-26
123,Unit Test 1,URD2,100,87.6,A,25-08-2025,2025-26
123,Unit Test 1,PE2,50,33.3,B,25-08-2025,2025-26
123,Unit Test 1,HIN2,100,92.7,A+,25-08-2025,2025-26
123,Unit Test 1,SST2,100,28.5,F,25-08-2025,2025-26
123,Unit Test 1,CS2,50,35.8,B+,25-08-2025,2025-26
123,Midterm,CS2,50,32.5,B,15-10-2025,2025-26
123,Midterm,SST2,100,31.5,F,15-10-2025,2025-26
123,Midterm,SCI2,100,31.8,F,15-10-2025,2025-26
123,Midterm,ENG2,100,88.1,A,15-10-2025,2025-26
123,Midterm,HIN2,100,99.5,A+,15-10-2025,2025-26
123,Midterm,PE2,50,30.6,B,15-10-2025,2025-26
123,Midterm,MATH2,100,46.2,D,15-10-2025,2025-26
123,Midterm,URD2,100,85.6,A,15-10-2025,2025-26
123,Unit Test 2,URD2,100,28.1,F,15-12-2025,2025-26
123,Unit Test 2,ENG2,100,71.1,B+,15-12-2025,2025-26
123,Unit Test 2,SST2,100,52.5,C,15-12-2025,2025-26
123,Unit Test 2,HIN2,100,67.1,B,15-12-2025,2025-26
123,Unit Test 2,SCI2,100,39.6,F,15-12-2025,2025-26
123,Unit Test 2,PE2,50,35.5,B+,15-12-2025,2025-26
123,Unit Test 2,MATH2,100,40.2,D,15-12-2025,2025-26
123,Final,SCI2,100,70.5,B+,10-03-2026,2025-26
123,Final,SST2,100,83.9,A,10-03-2026,2025-26
123,Final,HIN2,100,64.6,B,10-03-2026,2025-26
123,Final,URD2,100,65.5,B,10-03-2026,2025-26
123,Final,CS2,50,39.0,B+,10-03-2026,2025-26
123,Final,ENG2,100,64.0,B,10-03-2026,2025-26
123,Final,MATH2,100,72.6,B+,10-03-2026,2025-26
124,Unit Test 1,PE2,50,41.5,A,25-08-2025,2025-26
124,Unit Test 1,HIN2,100,61.4,B,25-08-2025,2025-26
124,Unit Test 1,URD2,100,71.1,B+,25-08-2025,2025-26
124,Midterm,ENG2,100,52.2,C,15-10-2025,2025-26
124,Midterm,SCI2,100,88.3,A,15-10-2025,2025-26
124,Midterm,HIN2,100,67.7,B,15-10-2025,2025-26
124,Midterm,SST2,100,92.3,A+,15-10-2025,2025-26
124,Midterm,MATH2,100,26.8,F,15-10-2025,2025-26
124,Unit Test 2,SST2,100,59.1,C,15-12-2025,2025-26
124,Unit Test 2,MATH2,100,97.3,A+,15-12-2025,2025-26
124,Unit Test 2,ENG2,100,64.1,B,15-12-2025,2025-26
124,Unit Test 2,URD2,100,66.9,B,15-12-2025,2025-26
124,Unit Test 2,CS2,50,46.8,A+,15-12-2025,2025-26
124,Unit Test 2,PE2,50,34.5,B,15-12-2025,2025-26
124,Unit Test 2,SCI2,100,47.7,D,15-12-2025,2025-26
124,Final,ENG2,100,52.6,C,10-03-2026,2025-26
124,Final,CS2,50,28.5,C,10-03-2026,2025-26
124,Final,HIN2,100,30.5,F,10-03-2026,2025-26
125,Unit Test 1,URD2,100,61.5,B,25-08-2025,2025-26
125,Unit Test 1,SCI2,100,46.8,D,25-08-2025,2025-26
125,Unit Test 1,HIN2,100,31.8,F,25-08-2025,2025-26
125,Unit Test 1,CS2,50,43.7,A,25-08-2025,2025-26
125,Unit Test 1,ENG2,100,61.6,B,25-08-2025,2025-26
125,Unit Test 1,MATH2,100,53.9,C,25-08-2025,2025-26
125,Midterm,MATH2,100,35.8,F,15-10-2025,2025-26
125,Midterm,ENG2,100,31.9,F,15-10-2025,2025-26
125,Midterm,HIN2,100,78.5,B+,15-10-2025,2025-26
125,Midterm,URD2,100,55.2,C,15-10-2025,2025-26
125,Unit Test 2,CS2,50,28.5,C,15-12-2025,2025-26
125,Unit Test 2,SCI2,100,95.7,A+,15-12-2025,2025-26
125,Unit Test 2,MATH2,100,50.1,C,15-12-2025,2025-26
125,Unit Test 2,URD2,100,69.1,B,15-12-2025,2025-26
125,Final,ENG2,100,93.7,A+,10-03-2026,2025-26
125,Final,CS2,50,27.6,C,10-03-2026,2025-26
125,Final,URD2,100,66.5,B,10-03-2026,2025-26
125,Final,SCI2,100,76.1,B+,10-03-2026,2025-26
125,Final,HIN2,100,53.0,C,10-03-2026,2025-26
125,Final,MATH2,100,87.5,A,10-03-2026,2025-26
126,Unit Test 1,URD2,100,34.5,F,25-08-2025,2025-26
126,Unit Test 1,SST2,100,88.4,A,25-08-2025,2025-26
126,Unit Test 1,HIN2,100,35.6,F,25-08-2025,2025-26
126,Midterm,PE2,50,48.5,A+,15-10-2025,2025-26
126,Midterm,CS2,50,26.2,C,15-10-2025,2025-26
126,Midterm,ENG2,100,72.4,B+,15-10-2025,2025-26
126,Midterm,HIN2,100,41.5,D,15-10-2025,2025-26
126,Midterm,URD2,100,77.8,B+,15-10-2025,2025-26
126,Unit Test 2,CS2,50,30.3,B,15-12-2025,2025-26
126,Unit Test 2,SCI2,100,35.2,F,15-12-2025,2025-26
126,Unit Test 2,ENG2,100,88.6,A,15-12-2025,2025-26
126,Unit Test 2,SST2,100,60.3,B,15-12-2025,2025-26
126,Unit Test 2,MATH2,100,38.3,F,15-12-2025,2025-26
126,Final,URD2,100,29.4,F,10-03-2026,2025-26
126,Final,PE2,50,37.1,B+,10-03-2026,2025-26
126,Final,SCI2,100,73.9,B+,10-03-2026,2025-26
126,Final,ENG2,100,93.4,A+,10-03-2026,2025-26
127,Unit Test 1,SCI2,100,35.2,F,25-08-2025,2025-26
127,Unit Test 1,MATH2,100,56.5,C,25-08-2025,2025-26
127,Unit Test 1,URD2,100,54.2,C,25-08-2025,2025-26
127,Unit Test 1,PE2,50,48.3,A+,25-08-2025,2025-26
127,Unit Test 1,SST2,100,94.3,A+,25-08-2025,2025-26
127,Unit Test 1,ENG2,100,84.6,A,25-08-2025,2025-26
127,Unit Test 1,HIN2,100,53.0,C,25-08-2025,2025-26
127,Midterm,MATH2,100,33.7,F,15-10-2025,2025-26
127,Midterm,ENG2,100,52.9,C,15-10-2025,2025-26
127,Midterm,SCI2,100,25.1,F,15-10-2025,2025-26
127,Midterm,HIN2,100,38.4,F,15-10-2025,2025-26
127,Midterm,CS2,50,36.6,B+,15-10-2025,2025-26
127,Midterm,SST2,100,85.5,A,15-10-2025,2025-26
127,Unit Test 2,MATH2,100,42.1,D,15-12-2025,2025-26
127,Unit Test 2,SCI2,100,86.3,A,15-12-2025,2025-26
127,Unit Test 2,PE2,50,44.8,A,15-12-2025,2025-26
127,Unit Test 2,SST2,100,29.0,F,15-12-2025,2025-26
127,Unit Test 2,ENG2,100,67.7,B,15-12-2025,2025-26
127,Unit Test 2,CS2,50,30.0,B,15-12-2025,2025-26
127,Unit Test 2,HIN2,100,27.5,F,15-12-2025,2025-26
127,Unit Test 2,URD2,100,30.3,F,15-12-2025,2025-26
127,Final,URD2,100,93.0,A+,10-03-2026,2025-26
127,Final,PE2,50,45.7,A+,10-03-2026,2025-26
127,Final,ENG2,100,74.0,B+,10-03-2026,2025-26
127,Final,CS2,50,46.9,A+,10-03-2026,2025-26
127,Final,SST2,100,68.1,B,10-03-2026,2025-26
127,Final,MATH2,100,48.4,D,10-03-2026,2025-26
128,Unit Test 1,URD2,100,69.5,B,25-08-2025,2025-26
128,Unit Test 1,PE2,50,39.3,B+,25-08-2025,2025-26
128,Unit Test 1,SCI2,100,89.9,A,25-08-2025,2025-26
128,Unit Test 1,MATH2,100,55.9,C,25-08-2025,2025-26
128,Unit Test 1,HIN2,100,34.9,F,25-08-2025,2025-26
128,Unit Test 1,CS2,50,31.4,B,25-08-2025,2025-26
128,Unit Test 1,SST2,100,96.7,A+,25-08-2025,2025-26
128,Unit Test 1,ENG2,100,82.4,A,25-08-2025,2025-26
128,Midterm,MATH2,100,40.2,D,15-10-2025,2025-26
128,Midterm,HIN2,100,48.3,D,15-10-2025,2025-26
128,Midterm,URD2,100,65.4,B,15-10-2025,2025-26
128,Midterm,CS2,50,30.3,B,15-10-2025,2025-26
128,Midterm,PE2,50,44.3,A,15-10-2025,2025-26
128,Midterm,SST2,100,83.0,A,15-10-2025,2025-26
128,Unit Test 2,HIN2,100,36.5,F,15-12-2025,2025-26
128,Unit Test 2,SCI2,100,83.1,A,15-12-2025,2025-26
128,Unit Test 2,ENG2,100,74.8,B+,15-12-2025,2025-26
128,Final,SST2,100,41.0,D,10-03-2026,2025-26
128,Final,URD2,100,91.1,A+,10-03-2026,2025-26
128,Final,MATH2,100,84.3,A,10-03-2026,2025-26
128,Final,ENG2,100,52.0,C,10-03-2026,2025-26
128,Final,PE2,50,31.4,B,10-03-2026,2025-26
128,Final,CS2,50,44.1,A,10-03-2026,2025-26
129,Unit Test 1,URD2,100,64.7,B,25-08-2025,2025-26
129,Unit Test 1,CS2,50,35.1,B+,25-08-2025,2025-26
129,Unit Test 1,MATH2,100,45.5,D,25-08-2025,2025-26
129,Unit Test 1,SST2,100,65.9,B,25-08-2025,2025-26
129,Midterm,CS2,50,39.7,B+,15-10-2025,2025-26
129,Midterm,SST2,100,41.4,D,15-10-2025,2025-26
129,Midterm,MATH2,100,78.8,B+,15-10-2025,2025-26
129,Unit Test 2,HIN2,100,97.6,A+,15-12-2025,2025-26
129,Unit Test 2,PE2,50,32.9,B,15-12-2025,2025-26
129,Unit Test 2,CS2,50,30.7,B,15-12-2025,2025-26
129,Unit Test 2,MATH2,100,94.1,A+,15-12-2025,2025-26
129,Unit Test 2,SCI2,100,84.8,A,15-12-2025,2025-26
129,Final,HIN2,100,58.4,C,10-03-2026,2025-26
129,Final,SST2,100,58.3,C,10-03-2026,2025-26
129,Final,MATH2,100,45.8,D,10-03-2026,2025-26
129,Final,PE2,50,26.3,C,10-03-2026,2025-26
129,Final,ENG2,100,52.0,C,10-03-2026,2025-26
129,Final,URD2,100,71.5,B+,10-03-2026,2025-26
129,Final,SCI2,100,51.4,C,10-03-2026,2025-26
129,Final,CS2,50,34.1,B,10-03-2026,2025-26
130,Unit Test 1,SCI2,100,27.6,F,25-08-2025,2025-26
130,Unit Test 1,MATH2,100,95.3,A+,25-08-2025,2025-26
130,Unit Test 1,HIN2,100,92.7,A+,25-08-2025,2025-26
130,Unit Test 1,CS2,50,33.1,B,25-08-2025,2025-26
130,Unit Test 1,ENG2,100,28.2,F,25-08-2025,2025-26
130,Unit Test 1,PE2,50,40.7,A,25-08-2025,2025-26
130,Midterm,ENG2,100,32.5,F,15-10-2025,2025-26
130,Midterm,URD2,100,31.3,F,15-10-2025,2025-26
130,Midterm,HIN2,100,32.5,F,15-10-2025,2025-26
130,Midterm,PE2,50,44.5,A,15-10-2025,2025-26
130,Midterm,MATH2,100,95.6,A+,15-10-2025,2025-26
130,Unit Test 2,ENG2,100,85.4,A,15-12-2025,2025-26
130,Unit Test 2,MATH2,100,77.8,B+,15-12-2025,2025-26
130,Unit Test 2,SCI2,100,58.4,C,15-12-2025,2025-26
130,Final,ENG2,100,26.8,F,10-03-2026,2025-26
130,Final,URD2,100,78.8,B+,10-03-2026,2025-26
130,Final,CS2,50,34.3,B,10-03-2026,2025-26
130,Final,MATH2,100,42.5,D,10-03-2026,2025-26
130,Final,HIN2,100,86.3,A,10-03-2026,2025-26
130,Final,SCI2,100,94.9,A+,10-03-2026,2025-26
131,Unit Test 1,MATH2,100,57.8,C,25-08-2025,2025-26
131,Unit Test 1,URD2,100,48.5,D,25-08-2025,2025-26
131,Unit Test 1,PE2,50,44.8,A,25-08-2025,2025-26
131,Unit Test 1,ENG2,100,67.4,B,25-08-2025,2025-26
131,Unit Test 1,HIN2,100,90.4,A+,25-08-2025,2025-26
131,Unit Test 1,SCI2,100,29.5,F,25-08-2025,2025-26
131,Unit Test 1,SST2,100,36.8,F,25-08-2025,2025-26
131,Unit Test 1,CS2,50,35.4,B+,25-08-2025,2025-26
131,Midterm,ENG2,100,97.5,A+,15-10-2025,2025-26
131,Midterm,PE2,50,41.4,A,15-10-2025,2025-26
131,Midterm,SCI2,100,76.5,B+,15-10-2025,2025-26
131,Midterm,CS2,50,31.5,B,15-10-2025,2025-26
131,Midterm,URD2,100,72.5,B+,15-10-2025,2025-26
131,Midterm,HIN2,100,71.3,B+,15-10-2025,2025-26
131,Midterm,SST2,100,27.4,F,15-10-2025,2025-26
131,Midterm,MATH2,100,46.2,D,15-10-2025,2025-26
131,Unit Test 2,MATH2,100,69.6,B,15-12-2025,2025-26
131,Unit Test 2,CS2,50,26.2,C,15-12-2025,2025-26
131,Unit Test 2,SST2,100,51.5,C,15-12-2025,2025-26
131,Unit Test 2,PE2,50,43.6,A,15-12-2025,2025-26
131,Unit Test 2,HIN2,100,75.6,B+,15-12-2025,2025-26
131,Unit Test 2,URD2,100,73.3,B+,15-12-2025,2025-26
131,Final,MATH2,100,46.6,D,10-03-2026,2025-26
131,Final,ENG2,100,75.8,B+,10-03-2026,2025-26
131,Final,CS2,50,30.4,B,10-03-2026,2025-26
131,Final,SST2,100,47.8,D,10-03-2026,2025-26
132,Unit Test 1,ENG2,100,34.5,F,25-08-2025,2025-26
132,Unit Test 1,MATH2,100,27.4,F,25-08-2025,2025-26
132,Unit Test 1,URD2,100,41.1,D,25-08-2025,2025-26
132,Unit Test 1,HIN2,100,28.4,F,25-08-2025,2025-26
132,Unit Test 1,PE2,50,40.3,A,25-08-2025,2025-26
132,Unit Test 1,SST2,100,97.9,A+,25-08-2025,2025-26
132,Unit Test 1,CS2,50,32.1,B,25-08-2025,2025-26
132,Unit Test 1,SCI2,100,30.4,F,25-08-2025,2025-26
132,Midterm,MATH2,100,97.0,A+,15-10-2025,2025-26
132,Midterm,PE2,50,34.0,B,15-10-2025,2025-26
132,Midterm,URD2,100,82.0,A,15-10-2025,2025-26
132,Midterm,SCI2,100,43.3,D,15-10-2025,2025-26
132,Midterm,CS2,50,34.3,B,15-10-2025,2025-26
132,Unit Test 2,URD2,100,29.4,F,15-12-2025,2025-26
132,Unit Test 2,MATH2,100,97.3,A+,15-12-2025,2025-26
132,Unit Test 2,ENG2,100,67.7,B,15-12-2025,2025-26
132,Unit Test 2,SCI2,100,68.3,B,15-12-2025,2025-26
132,Unit Test 2,SST2,100,73.3,B+,15-12-2025,2025-26
132,Unit Test 2,PE2,50,34.9,B,15-12-2025,2025-26
132,Unit Test 2,HIN2,100,57.1,C,15-12-2025,2025-26
132,Final,ENG2,100,28.3,F,10-03-2026,2025-26
132,Final,PE2,50,42.4,A,10-03-2026,2025-26
132,Final,HIN2,100,43.1,D,10-03-2026,2025-26
132,Final,SST2,100,60.9,B,10-03-2026,2025-26
132,Final,URD2,100,45.0,D,10-03-2026,2025-26
132,Final,MATH2,100,76.0,B+,10-03-2026,2025-26
132,Final,SCI2,100,78.7,B+,10-03-2026,2025-26
133,Unit Test 1,SST2,100,68.6,B,25-08-2025,2025-26
133,Unit Test 1,HIN2,100,97.2,A+,25-08-2025,2025-26
133,Unit Test 1,SCI2,100,53.1,C,25-08-2025,2025-26
133,Unit Test 1,URD2,100,41.9,D,25-08-2025,2025-26
133,Midterm,CS2,50,34.4,B,15-10-2025,2025-26
133,Midterm,SST2,100,88.6,A,15-10-2025,2025-26
133,Midterm,PE2,50,28.9,C,15-10-2025,2025-26
133,Unit Test 2,ENG2,100,30.5,F,15-12-2025,2025-26
133,Unit Test 2,MATH2,100,40.9,D,15-12-2025,2025-26
133,Unit Test 2,CS2,50,34.5,B,15-12-2025,2025-26
133,Unit Test 2,SCI2,100,44.1,D,15-12-2025,2025-26
133,Unit Test 2,PE2,50,47.5,A+,15-12-2025,2025-26
133,Final,HIN2,100,44.1,D,10-03-2026,2025-26
133,Final,ENG2,100,68.7,B,10-03-2026,2025-26
133,Final,SST2,100,72.1,B+,10-03-2026,2025-26
133,Final,PE2,50,41.5,A,10-03-2026,2025-26
134,Unit Test 1,SCI3,100,26.1,F,25-08-2025,2025-26
134,Unit Test 1,MATH3,100,84.1,A,25-08-2025,2025-26
134,Unit Test 1,CS3,50,39.3,B+,25-08-2025,2025-26
134,Unit Test 1,PE3,50,41.1,A,25-08-2025,2025-26
134,Unit Test 1,HIN3,100,91.9,A+,25-08-2025,2025-26
134,Unit Test 1,ENG3,100,87.9,A,25-08-2025,2025-26
134,Unit Test 1,SST3,100,28.5,F,25-08-2025,2025-26
134,Midterm,ENG3,100,93.5,A+,15-10-2025,2025-26
134,Midterm,URD3,100,63.3,B,15-10-2025,2025-26
134,Midterm,HIN3,100,43.2,D,15-10-2025,2025-26
134,Midterm,CS3,50,28.8,C,15-10-2025,2025-26
134,Unit Test 2,MATH3,100,58.3,C,15-12-2025,2025-26
134,Unit Test 2,SST3,100,84.6,A,15-12-2025,2025-26
134,Unit Test 2,CS3,50,40.4,A,15-12-2025,2025-26
134,Final,HIN3,100,96.8,A+,10-03-2026,2025-26
134,Final,URD3,100,94.3,A+,10-03-2026,2025-26
134,Final,SCI3,100,59.2,C,10-03-2026,2025-26
135,Unit Test 1,PE3,50,32.8,B,25-08-2025,2025-26
135,Unit Test 1,SCI3,100,54.6,C,25-08-2025,2025-26
135,Unit Test 1,HIN3,100,42.3,D,25-08-2025,2025-26
135,Unit Test 1,MATH3,100,88.2,A,25-08-2025,2025-26
135,Unit Test 1,ENG3,100,56.4,C,25-08-2025,2025-26
135,Unit Test 1,SST3,100,85.3,A,25-08-2025,2025-26
135,Unit Test 1,URD3,100,38.4,F,25-08-2025,2025-26
135,Midterm,SCI3,100,51.5,C,15-10-2025,2025-26
135,Midterm,SST3,100,39.0,F,15-10-2025,2025-26
135,Midterm,PE3,50,31.4,B,15-10-2025,2025-26
135,Unit Test 2,ENG3,100,33.6,F,15-12-2025,2025-26
135,Unit Test 2,URD3,100,85.1,A,15-12-2025,2025-26
135,Unit Test 2,HIN3,100,88.1,A,15-12-2025,2025-26
135,Unit Test 2,MATH3,100,41.9,D,15-12-2025,2025-26
135,Unit Test 2,PE3,50,43.8,A,15-12-2025,2025-26
135,Unit Test 2,CS3,50,25.2,C,15-12-2025,2025-26
135,Final,CS3,50,41.2,A,10-03-2026,2025-26
135,Final,URD3,100,70.6,B+,10-03-2026,2025-26
135,Final,MATH3,100,74.5,B+,10-03-2026,2025-26
135,Final,ENG3,100,30.1,F,10-03-2026,2025-26
136,Unit Test 1,MATH3,100,67.4,B,25-08-2025,2025-26
136,Unit Test 1,HIN3,100,57.5,C,25-08-2025,2025-26
136,Unit Test 1,CS3,50,44.3,A,25-08-2025,2025-26
136,Unit Test 1,SST3,100,62.7,B,25-08-2025,2025-26
136,Unit Test 1,ENG3,100,40.9,D,25-08-2025,2025-26
136,Unit Test 1,SCI3,100,52.9,C,25-08-2025,2025-26
136,Unit Test 1,PE3,50,38.8,B+,25-08-2025,2025-26
136,Midterm,URD3,100,59.8,C,15-10-2025,2025-26
136,Midterm,HIN3,100,98.0,A+,15-10-2025,2025-26
136,Midterm,PE3,50,29.2,C,15-10-2025,2025-26
136,Unit Test 2,MATH3,100,93.8,A+,15-12-2025,2025-26
136,Unit Test 2,SST3,100,60.9,B,15-12-2025,2025-26
136,Unit Test 2,HIN3,100,82.4,A,15-12-2025,2025-26
136,Unit Test 2,URD3,100,77.5,B+,15-12-2025,2025-26
136,Unit Test 2,ENG3,100,89.4,A,15-12-2025,2025-26
136,Unit Test 2,SCI3,100,30.0,F,15-12-2025,2025-26
136,Unit Test 2,CS3,50,49.5,A+,15-12-2025,2025-26
136,Unit Test 2,PE3,50,40.2,A,15-12-2025,2025-26
136,Final,PE3,50,33.3,B,10-03-2026,2025-26
136,Final,MATH3,100,91.2,A+,10-03-2026,2025-26
136,Final,HIN3,100,90.0,A+,10-03-2026,2025-26
136,Final,SCI3,100,74.3,B+,10-03-2026,2025-26
137,Unit Test 1,SCI3,100,38.3,F,25-08-2025,2025-26
137,Unit Test 1,MATH3,100,41.0,D,25-08-2025,2025-26
137,Unit Test 1,URD3,100,47.1,D,25-08-2025,2025-26
137,Unit Test 1,SST3,100,34.6,F,25-08-2025,2025-26
137,Unit Test 1,CS3,50,48.2,A+,25-08-2025,2025-26
137,Unit Test 1,ENG3,100,98.5,A+,25-08-2025,2025-26
137,Unit Test 1,PE3,50,28.4,C,25-08-2025,2025-26
137,Midterm,ENG3,100,45.9,D,15-10-2025,2025-26
137,Midterm,SCI3,100,99.1,A+,15-10-2025,2025-26
137,Midterm,PE3,50,41.4,A,15-10-2025,2025-26
137,Midterm,CS3,50,43.3,A,15-10-2025,2025-26
137,Unit Test 2,MATH3,100,80.2,A,15-12-2025,2025-26
137,Unit Test 2,ENG3,100,80.1,A,15-12-2025,2025-26
137,Unit Test 2,SST3,100,34.6,F,15-12-2025,2025-26
137,Unit Test 2,SCI3,100,72.6,B+,15-12-2025,2025-26
137,Unit Test 2,PE3,50,49.5,A+,15-12-2025,2025-26
137,Unit Test 2,HIN3,100,45.8,D,15-12-2025,2025-26
137,Unit Test 2,CS3,50,42.9,A,15-12-2025,2025-26
137,Unit Test 2,URD3,100,36.2,F,15-12-2025,2025-26
137,Final,SCI3,100,51.9,C,10-03-2026,2025-26
137,Final,URD3,100,94.8,A+,10-03-2026,2025-26
137,Final,SST3,100,77.2,B+,10-03-2026,2025-26
137,Final,CS3,50,27.6,C,10-03-2026,2025-26
138,Unit Test 1,SST3,100,56.3,C,25-08-2025,2025-26
138,Unit Test 1,ENG3,100,91.5,A+,25-08-2025,2025-26
138,Unit Test 1,MATH3,100,55.5,C,25-08-2025,2025-26
138,Unit Test 1,HIN3,100,54.7,C,25-08-2025,2025-26
138,Unit Test 1,CS3,50,25.1,C,25-08-2025,2025-26
138,Midterm,URD3,100,42.3,D,15-10-2025,2025-26
138,Midterm,PE3,50,45.7,A+,15-10-2025,2025-26
138,Midterm,HIN3,100,59.3,C,15-10-2025,2025-26
138,Unit Test 2,CS3,50,28.3,C,15-12-2025,2025-26
138,Unit Test 2,HIN3,100,30.3,F,15-12-2025,2025-26
138,Unit Test 2,ENG3,100,26.7,F,15-12-2025,2025-26
138,Unit Test 2,PE3,50,29.0,C,15-12-2025,2025-26
138,Unit Test 2,MATH3,100,69.9,B,15-12-2025,2025-26
138,Final,MATH3,100,68.7,B,10-03-2026,2025-26
138,Final,SST3,100,96.7,A+,10-03-2026,2025-26
138,Final,SCI3,100,41.4,D,10-03-2026,2025-26
138,Final,CS3,50,48.6,A+,10-03-2026,2025-26
138,Final,ENG3,100,27.2,F,10-03-2026,2025-26
138,Final,HIN3,100,43.6,D,10-03-2026,2025-26
139,Unit Test 1,HIN3,100,85.1,A,25-08-2025,2025-26
139,Unit Test 1,ENG3,100,40.2,D,25-08-2025,2025-26
139,Unit Test 1,PE3,50,28.0,C,25-08-2025,2025-26
139,Unit Test 1,SST3,100,61.5,B,25-08-2025,2025-26
139,Unit Test 1,URD3,100,62.6,B,25-08-2025,2025-26
139,Unit Test 1,CS3,50,34.2,B,25-08-2025,2025-26
139,Unit Test 1,SCI3,100,66.8,B,25-08-2025,2025-26
139,Unit Test 1,MATH3,100,52.6,C,25-08-2025,2025-26
139,Midterm,CS3,50,34.9,B,15-10-2025,2025-26
139,Midterm,SST3,100,36.5,F,15-10-2025,2025-26
139,Midterm,ENG3,100,67.8,B,15-10-2025,2025-26
139,Midterm,PE3,50,45.1,A+,15-10-2025,2025-26
139,Midterm,MATH3,100,52.2,C,15-10-2025,2025-26
139,Midterm,SCI3,100,29.5,F,15-10-2025,2025-26
139,Unit Test 2,HIN3,100,54.4,C,15-12-2025,2025-26
139,Unit Test 2,CS3,50,29.9,C,15-12-2025,2025-26
139,Unit Test 2,SCI3,100,48.0,D,15-12-2025,2025-26
139,Unit Test 2,URD3,100,82.8,A,15-12-2025,2025-26
139,Unit Test 2,ENG3,100,78.8,B+,15-12-2025,2025-26
139,Unit Test 2,MATH3,100,67.6,B,15-12-2025,2025-26
139,Unit Test 2,PE3,50,33.6,B,15-12-2025,2025-26
139,Final,CS3,50,46.2,A+,10-03-2026,2025-26
139,Final,MATH3,100,53.9,C,10-03-2026,2025-26
139,Final,SST3,100,57.5,C,10-03-2026,2025-26
139,Final,PE3,50,45.9,A+,10-03-2026,2025-26
139,Final,HIN3,100,31.6,F,10-03-2026,2025-26
140,Unit Test 1,HIN3,100,94.0,A+,25-08-2025,2025-26
140,Unit Test 1,MATH3,100,80.4,A,25-08-2025,2025-26
140,Unit Test 1,SST3,100,95.6,A+,25-08-2025,2025-26
140,Unit Test 1,CS3,50,38.9,B+,25-08-2025,2025-26
140,Midterm,HIN3,100,65.0,B,15-10-2025,2025-26
140,Midterm,URD3,100,62.0,B,15-10-2025,2025-26
140,Midterm,MATH3,100,99.0,A+,15-10-2025,2025-26
140,Midterm,ENG3,100,96.3,A+,15-10-2025,2025-26
140,Midterm,PE3,50,40.4,A,15-10-2025,2025-26
140,Unit Test 2,CS3,50,31.6,B,15-12-2025,2025-26
140,Unit Test 2,MATH3,100,40.1,D,15-12-2025,2025-26
140,Unit Test 2,URD3,100,50.4,C,15-12-2025,2025-26
140,Unit Test 2,PE3,50,31.0,B,15-12-2025,2025-26
140,Unit Test 2,SCI3,100,35.0,F,15-12-2025,2025-26
140,Unit Test 2,SST3,100,97.4,A+,15-12-2025,2025-26
140,Unit Test 2,ENG3,100,99.2,A+,15-12-2025,2025-26
140,Unit Test 2,HIN3,100,96.0,A+,15-12-2025,2025-26
140,Final,URD3,100,64.9,B,10-03-2026,2025-26
140,Final,PE3,50,30.6,B,10-03-2026,2025-26
140,Final,ENG3,100,44.6,D,10-03-2026,2025-26
140,Final,SCI3,100,40.2,D,10-03-2026,2025-26
141,Unit Test 1,SST3,100,78.0,B+,25-08-2025,2025-26
141,Unit Test 1,ENG3,100,52.4,C,25-08-2025,2025-26
141,Unit Test 1,CS3,50,41.7,A,25-08-2025,2025-26
141,Midterm,CS3,50,44.5,A,15-10-2025,2025-26
141,Midterm,ENG3,100,54.3,C,15-10-2025,2025-26
141,Midterm,SCI3,100,76.7,B+,15-10-2025,2025-26
141,Midterm,URD3,100,75.6,B+,15-10-2025,2025-26
141,Midterm,HIN3,100,62.5,B,15-10-2025,2025-26
141,Midterm,MATH3,100,84.7,A,15-10-2025,2025-26
141,Unit Test 2,HIN3,100,97.5,A+,15-12-2025,2025-26
141,Unit Test 2,URD3,100,57.7,C,15-12-2025,2025-26
141,Unit Test 2,CS3,50,39.1,B+,15-12-2025,2025-26
141,Unit Test 2,SCI3,100,99.3,A+,15-12-2025,2025-26
141,Unit Test 2,MATH3,100,45.3,D,15-12-2025,2025-26
141,Unit Test 2,SST3,100,54.0,C,15-12-2025,2025-26
141,Final,CS3,50,29.4,C,10-03-2026,2025-26
141,Final,PE3,50,32.1,B,10-03-2026,2025-26
141,Final,ENG3,100,26.7,F,10-03-2026,2025-26
141,Final,SST3,100,77.3,B+,10-03-2026,2025-26
141,Final,MATH3,100,25.6,F,10-03-2026,2025-26
141,Final,HIN3,100,49.9,D,10-03-2026,2025-26
141,Final,URD3,100,87.9,A,10-03-2026,2025-26
141,Final,SCI3,100,71.4,B+,10-03-2026,2025-26
142,Unit Test 1,MATH4,100,69.7,B,25-08-2025,2025-26
142,Unit Test 1,CS4,50,33.1,B,25-08-2025,2025-26
142,Unit Test 1,SCI4,100,95.5,A+,25-08-2025,2025-26
142,Unit Test 1,PE4,50,39.4,B+,25-08-2025,2025-26
142,Unit Test 1,SST4,100,54.8,C,25-08-2025,2025-26
142,Midterm,SCI4,100,35.3,F,15-10-2025,2025-26
142,Midterm,ENG4,100,52.6,C,15-10-2025,2025-26
142,Midterm,MATH4,100,78.8,B+,15-10-2025,2025-26
142,Midterm,CS4,50,49.7,A+,15-10-2025,2025-26
142,Midterm,SST4,100,44.9,D,15-10-2025,2025-26
142,Midterm,URD4,100,53.9,C,15-10-2025,2025-26
142,Unit Test 2,ENG4,100,43.6,D,15-12-2025,2025-26
142,Unit Test 2,URD4,100,92.3,A+,15-12-2025,2025-26
142,Unit Test 2,SCI4,100,95.6,A+,15-12-2025,2025-26
142,Unit Test 2,HIN4,100,86.2,A,15-12-2025,2025-26
142,Unit Test 2,MATH4,100,47.6,D,15-12-2025,2025-26
142,Final,HIN4,100,67.5,B,10-03-2026,2025-26
142,Final,MATH4,100,41.5,D,10-03-2026,2025-26
142,Final,URD4,100,82.8,A,10-03-2026,2025-26
142,Final,ENG4,100,42.0,D,10-03-2026,2025-26
142,Final,SST4,100,97.1,A+,10-03-2026,2025-26
143,Unit Test 1,ENG4,100,35.7,F,25-08-2025,2025-26
143,Unit Test 1,PE4,50,28.0,C,25-08-2025,2025-26
143,Unit Test 1,HIN4,100,52.6,C,25-08-2025,2025-26
143,Unit Test 1,CS4,50,38.7,B+,25-08-2025,2025-26
143,Unit Test 1,SST4,100,31.9,F,25-08-2025,2025-26
143,Unit Test 1,SCI4,100,94.9,A+,25-08-2025,2025-26
143,Unit Test 1,MATH4,100,46.1,D,25-08-2025,2025-26
143,Unit Test 1,URD4,100,36.7,F,25-08-2025,2025-26
143,Midterm,HIN4,100,44.5,D,15-10-2025,2025-26
143,Midterm,URD4,100,88.3,A,15-10-2025,2025-26
143,Midterm,MATH4,100,73.8,B+,15-10-2025,2025-26
143,Midterm,SST4,100,75.9,B+,15-10-2025,2025-26
143,Midterm,PE4,50,26.2,C,15-10-2025,2025-26
143,Unit Test 2,SST4,100,90.6,A+,15-12-2025,2025-26
143,Unit Test 2,URD4,100,86.5,A,15-12-2025,2025-26
143,Unit Test 2,MATH4,100,41.7,D,15-12-2025,2025-26
143,Unit Test 2,ENG4,100,58.4,C,15-12-2025,2025-26
143,Unit Test 2,PE4,50,36.3,B+,15-12-2025,2025-26
143,Unit Test 2,CS4,50,39.4,B+,15-12-2025,2025-26
143,Final,URD4,100,33.4,F,10-03-2026,2025-26
143,Final,SST4,100,93.3,A+,10-03-2026,2025-26
143,Final,MATH4,100,73.4,B+,10-03-2026,2025-26
143,Final,PE4,50,26.2,C,10-03-2026,2025-26
143,Final,CS4,50,44.1,A,10-03-2026,2025-26
143,Final,ENG4,100,77.5,B+,10-03-2026,2025-26
144,Unit Test 1,PE4,50,48.2,A+,25-08-2025,2025-26
144,Unit Test 1,HIN4,100,52.6,C,25-08-2025,2025-26
144,Unit Test 1,ENG4,100,73.7,B+,25-08-2025,2025-26
144,Unit Test 1,URD4,100,74.4,B+,25-08-2025,2025-26
144,Midterm,ENG4,100,61.3,B,15-10-2025,2025-26
144,Midterm,PE4,50,42.1,A,15-10-2025,2025-26
144,Midterm,MATH4,100,79.7,B+,15-10-2025,2025-26
144,Unit Test 2,HIN4,100,59.7,C,15-12-2025,2025-26
144,Unit Test 2,MATH4,100,88.5,A,15-12-2025,2025-26
144,Unit Test 2,SCI4,100,39.6,F,15-12-2025,2025-26
144,Final,ENG4,100,82.2,A,10-03-2026,2025-26
144,Final,HIN4,100,64.7,B,10-03-2026,2025-26
144,Final,SCI4,100,72.1,B+,10-03-2026,2025-26
144,Final,MATH4,100,31.5,F,10-03-2026,2025-26
144,Final,PE4,50,49.8,A+,10-03-2026,2025-26
144,Final,SST4,100,93.1,A+,10-03-2026,2025-26
145,Unit Test 1,MATH4,100,50.9,C,25-08-2025,2025-26
145,Unit Test 1,PE4,50,42.7,A,25-08-2025,2025-26
145,Unit Test 1,SST4,100,63.9,B,25-08-2025,2025-26
145,Unit Test 1,HIN4,100,54.3,C,25-08-2025,2025-26
145,Midterm,ENG4,100,78.9,B+,15-10-2025,2025-26
145,Midterm,HIN4,100,97.5,A+,15-10-2025,2025-26
145,Midterm,URD4,100,51.4,C,15-10-2025,2025-26
145,Midterm,MATH4,100,92.0,A+,15-10-2025,2025-26
145,Midterm,SST4,100,74.4,B+,15-10-2025,2025-26
145,Midterm,PE4,50,30.3,B,15-10-2025,2025-26
145,Midterm,CS4,50,30.9,B,15-10-2025,2025-26
145,Midterm,SCI4,100,37.7,F,15-10-2025,2025-26
145,Unit Test 2,PE4,50,32.2,B,15-12-2025,2025-26
145,Unit Test 2,MATH4,100,89.0,A,15-12-2025,2025-26
145,Unit Test 2,URD4,100,76.8,B+,15-12-2025,2025-26
145,Unit Test 2,HIN4,100,87.1,A,15-12-2025,2025-26
145,Unit Test 2,CS4,50,44.5,A,15-12-2025,2025-26
145,Unit Test 2,SCI4,100,41.7,D,15-12-2025,2025-26
145,Unit Test 2,ENG4,100,51.6,C,15-12-2025,2025-26
145,Unit Test 2,SST4,100,34.7,F,15-12-2025,2025-26
145,Final,CS4,50,34.9,B,10-03-2026,2025-26
145,Final,ENG4,100,93.1,A+,10-03-2026,2025-26
145,Final,HIN4,100,66.3,B,10-03-2026,2025-26
145,Final,SCI4,100,59.4,C,10-03-2026,2025-26
145,Final,PE4,50,37.8,B+,10-03-2026,2025-26
145,Final,MATH4,100,54.2,C,10-03-2026,2025-26
146,Unit Test 1,MATH4,100,27.9,F,25-08-2025,2025-26
146,Unit Test 1,CS4,50,25.4,C,25-08-2025,2025-26
146,Unit Test 1,HIN4,100,34.4,F,25-08-2025,2025-26
146,Unit Test 1,PE4,50,34.9,B,25-08-2025,2025-26
146,Unit Test 1,URD4,100,51.6,C,25-08-2025,2025-26
146,Unit Test 1,SST4,100,88.4,A,25-08-2025,2025-26
146,Midterm,SST4,100,97.3,A+,15-10-2025,2025-26
146,Midterm,HIN4,100,62.0,B,15-10-2025,2025-26
146,Midterm,URD4,100,84.5,A,15-10-2025,2025-26
146,Midterm,CS4,50,40.8,A,15-10-2025,2025-26
146,Midterm,MATH4,100,94.2,A+,15-10-2025,2025-26
146,Midterm,SCI4,100,82.2,A,15-10-2025,2025-26
146,Midterm,ENG4,100,65.1,B,15-10-2025,2025-26
146,Unit Test 2,CS4,50,43.8,A,15-12-2025,2025-26
146,Unit Test 2,SST4,100,34.8,F,15-12-2025,2025-26
146,Unit Test 2,MATH4,100,40.7,D,15-12-2025,2025-26
146,Unit Test 2,SCI4,100,97.7,A+,15-12-2025,2025-26
146,Unit Test 2,PE4,50,30.4,B,15-12-2025,2025-26
146,Final,SCI4,100,44.0,D,10-03-2026,2025-26
146,Final,MATH4,100,36.5,F,10-03-2026,2025-26
146,Final,CS4,50,39.0,B+,10-03-2026,2025-26
146,Final,HIN4,100,75.3,B+,10-03-2026,2025-26
146,Final,ENG4,100,80.5,A,10-03-2026,2025-26
146,Final,PE4,50,28.9,C,10-03-2026,2025-26
146,Final,SST4,100,86.2,A,10-03-2026,2025-26
146,Final,URD4,100,99.3,A+,10-03-2026,2025-26
147,Unit Test 1,SCI4,100,86.6,A,25-08-2025,2025-26
147,Unit Test 1,MATH4,100,71.3,B+,25-08-2025,2025-26
147,Unit Test 1,URD4,100,99.5,A+,25-08-2025,2025-26
147,Unit Test 1,PE4,50,30.3,B,25-08-2025,2025-26
147,Unit Test 1,SST4,100,74.2,B+,25-08-2025,2025-26
147,Unit Test 1,ENG4,100,92.5,A+,25-08-2025,2025-26
147,Unit Test 1,CS4,50,31.1,B,25-08-2025,2025-26
147,Unit Test 1,HIN4,100,92.3,A+,25-08-2025,2025-26
147,Midterm,PE4,50,34.9,B,15-10-2025,2025-26
147,Midterm,CS4,50,44.8,A,15-10-2025,2025-26
147,Midterm,MATH4,100,45.7,D,15-10-2025,2025-26
147,Midterm,ENG4,100,87.1,A,15-10-2025,2025-26
147,Midterm,HIN4,100,25.5,F,15-10-2025,2025-26
147,Midterm,SCI4,100,75.2,B+,15-10-2025,2025-26
147,Midterm,SST4,100,42.2,D,15-10-2025,2025-26
147,Midterm,URD4,100,66.9,B,15-10-2025,2025-26
147,Unit Test 2,MATH4,100,26.0,F,15-12-2025,2025-26
147,Unit Test 2,URD4,100,74.5,B+,15-12-2025,2025-26
147,Unit Test 2,HIN4,100,41.5,D,15-12-2025,2025-26
147,Unit Test 2,SCI4,100,53.9,C,15-12-2025,2025-26
147,Unit Test 2,PE4,50,35.0,B+,15-12-2025,2025-26
147,Final,HIN4,100,42.2,D,10-03-2026,2025-26
147,Final,URD4,100,87.1,A,10-03-2026,2025-26
147,Final,SST4,100,60.5,B,10-03-2026,2025-26
148,Unit Test 1,CS5,50,26.1,C,25-08-2025,2025-26
148,Unit Test 1,ENG5,100,48.9,D,25-08-2025,2025-26
148,Unit Test 1,SCI5,100,67.7,B,25-08-2025,2025-26
148,Unit Test 1,URD5,100,84.9,A,25-08-2025,2025-26
148,Unit Test 1,SST5,100,95.3,A+,25-08-2025,2025-26
148,Midterm,MATH5,100,49.7,D,15-10-2025,2025-26
148,Midterm,SCI5,100,45.4,D,15-10-2025,2025-26
148,Midterm,ENG5,100,67.7,B,15-10-2025,2025-26
148,Midterm,SST5,100,75.3,B+,15-10-2025,2025-26
148,Midterm,CS5,50,39.4,B+,15-10-2025,2025-26
148,Midterm,URD5,100,53.2,C,15-10-2025,2025-26
148,Midterm,HIN5,100,98.9,A+,15-10-2025,2025-26
148,Midterm,PE5,50,39.8,B+,15-10-2025,2025-26
148,Unit Test 2,PE5,50,45.3,A+,15-12-2025,2025-26
148,Unit Test 2,SCI5,100,26.4,F,15-12-2025,2025-26
148,Unit Test 2,MATH5,100,37.7,F,15-12-2025,2025-26
148,Unit Test 2,ENG5,100,98.2,A+,15-12-2025,2025-26
148,Unit Test 2,SST5,100,75.0,B+,15-12-2025,2025-26
148,Unit Test 2,HIN5,100,30.3,F,15-12-2025,2025-26
148,Final,PE5,50,39.3,B+,10-03-2026,2025-26
148,Final,ENG5,100,81.4,A,10-03-2026,2025-26
148,Final,MATH5,100,57.2,C,10-03-2026,2025-26
148,Final,CS5,50,48.7,A+,10-03-2026,2025-26
148,Final,URD5,100,55.3,C,10-03-2026,2025-26
148,Final,SST5,100,64.9,B,10-03-2026,2025-26
148,Final,HIN5,100,73.5,B+,10-03-2026,2025-26
148,Final,SCI5,100,55.4,C,10-03-2026,2025-26
149,Unit Test 1,PE5,50,30.8,B,25-08-2025,2025-26
149,Unit Test 1,MATH5,100,84.8,A,25-08-2025,2025-26
149,Unit Test 1,ENG5,100,98.9,A+,25-08-2025,2025-26
149,Unit Test 1,CS5,50,29.6,C,25-08-2025,2025-26
149,Unit Test 1,SST5,100,57.8,C,25-08-2025,2025-26
149,Unit Test 1,HIN5,100,54.2,C,25-08-2025,2025-26
149,Unit Test 1,SCI5,100,82.3,A,25-08-2025,2025-26
149,Midterm,URD5,100,65.9,B,15-10-2025,2025-26
149,Midterm,PE5,50,33.8,B,15-10-2025,2025-26
149,Midterm,HIN5,100,88.0,A,15-10-2025,2025-26
149,Midterm,CS5,50,48.4,A+,15-10-2025,2025-26
149,Midterm,SST5,100,95.6,A+,15-10-2025,2025-26
149,Midterm,SCI5,100,76.4,B+,15-10-2025,2025-26
149,Unit Test 2,HIN5,100,48.2,D,15-12-2025,2025-26
149,Unit Test 2,MATH5,100,27.3,F,15-12-2025,2025-26
149,Unit Test 2,ENG5,100,63.4,B,15-12-2025,2025-26
149,Unit Test 2,PE5,50,43.1,A,15-12-2025,2025-26
149,Unit Test 2,URD5,100,68.4,B,15-12-2025,2025-26
149,Unit Test 2,SCI5,100,50.1,C,15-12-2025,2025-26
149,Unit Test 2,CS5,50,30.8,B,15-12-2025,2025-26
149,Unit Test 2,SST5,100,35.9,F,15-12-2025,2025-26
149,Final,MATH5,100,88.2,A,10-03-2026,2025-26
149,Final,HIN5,100,83.1,A,10-03-2026,2025-26
149,Final,ENG5,100,61.5,B,10-03-2026,2025-26
149,Final,SCI5,100,53.4,C,10-03-2026,2025-26
150,Unit Test 1,PE5,50,42.8,A,25-08-2025,2025-26
150,Unit Test 1,CS5,50,25.0,C,25-08-2025,2025-26
150,Unit Test 1,SCI5,100,56.6,C,25-08-2025,2025-26
150,Unit Test 1,SST5,100,67.1,B,25-08-2025,2025-26
150,Unit Test 1,ENG5,100,54.7,C,25-08-2025,2025-26
150,Midterm,CS5,50,39.8,B+,15-10-2025,2025-26
150,Midterm,SST5,100,94.3,A+,15-10-2025,2025-26
150,Midterm,PE5,50,47.1,A+,15-10-2025,2025-26
150,Midterm,SCI5,100,31.7,F,15-10-2025,2025-26
150,Midterm,URD5,100,86.2,A,15-10-2025,2025-26
150,Unit Test 2,URD5,100,27.5,F,15-12-2025,2025-26
150,Unit Test 2,SST5,100,55.5,C,15-12-2025,2025-26
150,Unit Test 2,PE5,50,33.8,B,15-12-2025,2025-26
150,Unit Test 2,ENG5,100,77.4,B+,15-12-2025,2025-26
150,Unit Test 2,SCI5,100,60.3,B,15-12-2025,2025-26
150,Unit Test 2,MATH5,100,27.8,F,15-12-2025,2025-26
150,Final,CS5,50,27.7,C,10-03-2026,2025-26
150,Final,SCI5,100,72.6,B+,10-03-2026,2025-26
150,Final,HIN5,100,73.8,B+,10-03-2026,2025-26
150,Final,SST5,100,35.3,F,10-03-2026,2025-26
150,Final,MATH5,100,77.2,B+,10-03-2026,2025-26
150,Final,URD5,100,41.7,D,10-03-2026,2025-26
150,Final,PE5,50,30.1,B,10-03-2026,2025-26
150,Final,ENG5,100,77.1,B+,10-03-2026,2025-26
151,Unit Test 1,PE5,50,29.0,C,25-08-2025,2025-26
151,Unit Test 1,URD5,100,37.1,F,25-08-2025,2025-26
151,Unit Test 1,ENG5,100,56.0,C,25-08-2025,2025-26
151,Unit Test 1,MATH5,100,40.5,D,25-08-2025,2025-26
151,Unit Test 1,SCI5,100,47.5,D,25-08-2025,2025-26
151,Unit Test 1,HIN5,100,99.1,A+,25-08-2025,2025-26
151,Unit Test 1,CS5,50,46.3,A+,25-08-2025,2025-26
151,Midterm,HIN5,100,51.2,C,15-10-2025,2025-26
151,Midterm,PE5,50,32.0,B,15-10-2025,2025-26
151,Midterm,CS5,50,41.4,A,15-10-2025,2025-26
151,Midterm,URD5,100,43.6,D,15-10-2025,2025-26
151,Midterm,SCI5,100,97.9,A+,15-10-2025,2025-26
151,Midterm,SST5,100,81.5,A,15-10-2025,2025-26
151,Midterm,MATH5,100,90.6,A+,15-10-2025,2025-26
151,Unit Test 2,SST5,100,84.4,A,15-12-2025,2025-26
151,Unit Test 2,SCI5,100,47.9,D,15-12-2025,2025-26
151,Unit Test 2,URD5,100,34.1,F,15-12-2025,2025-26
151,Unit Test 2,CS5,50,39.2,B+,15-12-2025,2025-26
151,Unit Test 2,ENG5,100,70.3,B+,15-12-2025,2025-26
151,Final,SST5,100,45.7,D,10-03-2026,2025-26
151,Final,CS5,50,36.3,B+,10-03-2026,2025-26
151,Final,URD5,100,42.0,D,10-03-2026,2025-26
151,Final,SCI5,100,91.1,A+,10-03-2026,2025-26
152,Unit Test 1,HIN5,100,41.8,D,25-08-2025,2025-26
152,Unit Test 1,ENG5,100,69.5,B,25-08-2025,2025-26
152,Unit Test 1,PE5,50,37.5,B+,25-08-2025,2025-26
152,Unit Test 1,URD5,100,34.6,F,25-08-2025,2025-26
152,Unit Test 1,MATH5,100,79.2,B+,25-08-2025,2025-26
152,Unit Test 1,CS5,50,43.1,A,25-08-2025,2025-26
152,Midterm,HIN5,100,32.8,F,15-10-2025,2025-26
152,Midterm,ENG5,100,25.6,F,15-10-2025,2025-26
152,Midterm,MATH5,100,92.1,A+,15-10-2025,2025-26
152,Midterm,URD5,100,67.8,B,15-10-2025,2025-26
152,Unit Test 2,ENG5,100,89.5,A,15-12-2025,2025-26
152,Unit Test 2,URD5,100,82.1,A,15-12-2025,2025-26
152,Unit Test 2,MATH5,100,60.9,B,15-12-2025,2025-26
152,Unit Test 2,PE5,50,32.5,B,15-12-2025,2025-26
152,Final,URD5,100,85.0,A,10-03-2026,2025-26
152,Final,MATH5,100,34.9,F,10-03-2026,2025-26
152,Final,SCI5,100,83.3,A,10-03-2026,2025-26
152,Final,SST5,100,27.8,F,10-03-2026,2025-26
152,Final,PE5,50,25.3,C,10-03-2026,2025-26
152,Final,CS5,50,32.5,B,10-03-2026,2025-26
152,Final,HIN5,100,67.5,B,10-03-2026,2025-26
NMS-0153,Unit Test 1,HINLKG,100,67.5,B,25-08-2025,2025-26
NMS-0153,Unit Test 1,ENGLKG,100,86.7,A,25-08-2025,2025-26
NMS-0153,Unit Test 1,MATHLKG,100,35.6,F,25-08-2025,2025-26
NMS-0153,Unit Test 1,EVSLKG,100,80.3,A,25-08-2025,2025-26
NMS-0153,Unit Test 1,URDLKG,100,51.7,C,25-08-2025,2025-26
NMS-0153,Midterm,ENGLKG,100,89.4,A,15-10-2025,2025-26
NMS-0153,Midterm,MATHLKG,100,89.8,A,15-10-2025,2025-26
NMS-0153,Midterm,HINLKG,100,64.7,B,15-10-2025,2025-26
NMS-0153,Midterm,URDLKG,100,69.6,B,15-10-2025,2025-26
NMS-0153,Unit Test 2,EVSLKG,100,75.8,B+,15-12-2025,2025-26
NMS-0153,Unit Test 2,URDLKG,100,60.4,B,15-12-2025,2025-26
NMS-0153,Unit Test 2,ARTLKG,50,25.1,C,15-12-2025,2025-26
NMS-0153,Unit Test 2,HINLKG,100,95.5,A+,15-12-2025,2025-26
NMS-0153,Final,URDLKG,100,95.8,A+,10-03-2026,2025-26
NMS-0153,Final,ARTLKG,50,31.5,B,10-03-2026,2025-26
NMS-0153,Final,MATHLKG,100,52.0,C,10-03-2026,2025-26
NMS-0154,Unit Test 1,MATHLKG,100,41.6,D,25-08-2025,2025-26
NMS-0154,Unit Test 1,EVSLKG,100,30.4,F,25-08-2025,2025-26
NMS-0154,Unit Test 1,URDLKG,100,95.1,A+,25-08-2025,2025-26
NMS-0154,Unit Test 1,ARTLKG,50,38.8,B+,25-08-2025,2025-26
NMS-0154,Unit Test 1,HINLKG,100,28.6,F,25-08-2025,2025-26
NMS-0154,Midterm,EVSLKG,100,36.8,F,15-10-2025,2025-26
NMS-0154,Midterm,MATHLKG,100,75.3,B+,15-10-2025,2025-26
NMS-0154,Midterm,URDLKG,100,35.2,F,15-10-2025,2025-26
NMS-0154,Midterm,HINLKG,100,89.3,A,15-10-2025,2025-26
NMS-0154,Unit Test 2,EVSLKG,100,44.9,D,15-12-2025,2025-26
NMS-0154,Unit Test 2,HINLKG,100,40.6,D,15-12-2025,2025-26
NMS-0154,Unit Test 2,ARTLKG,50,27.7,C,15-12-2025,2025-26
NMS-0154,Unit Test 2,ENGLKG,100,47.6,D,15-12-2025,2025-26
NMS-0154,Final,ARTLKG,50,25.8,C,10-03-2026,2025-26
NMS-0154,Final,URDLKG,100,84.4,A,10-03-2026,2025-26
NMS-0154,Final,HINLKG,100,99.1,A+,10-03-2026,2025-26
NMS-0154,Final,EVSLKG,100,73.8,B+,10-03-2026,2025-26
NMS-0154,Final,MATHLKG,100,78.3,B+,10-03-2026,2025-26
NMS-0154,Final,ENGLKG,100,92.3,A+,10-03-2026,2025-26
NMS-0155,Unit Test 1,HIN1,100,73.5,B+,25-08-2025,2025-26
NMS-0155,Unit Test 1,SST1,100,97.9,A+,25-08-2025,2025-26
NMS-0155,Unit Test 1,PE1,50,36.0,B+,25-08-2025,2025-26
NMS-0155,Unit Test 1,ENG1,100,46.5,D,25-08-2025,2025-26
NMS-0155,Unit Test 1,MATH1,100,59.9,C,25-08-2025,2025-26
NMS-0155,Unit Test 1,SCI1,100,39.1,F,25-08-2025,2025-26
NMS-0155,Unit Test 1,URD1,100,27.8,F,25-08-2025,2025-26
NMS-0155,Midterm,URD1,100,65.2,B,15-10-2025,2025-26
NMS-0155,Midterm,ENG1,100,84.4,A,15-10-2025,2025-26
NMS-0155,Midterm,MATH1,100,52.5,C,15-10-2025,2025-26
NMS-0155,Midterm,PE1,50,26.2,C,15-10-2025,2025-26
NMS-0155,Unit Test 2,HIN1,100,38.6,F,15-12-2025,2025-26
NMS-0155,Unit Test 2,SST1,100,81.4,A,15-12-2025,2025-26
NMS-0155,Unit Test 2,CS1,50,43.2,A,15-12-2025,2025-26
NMS-0155,Unit Test 2,SCI1,100,81.5,A,15-12-2025,2025-26
NMS-0155,Final,SST1,100,99.6,A+,10-03-2026,2025-26
NMS-0155,Final,MATH1,100,71.8,B+,10-03-2026,2025-26
NMS-0155,Final,CS1,50,30.8,B,10-03-2026,2025-26
NMS-0155,Final,HIN1,100,35.2,F,10-03-2026,2025-26
NMS-0156,Unit Test 1,EVSNursery,100,40.3,D,25-08-2025,2025-26
NMS-0156,Unit Test 1,HINNursery,100,25.7,F,25-08-2025,2025-26
NMS-0156,Unit Test 1,ENGNursery,100,26.6,F,25-08-2025,2025-26
NMS-0156,Unit Test 1,URDNursery,100,39.8,F,25-08-2025,2025-26
NMS-0156,Midterm,HINNursery,100,83.7,A,15-10-2025,2025-26
NMS-0156,Midterm,ARTNursery,50,34.1,B,15-10-2025,2025-26
NMS-0156,Midterm,ENGNursery,100,86.2,A,15-10-2025,2025-26
NMS-0156,Midterm,EVSNursery,100,57.8,C,15-10-2025,2025-26
NMS-0156,Midterm,URDNursery,100,57.0,C,15-10-2025,2025-26
NMS-0156,Midterm,MATHNursery,100,83.2,A,15-10-2025,2025-26
NMS-0156,Unit Test 2,EVSNursery,100,73.1,B+,15-12-2025,2025-26
NMS-0156,Unit Test 2,MATHNursery,100,40.8,D,15-12-2025,2025-26
NMS-0156,Unit Test 2,ENGNursery,100,30.9,F,15-12-2025,2025-26
NMS-0156,Unit Test 2,HINNursery,100,92.8,A+,15-12-2025,2025-26
NMS-0156,Unit Test 2,URDNursery,100,93.3,A+,15-12-2025,2025-26
NMS-0156,Final,HINNursery,100,45.3,D,10-03-2026,2025-26
NMS-0156,Final,MATHNursery,100,93.8,A+,10-03-2026,2025-26
NMS-0156,Final,URDNursery,100,84.4,A,10-03-2026,2025-26
NMS-0156,Final,ENGNursery,100,28.5,F,10-03-2026,2025-26
NMS-0156,Final,EVSNursery,100,65.5,B,10-03-2026,2025-26
NMS-0157,Unit Test 1,MATH4,100,78.8,B+,25-08-2025,2025-26
NMS-0157,Unit Test 1,CS4,50,48.9,A+,25-08-2025,2025-26
NMS-0157,Unit Test 1,HIN4,100,74.6,B+,25-08-2025,2025-26
NMS-0157,Unit Test 1,ENG4,100,34.9,F,25-08-2025,2025-26
NMS-0157,Unit Test 1,URD4,100,28.9,F,25-08-2025,2025-26
NMS-0157,Unit Test 1,PE4,50,34.3,B,25-08-2025,2025-26
NMS-0157,Midterm,CS4,50,44.4,A,15-10-2025,2025-26
NMS-0157,Midterm,PE4,50,27.5,C,15-10-2025,2025-26
NMS-0157,Midterm,SCI4,100,93.8,A+,15-10-2025,2025-26
NMS-0157,Midterm,HIN4,100,73.2,B+,15-10-2025,2025-26
NMS-0157,Midterm,SST4,100,76.8,B+,15-10-2025,2025-26
NMS-0157,Midterm,URD4,100,49.1,D,15-10-2025,2025-26
NMS-0157,Unit Test 2,CS4,50,48.1,A+,15-12-2025,2025-26
NMS-0157,Unit Test 2,ENG4,100,28.8,F,15-12-2025,2025-26
NMS-0157,Unit Test 2,HIN4,100,52.0,C,15-12-2025,2025-26
NMS-0157,Unit Test 2,URD4,100,65.6,B,15-12-2025,2025-26
NMS-0157,Unit Test 2,MATH4,100,65.3,B,15-12-2025,2025-26
NMS-0157,Final,SCI4,100,62.9,B,10-03-2026,2025-26
NMS-0157,Final,CS4,50,48.3,A+,10-03-2026,2025-26
NMS-0157,Final,URD4,100,38.5,F,10-03-2026,2025-26
NMS-0157,Final,SST4,100,48.7,D,10-03-2026,2025-26
NMS-0157,Final,MATH4,100,28.0,F,10-03-2026,2025-26
NMS-0157,Final,HIN4,100,96.7,A+,10-03-2026,2025-26
NMS-0158,Unit Test 1,URD1,100,96.0,A+,25-08-2025,2025-26
NMS-0158,Unit Test 1,SST1,100,61.4,B,25-08-2025,2025-26
NMS-0158,Unit Test 1,CS1,50,40.7,A,25-08-2025,2025-26
NMS-0158,Unit Test 1,HIN1,100,58.9,C,25-08-2025,2025-26
NMS-0158,Unit Test 1,SCI1,100,82.7,A,25-08-2025,2025-26
NMS-0158,Unit Test 1,PE1,50,26.9,C,25-08-2025,2025-26
NMS-0158,Unit Test 1,MATH1,100,39.0,F,25-08-2025,2025-26
NMS-0158,Unit Test 1,ENG1,100,34.7,F,25-08-2025,2025-26
NMS-0158,Midterm,ENG1,100,59.3,C,15-10-2025,2025-26
NMS-0158,Midterm,PE1,50,37.8,B+,15-10-2025,2025-26
NMS-0158,Midterm,HIN1,100,42.7,D,15-10-2025,2025-26
NMS-0158,Unit Test 2,CS1,50,41.7,A,15-12-2025,2025-26
NMS-0158,Unit Test 2,PE1,50,47.3,A+,15-12-2025,2025-26
NMS-0158,Unit Test 2,URD1,100,92.4,A+,15-12-2025,2025-26
NMS-0158,Unit Test 2,HIN1,100,59.1,C,15-12-2025,2025-26
NMS-0158,Unit Test 2,ENG1,100,28.7,F,15-12-2025,2025-26
NMS-0158,Final,HIN1,100,32.8,F,10-03-2026,2025-26
NMS-0158,Final,URD1,100,97.9,A+,10-03-2026,2025-26
NMS-0158,Final,ENG1,100,71.3,B+,10-03-2026,2025-26
NMS-0158,Final,MATH1,100,77.1,B+,10-03-2026,2025-26
NMS-0158,Final,PE1,50,29.5,C,10-03-2026,2025-26
NMS-0158,Final,SST1,100,48.9,D,10-03-2026,2025-26
